task	family	train	split	depth_bin	size_bin	n_proteins	n_sites	depth_median	size_median	pos_rate	d_pct	thin
phosphorylation_st	ppi	replica	0	0	0	109	2115	1.0	22.0	0.07139479905437353	0.0546645336381062	False
phosphorylation_st	ppi	replica	0	0	1	64	2514	1.0	44.0	0.03540175019888624	0.09637555084177163	False
phosphorylation_st	ppi	replica	0	0	2	60	3636	1.0	67.0	0.02282728272827283	0.06780060747875699	False
phosphorylation_st	ppi	replica	0	0	3	39	3528	1.0	96.0	0.015022675736961451	0.08075912745347588	False
phosphorylation_st	ppi	replica	0	0	4	13	2203	1.0	166.0	0.008624602814344077	0.005079887740610585	False
phosphorylation_st	ppi	replica	0	1	0	90	1910	4.0	24.0	0.16178010471204188	0.05294250899238314	False
phosphorylation_st	ppi	replica	0	1	1	62	2422	4.0	44.0	0.09413707679603633	0.0256243223006348	False
phosphorylation_st	ppi	replica	0	1	2	56	3292	4.0	66.5	0.06318347509113001	0.083271357965938	False
phosphorylation_st	ppi	replica	0	1	3	37	3241	4.0	100.0	0.04011107682813946	0.020622092440867282	False
phosphorylation_st	ppi	replica	0	1	4	23	3634	4.0	151.0	0.02228948816730875	0.0045790662048002	False
phosphorylation_st	ppi	replica	0	2	0	58	1208	8.0	25.0	0.3344370860927152	0.012967684454485325	False
phosphorylation_st	ppi	replica	0	2	1	69	2819	8.0	45.0	0.1777225966654842	0.06694900150433615	False
phosphorylation_st	ppi	replica	0	2	2	50	3012	8.0	64.0	0.12383798140770252	-0.005904957710181458	False
phosphorylation_st	ppi	replica	0	2	3	44	3929	8.0	96.0	0.08551794349707305	0.010107255472125062	False
phosphorylation_st	ppi	replica	0	2	4	27	4742	8.0	177.5	0.04112188949810207	0.01964157711484825	False
phosphorylation_st	ppi	replica	0	3	0	18	469	14.0	28.0	0.4968017057569296	0.08037403233078518	False
phosphorylation_st	ppi	replica	0	3	1	54	2269	14.0	45.0	0.31820185103569854	0.020409024542444774	False
phosphorylation_st	ppi	replica	0	3	2	63	3870	14.0	67.0	0.2222222222222222	0.00744220968032617	False
phosphorylation_st	ppi	replica	0	3	3	73	6580	16.0	98.0	0.16656534954407295	-0.010405205879557093	False
phosphorylation_st	ppi	replica	0	3	4	59	10650	16.0	172.0	0.08328638497652582	-0.03595817422128991	False
phosphorylation_st	ppi	replica	0	4	0	2	57	24.5	28.5	0.7368421052631579	-0.10574258314420928	True
phosphorylation_st	ppi	replica	0	4	1	15	648	26.0	49.0	0.5895061728395061	-0.004316642437591027	False
phosphorylation_st	ppi	replica	0	4	2	48	3037	29.5	68.0	0.4962133684557129	0.03248380894665892	False
phosphorylation_st	ppi	replica	0	4	3	59	5637	32.0	105.5	0.3402519070427532	-0.03700597806304532	False
phosphorylation_st	ppi	replica	0	4	4	151	31645	47.0	199.0	0.2553009954179175	-0.04055599159201252	False
phosphorylation_st	ppi	replica	1	0	0	93	1843	1.0	22.0	0.07325013564839934	0.041918567109829497	False
phosphorylation_st	ppi	replica	1	0	1	63	2447	1.0	44.0	0.0343277482631794	0.04753940337309123	False
phosphorylation_st	ppi	replica	1	0	2	62	3715	1.0	67.0	0.0234185733512786	0.06665117594926684	False
phosphorylation_st	ppi	replica	1	0	3	53	4732	1.0	96.0	0.014792899408284023	0.018595584957219746	False
phosphorylation_st	ppi	replica	1	0	4	14	2727	1.0	166.0	0.007700770077007701	-0.019094210097989	False
phosphorylation_st	ppi	replica	1	1	0	82	1624	4.0	24.0	0.1810344827586207	0.07218689372328695	False
phosphorylation_st	ppi	replica	1	1	1	65	2520	4.0	44.0	0.09603174603174604	0.03916967285640336	False
phosphorylation_st	ppi	replica	1	1	2	52	3030	4.0	66.5	0.061386138613861385	0.05574376231688201	False
phosphorylation_st	ppi	replica	1	1	3	44	3969	4.0	100.0	0.03854875283446712	0.018547683976646263	False
phosphorylation_st	ppi	replica	1	1	4	16	3863	4.0	151.0	0.016308568470100957	0.028019946431421815	False
phosphorylation_st	ppi	replica	1	2	0	43	914	8.0	25.0	0.324945295404814	0.05431578661798946	False
phosphorylation_st	ppi	replica	1	2	1	63	2545	8.0	45.0	0.17956777996070727	0.06008131929723849	False
phosphorylation_st	ppi	replica	1	2	2	50	2891	8.0	64.0	0.1262538913870633	0.020429367421613276	False
phosphorylation_st	ppi	replica	1	2	3	40	3454	8.0	96.0	0.08453966415749856	-0.017091267604956606	False
phosphorylation_st	ppi	replica	1	2	4	31	5555	8.0	177.5	0.040324032403240326	-0.023205579815823607	False
phosphorylation_st	ppi	replica	1	3	0	23	601	14.0	28.0	0.4559068219633943	0.047103540279528316	False
phosphorylation_st	ppi	replica	1	3	1	57	2360	14.0	45.0	0.3398305084745763	0.047722286871699104	False
phosphorylation_st	ppi	replica	1	3	2	61	3679	14.0	67.0	0.23294373471051916	0.011614212706744766	False
phosphorylation_st	ppi	replica	1	3	3	57	5091	16.0	98.0	0.16106855234727951	0.0018377759196634058	False
phosphorylation_st	ppi	replica	1	3	4	47	8133	16.0	172.0	0.08902004180499201	-0.05108667023140206	False
phosphorylation_st	ppi	replica	1	4	0	1	19	24.5	28.5	0.9473684210526315	0.18842475833619904	True
phosphorylation_st	ppi	replica	1	4	1	8	376	26.0	49.0	0.5159574468085106	0.029907879543688835	False
phosphorylation_st	ppi	replica	1	4	2	33	2059	29.5	68.0	0.45458960660514813	0.012624239112799229	False
phosphorylation_st	ppi	replica	1	4	3	69	6752	32.0	105.5	0.3387144549763033	-0.021698756165029726	False
phosphorylation_st	ppi	replica	1	4	4	123	29634	47.0	199.0	0.2496119322399946	-0.02663595840878526	False
phosphorylation_st	ppi	replica	2	0	0	110	1981	1.0	22.0	0.07622412922766279	0.055141647298884676	False
phosphorylation_st	ppi	replica	2	0	1	77	3048	1.0	44.0	0.03477690288713911	0.06475977073960971	False
phosphorylation_st	ppi	replica	2	0	2	48	2774	1.0	67.0	0.025234318673395817	0.0710558898487008	False
phosphorylation_st	ppi	replica	2	0	3	47	3975	1.0	96.0	0.014842767295597484	0.025071236679595422	False
phosphorylation_st	ppi	replica	2	0	4	15	2402	1.0	166.0	0.009991673605328892	-0.024777621355769074	False
phosphorylation_st	ppi	replica	2	1	0	90	1814	4.0	24.0	0.17971334068357223	0.08083735107961759	False
phosphorylation_st	ppi	replica	2	1	1	92	3639	4.0	44.0	0.0928826600714482	0.03961951274066683	False
phosphorylation_st	ppi	replica	2	1	2	45	2699	4.0	66.5	0.062245276028158575	0.045815535933663935	False
phosphorylation_st	ppi	replica	2	1	3	29	2507	4.0	100.0	0.04467491025129637	0.042755774460767185	False
phosphorylation_st	ppi	replica	2	1	4	25	3978	4.0	151.0	0.024132730015082957	0.014963165631452384	False
phosphorylation_st	ppi	replica	2	2	0	62	1350	8.0	25.0	0.32222222222222224	0.049668771555162805	False
phosphorylation_st	ppi	replica	2	2	1	53	2098	8.0	45.0	0.18493803622497618	0.06638288431108533	False
phosphorylation_st	ppi	replica	2	2	2	60	3450	8.0	64.0	0.12782608695652173	0.040531274229964075	False
phosphorylation_st	ppi	replica	2	2	3	55	4913	8.0	96.0	0.0858945654386322	-0.003273364547845498	False
phosphorylation_st	ppi	replica	2	2	4	24	6062	8.0	177.5	0.029858132629495215	0.01660763680489575	False
phosphorylation_st	ppi	replica	2	3	0	20	480	14.0	28.0	0.50625	0.06368073006799466	False
phosphorylation_st	ppi	replica	2	3	1	43	1725	14.0	45.0	0.3368115942028985	0.052396589915212136	False
phosphorylation_st	ppi	replica	2	3	2	54	3320	14.0	67.0	0.2219879518072289	0.026936619503530525	False
phosphorylation_st	ppi	replica	2	3	3	65	5874	16.0	98.0	0.15730337078651685	-0.015087496633746743	False
phosphorylation_st	ppi	replica	2	3	4	56	9534	16.0	172.0	0.09156702328508495	-0.028679654162402354	False
phosphorylation_st	ppi	replica	2	4	0	3	84	24.5	28.5	0.8095238095238095	0.07402110849862976	True
phosphorylation_st	ppi	replica	2	4	1	7	318	26.0	49.0	0.5471698113207547	0.05500606028185753	False
phosphorylation_st	ppi	replica	2	4	2	28	1788	29.5	68.0	0.43512304250559286	0.027922188462128694	False
phosphorylation_st	ppi	replica	2	4	3	71	6961	32.0	105.5	0.37724464875736247	-0.03946827392238756	False
phosphorylation_st	ppi	replica	2	4	4	149	31862	47.0	199.0	0.25952545351829764	-0.03775746982118791	False
phosphorylation_st	ppi	rebuilt	0	0	0	109	2115	1.0	22.0	0.07139479905437353	-0.008256052556325529	False
phosphorylation_st	ppi	rebuilt	0	0	1	64	2514	1.0	44.0	0.03540175019888624	-0.01555881304930044	False
phosphorylation_st	ppi	rebuilt	0	0	2	60	3636	1.0	67.0	0.02282728272827283	-0.019403568942992753	False
phosphorylation_st	ppi	rebuilt	0	0	3	39	3528	1.0	96.0	0.015022675736961451	-0.03291311351879299	False
phosphorylation_st	ppi	rebuilt	0	0	4	13	2203	1.0	166.0	0.008624602814344077	-0.05177305236686253	False
phosphorylation_st	ppi	rebuilt	0	1	0	90	1910	4.0	24.0	0.16178010471204188	0.011156272308145093	False
phosphorylation_st	ppi	rebuilt	0	1	1	62	2422	4.0	44.0	0.09413707679603633	-0.024205995864465226	False
phosphorylation_st	ppi	rebuilt	0	1	2	56	3292	4.0	66.5	0.06318347509113001	-0.003646956515887916	False
phosphorylation_st	ppi	rebuilt	0	1	3	37	3241	4.0	100.0	0.04011107682813946	-0.041443032843943385	False
phosphorylation_st	ppi	rebuilt	0	1	4	23	3634	4.0	151.0	0.02228948816730875	-0.04464563846353798	False
phosphorylation_st	ppi	rebuilt	0	2	0	58	1208	8.0	25.0	0.3344370860927152	0.029713254359659963	False
phosphorylation_st	ppi	rebuilt	0	2	1	69	2819	8.0	45.0	0.1777225966654842	0.005055806095385983	False
phosphorylation_st	ppi	rebuilt	0	2	2	50	3012	8.0	64.0	0.12383798140770252	-0.017846150795548254	False
phosphorylation_st	ppi	rebuilt	0	2	3	44	3929	8.0	96.0	0.08551794349707305	-0.020500044381386376	False
phosphorylation_st	ppi	rebuilt	0	2	4	27	4742	8.0	177.5	0.04112188949810207	-0.009848711739324275	False
phosphorylation_st	ppi	rebuilt	0	3	0	18	469	14.0	28.0	0.4968017057569296	0.07306010704517359	False
phosphorylation_st	ppi	rebuilt	0	3	1	54	2269	14.0	45.0	0.31820185103569854	0.032682560312846706	False
phosphorylation_st	ppi	rebuilt	0	3	2	63	3870	14.0	67.0	0.2222222222222222	0.027560373540868564	False
phosphorylation_st	ppi	rebuilt	0	3	3	73	6580	16.0	98.0	0.16656534954407295	-0.0005593937504129739	False
phosphorylation_st	ppi	rebuilt	0	3	4	59	10650	16.0	172.0	0.08328638497652582	-0.015589443642579866	False
phosphorylation_st	ppi	rebuilt	0	4	0	2	57	24.5	28.5	0.7368421052631579	-0.06827993544608585	True
phosphorylation_st	ppi	rebuilt	0	4	1	15	648	26.0	49.0	0.5895061728395061	0.0577105623262267	False
phosphorylation_st	ppi	rebuilt	0	4	2	48	3037	29.5	68.0	0.4962133684557129	0.05814328348780691	False
phosphorylation_st	ppi	rebuilt	0	4	3	59	5637	32.0	105.5	0.3402519070427532	0.020049269508540853	False
phosphorylation_st	ppi	rebuilt	0	4	4	151	31645	47.0	199.0	0.2553009954179175	0.014712056132440351	False
phosphorylation_st	ppi	rebuilt	1	0	0	93	1843	1.0	22.0	0.07325013564839934	0.016133339320568256	False
phosphorylation_st	ppi	rebuilt	1	0	1	63	2447	1.0	44.0	0.0343277482631794	0.024369428611033254	False
phosphorylation_st	ppi	rebuilt	1	0	2	62	3715	1.0	67.0	0.0234185733512786	-0.048226875723455756	False
phosphorylation_st	ppi	rebuilt	1	0	3	53	4732	1.0	96.0	0.014792899408284023	-0.05187526009796709	False
phosphorylation_st	ppi	rebuilt	1	0	4	14	2727	1.0	166.0	0.007700770077007701	-0.09218390357749162	False
phosphorylation_st	ppi	rebuilt	1	1	0	82	1624	4.0	24.0	0.1810344827586207	0.019670379858360426	False
phosphorylation_st	ppi	rebuilt	1	1	1	65	2520	4.0	44.0	0.09603174603174604	-0.015364994862258886	False
phosphorylation_st	ppi	rebuilt	1	1	2	52	3030	4.0	66.5	0.061386138613861385	0.011557360618730505	False
phosphorylation_st	ppi	rebuilt	1	1	3	44	3969	4.0	100.0	0.03854875283446712	-0.05097004198039961	False
phosphorylation_st	ppi	rebuilt	1	1	4	16	3863	4.0	151.0	0.016308568470100957	-0.02594290409325399	False
phosphorylation_st	ppi	rebuilt	1	2	0	43	914	8.0	25.0	0.324945295404814	0.05744322131603725	False
phosphorylation_st	ppi	rebuilt	1	2	1	63	2545	8.0	45.0	0.17956777996070727	0.022120024251560833	False
phosphorylation_st	ppi	rebuilt	1	2	2	50	2891	8.0	64.0	0.1262538913870633	0.015938197733343856	False
phosphorylation_st	ppi	rebuilt	1	2	3	40	3454	8.0	96.0	0.08453966415749856	-0.020595809998766344	False
phosphorylation_st	ppi	rebuilt	1	2	4	31	5555	8.0	177.5	0.040324032403240326	-0.04780217338504631	False
phosphorylation_st	ppi	rebuilt	1	3	0	23	601	14.0	28.0	0.4559068219633943	0.06421684572441064	False
phosphorylation_st	ppi	rebuilt	1	3	1	57	2360	14.0	45.0	0.3398305084745763	0.04349755255294452	False
phosphorylation_st	ppi	rebuilt	1	3	2	61	3679	14.0	67.0	0.23294373471051916	0.04093104711562933	False
phosphorylation_st	ppi	rebuilt	1	3	3	57	5091	16.0	98.0	0.16106855234727951	0.012807264421322222	False
phosphorylation_st	ppi	rebuilt	1	3	4	47	8133	16.0	172.0	0.08902004180499201	-0.04253301847891656	False
phosphorylation_st	ppi	rebuilt	1	4	0	1	19	24.5	28.5	0.9473684210526315	0.303244203417002	True
phosphorylation_st	ppi	rebuilt	1	4	1	8	376	26.0	49.0	0.5159574468085106	0.056594250191988646	False
phosphorylation_st	ppi	rebuilt	1	4	2	33	2059	29.5	68.0	0.45458960660514813	0.056832911754649364	False
phosphorylation_st	ppi	rebuilt	1	4	3	69	6752	32.0	105.5	0.3387144549763033	0.008187760261017371	False
phosphorylation_st	ppi	rebuilt	1	4	4	123	29634	47.0	199.0	0.2496119322399946	0.028085133825577636	False
phosphorylation_st	ppi	rebuilt	2	0	0	110	1981	1.0	22.0	0.07622412922766279	-0.021498368117648606	False
phosphorylation_st	ppi	rebuilt	2	0	1	77	3048	1.0	44.0	0.03477690288713911	-0.025763869198292665	False
phosphorylation_st	ppi	rebuilt	2	0	2	48	2774	1.0	67.0	0.025234318673395817	-0.025914500320457917	False
phosphorylation_st	ppi	rebuilt	2	0	3	47	3975	1.0	96.0	0.014842767295597484	-0.04689912953788788	False
phosphorylation_st	ppi	rebuilt	2	0	4	15	2402	1.0	166.0	0.009991673605328892	-0.04144901624592759	False
phosphorylation_st	ppi	rebuilt	2	1	0	90	1814	4.0	24.0	0.17971334068357223	-0.0023968858630013068	False
phosphorylation_st	ppi	rebuilt	2	1	1	92	3639	4.0	44.0	0.0928826600714482	-0.021900748122050555	False
phosphorylation_st	ppi	rebuilt	2	1	2	45	2699	4.0	66.5	0.062245276028158575	0.014295871658100683	False
phosphorylation_st	ppi	rebuilt	2	1	3	29	2507	4.0	100.0	0.04467491025129637	-0.0343799613007435	False
phosphorylation_st	ppi	rebuilt	2	1	4	25	3978	4.0	151.0	0.024132730015082957	-0.012685984391009049	False
phosphorylation_st	ppi	rebuilt	2	2	0	62	1350	8.0	25.0	0.32222222222222224	0.045014318969361505	False
phosphorylation_st	ppi	rebuilt	2	2	1	53	2098	8.0	45.0	0.18493803622497618	0.00955790839251857	False
phosphorylation_st	ppi	rebuilt	2	2	2	60	3450	8.0	64.0	0.12782608695652173	0.0013038101977031662	False
phosphorylation_st	ppi	rebuilt	2	2	3	55	4913	8.0	96.0	0.0858945654386322	-0.028604339461863044	False
phosphorylation_st	ppi	rebuilt	2	2	4	24	6062	8.0	177.5	0.029858132629495215	-0.0034327683308416224	False
phosphorylation_st	ppi	rebuilt	2	3	0	20	480	14.0	28.0	0.50625	0.04220291846165176	False
phosphorylation_st	ppi	rebuilt	2	3	1	43	1725	14.0	45.0	0.3368115942028985	0.035067677141215094	False
phosphorylation_st	ppi	rebuilt	2	3	2	54	3320	14.0	67.0	0.2219879518072289	0.031041469534384088	False
phosphorylation_st	ppi	rebuilt	2	3	3	65	5874	16.0	98.0	0.15730337078651685	0.028599450877449854	False
phosphorylation_st	ppi	rebuilt	2	3	4	56	9534	16.0	172.0	0.09156702328508495	-0.017442956080073964	False
phosphorylation_st	ppi	rebuilt	2	4	0	3	84	24.5	28.5	0.8095238095238095	0.05443199132445792	True
phosphorylation_st	ppi	rebuilt	2	4	1	7	318	26.0	49.0	0.5471698113207547	0.059416510296574035	False
phosphorylation_st	ppi	rebuilt	2	4	2	28	1788	29.5	68.0	0.43512304250559286	0.06696081800743703	False
phosphorylation_st	ppi	rebuilt	2	4	3	71	6961	32.0	105.5	0.37724464875736247	0.019587114327176254	False
phosphorylation_st	ppi	rebuilt	2	4	4	149	31862	47.0	199.0	0.25952545351829764	0.008539599613681585	False
phosphorylation_st	esm	replica	0	0	0	109	2115	1.0	22.0	0.07139479905437353	0.34748275513992627	False
phosphorylation_st	esm	replica	0	0	1	64	2514	1.0	44.0	0.03540175019888624	0.2725915505259082	False
phosphorylation_st	esm	replica	0	0	2	60	3636	1.0	67.0	0.02282728272827283	0.14335268256854017	False
phosphorylation_st	esm	replica	0	0	3	39	3528	1.0	96.0	0.015022675736961451	0.07468798381788955	False
phosphorylation_st	esm	replica	0	0	4	13	2203	1.0	166.0	0.008624602814344077	0.03519291870554391	False
phosphorylation_st	esm	replica	0	1	0	90	1910	4.0	24.0	0.16178010471204188	0.2720775072836972	False
phosphorylation_st	esm	replica	0	1	1	62	2422	4.0	44.0	0.09413707679603633	0.17183896091809778	False
phosphorylation_st	esm	replica	0	1	2	56	3292	4.0	66.5	0.06318347509113001	0.10937512759416022	False
phosphorylation_st	esm	replica	0	1	3	37	3241	4.0	100.0	0.04011107682813946	0.056637643850863555	False
phosphorylation_st	esm	replica	0	1	4	23	3634	4.0	151.0	0.02228948816730875	-0.04292899813028138	False
phosphorylation_st	esm	replica	0	2	0	58	1208	8.0	25.0	0.3344370860927152	0.2234506333885417	False
phosphorylation_st	esm	replica	0	2	1	69	2819	8.0	45.0	0.1777225966654842	0.12906270536318085	False
phosphorylation_st	esm	replica	0	2	2	50	3012	8.0	64.0	0.12383798140770252	0.03686290135803679	False
phosphorylation_st	esm	replica	0	2	3	44	3929	8.0	96.0	0.08551794349707305	0.0003345890048045663	False
phosphorylation_st	esm	replica	0	2	4	27	4742	8.0	177.5	0.04112188949810207	-0.061394369946383594	False
phosphorylation_st	esm	replica	0	3	0	18	469	14.0	28.0	0.4968017057569296	0.20828367211461324	False
phosphorylation_st	esm	replica	0	3	1	54	2269	14.0	45.0	0.31820185103569854	0.08305581655257833	False
phosphorylation_st	esm	replica	0	3	2	63	3870	14.0	67.0	0.2222222222222222	0.01769671649332775	False
phosphorylation_st	esm	replica	0	3	3	73	6580	16.0	98.0	0.16656534954407295	-0.04183671448934807	False
phosphorylation_st	esm	replica	0	3	4	59	10650	16.0	172.0	0.08328638497652582	-0.08830867325339195	False
phosphorylation_st	esm	replica	0	4	0	2	57	24.5	28.5	0.7368421052631579	0.12362037562940145	True
phosphorylation_st	esm	replica	0	4	1	15	648	26.0	49.0	0.5895061728395061	0.05799462149610835	False
phosphorylation_st	esm	replica	0	4	2	48	3037	29.5	68.0	0.4962133684557129	0.02032821541977567	False
phosphorylation_st	esm	replica	0	4	3	59	5637	32.0	105.5	0.3402519070427532	-0.04911226663972764	False
phosphorylation_st	esm	replica	0	4	4	151	31645	47.0	199.0	0.2553009954179175	-0.0957277241772715	False
phosphorylation_st	esm	replica	1	0	0	93	1843	1.0	22.0	0.07325013564839934	0.347019944048075	False
phosphorylation_st	esm	replica	1	0	1	63	2447	1.0	44.0	0.0343277482631794	0.21271165286394852	False
phosphorylation_st	esm	replica	1	0	2	62	3715	1.0	67.0	0.0234185733512786	0.15150779756594537	False
phosphorylation_st	esm	replica	1	0	3	53	4732	1.0	96.0	0.014792899408284023	0.121297329581758	False
phosphorylation_st	esm	replica	1	0	4	14	2727	1.0	166.0	0.007700770077007701	0.06464337022639091	False
phosphorylation_st	esm	replica	1	1	0	82	1624	4.0	24.0	0.1810344827586207	0.2747422779824072	False
phosphorylation_st	esm	replica	1	1	1	65	2520	4.0	44.0	0.09603174603174604	0.17267441291039104	False
phosphorylation_st	esm	replica	1	1	2	52	3030	4.0	66.5	0.061386138613861385	0.10162303823773938	False
phosphorylation_st	esm	replica	1	1	3	44	3969	4.0	100.0	0.03854875283446712	0.06038639352429985	False
phosphorylation_st	esm	replica	1	1	4	16	3863	4.0	151.0	0.016308568470100957	-0.027822299502163857	False
phosphorylation_st	esm	replica	1	2	0	43	914	8.0	25.0	0.324945295404814	0.2514057730264359	False
phosphorylation_st	esm	replica	1	2	1	63	2545	8.0	45.0	0.17956777996070727	0.15806591340281767	False
phosphorylation_st	esm	replica	1	2	2	50	2891	8.0	64.0	0.1262538913870633	0.06088773979950947	False
phosphorylation_st	esm	replica	1	2	3	40	3454	8.0	96.0	0.08453966415749856	0.015075933360568554	False
phosphorylation_st	esm	replica	1	2	4	31	5555	8.0	177.5	0.040324032403240326	-0.09433854724475442	False
phosphorylation_st	esm	replica	1	3	0	23	601	14.0	28.0	0.4559068219633943	0.16783236679966027	False
phosphorylation_st	esm	replica	1	3	1	57	2360	14.0	45.0	0.3398305084745763	0.08606009301741871	False
phosphorylation_st	esm	replica	1	3	2	61	3679	14.0	67.0	0.23294373471051916	0.014505079214233736	False
phosphorylation_st	esm	replica	1	3	3	57	5091	16.0	98.0	0.16106855234727951	-0.04748997816993403	False
phosphorylation_st	esm	replica	1	3	4	47	8133	16.0	172.0	0.08902004180499201	-0.11926123072054856	False
phosphorylation_st	esm	replica	1	4	0	1	19	24.5	28.5	0.9473684210526315	0.278268459167012	True
phosphorylation_st	esm	replica	1	4	1	8	376	26.0	49.0	0.5159574468085106	0.028608012617821386	False
phosphorylation_st	esm	replica	1	4	2	33	2059	29.5	68.0	0.45458960660514813	0.011260127242212497	False
phosphorylation_st	esm	replica	1	4	3	69	6752	32.0	105.5	0.3387144549763033	-0.044413777664623746	False
phosphorylation_st	esm	replica	1	4	4	123	29634	47.0	199.0	0.2496119322399946	-0.10176413298559571	False
phosphorylation_st	esm	replica	2	0	0	110	1981	1.0	22.0	0.07622412922766279	0.31766490875735254	False
phosphorylation_st	esm	replica	2	0	1	77	3048	1.0	44.0	0.03477690288713911	0.2290507322413291	False
phosphorylation_st	esm	replica	2	0	2	48	2774	1.0	67.0	0.025234318673395817	0.1466407281980374	False
phosphorylation_st	esm	replica	2	0	3	47	3975	1.0	96.0	0.014842767295597484	0.009471802552913995	False
phosphorylation_st	esm	replica	2	0	4	15	2402	1.0	166.0	0.009991673605328892	0.020537022258198315	False
phosphorylation_st	esm	replica	2	1	0	90	1814	4.0	24.0	0.17971334068357223	0.252949379258808	False
phosphorylation_st	esm	replica	2	1	1	92	3639	4.0	44.0	0.0928826600714482	0.15136852710703333	False
phosphorylation_st	esm	replica	2	1	2	45	2699	4.0	66.5	0.062245276028158575	0.06638229536842587	False
phosphorylation_st	esm	replica	2	1	3	29	2507	4.0	100.0	0.04467491025129637	0.014033429986743699	False
phosphorylation_st	esm	replica	2	1	4	25	3978	4.0	151.0	0.024132730015082957	-0.03208279859341256	False
phosphorylation_st	esm	replica	2	2	0	62	1350	8.0	25.0	0.32222222222222224	0.23222906805328838	False
phosphorylation_st	esm	replica	2	2	1	53	2098	8.0	45.0	0.18493803622497618	0.1367829598153247	False
phosphorylation_st	esm	replica	2	2	2	60	3450	8.0	64.0	0.12782608695652173	0.05871122338606094	False
phosphorylation_st	esm	replica	2	2	3	55	4913	8.0	96.0	0.0858945654386322	-0.020410975938058473	False
phosphorylation_st	esm	replica	2	2	4	24	6062	8.0	177.5	0.029858132629495215	-0.06796339484688875	False
phosphorylation_st	esm	replica	2	3	0	20	480	14.0	28.0	0.50625	0.16023138623476563	False
phosphorylation_st	esm	replica	2	3	1	43	1725	14.0	45.0	0.3368115942028985	0.09315901633483122	False
phosphorylation_st	esm	replica	2	3	2	54	3320	14.0	67.0	0.2219879518072289	0.026978505261518848	False
phosphorylation_st	esm	replica	2	3	3	65	5874	16.0	98.0	0.15730337078651685	-0.032112747548036856	False
phosphorylation_st	esm	replica	2	3	4	56	9534	16.0	172.0	0.09156702328508495	-0.08843165174359204	False
phosphorylation_st	esm	replica	2	4	0	3	84	24.5	28.5	0.8095238095238095	0.1521656418375738	True
phosphorylation_st	esm	replica	2	4	1	7	318	26.0	49.0	0.5471698113207547	0.11816867927307186	False
phosphorylation_st	esm	replica	2	4	2	28	1788	29.5	68.0	0.43512304250559286	0.006484317989685896	False
phosphorylation_st	esm	replica	2	4	3	71	6961	32.0	105.5	0.37724464875736247	-0.043776373676574463	False
phosphorylation_st	esm	replica	2	4	4	149	31862	47.0	199.0	0.25952545351829764	-0.07096330923004607	False
phosphorylation_st	esm	rebuilt	0	0	0	109	2115	1.0	22.0	0.07139479905437353	0.06998001597083675	False
phosphorylation_st	esm	rebuilt	0	0	1	64	2514	1.0	44.0	0.03540175019888624	-0.004418481311426165	False
phosphorylation_st	esm	rebuilt	0	0	2	60	3636	1.0	67.0	0.02282728272827283	-0.03600449347840338	False
phosphorylation_st	esm	rebuilt	0	0	3	39	3528	1.0	96.0	0.015022675736961451	-0.049697592736013416	False
phosphorylation_st	esm	rebuilt	0	0	4	13	2203	1.0	166.0	0.008624602814344077	-0.12200092260271823	False
phosphorylation_st	esm	rebuilt	0	1	0	90	1910	4.0	24.0	0.16178010471204188	0.10054772759162352	False
phosphorylation_st	esm	rebuilt	0	1	1	62	2422	4.0	44.0	0.09413707679603633	0.03217430604270193	False
phosphorylation_st	esm	rebuilt	0	1	2	56	3292	4.0	66.5	0.06318347509113001	-0.008744417370793327	False
phosphorylation_st	esm	rebuilt	0	1	3	37	3241	4.0	100.0	0.04011107682813946	-0.04209990299846177	False
phosphorylation_st	esm	rebuilt	0	1	4	23	3634	4.0	151.0	0.02228948816730875	-0.05782028051516697	False
phosphorylation_st	esm	rebuilt	0	2	0	58	1208	8.0	25.0	0.3344370860927152	0.13999494098560353	False
phosphorylation_st	esm	rebuilt	0	2	1	69	2819	8.0	45.0	0.1777225966654842	0.05290466635950246	False
phosphorylation_st	esm	rebuilt	0	2	2	50	3012	8.0	64.0	0.12383798140770252	-0.009722513486994743	False
phosphorylation_st	esm	rebuilt	0	2	3	44	3929	8.0	96.0	0.08551794349707305	-0.021542109112365905	False
phosphorylation_st	esm	rebuilt	0	2	4	27	4742	8.0	177.5	0.04112188949810207	-0.04730882591962083	False
phosphorylation_st	esm	rebuilt	0	3	0	18	469	14.0	28.0	0.4968017057569296	0.19643725381298166	False
phosphorylation_st	esm	rebuilt	0	3	1	54	2269	14.0	45.0	0.31820185103569854	0.07193577822823945	False
phosphorylation_st	esm	rebuilt	0	3	2	63	3870	14.0	67.0	0.2222222222222222	0.04692767139388919	False
phosphorylation_st	esm	rebuilt	0	3	3	73	6580	16.0	98.0	0.16656534954407295	0.002973841293225884	False
phosphorylation_st	esm	rebuilt	0	3	4	59	10650	16.0	172.0	0.08328638497652582	-0.05491028062993196	False
phosphorylation_st	esm	rebuilt	0	4	0	2	57	24.5	28.5	0.7368421052631579	0.14458986179266278	True
phosphorylation_st	esm	rebuilt	0	4	1	15	648	26.0	49.0	0.5895061728395061	0.09295075815330184	False
phosphorylation_st	esm	rebuilt	0	4	2	48	3037	29.5	68.0	0.4962133684557129	0.10098949276658624	False
phosphorylation_st	esm	rebuilt	0	4	3	59	5637	32.0	105.5	0.3402519070427532	0.04721026893548803	False
phosphorylation_st	esm	rebuilt	0	4	4	151	31645	47.0	199.0	0.2553009954179175	0.0015947016542845766	False
phosphorylation_st	esm	rebuilt	1	0	0	93	1843	1.0	22.0	0.07325013564839934	0.08580964644763558	False
phosphorylation_st	esm	rebuilt	1	0	1	63	2447	1.0	44.0	0.0343277482631794	0.02928443872210968	False
phosphorylation_st	esm	rebuilt	1	0	2	62	3715	1.0	67.0	0.0234185733512786	-0.05104936305894451	False
phosphorylation_st	esm	rebuilt	1	0	3	53	4732	1.0	96.0	0.014792899408284023	-0.09527464800799537	False
phosphorylation_st	esm	rebuilt	1	0	4	14	2727	1.0	166.0	0.007700770077007701	-0.16705723853805282	False
phosphorylation_st	esm	rebuilt	1	1	0	82	1624	4.0	24.0	0.1810344827586207	0.12777870862568252	False
phosphorylation_st	esm	rebuilt	1	1	1	65	2520	4.0	44.0	0.09603174603174604	0.038349851243148096	False
phosphorylation_st	esm	rebuilt	1	1	2	52	3030	4.0	66.5	0.061386138613861385	-0.017306433368791996	False
phosphorylation_st	esm	rebuilt	1	1	3	44	3969	4.0	100.0	0.03854875283446712	-0.07499832179006174	False
phosphorylation_st	esm	rebuilt	1	1	4	16	3863	4.0	151.0	0.016308568470100957	-0.12104882740199098	False
phosphorylation_st	esm	rebuilt	1	2	0	43	914	8.0	25.0	0.324945295404814	0.15701418276276013	False
phosphorylation_st	esm	rebuilt	1	2	1	63	2545	8.0	45.0	0.17956777996070727	0.06658784414476082	False
phosphorylation_st	esm	rebuilt	1	2	2	50	2891	8.0	64.0	0.1262538913870633	0.0302261707514388	False
phosphorylation_st	esm	rebuilt	1	2	3	40	3454	8.0	96.0	0.08453966415749856	0.0003854059246526355	False
phosphorylation_st	esm	rebuilt	1	2	4	31	5555	8.0	177.5	0.040324032403240326	-0.06420273244260705	False
phosphorylation_st	esm	rebuilt	1	3	0	23	601	14.0	28.0	0.4559068219633943	0.15936544045760104	False
phosphorylation_st	esm	rebuilt	1	3	1	57	2360	14.0	45.0	0.3398305084745763	0.09818908253285354	False
phosphorylation_st	esm	rebuilt	1	3	2	61	3679	14.0	67.0	0.23294373471051916	0.07153811110140318	False
phosphorylation_st	esm	rebuilt	1	3	3	57	5091	16.0	98.0	0.16106855234727951	0.03624671917031412	False
phosphorylation_st	esm	rebuilt	1	3	4	47	8133	16.0	172.0	0.08902004180499201	-0.04484485633737731	False
phosphorylation_st	esm	rebuilt	1	4	0	1	19	24.5	28.5	0.9473684210526315	0.3418056851349385	True
phosphorylation_st	esm	rebuilt	1	4	1	8	376	26.0	49.0	0.5159574468085106	0.13496066395402775	False
phosphorylation_st	esm	rebuilt	1	4	2	33	2059	29.5	68.0	0.45458960660514813	0.11703286060367746	False
phosphorylation_st	esm	rebuilt	1	4	3	69	6752	32.0	105.5	0.3387144549763033	0.062470587560888614	False
phosphorylation_st	esm	rebuilt	1	4	4	123	29634	47.0	199.0	0.2496119322399946	0.006892462107785358	False
phosphorylation_st	esm	rebuilt	2	0	0	110	1981	1.0	22.0	0.07622412922766279	0.05338662821306257	False
phosphorylation_st	esm	rebuilt	2	0	1	77	3048	1.0	44.0	0.03477690288713911	0.00325654073286128	False
phosphorylation_st	esm	rebuilt	2	0	2	48	2774	1.0	67.0	0.025234318673395817	-0.010338656839733054	False
phosphorylation_st	esm	rebuilt	2	0	3	47	3975	1.0	96.0	0.014842767295597484	-0.07348077742045968	False
phosphorylation_st	esm	rebuilt	2	0	4	15	2402	1.0	166.0	0.009991673605328892	-0.11302850448122764	False
phosphorylation_st	esm	rebuilt	2	1	0	90	1814	4.0	24.0	0.17971334068357223	0.08702913369441492	False
phosphorylation_st	esm	rebuilt	2	1	1	92	3639	4.0	44.0	0.0928826600714482	0.031572948008805404	False
phosphorylation_st	esm	rebuilt	2	1	2	45	2699	4.0	66.5	0.062245276028158575	-0.004736807414670196	False
phosphorylation_st	esm	rebuilt	2	1	3	29	2507	4.0	100.0	0.04467491025129637	-0.02227786278834595	False
phosphorylation_st	esm	rebuilt	2	1	4	25	3978	4.0	151.0	0.024132730015082957	-0.07381760879098453	False
phosphorylation_st	esm	rebuilt	2	2	0	62	1350	8.0	25.0	0.32222222222222224	0.10336691131648604	False
phosphorylation_st	esm	rebuilt	2	2	1	53	2098	8.0	45.0	0.18493803622497618	0.06189116348729972	False
phosphorylation_st	esm	rebuilt	2	2	2	60	3450	8.0	64.0	0.12782608695652173	0.017253237910298508	False
phosphorylation_st	esm	rebuilt	2	2	3	55	4913	8.0	96.0	0.0858945654386322	-0.021775061368822707	False
phosphorylation_st	esm	rebuilt	2	2	4	24	6062	8.0	177.5	0.029858132629495215	-0.0648623773700943	False
phosphorylation_st	esm	rebuilt	2	3	0	20	480	14.0	28.0	0.50625	0.13377434160867488	False
phosphorylation_st	esm	rebuilt	2	3	1	43	1725	14.0	45.0	0.3368115942028985	0.0683978807569594	False
phosphorylation_st	esm	rebuilt	2	3	2	54	3320	14.0	67.0	0.2219879518072289	0.027959476811476543	False
phosphorylation_st	esm	rebuilt	2	3	3	65	5874	16.0	98.0	0.15730337078651685	-0.013007070319687527	False
phosphorylation_st	esm	rebuilt	2	3	4	56	9534	16.0	172.0	0.09156702328508495	-0.026808752017976358	False
phosphorylation_st	esm	rebuilt	2	4	0	3	84	24.5	28.5	0.8095238095238095	0.15347604670204915	True
phosphorylation_st	esm	rebuilt	2	4	1	7	318	26.0	49.0	0.5471698113207547	0.10871239910047541	False
phosphorylation_st	esm	rebuilt	2	4	2	28	1788	29.5	68.0	0.43512304250559286	0.05791008731990326	False
phosphorylation_st	esm	rebuilt	2	4	3	71	6961	32.0	105.5	0.37724464875736247	0.03304876526178667	False
phosphorylation_st	esm	rebuilt	2	4	4	149	31862	47.0	199.0	0.25952545351829764	0.012970574280290628	False
phosphorylation_st	prott5	replica	0	0	0	109	2115	1.0	22.0	0.07139479905437353	0.3566946541047567	False
phosphorylation_st	prott5	replica	0	0	1	64	2514	1.0	44.0	0.03540175019888624	0.31810201051561815	False
phosphorylation_st	prott5	replica	0	0	2	60	3636	1.0	67.0	0.02282728272827283	0.1689815543988499	False
phosphorylation_st	prott5	replica	0	0	3	39	3528	1.0	96.0	0.015022675736961451	0.03772141885076071	False
phosphorylation_st	prott5	replica	0	0	4	13	2203	1.0	166.0	0.008624602814344077	-0.010458535731789646	False
phosphorylation_st	prott5	replica	0	1	0	90	1910	4.0	24.0	0.16178010471204188	0.2876146138520839	False
phosphorylation_st	prott5	replica	0	1	1	62	2422	4.0	44.0	0.09413707679603633	0.19785201313048306	False
phosphorylation_st	prott5	replica	0	1	2	56	3292	4.0	66.5	0.06318347509113001	0.11781594815123672	False
phosphorylation_st	prott5	replica	0	1	3	37	3241	4.0	100.0	0.04011107682813946	0.029993405936782014	False
phosphorylation_st	prott5	replica	0	1	4	23	3634	4.0	151.0	0.02228948816730875	-0.0433051043402661	False
phosphorylation_st	prott5	replica	0	2	0	58	1208	8.0	25.0	0.3344370860927152	0.2452372067063462	False
phosphorylation_st	prott5	replica	0	2	1	69	2819	8.0	45.0	0.1777225966654842	0.12462907151464282	False
phosphorylation_st	prott5	replica	0	2	2	50	3012	8.0	64.0	0.12383798140770252	0.037865731398384686	False
phosphorylation_st	prott5	replica	0	2	3	44	3929	8.0	96.0	0.08551794349707305	-0.007617389338693726	False
phosphorylation_st	prott5	replica	0	2	4	27	4742	8.0	177.5	0.04112188949810207	-0.055422065040546725	False
phosphorylation_st	prott5	replica	0	3	0	18	469	14.0	28.0	0.4968017057569296	0.20067470704173682	False
phosphorylation_st	prott5	replica	0	3	1	54	2269	14.0	45.0	0.31820185103569854	0.09588418047489564	False
phosphorylation_st	prott5	replica	0	3	2	63	3870	14.0	67.0	0.2222222222222222	0.025225219526418215	False
phosphorylation_st	prott5	replica	0	3	3	73	6580	16.0	98.0	0.16656534954407295	-0.05183839829303217	False
phosphorylation_st	prott5	replica	0	3	4	59	10650	16.0	172.0	0.08328638497652582	-0.09286596458712913	False
phosphorylation_st	prott5	replica	0	4	0	2	57	24.5	28.5	0.7368421052631579	0.11694662495401587	True
phosphorylation_st	prott5	replica	0	4	1	15	648	26.0	49.0	0.5895061728395061	0.09487741112128723	False
phosphorylation_st	prott5	replica	0	4	2	48	3037	29.5	68.0	0.4962133684557129	0.027783592941766536	False
phosphorylation_st	prott5	replica	0	4	3	59	5637	32.0	105.5	0.3402519070427532	-0.04187494602708421	False
phosphorylation_st	prott5	replica	0	4	4	151	31645	47.0	199.0	0.2553009954179175	-0.09794118080000178	False
phosphorylation_st	prott5	replica	1	0	0	93	1843	1.0	22.0	0.07325013564839934	0.3697495564581659	False
phosphorylation_st	prott5	replica	1	0	1	63	2447	1.0	44.0	0.0343277482631794	0.24947664266811587	False
phosphorylation_st	prott5	replica	1	0	2	62	3715	1.0	67.0	0.0234185733512786	0.16538046631522815	False
phosphorylation_st	prott5	replica	1	0	3	53	4732	1.0	96.0	0.014792899408284023	0.09689688645322089	False
phosphorylation_st	prott5	replica	1	0	4	14	2727	1.0	166.0	0.007700770077007701	0.06610000331472342	False
phosphorylation_st	prott5	replica	1	1	0	82	1624	4.0	24.0	0.1810344827586207	0.3098722030127993	False
phosphorylation_st	prott5	replica	1	1	1	65	2520	4.0	44.0	0.09603174603174604	0.183392836453712	False
phosphorylation_st	prott5	replica	1	1	2	52	3030	4.0	66.5	0.061386138613861385	0.12609959038627214	False
phosphorylation_st	prott5	replica	1	1	3	44	3969	4.0	100.0	0.03854875283446712	0.058269485733494594	False
phosphorylation_st	prott5	replica	1	1	4	16	3863	4.0	151.0	0.016308568470100957	-0.00735464401526339	False
phosphorylation_st	prott5	replica	1	2	0	43	914	8.0	25.0	0.324945295404814	0.26677532924857567	False
phosphorylation_st	prott5	replica	1	2	1	63	2545	8.0	45.0	0.17956777996070727	0.18451373126509318	False
phosphorylation_st	prott5	replica	1	2	2	50	2891	8.0	64.0	0.1262538913870633	0.07008063830122571	False
phosphorylation_st	prott5	replica	1	2	3	40	3454	8.0	96.0	0.08453966415749856	0.0003867727449181414	False
phosphorylation_st	prott5	replica	1	2	4	31	5555	8.0	177.5	0.040324032403240326	-0.09085897301428841	False
phosphorylation_st	prott5	replica	1	3	0	23	601	14.0	28.0	0.4559068219633943	0.17847148492607157	False
phosphorylation_st	prott5	replica	1	3	1	57	2360	14.0	45.0	0.3398305084745763	0.1091915625703796	False
phosphorylation_st	prott5	replica	1	3	2	61	3679	14.0	67.0	0.23294373471051916	0.0023533992382959185	False
phosphorylation_st	prott5	replica	1	3	3	57	5091	16.0	98.0	0.16106855234727951	-0.05157399992535948	False
phosphorylation_st	prott5	replica	1	3	4	47	8133	16.0	172.0	0.08902004180499201	-0.1214782213189674	False
phosphorylation_st	prott5	replica	1	4	0	1	19	24.5	28.5	0.9473684210526315	0.219278273745838	True
phosphorylation_st	prott5	replica	1	4	1	8	376	26.0	49.0	0.5159574468085106	0.051747223873719196	False
phosphorylation_st	prott5	replica	1	4	2	33	2059	29.5	68.0	0.45458960660514813	0.026183411911811273	False
phosphorylation_st	prott5	replica	1	4	3	69	6752	32.0	105.5	0.3387144549763033	-0.057785956547067405	False
phosphorylation_st	prott5	replica	1	4	4	123	29634	47.0	199.0	0.2496119322399946	-0.11198182483714124	False
phosphorylation_st	prott5	replica	2	0	0	110	1981	1.0	22.0	0.07622412922766279	0.3742581755217591	False
phosphorylation_st	prott5	replica	2	0	1	77	3048	1.0	44.0	0.03477690288713911	0.29422413989301266	False
phosphorylation_st	prott5	replica	2	0	2	48	2774	1.0	67.0	0.025234318673395817	0.2027473303159877	False
phosphorylation_st	prott5	replica	2	0	3	47	3975	1.0	96.0	0.014842767295597484	0.009700542878057264	False
phosphorylation_st	prott5	replica	2	0	4	15	2402	1.0	166.0	0.009991673605328892	0.04580048218222361	False
phosphorylation_st	prott5	replica	2	1	0	90	1814	4.0	24.0	0.17971334068357223	0.30591815966110475	False
phosphorylation_st	prott5	replica	2	1	1	92	3639	4.0	44.0	0.0928826600714482	0.18299723157373524	False
phosphorylation_st	prott5	replica	2	1	2	45	2699	4.0	66.5	0.062245276028158575	0.11859451861030906	False
phosphorylation_st	prott5	replica	2	1	3	29	2507	4.0	100.0	0.04467491025129637	0.013581741733257706	False
phosphorylation_st	prott5	replica	2	1	4	25	3978	4.0	151.0	0.024132730015082957	-0.014276725162294458	False
phosphorylation_st	prott5	replica	2	2	0	62	1350	8.0	25.0	0.32222222222222224	0.23754496838235195	False
phosphorylation_st	prott5	replica	2	2	1	53	2098	8.0	45.0	0.18493803622497618	0.12715576125146022	False
phosphorylation_st	prott5	replica	2	2	2	60	3450	8.0	64.0	0.12782608695652173	0.07489617768898238	False
phosphorylation_st	prott5	replica	2	2	3	55	4913	8.0	96.0	0.0858945654386322	-0.02377349814756437	False
phosphorylation_st	prott5	replica	2	2	4	24	6062	8.0	177.5	0.029858132629495215	-0.037727249221136	False
phosphorylation_st	prott5	replica	2	3	0	20	480	14.0	28.0	0.50625	0.18067612255605875	False
phosphorylation_st	prott5	replica	2	3	1	43	1725	14.0	45.0	0.3368115942028985	0.07995717916659328	False
phosphorylation_st	prott5	replica	2	3	2	54	3320	14.0	67.0	0.2219879518072289	-0.0006127916615096201	False
phosphorylation_st	prott5	replica	2	3	3	65	5874	16.0	98.0	0.15730337078651685	-0.05369751413958002	False
phosphorylation_st	prott5	replica	2	3	4	56	9534	16.0	172.0	0.09156702328508495	-0.08810979016784307	False
phosphorylation_st	prott5	replica	2	4	0	3	84	24.5	28.5	0.8095238095238095	0.14704368805219353	True
phosphorylation_st	prott5	replica	2	4	1	7	318	26.0	49.0	0.5471698113207547	0.09882410385058316	False
phosphorylation_st	prott5	replica	2	4	2	28	1788	29.5	68.0	0.43512304250559286	-0.01882750725634022	False
phosphorylation_st	prott5	replica	2	4	3	71	6961	32.0	105.5	0.37724464875736247	-0.06612194090318174	False
phosphorylation_st	prott5	replica	2	4	4	149	31862	47.0	199.0	0.25952545351829764	-0.0936772938286881	False
phosphorylation_st	prott5	rebuilt	0	0	0	109	2115	1.0	22.0	0.07139479905437353	0.06015930173790197	False
phosphorylation_st	prott5	rebuilt	0	0	1	64	2514	1.0	44.0	0.03540175019888624	-0.0016441781361006325	False
phosphorylation_st	prott5	rebuilt	0	0	2	60	3636	1.0	67.0	0.02282728272827283	-0.0368870743786308	False
phosphorylation_st	prott5	rebuilt	0	0	3	39	3528	1.0	96.0	0.015022675736961451	-0.07652850459287262	False
phosphorylation_st	prott5	rebuilt	0	0	4	13	2203	1.0	166.0	0.008624602814344077	-0.13900411179956554	False
phosphorylation_st	prott5	rebuilt	0	1	0	90	1910	4.0	24.0	0.16178010471204188	0.08569423463563895	False
phosphorylation_st	prott5	rebuilt	0	1	1	62	2422	4.0	44.0	0.09413707679603633	0.012650868919071459	False
phosphorylation_st	prott5	rebuilt	0	1	2	56	3292	4.0	66.5	0.06318347509113001	-0.010111541624213266	False
phosphorylation_st	prott5	rebuilt	0	1	3	37	3241	4.0	100.0	0.04011107682813946	-0.06669153289336682	False
phosphorylation_st	prott5	rebuilt	0	1	4	23	3634	4.0	151.0	0.02228948816730875	-0.07562483909717677	False
phosphorylation_st	prott5	rebuilt	0	2	0	58	1208	8.0	25.0	0.3344370860927152	0.12785086246578975	False
phosphorylation_st	prott5	rebuilt	0	2	1	69	2819	8.0	45.0	0.1777225966654842	0.04744361713829238	False
phosphorylation_st	prott5	rebuilt	0	2	2	50	3012	8.0	64.0	0.12383798140770252	-0.0014959066488012644	False
phosphorylation_st	prott5	rebuilt	0	2	3	44	3929	8.0	96.0	0.08551794349707305	-0.018142797349273893	False
phosphorylation_st	prott5	rebuilt	0	2	4	27	4742	8.0	177.5	0.04112188949810207	-0.05906650939493284	False
phosphorylation_st	prott5	rebuilt	0	3	0	18	469	14.0	28.0	0.4968017057569296	0.18065267406785404	False
phosphorylation_st	prott5	rebuilt	0	3	1	54	2269	14.0	45.0	0.31820185103569854	0.0761294151241689	False
phosphorylation_st	prott5	rebuilt	0	3	2	63	3870	14.0	67.0	0.2222222222222222	0.0551530637036538	False
phosphorylation_st	prott5	rebuilt	0	3	3	73	6580	16.0	98.0	0.16656534954407295	-0.002557414793388621	False
phosphorylation_st	prott5	rebuilt	0	3	4	59	10650	16.0	172.0	0.08328638497652582	-0.053424597819034525	False
phosphorylation_st	prott5	rebuilt	0	4	0	2	57	24.5	28.5	0.7368421052631579	0.08622391933881299	True
phosphorylation_st	prott5	rebuilt	0	4	1	15	648	26.0	49.0	0.5895061728395061	0.1213219318015758	False
phosphorylation_st	prott5	rebuilt	0	4	2	48	3037	29.5	68.0	0.4962133684557129	0.10589789991095758	False
phosphorylation_st	prott5	rebuilt	0	4	3	59	5637	32.0	105.5	0.3402519070427532	0.04913947826856143	False
phosphorylation_st	prott5	rebuilt	0	4	4	151	31645	47.0	199.0	0.2553009954179175	0.013197064882658916	False
phosphorylation_st	prott5	rebuilt	1	0	0	93	1843	1.0	22.0	0.07325013564839934	0.07335431706568696	False
phosphorylation_st	prott5	rebuilt	1	0	1	63	2447	1.0	44.0	0.0343277482631794	0.026283116371652714	False
phosphorylation_st	prott5	rebuilt	1	0	2	62	3715	1.0	67.0	0.0234185733512786	-0.051849774873233216	False
phosphorylation_st	prott5	rebuilt	1	0	3	53	4732	1.0	96.0	0.014792899408284023	-0.09304364193913242	False
phosphorylation_st	prott5	rebuilt	1	0	4	14	2727	1.0	166.0	0.007700770077007701	-0.13521612605330827	False
phosphorylation_st	prott5	rebuilt	1	1	0	82	1624	4.0	24.0	0.1810344827586207	0.12126748905606399	False
phosphorylation_st	prott5	rebuilt	1	1	1	65	2520	4.0	44.0	0.09603174603174604	0.0358574299237774	False
phosphorylation_st	prott5	rebuilt	1	1	2	52	3030	4.0	66.5	0.061386138613861385	-0.014177814708756996	False
phosphorylation_st	prott5	rebuilt	1	1	3	44	3969	4.0	100.0	0.03854875283446712	-0.0787153046289259	False
phosphorylation_st	prott5	rebuilt	1	1	4	16	3863	4.0	151.0	0.016308568470100957	-0.09003452825882675	False
phosphorylation_st	prott5	rebuilt	1	2	0	43	914	8.0	25.0	0.324945295404814	0.16201195539247487	False
phosphorylation_st	prott5	rebuilt	1	2	1	63	2545	8.0	45.0	0.17956777996070727	0.062018192730218934	False
phosphorylation_st	prott5	rebuilt	1	2	2	50	2891	8.0	64.0	0.1262538913870633	0.019266881318599917	False
phosphorylation_st	prott5	rebuilt	1	2	3	40	3454	8.0	96.0	0.08453966415749856	-0.0018369122688783792	False
phosphorylation_st	prott5	rebuilt	1	2	4	31	5555	8.0	177.5	0.040324032403240326	-0.09416143100921974	False
phosphorylation_st	prott5	rebuilt	1	3	0	23	601	14.0	28.0	0.4559068219633943	0.17781158934070976	False
phosphorylation_st	prott5	rebuilt	1	3	1	57	2360	14.0	45.0	0.3398305084745763	0.09596436134757219	False
phosphorylation_st	prott5	rebuilt	1	3	2	61	3679	14.0	67.0	0.23294373471051916	0.06372399786344946	False
phosphorylation_st	prott5	rebuilt	1	3	3	57	5091	16.0	98.0	0.16106855234727951	0.02788157882728087	False
phosphorylation_st	prott5	rebuilt	1	3	4	47	8133	16.0	172.0	0.08902004180499201	-0.050837036891470844	False
phosphorylation_st	prott5	rebuilt	1	4	0	1	19	24.5	28.5	0.9473684210526315	0.34223818517144167	True
phosphorylation_st	prott5	rebuilt	1	4	1	8	376	26.0	49.0	0.5159574468085106	0.16253300393177275	False
phosphorylation_st	prott5	rebuilt	1	4	2	33	2059	29.5	68.0	0.45458960660514813	0.11299967007451217	False
phosphorylation_st	prott5	rebuilt	1	4	3	69	6752	32.0	105.5	0.3387144549763033	0.06488180754547998	False
phosphorylation_st	prott5	rebuilt	1	4	4	123	29634	47.0	199.0	0.2496119322399946	0.011850569957283076	False
phosphorylation_st	prott5	rebuilt	2	0	0	110	1981	1.0	22.0	0.07622412922766279	0.0427511504734798	False
phosphorylation_st	prott5	rebuilt	2	0	1	77	3048	1.0	44.0	0.03477690288713911	-0.016402346686601763	False
phosphorylation_st	prott5	rebuilt	2	0	2	48	2774	1.0	67.0	0.025234318673395817	-0.038631284266253056	False
phosphorylation_st	prott5	rebuilt	2	0	3	47	3975	1.0	96.0	0.014842767295597484	-0.0830183549889412	False
phosphorylation_st	prott5	rebuilt	2	0	4	15	2402	1.0	166.0	0.009991673605328892	-0.1192601309756996	False
phosphorylation_st	prott5	rebuilt	2	1	0	90	1814	4.0	24.0	0.17971334068357223	0.0807082164839804	False
phosphorylation_st	prott5	rebuilt	2	1	1	92	3639	4.0	44.0	0.0928826600714482	0.014178502734160906	False
phosphorylation_st	prott5	rebuilt	2	1	2	45	2699	4.0	66.5	0.062245276028158575	-0.006587440604224644	False
phosphorylation_st	prott5	rebuilt	2	1	3	29	2507	4.0	100.0	0.04467491025129637	-0.052990710659808274	False
phosphorylation_st	prott5	rebuilt	2	1	4	25	3978	4.0	151.0	0.024132730015082957	-0.07103832645698845	False
phosphorylation_st	prott5	rebuilt	2	2	0	62	1350	8.0	25.0	0.32222222222222224	0.11924837684254452	False
phosphorylation_st	prott5	rebuilt	2	2	1	53	2098	8.0	45.0	0.18493803622497618	0.04226454311300493	False
phosphorylation_st	prott5	rebuilt	2	2	2	60	3450	8.0	64.0	0.12782608695652173	0.009025321096217604	False
phosphorylation_st	prott5	rebuilt	2	2	3	55	4913	8.0	96.0	0.0858945654386322	-0.01650779511809922	False
phosphorylation_st	prott5	rebuilt	2	2	4	24	6062	8.0	177.5	0.029858132629495215	-0.0825210528127741	False
phosphorylation_st	prott5	rebuilt	2	3	0	20	480	14.0	28.0	0.50625	0.13125865850178578	False
phosphorylation_st	prott5	rebuilt	2	3	1	43	1725	14.0	45.0	0.3368115942028985	0.05583325195533976	False
phosphorylation_st	prott5	rebuilt	2	3	2	54	3320	14.0	67.0	0.2219879518072289	0.02656659444582705	False
phosphorylation_st	prott5	rebuilt	2	3	3	65	5874	16.0	98.0	0.15730337078651685	-0.009849794774045472	False
phosphorylation_st	prott5	rebuilt	2	3	4	56	9534	16.0	172.0	0.09156702328508495	-0.03338778130122519	False
phosphorylation_st	prott5	rebuilt	2	4	0	3	84	24.5	28.5	0.8095238095238095	0.19901721826843333	True
phosphorylation_st	prott5	rebuilt	2	4	1	7	318	26.0	49.0	0.5471698113207547	0.16779163688050872	False
phosphorylation_st	prott5	rebuilt	2	4	2	28	1788	29.5	68.0	0.43512304250559286	0.07183215403647078	False
phosphorylation_st	prott5	rebuilt	2	4	3	71	6961	32.0	105.5	0.37724464875736247	0.04444320502652264	False
phosphorylation_st	prott5	rebuilt	2	4	4	149	31862	47.0	199.0	0.25952545351829764	0.02653557238881457	False
phosphorylation_y	ppi	replica	0	0	0	43	168	4.0	6.0	0.2857142857142857	0.002543984783642417	True
phosphorylation_y	ppi	replica	0	0	1	30	240	4.0	12.0	0.175	0.10340228245363765	False
phosphorylation_y	ppi	replica	0	0	2	16	198	4.0	17.0	0.08585858585858586	0.04849853744290264	True
phosphorylation_y	ppi	replica	0	0	3	13	219	4.0	24.0	0.0684931506849315	0.0055735772119411935	False
phosphorylation_y	ppi	replica	0	0	4	7	235	4.0	42.5	0.05106382978723404	0.02201778614137858	False
phosphorylation_y	ppi	replica	0	1	0	27	95	9.0	6.0	0.42105263157894735	0.055222614310383666	True
phosphorylation_y	ppi	replica	0	1	1	26	221	9.0	11.0	0.17647058823529413	0.07437790874058389	False
phosphorylation_y	ppi	replica	0	1	2	18	219	10.0	17.0	0.1461187214611872	0.09243416124388514	False
phosphorylation_y	ppi	replica	0	1	3	13	225	9.0	24.0	0.08444444444444445	0.07469646536693612	False
phosphorylation_y	ppi	replica	0	1	4	13	373	9.0	40.0	0.0777479892761394	0.033787427382559576	False
phosphorylation_y	ppi	replica	0	2	0	15	71	15.0	6.0	0.323943661971831	0.030740792831166756	True
phosphorylation_y	ppi	replica	0	2	1	35	314	17.0	12.0	0.2929936305732484	0.029658267988406005	False
phosphorylation_y	ppi	replica	0	2	2	15	178	16.0	17.0	0.12359550561797752	-0.01465322412604786	True
phosphorylation_y	ppi	replica	0	2	3	22	365	17.0	23.0	0.15342465753424658	0.009400465089011784	False
phosphorylation_y	ppi	replica	0	2	4	14	461	17.0	38.0	0.08026030368763558	0.011338001800959894	False
phosphorylation_y	ppi	replica	0	3	0	12	54	26.0	6.0	0.4074074074074074	0.0693427378876737	True
phosphorylation_y	ppi	replica	0	3	1	17	128	28.0	12.0	0.2734375	0.010878432596291017	True
phosphorylation_y	ppi	replica	0	3	2	11	137	28.0	17.0	0.30656934306569344	-0.026410654227016682	True
phosphorylation_y	ppi	replica	0	3	3	31	526	29.5	24.0	0.1958174904942966	-0.0027875712588751505	False
phosphorylation_y	ppi	replica	0	3	4	20	614	28.0	40.0	0.1254071661237785	-0.037384007025793774	False
phosphorylation_y	ppi	replica	0	4	0	10	44	49.0	6.0	0.4318181818181818	-0.059479963688237575	True
phosphorylation_y	ppi	replica	0	4	1	14	125	54.5	12.0	0.368	-0.05189272467902995	True
phosphorylation_y	ppi	replica	0	4	2	11	139	52.0	17.0	0.26618705035971224	0.004927185213312947	True
phosphorylation_y	ppi	replica	0	4	3	32	568	53.0	25.0	0.18838028169014084	-0.03797467400695185	False
phosphorylation_y	ppi	replica	0	4	4	35	1093	67.0	41.0	0.12717291857273558	-0.07066130857368834	False
phosphorylation_y	ppi	replica	1	0	0	33	117	4.0	6.0	0.3247863247863248	0.09063953655001912	True
phosphorylation_y	ppi	replica	1	0	1	27	197	4.0	12.0	0.18781725888324874	0.08490345413007327	True
phosphorylation_y	ppi	replica	1	0	2	13	157	4.0	17.0	0.10828025477707007	0.00264100447317811	True
phosphorylation_y	ppi	replica	1	0	3	10	154	4.0	24.0	0.1038961038961039	0.028086616692827502	True
phosphorylation_y	ppi	replica	1	0	4	5	198	4.0	42.5	0.030303030303030304	0.005758856976235602	True
phosphorylation_y	ppi	replica	1	1	0	23	90	9.0	6.0	0.3888888888888889	0.026704573067016568	True
phosphorylation_y	ppi	replica	1	1	1	16	127	9.0	11.0	0.1968503937007874	0.11435977559227317	True
phosphorylation_y	ppi	replica	1	1	2	20	240	10.0	17.0	0.14583333333333334	0.03289838168829275	False
phosphorylation_y	ppi	replica	1	1	3	20	352	9.0	24.0	0.10511363636363637	-0.016387725483439145	False
phosphorylation_y	ppi	replica	1	1	4	14	410	9.0	40.0	0.06829268292682927	0.009644263012100888	False
phosphorylation_y	ppi	replica	1	2	0	21	96	15.0	6.0	0.40625	0.025664273217670213	True
phosphorylation_y	ppi	replica	1	2	1	30	244	17.0	12.0	0.26229508196721313	0.047345356943969755	False
phosphorylation_y	ppi	replica	1	2	2	23	283	16.0	17.0	0.1696113074204947	0.050620860266127866	False
phosphorylation_y	ppi	replica	1	2	3	20	309	17.0	23.0	0.16828478964401294	0.021746166777781403	False
phosphorylation_y	ppi	replica	1	2	4	16	469	17.0	38.0	0.08742004264392324	-0.054452136874621325	False
phosphorylation_y	ppi	replica	1	3	0	10	44	26.0	6.0	0.5681818181818182	0.0012955771448263098	True
phosphorylation_y	ppi	replica	1	3	1	16	118	28.0	12.0	0.288135593220339	-0.07432768032104298	True
phosphorylation_y	ppi	replica	1	3	2	26	334	28.0	17.0	0.2215568862275449	0.022441121547544945	False
phosphorylation_y	ppi	replica	1	3	3	22	391	29.5	24.0	0.18925831202046037	0.04176620856574278	False
phosphorylation_y	ppi	replica	1	3	4	14	468	28.0	40.0	0.17094017094017094	0.06020943223888259	False
phosphorylation_y	ppi	replica	1	4	0	7	30	49.0	6.0	0.6	0.010181270350391217	True
phosphorylation_y	ppi	replica	1	4	1	9	80	54.5	12.0	0.2625	0.023922947951596447	True
phosphorylation_y	ppi	replica	1	4	2	19	229	52.0	17.0	0.2314410480349345	-0.0582427321130367	False
phosphorylation_y	ppi	replica	1	4	3	17	319	53.0	25.0	0.2225705329153605	-0.05003402618165	False
phosphorylation_y	ppi	replica	1	4	4	38	1403	67.0	41.0	0.1496792587312901	-0.0584132454385906	False
phosphorylation_y	ppi	replica	2	0	0	39	141	4.0	6.0	0.3262411347517731	0.06573203584584089	True
phosphorylation_y	ppi	replica	2	0	1	33	259	4.0	12.0	0.18532818532818532	0.0948843739541414	False
phosphorylation_y	ppi	replica	2	0	2	22	249	4.0	17.0	0.10843373493975904	0.0663530796901489	False
phosphorylation_y	ppi	replica	2	0	3	10	157	4.0	24.0	0.09554140127388536	0.006087538097610675	True
phosphorylation_y	ppi	replica	2	0	4	2	52	4.0	42.5	0.038461538461538464	0.11452539708353662	True
phosphorylation_y	ppi	replica	2	1	0	36	157	9.0	6.0	0.31210191082802546	0.0703015939277234	True
phosphorylation_y	ppi	replica	2	1	1	29	231	9.0	11.0	0.22077922077922077	0.10856252040184386	False
phosphorylation_y	ppi	replica	2	1	2	21	255	10.0	17.0	0.1411764705882353	0.03537647335184955	False
phosphorylation_y	ppi	replica	2	1	3	21	322	9.0	24.0	0.11490683229813664	0.033498352001890934	False
phosphorylation_y	ppi	replica	2	1	4	11	376	9.0	40.0	0.05319148936170213	0.04363164050200171	False
phosphorylation_y	ppi	replica	2	2	0	14	67	15.0	6.0	0.3880597014925373	0.024217180482366176	True
phosphorylation_y	ppi	replica	2	2	1	30	267	17.0	12.0	0.2696629213483146	0.009114663752761482	False
phosphorylation_y	ppi	replica	2	2	2	13	155	16.0	17.0	0.14838709677419354	0.030245743253995316	True
phosphorylation_y	ppi	replica	2	2	3	11	196	17.0	23.0	0.1326530612244898	0.02624512807237059	True
phosphorylation_y	ppi	replica	2	2	4	21	633	17.0	38.0	0.07109004739336493	0.013737841325188398	False
phosphorylation_y	ppi	replica	2	3	0	10	51	26.0	6.0	0.5098039215686274	0.06321767607677321	True
phosphorylation_y	ppi	replica	2	3	1	14	126	28.0	12.0	0.19047619047619047	-0.019540364889202102	True
phosphorylation_y	ppi	replica	2	3	2	24	288	28.0	17.0	0.2152777777777778	-0.046436751233262866	False
phosphorylation_y	ppi	replica	2	3	3	14	252	29.5	24.0	0.1746031746031746	-0.0033320469366981023	False
phosphorylation_y	ppi	replica	2	3	4	24	819	28.0	40.0	0.07081807081807082	-0.047580584789887116	False
phosphorylation_y	ppi	replica	2	4	0	7	36	49.0	6.0	0.3888888888888889	-0.12777777777777777	True
phosphorylation_y	ppi	replica	2	4	1	11	95	54.5	12.0	0.2736842105263158	-0.087740068988539	True
phosphorylation_y	ppi	replica	2	4	2	17	214	52.0	17.0	0.32710280373831774	0.039186474613555684	False
phosphorylation_y	ppi	replica	2	4	3	22	408	53.0	25.0	0.20588235294117646	-0.00758508477386726	False
phosphorylation_y	ppi	replica	2	4	4	37	1289	67.0	41.0	0.16602017067494182	-0.07146998153727725	False
phosphorylation_y	ppi	rebuilt	0	0	0	43	168	4.0	6.0	0.2857142857142857	-0.018085133482779705	True
phosphorylation_y	ppi	rebuilt	0	0	1	30	240	4.0	12.0	0.175	0.050330480266286254	False
phosphorylation_y	ppi	rebuilt	0	0	2	16	198	4.0	17.0	0.08585858585858586	0.015240133143128859	True
phosphorylation_y	ppi	rebuilt	0	0	3	13	219	4.0	24.0	0.0684931506849315	-0.015705873540082987	False
phosphorylation_y	ppi	rebuilt	0	0	4	7	235	4.0	42.5	0.05106382978723404	-0.047172124927914526	False
phosphorylation_y	ppi	rebuilt	0	1	0	27	95	9.0	6.0	0.42105263157894735	0.026967490051805695	True
phosphorylation_y	ppi	rebuilt	0	1	1	26	221	9.0	11.0	0.17647058823529413	0.03934844210920403	False
phosphorylation_y	ppi	rebuilt	0	1	2	18	219	10.0	17.0	0.1461187214611872	0.040980595235768864	False
phosphorylation_y	ppi	rebuilt	0	1	3	13	225	9.0	24.0	0.08444444444444445	0.029573624980187032	False
phosphorylation_y	ppi	rebuilt	0	1	4	13	373	9.0	40.0	0.0777479892761394	0.01252136931920313	False
phosphorylation_y	ppi	rebuilt	0	2	0	15	71	15.0	6.0	0.323943661971831	0.01774527335195194	True
phosphorylation_y	ppi	rebuilt	0	2	1	35	314	17.0	12.0	0.2929936305732484	0.024129769119638007	False
phosphorylation_y	ppi	rebuilt	0	2	2	15	178	16.0	17.0	0.12359550561797752	0.007837118722851788	True
phosphorylation_y	ppi	rebuilt	0	2	3	22	365	17.0	23.0	0.15342465753424658	0.00882242588865222	False
phosphorylation_y	ppi	rebuilt	0	2	4	14	461	17.0	38.0	0.08026030368763558	0.021131108023554824	False
phosphorylation_y	ppi	rebuilt	0	3	0	12	54	26.0	6.0	0.4074074074074074	0.04634516827812121	True
phosphorylation_y	ppi	rebuilt	0	3	1	17	128	28.0	12.0	0.2734375	0.0008102264621968544	True
phosphorylation_y	ppi	rebuilt	0	3	2	11	137	28.0	17.0	0.30656934306569344	-0.007123296229578183	True
phosphorylation_y	ppi	rebuilt	0	3	3	31	526	29.5	24.0	0.1958174904942966	0.0023160829450594726	False
phosphorylation_y	ppi	rebuilt	0	3	4	20	614	28.0	40.0	0.1254071661237785	-0.00966859814039506	False
phosphorylation_y	ppi	rebuilt	0	4	0	10	44	49.0	6.0	0.4318181818181818	-0.06845415639994813	True
phosphorylation_y	ppi	rebuilt	0	4	1	14	125	54.5	12.0	0.368	-0.01810328102710413	True
phosphorylation_y	ppi	rebuilt	0	4	2	11	139	52.0	17.0	0.26618705035971224	0.02522090743952627	True
phosphorylation_y	ppi	rebuilt	0	4	3	32	568	53.0	25.0	0.18838028169014084	-0.030883822908922866	False
phosphorylation_y	ppi	rebuilt	0	4	4	35	1093	67.0	41.0	0.12717291857273558	-0.027342197070450918	False
phosphorylation_y	ppi	rebuilt	1	0	0	33	117	4.0	6.0	0.3247863247863248	0.05380291413240823	True
phosphorylation_y	ppi	rebuilt	1	0	1	27	197	4.0	12.0	0.18781725888324874	0.0408470696546758	True
phosphorylation_y	ppi	rebuilt	1	0	2	13	157	4.0	17.0	0.10828025477707007	-0.014233936907480338	True
phosphorylation_y	ppi	rebuilt	1	0	3	10	154	4.0	24.0	0.1038961038961039	0.007650863497196783	True
phosphorylation_y	ppi	rebuilt	1	0	4	5	198	4.0	42.5	0.030303030303030304	-0.06908345740537021	True
phosphorylation_y	ppi	rebuilt	1	1	0	23	90	9.0	6.0	0.3888888888888889	0.012423255738607827	True
phosphorylation_y	ppi	rebuilt	1	1	1	16	127	9.0	11.0	0.1968503937007874	0.08368911241394432	True
phosphorylation_y	ppi	rebuilt	1	1	2	20	240	10.0	17.0	0.14583333333333334	0.012600233270155999	False
phosphorylation_y	ppi	rebuilt	1	1	3	20	352	9.0	24.0	0.10511363636363637	-0.008601008628344975	False
phosphorylation_y	ppi	rebuilt	1	1	4	14	410	9.0	40.0	0.06829268292682927	-0.010121826761349696	False
phosphorylation_y	ppi	rebuilt	1	2	0	21	96	15.0	6.0	0.40625	0.043804976429994646	True
phosphorylation_y	ppi	rebuilt	1	2	1	30	244	17.0	12.0	0.26229508196721313	0.0023452493911314347	False
phosphorylation_y	ppi	rebuilt	1	2	2	23	283	16.0	17.0	0.1696113074204947	0.03387465953530401	False
phosphorylation_y	ppi	rebuilt	1	2	3	20	309	17.0	23.0	0.16828478964401294	0.024667233800015193	False
phosphorylation_y	ppi	rebuilt	1	2	4	16	469	17.0	38.0	0.08742004264392324	-0.04625504100102242	False
phosphorylation_y	ppi	rebuilt	1	3	0	10	44	26.0	6.0	0.5681818181818182	0.026759798009251292	True
phosphorylation_y	ppi	rebuilt	1	3	1	16	118	28.0	12.0	0.288135593220339	-0.036106216995608884	True
phosphorylation_y	ppi	rebuilt	1	3	2	26	334	28.0	17.0	0.2215568862275449	0.032573793948769615	False
phosphorylation_y	ppi	rebuilt	1	3	3	22	391	29.5	24.0	0.18925831202046037	0.0339942032962833	False
phosphorylation_y	ppi	rebuilt	1	3	4	14	468	28.0	40.0	0.17094017094017094	0.005233158006885953	False
phosphorylation_y	ppi	rebuilt	1	4	0	7	30	49.0	6.0	0.6	0.008125577100646347	True
phosphorylation_y	ppi	rebuilt	1	4	1	9	80	54.5	12.0	0.2625	0.029259002770083108	True
phosphorylation_y	ppi	rebuilt	1	4	2	19	229	52.0	17.0	0.2314410480349345	-0.0400649769435625	False
phosphorylation_y	ppi	rebuilt	1	4	3	17	319	53.0	25.0	0.2225705329153605	-0.0275052204709187	False
phosphorylation_y	ppi	rebuilt	1	4	4	38	1403	67.0	41.0	0.1496792587312901	-0.01116564727012711	False
phosphorylation_y	ppi	rebuilt	2	0	0	39	141	4.0	6.0	0.3262411347517731	0.029659284582589877	True
phosphorylation_y	ppi	rebuilt	2	0	1	33	259	4.0	12.0	0.18532818532818532	0.055006380587775947	False
phosphorylation_y	ppi	rebuilt	2	0	2	22	249	4.0	17.0	0.10843373493975904	0.029501515576046255	False
phosphorylation_y	ppi	rebuilt	2	0	3	10	157	4.0	24.0	0.09554140127388536	0.030182733871076336	True
phosphorylation_y	ppi	rebuilt	2	0	4	2	52	4.0	42.5	0.038461538461538464	0.08425760286225405	True
phosphorylation_y	ppi	rebuilt	2	1	0	36	157	9.0	6.0	0.31210191082802546	0.060416638612461465	True
phosphorylation_y	ppi	rebuilt	2	1	1	29	231	9.0	11.0	0.22077922077922077	0.05547532101443307	False
phosphorylation_y	ppi	rebuilt	2	1	2	21	255	10.0	17.0	0.1411764705882353	0.032480758335751495	False
phosphorylation_y	ppi	rebuilt	2	1	3	21	322	9.0	24.0	0.11490683229813664	0.01913778839966909	False
phosphorylation_y	ppi	rebuilt	2	1	4	11	376	9.0	40.0	0.05319148936170213	-0.03150780441725518	False
phosphorylation_y	ppi	rebuilt	2	2	0	14	67	15.0	6.0	0.3880597014925373	0.03236039674776225	True
phosphorylation_y	ppi	rebuilt	2	2	1	30	267	17.0	12.0	0.2696629213483146	0.011362382645371932	False
phosphorylation_y	ppi	rebuilt	2	2	2	13	155	16.0	17.0	0.14838709677419354	0.03560981154379504	True
phosphorylation_y	ppi	rebuilt	2	2	3	11	196	17.0	23.0	0.1326530612244898	-0.00045087802562885883	True
phosphorylation_y	ppi	rebuilt	2	2	4	21	633	17.0	38.0	0.07109004739336493	-0.010468957178975913	False
phosphorylation_y	ppi	rebuilt	2	3	0	10	51	26.0	6.0	0.5098039215686274	0.06691815556384638	True
phosphorylation_y	ppi	rebuilt	2	3	1	14	126	28.0	12.0	0.19047619047619047	-0.07717988299383649	True
phosphorylation_y	ppi	rebuilt	2	3	2	24	288	28.0	17.0	0.2152777777777778	-0.014592631743794533	False
phosphorylation_y	ppi	rebuilt	2	3	3	14	252	29.5	24.0	0.1746031746031746	0.006591104846918805	False
phosphorylation_y	ppi	rebuilt	2	3	4	24	819	28.0	40.0	0.07081807081807082	-0.04911935609610028	False
phosphorylation_y	ppi	rebuilt	2	4	0	7	36	49.0	6.0	0.3888888888888889	-0.05128024430350012	True
phosphorylation_y	ppi	rebuilt	2	4	1	11	95	54.5	12.0	0.2736842105263158	-0.049763732799228515	True
phosphorylation_y	ppi	rebuilt	2	4	2	17	214	52.0	17.0	0.32710280373831774	0.025076564383236844	False
phosphorylation_y	ppi	rebuilt	2	4	3	22	408	53.0	25.0	0.20588235294117646	-0.015380549682875267	False
phosphorylation_y	ppi	rebuilt	2	4	4	37	1289	67.0	41.0	0.16602017067494182	-0.005612241271757394	False
phosphorylation_y	esm	replica	0	0	0	43	168	4.0	6.0	0.2857142857142857	0.2230070987025338	True
phosphorylation_y	esm	replica	0	0	1	30	240	4.0	12.0	0.175	0.1855206847360913	False
phosphorylation_y	esm	replica	0	0	2	16	198	4.0	17.0	0.08585858585858586	0.14668727215089553	True
phosphorylation_y	esm	replica	0	0	3	13	219	4.0	24.0	0.0684931506849315	0.07637393417101468	False
phosphorylation_y	esm	replica	0	0	4	7	235	4.0	42.5	0.05106382978723404	-0.003552371991380095	False
phosphorylation_y	esm	replica	0	1	0	27	95	9.0	6.0	0.42105263157894735	0.22859749230422705	True
phosphorylation_y	esm	replica	0	1	1	26	221	9.0	11.0	0.17647058823529413	0.1924406633058139	False
phosphorylation_y	esm	replica	0	1	2	18	219	10.0	17.0	0.1461187214611872	0.10294067835251662	False
phosphorylation_y	esm	replica	0	1	3	13	225	9.0	24.0	0.08444444444444445	0.07426216516088127	False
phosphorylation_y	esm	replica	0	1	4	13	373	9.0	40.0	0.0777479892761394	0.0014169723068921094	False
phosphorylation_y	esm	replica	0	2	0	15	71	15.0	6.0	0.323943661971831	0.08425187358100097	True
phosphorylation_y	esm	replica	0	2	1	35	314	17.0	12.0	0.2929936305732484	0.04289277374451421	False
phosphorylation_y	esm	replica	0	2	2	15	178	16.0	17.0	0.12359550561797752	-0.014226866915642178	True
phosphorylation_y	esm	replica	0	2	3	22	365	17.0	23.0	0.15342465753424658	0.005633244093564964	False
phosphorylation_y	esm	replica	0	2	4	14	461	17.0	38.0	0.08026030368763558	-0.02407344945708176	False
phosphorylation_y	esm	replica	0	3	0	12	54	26.0	6.0	0.4074074074074074	0.03505045701907328	True
phosphorylation_y	esm	replica	0	3	1	17	128	28.0	12.0	0.2734375	-0.025930590228245363	True
phosphorylation_y	esm	replica	0	3	2	11	137	28.0	17.0	0.30656934306569344	-0.006923373283213769	True
phosphorylation_y	esm	replica	0	3	3	31	526	29.5	24.0	0.1958174904942966	-0.02247725953689189	False
phosphorylation_y	esm	replica	0	3	4	20	614	28.0	40.0	0.1254071661237785	-0.06080633994247399	False
phosphorylation_y	esm	replica	0	4	0	10	44	49.0	6.0	0.4318181818181818	-0.11181104915056413	True
phosphorylation_y	esm	replica	0	4	1	14	125	54.5	12.0	0.368	-0.029913837375178314	True
phosphorylation_y	esm	replica	0	4	2	11	139	52.0	17.0	0.26618705035971224	-0.02315705210439352	True
phosphorylation_y	esm	replica	0	4	3	32	568	53.0	25.0	0.18838028169014084	-0.07753963151232647	False
phosphorylation_y	esm	replica	0	4	4	35	1093	67.0	41.0	0.12717291857273558	-0.12019745677655629	False
phosphorylation_y	esm	replica	1	0	0	33	117	4.0	6.0	0.3247863247863248	0.26999089099978446	True
phosphorylation_y	esm	replica	1	0	1	27	197	4.0	12.0	0.18781725888324874	0.2282743114941057	True
phosphorylation_y	esm	replica	1	0	2	13	157	4.0	17.0	0.10828025477707007	0.13581764811308403	True
phosphorylation_y	esm	replica	1	0	3	10	154	4.0	24.0	0.1038961038961039	0.10352546564093436	True
phosphorylation_y	esm	replica	1	0	4	5	198	4.0	42.5	0.030303030303030304	0.01666909656412499	True
phosphorylation_y	esm	replica	1	1	0	23	90	9.0	6.0	0.3888888888888889	0.1479353971262413	True
phosphorylation_y	esm	replica	1	1	1	16	127	9.0	11.0	0.1968503937007874	0.1982624128537366	True
phosphorylation_y	esm	replica	1	1	2	20	240	10.0	17.0	0.14583333333333334	0.14813809107255674	False
phosphorylation_y	esm	replica	1	1	3	20	352	9.0	24.0	0.10511363636363637	0.042923448289573084	False
phosphorylation_y	esm	replica	1	1	4	14	410	9.0	40.0	0.06829268292682927	-0.052076851137369796	False
phosphorylation_y	esm	replica	1	2	0	21	96	15.0	6.0	0.40625	0.09816026388686398	True
phosphorylation_y	esm	replica	1	2	1	30	244	17.0	12.0	0.26229508196721313	0.08831044051252512	False
phosphorylation_y	esm	replica	1	2	2	23	283	16.0	17.0	0.1696113074204947	0.08301285304134723	False
phosphorylation_y	esm	replica	1	2	3	20	309	17.0	23.0	0.16828478964401294	0.0032775306202466625	False
phosphorylation_y	esm	replica	1	2	4	16	469	17.0	38.0	0.08742004264392324	-0.05105162749765222	False
phosphorylation_y	esm	replica	1	3	0	10	44	26.0	6.0	0.5681818181818182	0.02178292621505918	True
phosphorylation_y	esm	replica	1	3	1	16	118	28.0	12.0	0.288135593220339	0.003646081728571391	True
phosphorylation_y	esm	replica	1	3	2	26	334	28.0	17.0	0.2215568862275449	0.003393417276832835	False
phosphorylation_y	esm	replica	1	3	3	22	391	29.5	24.0	0.18925831202046037	-0.007495332546071415	False
phosphorylation_y	esm	replica	1	3	4	14	468	28.0	40.0	0.17094017094017094	-0.02353589332376328	False
phosphorylation_y	esm	replica	1	4	0	7	30	49.0	6.0	0.6	0.04454974000097194	True
phosphorylation_y	esm	replica	1	4	1	9	80	54.5	12.0	0.2625	-0.03924588132380813	True
phosphorylation_y	esm	replica	1	4	2	19	229	52.0	17.0	0.2314410480349345	-0.08253618902522489	False
phosphorylation_y	esm	replica	1	4	3	17	319	53.0	25.0	0.2225705329153605	-0.042223543558311365	False
phosphorylation_y	esm	replica	1	4	4	38	1403	67.0	41.0	0.1496792587312901	-0.1217865991657433	False
phosphorylation_y	esm	replica	2	0	0	39	141	4.0	6.0	0.3262411347517731	0.26964449042628164	True
phosphorylation_y	esm	replica	2	0	1	33	259	4.0	12.0	0.18532818532818532	0.23909001118303438	False
phosphorylation_y	esm	replica	2	0	2	22	249	4.0	17.0	0.10843373493975904	0.16097710079217503	False
phosphorylation_y	esm	replica	2	0	3	10	157	4.0	24.0	0.09554140127388536	0.10864922368403335	True
phosphorylation_y	esm	replica	2	0	4	2	52	4.0	42.5	0.038461538461538464	-0.0489998373719304	True
phosphorylation_y	esm	replica	2	1	0	36	157	9.0	6.0	0.31210191082802546	0.22004192420427054	True
phosphorylation_y	esm	replica	2	1	1	29	231	9.0	11.0	0.22077922077922077	0.20310992742282385	False
phosphorylation_y	esm	replica	2	1	2	21	255	10.0	17.0	0.1411764705882353	0.08213848471030413	False
phosphorylation_y	esm	replica	2	1	3	21	322	9.0	24.0	0.11490683229813664	0.086155065022608	False
phosphorylation_y	esm	replica	2	1	4	11	376	9.0	40.0	0.05319148936170213	-0.05720015593840433	False
phosphorylation_y	esm	replica	2	2	0	14	67	15.0	6.0	0.3880597014925373	0.09460730175759678	True
phosphorylation_y	esm	replica	2	2	1	30	267	17.0	12.0	0.2696629213483146	0.05806193632166979	False
phosphorylation_y	esm	replica	2	2	2	13	155	16.0	17.0	0.14838709677419354	0.02867807861056174	True
phosphorylation_y	esm	replica	2	2	3	11	196	17.0	23.0	0.1326530612244898	-0.007689735513655777	True
phosphorylation_y	esm	replica	2	2	4	21	633	17.0	38.0	0.07109004739336493	-0.07701048844000459	False
phosphorylation_y	esm	replica	2	3	0	10	51	26.0	6.0	0.5098039215686274	0.012169575370669762	True
phosphorylation_y	esm	replica	2	3	1	14	126	28.0	12.0	0.19047619047619047	-0.011217937962124013	True
phosphorylation_y	esm	replica	2	3	2	24	288	28.0	17.0	0.2152777777777778	0.0059597917156056675	False
phosphorylation_y	esm	replica	2	3	3	14	252	29.5	24.0	0.1746031746031746	-0.028362528943924287	False
phosphorylation_y	esm	replica	2	3	4	24	819	28.0	40.0	0.07081807081807082	-0.08919900082690779	False
phosphorylation_y	esm	replica	2	4	0	7	36	49.0	6.0	0.3888888888888889	0.025185968209224016	True
phosphorylation_y	esm	replica	2	4	1	11	95	54.5	12.0	0.2736842105263158	-0.10707169615370347	True
phosphorylation_y	esm	replica	2	4	2	17	214	52.0	17.0	0.32710280373831774	-0.039189767705307806	False
phosphorylation_y	esm	replica	2	4	3	22	408	53.0	25.0	0.20588235294117646	-0.03365598529757216	False
phosphorylation_y	esm	replica	2	4	4	37	1289	67.0	41.0	0.16602017067494182	-0.09973063122611178	False
phosphorylation_y	esm	rebuilt	0	0	0	43	168	4.0	6.0	0.2857142857142857	0.10891031519597853	True
phosphorylation_y	esm	rebuilt	0	0	1	30	240	4.0	12.0	0.175	0.0710181883024251	False
phosphorylation_y	esm	rebuilt	0	0	2	16	198	4.0	17.0	0.08585858585858586	0.010424862029712243	True
phosphorylation_y	esm	rebuilt	0	0	3	13	219	4.0	24.0	0.0684931506849315	-0.014857770048007085	False
phosphorylation_y	esm	rebuilt	0	0	4	7	235	4.0	42.5	0.05106382978723404	-0.045196831274471126	False
phosphorylation_y	esm	rebuilt	0	1	0	27	95	9.0	6.0	0.42105263157894735	0.16869885126511003	True
phosphorylation_y	esm	rebuilt	0	1	1	26	221	9.0	11.0	0.17647058823529413	0.1182099263495588	False
phosphorylation_y	esm	rebuilt	0	1	2	18	219	10.0	17.0	0.1461187214611872	0.0411278082843166	False
phosphorylation_y	esm	rebuilt	0	1	3	13	225	9.0	24.0	0.08444444444444445	0.024038040893961	False
phosphorylation_y	esm	rebuilt	0	1	4	13	373	9.0	40.0	0.0777479892761394	-0.031994508037158705	False
phosphorylation_y	esm	rebuilt	0	2	0	15	71	15.0	6.0	0.323943661971831	0.061843242048582506	True
phosphorylation_y	esm	rebuilt	0	2	1	35	314	17.0	12.0	0.2929936305732484	0.07420563889620835	False
phosphorylation_y	esm	rebuilt	0	2	2	15	178	16.0	17.0	0.12359550561797752	0.049757970154995265	True
phosphorylation_y	esm	rebuilt	0	2	3	22	365	17.0	23.0	0.15342465753424658	0.031931682723311115	False
phosphorylation_y	esm	rebuilt	0	2	4	14	461	17.0	38.0	0.08026030368763558	-0.07625193015246272	False
phosphorylation_y	esm	rebuilt	0	3	0	12	54	26.0	6.0	0.4074074074074074	0.09463861150737041	True
phosphorylation_y	esm	rebuilt	0	3	1	17	128	28.0	12.0	0.2734375	0.03993290834522112	True
phosphorylation_y	esm	rebuilt	0	3	2	11	137	28.0	17.0	0.30656934306569344	0.02870299988546081	True
phosphorylation_y	esm	rebuilt	0	3	3	31	526	29.5	24.0	0.1958174904942966	0.033327457244674896	False
phosphorylation_y	esm	rebuilt	0	3	4	20	614	28.0	40.0	0.1254071661237785	-0.06001640281217619	False
phosphorylation_y	esm	rebuilt	0	4	0	10	44	49.0	6.0	0.4318181818181818	0.0272176112047724	True
phosphorylation_y	esm	rebuilt	0	4	1	14	125	54.5	12.0	0.368	0.04554636233951497	True
phosphorylation_y	esm	rebuilt	0	4	2	11	139	52.0	17.0	0.26618705035971224	0.03229918205236096	True
phosphorylation_y	esm	rebuilt	0	4	3	32	568	53.0	25.0	0.18838028169014084	-0.005674740310622651	False
phosphorylation_y	esm	rebuilt	0	4	4	35	1093	67.0	41.0	0.12717291857273558	-0.07704077171156615	False
phosphorylation_y	esm	rebuilt	1	0	0	33	117	4.0	6.0	0.3247863247863248	0.2086646405060168	True
phosphorylation_y	esm	rebuilt	1	0	1	27	197	4.0	12.0	0.18781725888324874	0.12952155195700485	True
phosphorylation_y	esm	rebuilt	1	0	2	13	157	4.0	17.0	0.10828025477707007	0.055106824173548535	True
phosphorylation_y	esm	rebuilt	1	0	3	10	154	4.0	24.0	0.1038961038961039	0.013838581596272222	True
phosphorylation_y	esm	rebuilt	1	0	4	5	198	4.0	42.5	0.030303030303030304	-0.11537521298419388	True
phosphorylation_y	esm	rebuilt	1	1	0	23	90	9.0	6.0	0.3888888888888889	0.16308823767637004	True
phosphorylation_y	esm	rebuilt	1	1	1	16	127	9.0	11.0	0.1968503937007874	0.15435320912922043	True
phosphorylation_y	esm	rebuilt	1	1	2	20	240	10.0	17.0	0.14583333333333334	0.059155853622977116	False
phosphorylation_y	esm	rebuilt	1	1	3	20	352	9.0	24.0	0.10511363636363637	0.015654614375273358	False
phosphorylation_y	esm	rebuilt	1	1	4	14	410	9.0	40.0	0.06829268292682927	-0.027424000512056436	False
phosphorylation_y	esm	rebuilt	1	2	0	21	96	15.0	6.0	0.40625	0.1499702337561355	True
phosphorylation_y	esm	rebuilt	1	2	1	30	244	17.0	12.0	0.26229508196721313	0.10814019631978088	False
phosphorylation_y	esm	rebuilt	1	2	2	23	283	16.0	17.0	0.1696113074204947	0.0802453458018842	False
phosphorylation_y	esm	rebuilt	1	2	3	20	309	17.0	23.0	0.16828478964401294	0.027288692106513492	False
phosphorylation_y	esm	rebuilt	1	2	4	16	469	17.0	38.0	0.08742004264392324	-0.052650696903916876	False
phosphorylation_y	esm	rebuilt	1	3	0	10	44	26.0	6.0	0.5681818181818182	0.09275139498204087	True
phosphorylation_y	esm	rebuilt	1	3	1	16	118	28.0	12.0	0.288135593220339	0.027566157047155666	True
phosphorylation_y	esm	rebuilt	1	3	2	26	334	28.0	17.0	0.2215568862275449	0.006208242503184329	False
phosphorylation_y	esm	rebuilt	1	3	3	22	391	29.5	24.0	0.18925831202046037	-0.016997101648141655	False
phosphorylation_y	esm	rebuilt	1	3	4	14	468	28.0	40.0	0.17094017094017094	-0.006126456848136394	False
phosphorylation_y	esm	rebuilt	1	4	0	7	30	49.0	6.0	0.6	0.04972542158720903	True
phosphorylation_y	esm	rebuilt	1	4	1	9	80	54.5	12.0	0.2625	0.01992090683773145	True
phosphorylation_y	esm	rebuilt	1	4	2	19	229	52.0	17.0	0.2314410480349345	-0.020236377029256177	False
phosphorylation_y	esm	rebuilt	1	4	3	17	319	53.0	25.0	0.2225705329153605	0.007581280069981046	False
phosphorylation_y	esm	rebuilt	1	4	4	38	1403	67.0	41.0	0.1496792587312901	-0.09166702431016285	False
phosphorylation_y	esm	rebuilt	2	0	0	39	141	4.0	6.0	0.3262411347517731	0.17660624053498866	True
phosphorylation_y	esm	rebuilt	2	0	1	33	259	4.0	12.0	0.18532818532818532	0.12481137132299923	False
phosphorylation_y	esm	rebuilt	2	0	2	22	249	4.0	17.0	0.10843373493975904	0.045915586235003435	False
phosphorylation_y	esm	rebuilt	2	0	3	10	157	4.0	24.0	0.09554140127388536	0.04062967102516798	True
phosphorylation_y	esm	rebuilt	2	0	4	2	52	4.0	42.5	0.038461538461538464	-0.013435789017184365	True
phosphorylation_y	esm	rebuilt	2	1	0	36	157	9.0	6.0	0.31210191082802546	0.15559445738678446	True
phosphorylation_y	esm	rebuilt	2	1	1	29	231	9.0	11.0	0.22077922077922077	0.11824496856209331	False
phosphorylation_y	esm	rebuilt	2	1	2	21	255	10.0	17.0	0.1411764705882353	0.03788030786662798	False
phosphorylation_y	esm	rebuilt	2	1	3	21	322	9.0	24.0	0.11490683229813664	0.012822869749057818	False
phosphorylation_y	esm	rebuilt	2	1	4	11	376	9.0	40.0	0.05319148936170213	-0.09462912149700868	False
phosphorylation_y	esm	rebuilt	2	2	0	14	67	15.0	6.0	0.3880597014925373	0.10699146971274705	True
phosphorylation_y	esm	rebuilt	2	2	1	30	267	17.0	12.0	0.2696629213483146	0.06269567902700905	False
phosphorylation_y	esm	rebuilt	2	2	2	13	155	16.0	17.0	0.14838709677419354	0.04924958512355362	True
phosphorylation_y	esm	rebuilt	2	2	3	11	196	17.0	23.0	0.1326530612244898	-0.03387050380405863	True
phosphorylation_y	esm	rebuilt	2	2	4	21	633	17.0	38.0	0.07109004739336493	-0.07373447914614012	False
phosphorylation_y	esm	rebuilt	2	3	0	10	51	26.0	6.0	0.5098039215686274	0.10349182661084168	True
phosphorylation_y	esm	rebuilt	2	3	1	14	126	28.0	12.0	0.19047619047619047	0.03362137431904874	True
phosphorylation_y	esm	rebuilt	2	3	2	24	288	28.0	17.0	0.2152777777777778	0.04543912966878083	False
phosphorylation_y	esm	rebuilt	2	3	3	14	252	29.5	24.0	0.1746031746031746	0.009843171471078447	False
phosphorylation_y	esm	rebuilt	2	3	4	24	819	28.0	40.0	0.07081807081807082	-0.07924426994194435	False
phosphorylation_y	esm	rebuilt	2	4	0	7	36	49.0	6.0	0.3888888888888889	0.05469422911283378	True
phosphorylation_y	esm	rebuilt	2	4	1	11	95	54.5	12.0	0.2736842105263158	0.0341945773524721	True
phosphorylation_y	esm	rebuilt	2	4	2	17	214	52.0	17.0	0.32710280373831774	0.03858120434951559	False
phosphorylation_y	esm	rebuilt	2	4	3	22	408	53.0	25.0	0.20588235294117646	0.01472695491163343	False
phosphorylation_y	esm	rebuilt	2	4	4	37	1289	67.0	41.0	0.16602017067494182	-0.048241776926353036	False
phosphorylation_y	prott5	replica	0	0	0	43	168	4.0	6.0	0.2857142857142857	0.2832730453094219	True
phosphorylation_y	prott5	replica	0	0	1	30	240	4.0	12.0	0.175	0.24811935330480267	False
phosphorylation_y	prott5	replica	0	0	2	16	198	4.0	17.0	0.08585858585858586	0.14461087335552386	True
phosphorylation_y	prott5	replica	0	0	3	13	219	4.0	24.0	0.0684931506849315	0.08287084986223205	False
phosphorylation_y	prott5	replica	0	0	4	7	235	4.0	42.5	0.05106382978723404	-0.022209002337086833	False
phosphorylation_y	prott5	replica	0	1	0	27	95	9.0	6.0	0.42105263157894735	0.2729101283880172	True
phosphorylation_y	prott5	replica	0	1	1	26	221	9.0	11.0	0.17647058823529413	0.18829855216529715	False
phosphorylation_y	prott5	replica	0	1	2	18	219	10.0	17.0	0.1461187214611872	0.10529641282186569	False
phosphorylation_y	prott5	replica	0	1	3	13	225	9.0	24.0	0.08444444444444445	0.06539451577112063	False
phosphorylation_y	prott5	replica	0	1	4	13	373	9.0	40.0	0.0777479892761394	-0.01038462862322305	False
phosphorylation_y	prott5	replica	0	2	0	15	71	15.0	6.0	0.323943661971831	0.11771312611761868	True
phosphorylation_y	prott5	replica	0	2	1	35	314	17.0	12.0	0.2929936305732484	0.08453528626075578	False
phosphorylation_y	prott5	replica	0	2	2	15	178	16.0	17.0	0.12359550561797752	0.04660036224334418	True
phosphorylation_y	prott5	replica	0	2	3	22	365	17.0	23.0	0.15342465753424658	0.004281750141676272	False
phosphorylation_y	prott5	replica	0	2	4	14	461	17.0	38.0	0.08026030368763558	-0.0690825935060233	False
phosphorylation_y	prott5	replica	0	3	0	12	54	26.0	6.0	0.4074074074074074	0.0936928726158398	True
phosphorylation_y	prott5	replica	0	3	1	17	128	28.0	12.0	0.2734375	0.005178985378031379	True
phosphorylation_y	prott5	replica	0	3	2	11	137	28.0	17.0	0.30656934306569344	-0.023931401439028707	True
phosphorylation_y	prott5	replica	0	3	3	31	526	29.5	24.0	0.1958174904942966	-0.001985620759046013	False
phosphorylation_y	prott5	replica	0	3	4	20	614	28.0	40.0	0.1254071661237785	-0.09874725264512771	False
phosphorylation_y	prott5	replica	0	4	0	10	44	49.0	6.0	0.4318181818181818	-0.03235961613279728	True
phosphorylation_y	prott5	replica	0	4	1	14	125	54.5	12.0	0.368	-0.04264308131241083	True
phosphorylation_y	prott5	replica	0	4	2	11	139	52.0	17.0	0.26618705035971224	-0.0344133252599062	True
phosphorylation_y	prott5	replica	0	4	3	32	568	53.0	25.0	0.18838028169014084	-0.08579870808302023	False
phosphorylation_y	prott5	replica	0	4	4	35	1093	67.0	41.0	0.12717291857273558	-0.1313368824826121	False
phosphorylation_y	prott5	replica	1	0	0	33	117	4.0	6.0	0.3247863247863248	0.32554956180849165	True
phosphorylation_y	prott5	replica	1	0	1	27	197	4.0	12.0	0.18781725888324874	0.21650423357210466	True
phosphorylation_y	prott5	replica	1	0	2	13	157	4.0	17.0	0.10828025477707007	0.08065835672690026	True
phosphorylation_y	prott5	replica	1	0	3	10	154	4.0	24.0	0.1038961038961039	0.10200125723525635	True
phosphorylation_y	prott5	replica	1	0	4	5	198	4.0	42.5	0.030303030303030304	0.002449778437531756	True
phosphorylation_y	prott5	replica	1	1	0	23	90	9.0	6.0	0.3888888888888889	0.17452495504689702	True
phosphorylation_y	prott5	replica	1	1	1	16	127	9.0	11.0	0.1968503937007874	0.21932790184285722	True
phosphorylation_y	prott5	replica	1	1	2	20	240	10.0	17.0	0.14583333333333334	0.1693547407299412	False
phosphorylation_y	prott5	replica	1	1	3	20	352	9.0	24.0	0.10511363636363637	0.0730551432093202	False
phosphorylation_y	prott5	replica	1	1	4	14	410	9.0	40.0	0.06829268292682927	-0.037734292490905666	False
phosphorylation_y	prott5	replica	1	2	0	21	96	15.0	6.0	0.40625	0.14540810127812606	True
phosphorylation_y	prott5	replica	1	2	1	30	244	17.0	12.0	0.26229508196721313	0.11708261731027082	False
phosphorylation_y	prott5	replica	1	2	2	23	283	16.0	17.0	0.1696113074204947	0.07564330891243455	False
phosphorylation_y	prott5	replica	1	2	3	20	309	17.0	23.0	0.16828478964401294	0.015782301948022843	False
phosphorylation_y	prott5	replica	1	2	4	16	469	17.0	38.0	0.08742004264392324	-0.04284411777780333	False
phosphorylation_y	prott5	replica	1	3	0	10	44	26.0	6.0	0.5681818181818182	-0.010218823311110813	True
phosphorylation_y	prott5	replica	1	3	1	16	118	28.0	12.0	0.288135593220339	0.0207842720562616	True
phosphorylation_y	prott5	replica	1	3	2	26	334	28.0	17.0	0.2215568862275449	0.01592928736491153	False
phosphorylation_y	prott5	replica	1	3	3	22	391	29.5	24.0	0.18925831202046037	-0.044708186716055115	False
phosphorylation_y	prott5	replica	1	3	4	14	468	28.0	40.0	0.17094017094017094	0.0015696203004848558	False
phosphorylation_y	prott5	replica	1	4	0	7	30	49.0	6.0	0.6	0.020197307673616164	True
phosphorylation_y	prott5	replica	1	4	1	9	80	54.5	12.0	0.2625	-0.02760788744714973	True
phosphorylation_y	prott5	replica	1	4	2	19	229	52.0	17.0	0.2314410480349345	-0.09156585775486388	False
phosphorylation_y	prott5	replica	1	4	3	17	319	53.0	25.0	0.2225705329153605	-0.08004813482137511	False
phosphorylation_y	prott5	replica	1	4	4	38	1403	67.0	41.0	0.1496792587312901	-0.1391562266806482	False
phosphorylation_y	prott5	replica	2	0	0	39	141	4.0	6.0	0.3262411347517731	0.2962639757295868	True
phosphorylation_y	prott5	replica	2	0	1	33	259	4.0	12.0	0.18532818532818532	0.25352782562084886	False
phosphorylation_y	prott5	replica	2	0	2	22	249	4.0	17.0	0.10843373493975904	0.15693726279324485	False
phosphorylation_y	prott5	replica	2	0	3	10	157	4.0	24.0	0.09554140127388536	0.11028130512651324	True
phosphorylation_y	prott5	replica	2	0	4	2	52	4.0	42.5	0.038461538461538464	0.01649048625792812	True
phosphorylation_y	prott5	replica	2	1	0	36	157	9.0	6.0	0.31210191082802546	0.2275739172198956	True
phosphorylation_y	prott5	replica	2	1	1	29	231	9.0	11.0	0.22077922077922077	0.23396514221038536	False
phosphorylation_y	prott5	replica	2	1	2	21	255	10.0	17.0	0.1411764705882353	0.07872929016567867	False
phosphorylation_y	prott5	replica	2	1	3	21	322	9.0	24.0	0.11490683229813664	0.0440205901277691	False
phosphorylation_y	prott5	replica	2	1	4	11	376	9.0	40.0	0.05319148936170213	-0.030360757500787188	False
phosphorylation_y	prott5	replica	2	2	0	14	67	15.0	6.0	0.3880597014925373	0.07556298844046151	True
phosphorylation_y	prott5	replica	2	2	1	30	267	17.0	12.0	0.2696629213483146	0.04216003779630641	False
phosphorylation_y	prott5	replica	2	2	2	13	155	16.0	17.0	0.14838709677419354	0.009293232399008844	True
phosphorylation_y	prott5	replica	2	2	3	11	196	17.0	23.0	0.1326530612244898	-0.005081186808761559	True
phosphorylation_y	prott5	replica	2	2	4	21	633	17.0	38.0	0.07109004739336493	-0.05871912111303712	False
phosphorylation_y	prott5	replica	2	3	0	10	51	26.0	6.0	0.5098039215686274	0.04033218643341762	True
phosphorylation_y	prott5	replica	2	3	1	14	126	28.0	12.0	0.19047619047619047	0.001700840072933102	True
phosphorylation_y	prott5	replica	2	3	2	24	288	28.0	17.0	0.2152777777777778	-0.018241523764779572	False
phosphorylation_y	prott5	replica	2	3	3	14	252	29.5	24.0	0.1746031746031746	-0.05047009407474523	False
phosphorylation_y	prott5	replica	2	3	4	24	819	28.0	40.0	0.07081807081807082	-0.10903016019295089	False
phosphorylation_y	prott5	replica	2	4	0	7	36	49.0	6.0	0.3888888888888889	-0.006264192310703938	True
phosphorylation_y	prott5	replica	2	4	1	11	95	54.5	12.0	0.2736842105263158	-0.039419902822595596	True
phosphorylation_y	prott5	replica	2	4	2	17	214	52.0	17.0	0.32710280373831774	-0.017829457364341085	False
phosphorylation_y	prott5	replica	2	4	3	22	408	53.0	25.0	0.20588235294117646	-0.05475548922881344	False
phosphorylation_y	prott5	replica	2	4	4	37	1289	67.0	41.0	0.16602017067494182	-0.09446714242211021	False
phosphorylation_y	prott5	rebuilt	0	0	0	43	168	4.0	6.0	0.2857142857142857	0.14178766727803818	True
phosphorylation_y	prott5	rebuilt	0	0	1	30	240	4.0	12.0	0.175	0.08829440085592012	False
phosphorylation_y	prott5	rebuilt	0	0	2	16	198	4.0	17.0	0.08585858585858586	0.008755889854320667	True
phosphorylation_y	prott5	rebuilt	0	0	3	13	219	4.0	24.0	0.0684931506849315	-0.01799549241461969	False
phosphorylation_y	prott5	rebuilt	0	0	4	7	235	4.0	42.5	0.05106382978723404	-0.06099189607551522	False
phosphorylation_y	prott5	rebuilt	0	1	0	27	95	9.0	6.0	0.42105263157894735	0.17144230047300846	True
phosphorylation_y	prott5	rebuilt	0	1	1	26	221	9.0	11.0	0.17647058823529413	0.0811445833682974	False
phosphorylation_y	prott5	rebuilt	0	1	2	18	219	10.0	17.0	0.1461187214611872	0.033906552283430716	False
phosphorylation_y	prott5	rebuilt	0	1	3	13	225	9.0	24.0	0.08444444444444445	-0.009762561420193376	False
phosphorylation_y	prott5	rebuilt	0	1	4	13	373	9.0	40.0	0.0777479892761394	-0.0463692235909635	False
phosphorylation_y	prott5	rebuilt	0	2	0	15	71	15.0	6.0	0.323943661971831	0.12622109260412692	True
phosphorylation_y	prott5	rebuilt	0	2	1	35	314	17.0	12.0	0.2929936305732484	0.08712667072516969	False
phosphorylation_y	prott5	rebuilt	0	2	2	15	178	16.0	17.0	0.12359550561797752	0.040944717818846274	True
phosphorylation_y	prott5	rebuilt	0	2	3	22	365	17.0	23.0	0.15342465753424658	0.01502081175619956	False
phosphorylation_y	prott5	rebuilt	0	2	4	14	461	17.0	38.0	0.08026030368763558	-0.07418918124402388	False
phosphorylation_y	prott5	rebuilt	0	3	0	12	54	26.0	6.0	0.4074074074074074	0.13972235430865962	True
phosphorylation_y	prott5	rebuilt	0	3	1	17	128	28.0	12.0	0.2734375	0.07477153174037089	True
phosphorylation_y	prott5	rebuilt	0	3	2	11	137	28.0	17.0	0.30656934306569344	0.03776357029061716	True
phosphorylation_y	prott5	rebuilt	0	3	3	31	526	29.5	24.0	0.1958174904942966	0.030576091732072055	False
phosphorylation_y	prott5	rebuilt	0	3	4	20	614	28.0	40.0	0.1254071661237785	-0.08373891183836958	False
phosphorylation_y	prott5	rebuilt	0	4	0	10	44	49.0	6.0	0.4318181818181818	0.1012644274413176	True
phosphorylation_y	prott5	rebuilt	0	4	1	14	125	54.5	12.0	0.368	0.06544821683309555	True
phosphorylation_y	prott5	rebuilt	0	4	2	11	139	52.0	17.0	0.26618705035971224	0.04469770830981435	True
phosphorylation_y	prott5	rebuilt	0	4	3	32	568	53.0	25.0	0.18838028169014084	0.0007288380783990698	False
phosphorylation_y	prott5	rebuilt	0	4	4	35	1093	67.0	41.0	0.12717291857273558	-0.06562954764661122	False
phosphorylation_y	prott5	rebuilt	1	0	0	33	117	4.0	6.0	0.3247863247863248	0.18980489792561525	True
phosphorylation_y	prott5	rebuilt	1	0	1	27	197	4.0	12.0	0.18781725888324874	0.10737346833202219	True
phosphorylation_y	prott5	rebuilt	1	0	2	13	157	4.0	17.0	0.10828025477707007	0.02761864786885611	True
phosphorylation_y	prott5	rebuilt	1	0	3	10	154	4.0	24.0	0.1038961038961039	-0.0014432644189168438	True
phosphorylation_y	prott5	rebuilt	1	0	4	5	198	4.0	42.5	0.030303030303030304	-0.07641806606670289	True
phosphorylation_y	prott5	rebuilt	1	1	0	23	90	9.0	6.0	0.3888888888888889	0.13992807503523352	True
phosphorylation_y	prott5	rebuilt	1	1	1	16	127	9.0	11.0	0.1968503937007874	0.14867528495809287	True
phosphorylation_y	prott5	rebuilt	1	1	2	20	240	10.0	17.0	0.14583333333333334	0.08162147057394178	False
phosphorylation_y	prott5	rebuilt	1	1	3	20	352	9.0	24.0	0.10511363636363637	-0.008222027462259274	False
phosphorylation_y	prott5	rebuilt	1	1	4	14	410	9.0	40.0	0.06829268292682927	-0.0388812633570278	False
phosphorylation_y	prott5	rebuilt	1	2	0	21	96	15.0	6.0	0.40625	0.14608847256645768	True
phosphorylation_y	prott5	rebuilt	1	2	1	30	244	17.0	12.0	0.26229508196721313	0.07744521377919164	False
phosphorylation_y	prott5	rebuilt	1	2	2	23	283	16.0	17.0	0.1696113074204947	0.06667724487750999	False
phosphorylation_y	prott5	rebuilt	1	2	3	20	309	17.0	23.0	0.16828478964401294	-0.0036068642951811096	False
phosphorylation_y	prott5	rebuilt	1	2	4	16	469	17.0	38.0	0.08742004264392324	-0.052506146500745594	False
phosphorylation_y	prott5	rebuilt	1	3	0	10	44	26.0	6.0	0.5681818181818182	0.08991504194886614	True
phosphorylation_y	prott5	rebuilt	1	3	1	16	118	28.0	12.0	0.288135593220339	0.040803744183690364	True
phosphorylation_y	prott5	rebuilt	1	3	2	26	334	28.0	17.0	0.2215568862275449	0.026685730449001396	False
phosphorylation_y	prott5	rebuilt	1	3	3	22	391	29.5	24.0	0.18925831202046037	-0.012091567485212737	False
phosphorylation_y	prott5	rebuilt	1	3	4	14	468	28.0	40.0	0.17094017094017094	0.006101534822922779	False
phosphorylation_y	prott5	rebuilt	1	4	0	7	30	49.0	6.0	0.6	0.08017689653496622	True
phosphorylation_y	prott5	rebuilt	1	4	1	9	80	54.5	12.0	0.2625	0.04308025951304855	True
phosphorylation_y	prott5	rebuilt	1	4	2	19	229	52.0	17.0	0.2314410480349345	-0.0005128250836722976	False
phosphorylation_y	prott5	rebuilt	1	4	3	17	319	53.0	25.0	0.2225705329153605	-0.005108269070543654	False
phosphorylation_y	prott5	rebuilt	1	4	4	38	1403	67.0	41.0	0.1496792587312901	-0.0787878057319324	False
phosphorylation_y	prott5	rebuilt	2	0	0	39	141	4.0	6.0	0.3262411347517731	0.20136046261726617	True
phosphorylation_y	prott5	rebuilt	2	0	1	33	259	4.0	12.0	0.18532818532818532	0.14010682382775405	False
phosphorylation_y	prott5	rebuilt	2	0	2	22	249	4.0	17.0	0.10843373493975904	0.04685464904013517	False
phosphorylation_y	prott5	rebuilt	2	0	3	10	157	4.0	24.0	0.09554140127388536	0.020829237419372214	True
phosphorylation_y	prott5	rebuilt	2	0	4	2	52	4.0	42.5	0.038461538461538464	0.07864693446088794	True
phosphorylation_y	prott5	rebuilt	2	1	0	36	157	9.0	6.0	0.31210191082802546	0.16930196648756862	True
phosphorylation_y	prott5	rebuilt	2	1	1	29	231	9.0	11.0	0.22077922077922077	0.12619032365332575	False
phosphorylation_y	prott5	rebuilt	2	1	2	21	255	10.0	17.0	0.1411764705882353	0.04310740786800979	False
phosphorylation_y	prott5	rebuilt	2	1	3	21	322	9.0	24.0	0.11490683229813664	0.0008622991433911572	False
phosphorylation_y	prott5	rebuilt	2	1	4	11	376	9.0	40.0	0.05319148936170213	-0.0743173946291215	False
phosphorylation_y	prott5	rebuilt	2	2	0	14	67	15.0	6.0	0.3880597014925373	0.0920366455250176	True
phosphorylation_y	prott5	rebuilt	2	2	1	30	267	17.0	12.0	0.2696629213483146	0.052171835945026425	False
phosphorylation_y	prott5	rebuilt	2	2	2	13	155	16.0	17.0	0.14838709677419354	0.04704903498601922	True
phosphorylation_y	prott5	rebuilt	2	2	3	11	196	17.0	23.0	0.1326530612244898	-0.0327602076771512	True
phosphorylation_y	prott5	rebuilt	2	2	4	21	633	17.0	38.0	0.07109004739336493	-0.06840642732850381	False
phosphorylation_y	prott5	rebuilt	2	3	0	10	51	26.0	6.0	0.5098039215686274	0.08389227431635093	True
phosphorylation_y	prott5	rebuilt	2	3	1	14	126	28.0	12.0	0.19047619047619047	0.055205991252502876	True
phosphorylation_y	prott5	rebuilt	2	3	2	24	288	28.0	17.0	0.2152777777777778	0.042356461905880514	False
phosphorylation_y	prott5	rebuilt	2	3	3	14	252	29.5	24.0	0.1746031746031746	-0.02108711701734958	False
phosphorylation_y	prott5	rebuilt	2	3	4	24	819	28.0	40.0	0.07081807081807082	-0.08347879510670207	False
phosphorylation_y	prott5	rebuilt	2	4	0	7	36	49.0	6.0	0.3888888888888889	0.051213687260198905	True
phosphorylation_y	prott5	rebuilt	2	4	1	11	95	54.5	12.0	0.2736842105263158	0.06289677682578539	True
phosphorylation_y	prott5	rebuilt	2	4	2	17	214	52.0	17.0	0.32710280373831774	0.02644023367779073	False
phosphorylation_y	prott5	rebuilt	2	4	3	22	408	53.0	25.0	0.20588235294117646	-0.010951512387900899	False
phosphorylation_y	prott5	rebuilt	2	4	4	37	1289	67.0	41.0	0.16602017067494182	-0.04591838240962315	False
acetylation_k	ppi	replica	0	0	0	106	767	1.0	11.0	0.18122555410691005	0.13825401423680272	False
acetylation_k	ppi	replica	0	0	1	68	964	1.0	22.0	0.08921161825726141	0.12411073335400162	False
acetylation_k	ppi	replica	0	0	2	65	1301	1.0	32.0	0.06379707916986933	0.1106254343038512	False
acetylation_k	ppi	replica	0	0	3	44	1324	1.0	49.0	0.04229607250755287	0.09388483176134313	False
acetylation_k	ppi	replica	0	0	4	48	3077	1.0	90.5	0.019824504387390314	0.04961663509191311	False
acetylation_k	ppi	replica	0	1	0	21	178	3.0	12.0	0.3539325842696629	-0.13761517186152164	True
acetylation_k	ppi	replica	0	1	1	23	331	3.0	21.0	0.2084592145015106	0.13113137154714563	False
acetylation_k	ppi	replica	0	1	2	14	297	3.0	31.0	0.1414141414141414	0.06016360793447233	False
acetylation_k	ppi	replica	0	1	3	17	538	3.0	52.0	0.09479553903345725	0.0659585111989636	False
acetylation_k	ppi	replica	0	1	4	7	340	3.0	87.0	0.061764705882352944	-0.08746638677067989	False
acetylation_k	ppi	replica	0	2	0	30	270	5.0	12.0	0.5555555555555556	-0.06462293527136433	False
acetylation_k	ppi	replica	0	2	1	23	341	5.0	22.0	0.33724340175953077	-0.010482208429648705	False
acetylation_k	ppi	replica	0	2	2	30	650	5.0	32.0	0.22615384615384615	0.012155009077927782	False
acetylation_k	ppi	replica	0	2	3	33	1061	5.0	50.0	0.16211121583411875	0.057137606952888255	False
acetylation_k	ppi	replica	0	2	4	28	2084	5.0	97.0	0.07149712092130518	0.03511549724153063	False
acetylation_k	ppi	replica	0	3	0	2	25	9.0	16.0	0.8	-0.009079035326785627	True
acetylation_k	ppi	replica	0	3	1	21	387	11.0	22.0	0.6666666666666666	-0.20264831638738773	False
acetylation_k	ppi	replica	0	3	2	20	524	12.0	35.0	0.4770992366412214	-0.23359501867867924	False
acetylation_k	ppi	replica	0	3	3	34	1197	12.0	51.0	0.3842940685045948	-0.1629317977070167	False
acetylation_k	ppi	replica	0	3	4	44	3791	16.0	111.0	0.20522289633342125	-0.109127579363112	False
acetylation_k	ppi	replica	1	0	0	93	658	1.0	11.0	0.18085106382978725	0.05494041341734837	False
acetylation_k	ppi	replica	1	0	1	63	860	1.0	22.0	0.09302325581395349	0.1369426091193212	False
acetylation_k	ppi	replica	1	0	2	51	1045	1.0	32.0	0.05645933014354067	0.13935696420407176	False
acetylation_k	ppi	replica	1	0	3	45	1433	1.0	49.0	0.044661549197487785	0.06032315152613001	False
acetylation_k	ppi	replica	1	0	4	54	3575	1.0	90.5	0.01986013986013986	0.11174698678939865	False
acetylation_k	ppi	replica	1	1	0	16	138	3.0	12.0	0.34782608695652173	-0.10316792932098079	True
acetylation_k	ppi	replica	1	1	1	19	261	3.0	21.0	0.21839080459770116	0.03572488581122485	False
acetylation_k	ppi	replica	1	1	2	9	200	3.0	31.0	0.135	-0.07136088400613183	False
acetylation_k	ppi	replica	1	1	3	15	522	3.0	52.0	0.08620689655172414	-0.031825336692920786	False
acetylation_k	ppi	replica	1	1	4	12	719	3.0	87.0	0.05006954102920723	0.19635085492469168	False
acetylation_k	ppi	replica	1	2	0	34	331	5.0	12.0	0.5166163141993958	-0.10585071484036698	False
acetylation_k	ppi	replica	1	2	1	24	352	5.0	22.0	0.3693181818181818	-0.050686637710781815	False
acetylation_k	ppi	replica	1	2	2	31	654	5.0	32.0	0.23700305810397554	0.038328575067311105	False
acetylation_k	ppi	replica	1	2	3	33	1067	5.0	50.0	0.14901593252108716	-0.024094292518769284	False
acetylation_k	ppi	replica	1	2	4	29	1928	5.0	97.0	0.0762448132780083	0.04368570266963787	False
acetylation_k	ppi	replica	1	3	0	1	15	9.0	16.0	0.6	-0.010918071878725948	True
acetylation_k	ppi	replica	1	3	1	18	313	11.0	22.0	0.6006389776357828	-0.231064614450298	False
acetylation_k	ppi	replica	1	3	2	33	811	12.0	35.0	0.4956843403205919	-0.17509692041027594	False
acetylation_k	ppi	replica	1	3	3	34	1236	12.0	51.0	0.3907766990291262	-0.15959153350432354	False
acetylation_k	ppi	replica	1	3	4	36	3452	16.0	111.0	0.24130938586326767	-0.1476902076569773	False
acetylation_k	ppi	replica	2	0	0	101	705	1.0	11.0	0.19432624113475178	0.09137056049718878	False
acetylation_k	ppi	replica	2	0	1	74	1024	1.0	22.0	0.0869140625	0.13258606775309384	False
acetylation_k	ppi	replica	2	0	2	69	1405	1.0	32.0	0.06690391459074733	0.12635811270983255	False
acetylation_k	ppi	replica	2	0	3	75	2371	1.0	49.0	0.04301982285955293	0.14814254971135138	False
acetylation_k	ppi	replica	2	0	4	45	2749	1.0	90.5	0.020734812659148782	0.05986600566041373	False
acetylation_k	ppi	replica	2	1	0	13	106	3.0	12.0	0.36792452830188677	0.030426300383881603	True
acetylation_k	ppi	replica	2	1	1	11	152	3.0	21.0	0.21710526315789475	0.010189565956830883	True
acetylation_k	ppi	replica	2	1	2	12	259	3.0	31.0	0.138996138996139	0.09054047417746282	False
acetylation_k	ppi	replica	2	1	3	15	500	3.0	52.0	0.09	0.12091793939989197	False
acetylation_k	ppi	replica	2	1	4	12	773	3.0	87.0	0.04657179818887452	0.12441956624395296	False
acetylation_k	ppi	replica	2	2	0	30	271	5.0	12.0	0.5608856088560885	-0.1377666025837688	False
acetylation_k	ppi	replica	2	2	1	31	470	5.0	22.0	0.35106382978723405	-0.053753209043101755	False
acetylation_k	ppi	replica	2	2	2	28	610	5.0	32.0	0.2360655737704918	0.010872902717319983	False
acetylation_k	ppi	replica	2	2	3	20	682	5.0	50.0	0.15835777126099707	0.03507457678328946	False
acetylation_k	ppi	replica	2	2	4	29	2012	5.0	97.0	0.07852882703777336	-0.014264899235925605	False
acetylation_k	ppi	replica	2	3	0	4	51	9.0	16.0	0.7058823529411765	-0.08951597139371391	True
acetylation_k	ppi	replica	2	3	1	18	307	11.0	22.0	0.5798045602605864	-0.1350578210687744	False
acetylation_k	ppi	replica	2	3	2	22	544	12.0	35.0	0.48161764705882354	-0.19077683067039125	False
acetylation_k	ppi	replica	2	3	3	31	1150	12.0	51.0	0.42434782608695654	-0.17526184533328779	False
acetylation_k	ppi	replica	2	3	4	49	4222	16.0	111.0	0.2754618664140218	-0.157812945163706	False
acetylation_k	ppi	rebuilt	0	0	0	106	767	1.0	11.0	0.18122555410691005	0.00622160361103146	False
acetylation_k	ppi	rebuilt	0	0	1	68	964	1.0	22.0	0.08921161825726141	0.014037168155943369	False
acetylation_k	ppi	rebuilt	0	0	2	65	1301	1.0	32.0	0.06379707916986933	-0.02100741142078865	False
acetylation_k	ppi	rebuilt	0	0	3	44	1324	1.0	49.0	0.04229607250755287	-0.016355243634531037	False
acetylation_k	ppi	rebuilt	0	0	4	48	3077	1.0	90.5	0.019824504387390314	-0.06461256103708221	False
acetylation_k	ppi	rebuilt	0	1	0	21	178	3.0	12.0	0.3539325842696629	0.014256842134455914	True
acetylation_k	ppi	rebuilt	0	1	1	23	331	3.0	21.0	0.2084592145015106	0.005161367397669428	False
acetylation_k	ppi	rebuilt	0	1	2	14	297	3.0	31.0	0.1414141414141414	0.006448503131796186	False
acetylation_k	ppi	rebuilt	0	1	3	17	538	3.0	52.0	0.09479553903345725	-0.07375154432703662	False
acetylation_k	ppi	rebuilt	0	1	4	7	340	3.0	87.0	0.061764705882352944	-0.02590388960644164	False
acetylation_k	ppi	rebuilt	0	2	0	30	270	5.0	12.0	0.5555555555555556	0.08522375154503502	False
acetylation_k	ppi	rebuilt	0	2	1	23	341	5.0	22.0	0.33724340175953077	0.08710628949093462	False
acetylation_k	ppi	rebuilt	0	2	2	30	650	5.0	32.0	0.22615384615384615	0.060130255408190315	False
acetylation_k	ppi	rebuilt	0	2	3	33	1061	5.0	50.0	0.16211121583411875	0.01465785810846145	False
acetylation_k	ppi	rebuilt	0	2	4	28	2084	5.0	97.0	0.07149712092130518	-0.029876431211678538	False
acetylation_k	ppi	rebuilt	0	3	0	2	25	9.0	16.0	0.8	0.07666066745513446	True
acetylation_k	ppi	rebuilt	0	3	1	21	387	11.0	22.0	0.6666666666666666	0.1562191361161968	False
acetylation_k	ppi	rebuilt	0	3	2	20	524	12.0	35.0	0.4770992366412214	0.1107747540094294	False
acetylation_k	ppi	rebuilt	0	3	3	34	1197	12.0	51.0	0.3842940685045948	0.06120869012317564	False
acetylation_k	ppi	rebuilt	0	3	4	44	3791	16.0	111.0	0.20522289633342125	0.008716546675427863	False
acetylation_k	ppi	rebuilt	1	0	0	93	658	1.0	11.0	0.18085106382978725	0.009896979590061711	False
acetylation_k	ppi	rebuilt	1	0	1	63	860	1.0	22.0	0.09302325581395349	-0.004998484866489997	False
acetylation_k	ppi	rebuilt	1	0	2	51	1045	1.0	32.0	0.05645933014354067	-0.06274626967846988	False
acetylation_k	ppi	rebuilt	1	0	3	45	1433	1.0	49.0	0.044661549197487785	-0.030284579734351356	False
acetylation_k	ppi	rebuilt	1	0	4	54	3575	1.0	90.5	0.01986013986013986	-0.051860139860139855	False
acetylation_k	ppi	rebuilt	1	1	0	16	138	3.0	12.0	0.34782608695652173	0.027344056638007007	True
acetylation_k	ppi	rebuilt	1	1	1	19	261	3.0	21.0	0.21839080459770116	-0.01726966954267714	False
acetylation_k	ppi	rebuilt	1	1	2	9	200	3.0	31.0	0.135	0.08303091466530405	False
acetylation_k	ppi	rebuilt	1	1	3	15	522	3.0	52.0	0.08620689655172414	-0.05835251978847913	False
acetylation_k	ppi	rebuilt	1	1	4	12	719	3.0	87.0	0.05006954102920723	-0.06236440920684849	False
acetylation_k	ppi	rebuilt	1	2	0	34	331	5.0	12.0	0.5166163141993958	0.11345244509213963	False
acetylation_k	ppi	rebuilt	1	2	1	24	352	5.0	22.0	0.3693181818181818	0.11426442665025317	False
acetylation_k	ppi	rebuilt	1	2	2	31	654	5.0	32.0	0.23700305810397554	-0.010436971336330494	False
acetylation_k	ppi	rebuilt	1	2	3	33	1067	5.0	50.0	0.14901593252108716	-0.013776298189902015	False
acetylation_k	ppi	rebuilt	1	2	4	29	1928	5.0	97.0	0.0762448132780083	-0.027885110794954593	False
acetylation_k	ppi	rebuilt	1	3	0	1	15	9.0	16.0	0.6	0.23224663600749448	True
acetylation_k	ppi	rebuilt	1	3	1	18	313	11.0	22.0	0.6006389776357828	0.143960730791898	False
acetylation_k	ppi	rebuilt	1	3	2	33	811	12.0	35.0	0.4956843403205919	0.13246728207635555	False
acetylation_k	ppi	rebuilt	1	3	3	34	1236	12.0	51.0	0.3907766990291262	0.09008275413295232	False
acetylation_k	ppi	rebuilt	1	3	4	36	3452	16.0	111.0	0.24130938586326767	0.02369031660420951	False
acetylation_k	ppi	rebuilt	2	0	0	101	705	1.0	11.0	0.19432624113475178	0.029167907444422738	False
acetylation_k	ppi	rebuilt	2	0	1	74	1024	1.0	22.0	0.0869140625	0.01828753917184354	False
acetylation_k	ppi	rebuilt	2	0	2	69	1405	1.0	32.0	0.06690391459074733	-0.03433025113758242	False
acetylation_k	ppi	rebuilt	2	0	3	75	2371	1.0	49.0	0.04301982285955293	-0.04336045605660882	False
acetylation_k	ppi	rebuilt	2	0	4	45	2749	1.0	90.5	0.020734812659148782	-0.07406304921798852	False
acetylation_k	ppi	rebuilt	2	1	0	13	106	3.0	12.0	0.36792452830188677	0.02742210020208684	True
acetylation_k	ppi	rebuilt	2	1	1	11	152	3.0	21.0	0.21710526315789475	0.024738819375699477	True
acetylation_k	ppi	rebuilt	2	1	2	12	259	3.0	31.0	0.138996138996139	-0.0009973422535422274	False
acetylation_k	ppi	rebuilt	2	1	3	15	500	3.0	52.0	0.09	-0.055333398811570005	False
acetylation_k	ppi	rebuilt	2	1	4	12	773	3.0	87.0	0.04657179818887452	-0.1320952588907195	False
acetylation_k	ppi	rebuilt	2	2	0	30	271	5.0	12.0	0.5608856088560885	0.06393107171262255	False
acetylation_k	ppi	rebuilt	2	2	1	31	470	5.0	22.0	0.35106382978723405	0.09370996206093447	False
acetylation_k	ppi	rebuilt	2	2	2	28	610	5.0	32.0	0.2360655737704918	0.03048058878889145	False
acetylation_k	ppi	rebuilt	2	2	3	20	682	5.0	50.0	0.15835777126099707	0.03015920860430114	False
acetylation_k	ppi	rebuilt	2	2	4	29	2012	5.0	97.0	0.07852882703777336	-0.017446504492174778	False
acetylation_k	ppi	rebuilt	2	3	0	4	51	9.0	16.0	0.7058823529411765	0.13721205223237454	True
acetylation_k	ppi	rebuilt	2	3	1	18	307	11.0	22.0	0.5798045602605864	0.11068152126845633	False
acetylation_k	ppi	rebuilt	2	3	2	22	544	12.0	35.0	0.48161764705882354	0.12842041036077548	False
acetylation_k	ppi	rebuilt	2	3	3	31	1150	12.0	51.0	0.42434782608695654	0.08810871807135277	False
acetylation_k	ppi	rebuilt	2	3	4	49	4222	16.0	111.0	0.2754618664140218	0.03816381072915499	False
acetylation_k	esm	replica	0	0	0	106	767	1.0	11.0	0.18122555410691005	0.34959220222730875	False
acetylation_k	esm	replica	0	0	1	68	964	1.0	22.0	0.08921161825726141	0.2900820231261603	False
acetylation_k	esm	replica	0	0	2	65	1301	1.0	32.0	0.06379707916986933	0.22082767617632926	False
acetylation_k	esm	replica	0	0	3	44	1324	1.0	49.0	0.04229607250755287	0.12603975760596195	False
acetylation_k	esm	replica	0	0	4	48	3077	1.0	90.5	0.019824504387390314	-0.021355460611350716	False
acetylation_k	esm	replica	0	1	0	21	178	3.0	12.0	0.3539325842696629	0.20778890247939805	True
acetylation_k	esm	replica	0	1	1	23	331	3.0	21.0	0.2084592145015106	0.1552599310512716	False
acetylation_k	esm	replica	0	1	2	14	297	3.0	31.0	0.1414141414141414	0.19331242872148927	False
acetylation_k	esm	replica	0	1	3	17	538	3.0	52.0	0.09479553903345725	0.04266428648028775	False
acetylation_k	esm	replica	0	1	4	7	340	3.0	87.0	0.061764705882352944	-0.16429677645727908	False
acetylation_k	esm	replica	0	2	0	30	270	5.0	12.0	0.5555555555555556	0.18260999982859397	False
acetylation_k	esm	replica	0	2	1	23	341	5.0	22.0	0.33724340175953077	0.13501234349710856	False
acetylation_k	esm	replica	0	2	2	30	650	5.0	32.0	0.22615384615384615	0.07164007895226077	False
acetylation_k	esm	replica	0	2	3	33	1061	5.0	50.0	0.16211121583411875	-0.015270800305157687	False
acetylation_k	esm	replica	0	2	4	28	2084	5.0	97.0	0.07149712092130518	-0.11154327668676131	False
acetylation_k	esm	replica	0	3	0	2	25	9.0	16.0	0.8	0.02339178279426131	True
acetylation_k	esm	replica	0	3	1	21	387	11.0	22.0	0.6666666666666666	0.01724929441167135	False
acetylation_k	esm	replica	0	3	2	20	524	12.0	35.0	0.4770992366412214	-0.08099597967778542	False
acetylation_k	esm	replica	0	3	3	34	1197	12.0	51.0	0.3842940685045948	-0.060730879666556395	False
acetylation_k	esm	replica	0	3	4	44	3791	16.0	111.0	0.20522289633342125	-0.22012600528050885	False
acetylation_k	esm	replica	1	0	0	93	658	1.0	11.0	0.18085106382978725	0.35423062407102246	False
acetylation_k	esm	replica	1	0	1	63	860	1.0	22.0	0.09302325581395349	0.3226773300376704	False
acetylation_k	esm	replica	1	0	2	51	1045	1.0	32.0	0.05645933014354067	0.2523072371782804	False
acetylation_k	esm	replica	1	0	3	45	1433	1.0	49.0	0.044661549197487785	0.07953375450767923	False
acetylation_k	esm	replica	1	0	4	54	3575	1.0	90.5	0.01986013986013986	0.0068298058609760175	False
acetylation_k	esm	replica	1	1	0	16	138	3.0	12.0	0.34782608695652173	0.21829867513866982	True
acetylation_k	esm	replica	1	1	1	19	261	3.0	21.0	0.21839080459770116	0.28683760231960326	False
acetylation_k	esm	replica	1	1	2	9	200	3.0	31.0	0.135	0.12132933060807359	False
acetylation_k	esm	replica	1	1	3	15	522	3.0	52.0	0.08620689655172414	-0.008921995313023097	False
acetylation_k	esm	replica	1	1	4	12	719	3.0	87.0	0.05006954102920723	-0.10720408817390303	False
acetylation_k	esm	replica	1	2	0	34	331	5.0	12.0	0.5166163141993958	0.19322071053326273	False
acetylation_k	esm	replica	1	2	1	24	352	5.0	22.0	0.3693181818181818	0.1254011677196079	False
acetylation_k	esm	replica	1	2	2	31	654	5.0	32.0	0.23700305810397554	0.1396862825988102	False
acetylation_k	esm	replica	1	2	3	33	1067	5.0	50.0	0.14901593252108716	0.02149068132611216	False
acetylation_k	esm	replica	1	2	4	29	1928	5.0	97.0	0.0762448132780083	-0.13248748507856678	False
acetylation_k	esm	replica	1	3	0	1	15	9.0	16.0	0.6	0.13719298245614034	True
acetylation_k	esm	replica	1	3	1	18	313	11.0	22.0	0.6006389776357828	0.0377702064025102	False
acetylation_k	esm	replica	1	3	2	33	811	12.0	35.0	0.4956843403205919	-0.02966542690030477	False
acetylation_k	esm	replica	1	3	3	34	1236	12.0	51.0	0.3907766990291262	-0.15270037191196484	False
acetylation_k	esm	replica	1	3	4	36	3452	16.0	111.0	0.24130938586326767	-0.21094578483750576	False
acetylation_k	esm	replica	2	0	0	101	705	1.0	11.0	0.19432624113475178	0.32009945029627157	False
acetylation_k	esm	replica	2	0	1	74	1024	1.0	22.0	0.0869140625	0.2707217757467588	False
acetylation_k	esm	replica	2	0	2	69	1405	1.0	32.0	0.06690391459074733	0.21497811168571565	False
acetylation_k	esm	replica	2	0	3	75	2371	1.0	49.0	0.04301982285955293	0.15412037649102364	False
acetylation_k	esm	replica	2	0	4	45	2749	1.0	90.5	0.020734812659148782	0.04701041145050724	False
acetylation_k	esm	replica	2	1	0	13	106	3.0	12.0	0.36792452830188677	0.2544786187304202	True
acetylation_k	esm	replica	2	1	1	11	152	3.0	21.0	0.21710526315789475	0.20508510663044688	True
acetylation_k	esm	replica	2	1	2	12	259	3.0	31.0	0.138996138996139	0.07790655585675965	False
acetylation_k	esm	replica	2	1	3	15	500	3.0	52.0	0.09	0.08541757108481068	False
acetylation_k	esm	replica	2	1	4	12	773	3.0	87.0	0.04657179818887452	-0.05675378046286549	False
acetylation_k	esm	replica	2	2	0	30	271	5.0	12.0	0.5608856088560885	0.17084310901057248	False
acetylation_k	esm	replica	2	2	1	31	470	5.0	22.0	0.35106382978723405	0.14239249117872319	False
acetylation_k	esm	replica	2	2	2	28	610	5.0	32.0	0.2360655737704918	0.134216632062492	False
acetylation_k	esm	replica	2	2	3	20	682	5.0	50.0	0.15835777126099707	0.038548511668639415	False
acetylation_k	esm	replica	2	2	4	29	2012	5.0	97.0	0.07852882703777336	-0.16759988612254187	False
acetylation_k	esm	replica	2	3	0	4	51	9.0	16.0	0.7058823529411765	0.023727676013684945	True
acetylation_k	esm	replica	2	3	1	18	307	11.0	22.0	0.5798045602605864	-0.01368164555979973	False
acetylation_k	esm	replica	2	3	2	22	544	12.0	35.0	0.48161764705882354	-0.06264579138633797	False
acetylation_k	esm	replica	2	3	3	31	1150	12.0	51.0	0.42434782608695654	-0.17038996560257413	False
acetylation_k	esm	replica	2	3	4	49	4222	16.0	111.0	0.2754618664140218	-0.24346384671969734	False
acetylation_k	esm	rebuilt	0	0	0	106	767	1.0	11.0	0.18122555410691005	0.09542748790229776	False
acetylation_k	esm	rebuilt	0	0	1	68	964	1.0	22.0	0.08921161825726141	0.06395588008433177	False
acetylation_k	esm	rebuilt	0	0	2	65	1301	1.0	32.0	0.06379707916986933	0.01654468182051558	False
acetylation_k	esm	rebuilt	0	0	3	44	1324	1.0	49.0	0.04229607250755287	-0.042428957502745474	False
acetylation_k	esm	rebuilt	0	0	4	48	3077	1.0	90.5	0.019824504387390314	-0.11763360592799085	False
acetylation_k	esm	rebuilt	0	1	0	21	178	3.0	12.0	0.3539325842696629	0.1500410507845293	True
acetylation_k	esm	rebuilt	0	1	1	23	331	3.0	21.0	0.2084592145015106	0.0778828412245103	False
acetylation_k	esm	rebuilt	0	1	2	14	297	3.0	31.0	0.1414141414141414	0.013227352457053696	False
acetylation_k	esm	rebuilt	0	1	3	17	538	3.0	52.0	0.09479553903345725	-0.03182427197513096	False
acetylation_k	esm	rebuilt	0	1	4	7	340	3.0	87.0	0.061764705882352944	-0.01159289653023754	False
acetylation_k	esm	rebuilt	0	2	0	30	270	5.0	12.0	0.5555555555555556	0.2098433729662197	False
acetylation_k	esm	rebuilt	0	2	1	23	341	5.0	22.0	0.33724340175953077	0.10746359720162796	False
acetylation_k	esm	rebuilt	0	2	2	30	650	5.0	32.0	0.22615384615384615	0.0801158968557539	False
acetylation_k	esm	rebuilt	0	2	3	33	1061	5.0	50.0	0.16211121583411875	0.008822233531897785	False
acetylation_k	esm	rebuilt	0	2	4	28	2084	5.0	97.0	0.07149712092130518	-0.08696624083944086	False
acetylation_k	esm	rebuilt	0	3	0	2	25	9.0	16.0	0.8	0.23753072453334706	True
acetylation_k	esm	rebuilt	0	3	1	21	387	11.0	22.0	0.6666666666666666	0.19796355003973562	False
acetylation_k	esm	rebuilt	0	3	2	20	524	12.0	35.0	0.4770992366412214	0.13527018237472213	False
acetylation_k	esm	rebuilt	0	3	3	34	1197	12.0	51.0	0.3842940685045948	0.06882607781000985	False
acetylation_k	esm	rebuilt	0	3	4	44	3791	16.0	111.0	0.20522289633342125	0.004509134167486204	False
acetylation_k	esm	rebuilt	1	0	0	93	658	1.0	11.0	0.18085106382978725	0.10922213610870805	False
acetylation_k	esm	rebuilt	1	0	1	63	860	1.0	22.0	0.09302325581395349	0.0549189849199653	False
acetylation_k	esm	rebuilt	1	0	2	51	1045	1.0	32.0	0.05645933014354067	-0.016631451812045093	False
acetylation_k	esm	rebuilt	1	0	3	45	1433	1.0	49.0	0.044661549197487785	-0.03445976135197037	False
acetylation_k	esm	rebuilt	1	0	4	54	3575	1.0	90.5	0.01986013986013986	-0.1015283490142969	False
acetylation_k	esm	rebuilt	1	1	0	16	138	3.0	12.0	0.34782608695652173	0.1491850140336066	True
acetylation_k	esm	rebuilt	1	1	1	19	261	3.0	21.0	0.21839080459770116	0.06597585639134103	False
acetylation_k	esm	rebuilt	1	1	2	9	200	3.0	31.0	0.135	0.06895171180378129	False
acetylation_k	esm	rebuilt	1	1	3	15	522	3.0	52.0	0.08620689655172414	-0.05763704121368033	False
acetylation_k	esm	rebuilt	1	1	4	12	719	3.0	87.0	0.05006954102920723	-0.04525731602186936	False
acetylation_k	esm	rebuilt	1	2	0	34	331	5.0	12.0	0.5166163141993958	0.15933615018980593	False
acetylation_k	esm	rebuilt	1	2	1	24	352	5.0	22.0	0.3693181818181818	0.0911528255214382	False
acetylation_k	esm	rebuilt	1	2	2	31	654	5.0	32.0	0.23700305810397554	0.03636350495906641	False
acetylation_k	esm	rebuilt	1	2	3	33	1067	5.0	50.0	0.14901593252108716	0.000460989052826971	False
acetylation_k	esm	rebuilt	1	2	4	29	1928	5.0	97.0	0.0762448132780083	-0.04131620292725126	False
acetylation_k	esm	rebuilt	1	3	0	1	15	9.0	16.0	0.6	0.17657979901209334	True
acetylation_k	esm	rebuilt	1	3	1	18	313	11.0	22.0	0.6006389776357828	0.15117837010094018	False
acetylation_k	esm	rebuilt	1	3	2	33	811	12.0	35.0	0.4956843403205919	0.15145114411134078	False
acetylation_k	esm	rebuilt	1	3	3	34	1236	12.0	51.0	0.3907766990291262	0.1081816291364664	False
acetylation_k	esm	rebuilt	1	3	4	36	3452	16.0	111.0	0.24130938586326767	-0.004140757159579868	False
acetylation_k	esm	rebuilt	2	0	0	101	705	1.0	11.0	0.19432624113475178	0.12936179964843758	False
acetylation_k	esm	rebuilt	2	0	1	74	1024	1.0	22.0	0.0869140625	0.05509538017789619	False
acetylation_k	esm	rebuilt	2	0	2	69	1405	1.0	32.0	0.06690391459074733	-0.01088772585404097	False
acetylation_k	esm	rebuilt	2	0	3	75	2371	1.0	49.0	0.04301982285955293	-0.03941302765187221	False
acetylation_k	esm	rebuilt	2	0	4	45	2749	1.0	90.5	0.020734812659148782	-0.138940971458962	False
acetylation_k	esm	rebuilt	2	1	0	13	106	3.0	12.0	0.36792452830188677	0.14389630100468945	True
acetylation_k	esm	rebuilt	2	1	1	11	152	3.0	21.0	0.21710526315789475	0.08188322731889883	True
acetylation_k	esm	rebuilt	2	1	2	12	259	3.0	31.0	0.138996138996139	0.03278165390820696	False
acetylation_k	esm	rebuilt	2	1	3	15	500	3.0	52.0	0.09	-0.056705298826302604	False
acetylation_k	esm	rebuilt	2	1	4	12	773	3.0	87.0	0.04657179818887452	-0.07318187192240905	False
acetylation_k	esm	rebuilt	2	2	0	30	271	5.0	12.0	0.5608856088560885	0.1996280425407996	False
acetylation_k	esm	rebuilt	2	2	1	31	470	5.0	22.0	0.35106382978723405	0.12716258420309678	False
acetylation_k	esm	rebuilt	2	2	2	28	610	5.0	32.0	0.2360655737704918	0.03522372222843908	False
acetylation_k	esm	rebuilt	2	2	3	20	682	5.0	50.0	0.15835777126099707	-0.024718370375341515	False
acetylation_k	esm	rebuilt	2	2	4	29	2012	5.0	97.0	0.07852882703777336	-0.051463660701410556	False
acetylation_k	esm	rebuilt	2	3	0	4	51	9.0	16.0	0.7058823529411765	0.17252408010299344	True
acetylation_k	esm	rebuilt	2	3	1	18	307	11.0	22.0	0.5798045602605864	0.22323493095431915	False
acetylation_k	esm	rebuilt	2	3	2	22	544	12.0	35.0	0.48161764705882354	0.15758730872892301	False
acetylation_k	esm	rebuilt	2	3	3	31	1150	12.0	51.0	0.42434782608695654	0.12801656457043786	False
acetylation_k	esm	rebuilt	2	3	4	49	4222	16.0	111.0	0.2754618664140218	0.015770108392458963	False
acetylation_k	prott5	replica	0	0	0	106	767	1.0	11.0	0.18122555410691005	0.32224028950681927	False
acetylation_k	prott5	replica	0	0	1	68	964	1.0	22.0	0.08921161825726141	0.30736233943218794	False
acetylation_k	prott5	replica	0	0	2	65	1301	1.0	32.0	0.06379707916986933	0.21122889161250152	False
acetylation_k	prott5	replica	0	0	3	44	1324	1.0	49.0	0.04229607250755287	0.1828869798260265	False
acetylation_k	prott5	replica	0	0	4	48	3077	1.0	90.5	0.019824504387390314	0.03868599870594844	False
acetylation_k	prott5	replica	0	1	0	21	178	3.0	12.0	0.3539325842696629	0.19965313387062386	True
acetylation_k	prott5	replica	0	1	1	23	331	3.0	21.0	0.2084592145015106	0.1702113281166862	False
acetylation_k	prott5	replica	0	1	2	14	297	3.0	31.0	0.1414141414141414	0.16583378911758612	False
acetylation_k	prott5	replica	0	1	3	17	538	3.0	52.0	0.09479553903345725	0.08796967565834735	False
acetylation_k	prott5	replica	0	1	4	7	340	3.0	87.0	0.061764705882352944	-0.12071678982695049	False
acetylation_k	prott5	replica	0	2	0	30	270	5.0	12.0	0.5555555555555556	0.12660507476160276	False
acetylation_k	prott5	replica	0	2	1	23	341	5.0	22.0	0.33724340175953077	0.05340328710547517	False
acetylation_k	prott5	replica	0	2	2	30	650	5.0	32.0	0.22615384615384615	0.037607778142564996	False
acetylation_k	prott5	replica	0	2	3	33	1061	5.0	50.0	0.16211121583411875	-0.016028145227801292	False
acetylation_k	prott5	replica	0	2	4	28	2084	5.0	97.0	0.07149712092130518	-0.1239733649812715	False
acetylation_k	prott5	replica	0	3	0	2	25	9.0	16.0	0.8	-0.17021957114207847	True
acetylation_k	prott5	replica	0	3	1	21	387	11.0	22.0	0.6666666666666666	-0.10897039578452744	False
acetylation_k	prott5	replica	0	3	2	20	524	12.0	35.0	0.4770992366412214	-0.1159581022132184	False
acetylation_k	prott5	replica	0	3	3	34	1197	12.0	51.0	0.3842940685045948	-0.15298476990714732	False
acetylation_k	prott5	replica	0	3	4	44	3791	16.0	111.0	0.20522289633342125	-0.22105490079516898	False
acetylation_k	prott5	replica	1	0	0	93	658	1.0	11.0	0.18085106382978725	0.35111252102576207	False
acetylation_k	prott5	replica	1	0	1	63	860	1.0	22.0	0.09302325581395349	0.30097628073344346	False
acetylation_k	prott5	replica	1	0	2	51	1045	1.0	32.0	0.05645933014354067	0.2719973937258718	False
acetylation_k	prott5	replica	1	0	3	45	1433	1.0	49.0	0.044661549197487785	0.0920086999590997	False
acetylation_k	prott5	replica	1	0	4	54	3575	1.0	90.5	0.01986013986013986	0.0017258755552061649	False
acetylation_k	prott5	replica	1	1	0	16	138	3.0	12.0	0.34782608695652173	0.1710206023712722	True
acetylation_k	prott5	replica	1	1	1	19	261	3.0	21.0	0.21839080459770116	0.26368933996636496	False
acetylation_k	prott5	replica	1	1	2	9	200	3.0	31.0	0.135	0.04145797138477261	False
acetylation_k	prott5	replica	1	1	3	15	522	3.0	52.0	0.08620689655172414	0.045357122579912555	False
acetylation_k	prott5	replica	1	1	4	12	719	3.0	87.0	0.05006954102920723	-0.031216033453605796	False
acetylation_k	prott5	replica	1	2	0	34	331	5.0	12.0	0.5166163141993958	0.2179343035381549	False
acetylation_k	prott5	replica	1	2	1	24	352	5.0	22.0	0.3693181818181818	0.12453038625911646	False
acetylation_k	prott5	replica	1	2	2	31	654	5.0	32.0	0.23700305810397554	0.1371675269049081	False
acetylation_k	prott5	replica	1	2	3	33	1067	5.0	50.0	0.14901593252108716	0.03884151238507001	False
acetylation_k	prott5	replica	1	2	4	29	1928	5.0	97.0	0.0762448132780083	-0.08993412836567105	False
acetylation_k	prott5	replica	1	3	0	1	15	9.0	16.0	0.6	0.1794822006472492	True
acetylation_k	prott5	replica	1	3	1	18	313	11.0	22.0	0.6006389776357828	-0.0185679815718458	False
acetylation_k	prott5	replica	1	3	2	33	811	12.0	35.0	0.4956843403205919	-0.10185230923549281	False
acetylation_k	prott5	replica	1	3	3	34	1236	12.0	51.0	0.3907766990291262	-0.1820634127263677	False
acetylation_k	prott5	replica	1	3	4	36	3452	16.0	111.0	0.24130938586326767	-0.225101997405398	False
acetylation_k	prott5	replica	2	0	0	101	705	1.0	11.0	0.19432624113475178	0.2973837961564971	False
acetylation_k	prott5	replica	2	0	1	74	1024	1.0	22.0	0.0869140625	0.2753088571336493	False
acetylation_k	prott5	replica	2	0	2	69	1405	1.0	32.0	0.06690391459074733	0.16998000525340515	False
acetylation_k	prott5	replica	2	0	3	75	2371	1.0	49.0	0.04301982285955293	0.16674356424153408	False
acetylation_k	prott5	replica	2	0	4	45	2749	1.0	90.5	0.020734812659148782	0.06207461885797868	False
acetylation_k	prott5	replica	2	1	0	13	106	3.0	12.0	0.36792452830188677	0.28866567090329387	True
acetylation_k	prott5	replica	2	1	1	11	152	3.0	21.0	0.21710526315789475	0.1759689917471575	True
acetylation_k	prott5	replica	2	1	2	12	259	3.0	31.0	0.138996138996139	0.20982203887473247	False
acetylation_k	prott5	replica	2	1	3	15	500	3.0	52.0	0.09	0.1726533418455041	False
acetylation_k	prott5	replica	2	1	4	12	773	3.0	87.0	0.04657179818887452	0.05751795087340704	False
acetylation_k	prott5	replica	2	2	0	30	271	5.0	12.0	0.5608856088560885	0.1455245051394677	False
acetylation_k	prott5	replica	2	2	1	31	470	5.0	22.0	0.35106382978723405	0.09670982309382578	False
acetylation_k	prott5	replica	2	2	2	28	610	5.0	32.0	0.2360655737704918	0.050131063814713765	False
acetylation_k	prott5	replica	2	2	3	20	682	5.0	50.0	0.15835777126099707	0.00490057076956466	False
acetylation_k	prott5	replica	2	2	4	29	2012	5.0	97.0	0.07852882703777336	-0.16896713077133135	False
acetylation_k	prott5	replica	2	3	0	4	51	9.0	16.0	0.7058823529411765	-0.04786507246418678	True
acetylation_k	prott5	replica	2	3	1	18	307	11.0	22.0	0.5798045602605864	-0.11547177682713473	False
acetylation_k	prott5	replica	2	3	2	22	544	12.0	35.0	0.48161764705882354	-0.12260333404589063	False
acetylation_k	prott5	replica	2	3	3	31	1150	12.0	51.0	0.42434782608695654	-0.1574420357468469	False
acetylation_k	prott5	replica	2	3	4	49	4222	16.0	111.0	0.2754618664140218	-0.24445030651980157	False
acetylation_k	prott5	rebuilt	0	0	0	106	767	1.0	11.0	0.18122555410691005	0.09067891475704802	False
acetylation_k	prott5	rebuilt	0	0	1	68	964	1.0	22.0	0.08921161825726141	0.047516022375529876	False
acetylation_k	prott5	rebuilt	0	0	2	65	1301	1.0	32.0	0.06379707916986933	-0.0017331048218048421	False
acetylation_k	prott5	rebuilt	0	0	3	44	1324	1.0	49.0	0.04229607250755287	-0.04547030141726906	False
acetylation_k	prott5	rebuilt	0	0	4	48	3077	1.0	90.5	0.019824504387390314	-0.11091254767275853	False
acetylation_k	prott5	rebuilt	0	1	0	21	178	3.0	12.0	0.3539325842696629	0.1533124025368865	True
acetylation_k	prott5	rebuilt	0	1	1	23	331	3.0	21.0	0.2084592145015106	0.06458432144256983	False
acetylation_k	prott5	rebuilt	0	1	2	14	297	3.0	31.0	0.1414141414141414	0.014510127586694668	False
acetylation_k	prott5	rebuilt	0	1	3	17	538	3.0	52.0	0.09479553903345725	-0.024150426581215974	False
acetylation_k	prott5	rebuilt	0	1	4	7	340	3.0	87.0	0.061764705882352944	-0.00804857243972305	False
acetylation_k	prott5	rebuilt	0	2	0	30	270	5.0	12.0	0.5555555555555556	0.1914261744646894	False
acetylation_k	prott5	rebuilt	0	2	1	23	341	5.0	22.0	0.33724340175953077	0.10182363464153342	False
acetylation_k	prott5	rebuilt	0	2	2	30	650	5.0	32.0	0.22615384615384615	0.07089224756834157	False
acetylation_k	prott5	rebuilt	0	2	3	33	1061	5.0	50.0	0.16211121583411875	-0.012286929646187392	False
acetylation_k	prott5	rebuilt	0	2	4	28	2084	5.0	97.0	0.07149712092130518	-0.0622687807315656	False
acetylation_k	prott5	rebuilt	0	3	0	2	25	9.0	16.0	0.8	0.2382053787216537	True
acetylation_k	prott5	rebuilt	0	3	1	21	387	11.0	22.0	0.6666666666666666	0.20925369409920744	False
acetylation_k	prott5	rebuilt	0	3	2	20	524	12.0	35.0	0.4770992366412214	0.1364657395300674	False
acetylation_k	prott5	rebuilt	0	3	3	34	1197	12.0	51.0	0.3842940685045948	0.08078411950068516	False
acetylation_k	prott5	rebuilt	0	3	4	44	3791	16.0	111.0	0.20522289633342125	0.0016636333313018712	False
acetylation_k	prott5	rebuilt	1	0	0	93	658	1.0	11.0	0.18085106382978725	0.1406626590231	False
acetylation_k	prott5	rebuilt	1	0	1	63	860	1.0	22.0	0.09302325581395349	0.0818102280424475	False
acetylation_k	prott5	rebuilt	1	0	2	51	1045	1.0	32.0	0.05645933014354067	-0.0050657069579695515	False
acetylation_k	prott5	rebuilt	1	0	3	45	1433	1.0	49.0	0.044661549197487785	-0.05911154725409993	False
acetylation_k	prott5	rebuilt	1	0	4	54	3575	1.0	90.5	0.01986013986013986	-0.11559387674155175	False
acetylation_k	prott5	rebuilt	1	1	0	16	138	3.0	12.0	0.34782608695652173	0.19343567868595085	True
acetylation_k	prott5	rebuilt	1	1	1	19	261	3.0	21.0	0.21839080459770116	0.0804066158029825	False
acetylation_k	prott5	rebuilt	1	1	2	9	200	3.0	31.0	0.135	0.07229432805314256	False
acetylation_k	prott5	rebuilt	1	1	3	15	522	3.0	52.0	0.08620689655172414	-0.06275767115590561	False
acetylation_k	prott5	rebuilt	1	1	4	12	719	3.0	87.0	0.05006954102920723	-0.06792996575184264	False
acetylation_k	prott5	rebuilt	1	2	0	34	331	5.0	12.0	0.5166163141993958	0.2201032161255513	False
acetylation_k	prott5	rebuilt	1	2	1	24	352	5.0	22.0	0.3693181818181818	0.13115048834022391	False
acetylation_k	prott5	rebuilt	1	2	2	31	654	5.0	32.0	0.23700305810397554	0.07213230479780104	False
acetylation_k	prott5	rebuilt	1	2	3	33	1067	5.0	50.0	0.14901593252108716	0.028852306789028784	False
acetylation_k	prott5	rebuilt	1	2	4	29	1928	5.0	97.0	0.0762448132780083	-0.036839587436948325	False
acetylation_k	prott5	rebuilt	1	3	0	1	15	9.0	16.0	0.6	0.14920115823539432	True
acetylation_k	prott5	rebuilt	1	3	1	18	313	11.0	22.0	0.6006389776357828	0.18425680893197352	False
acetylation_k	prott5	rebuilt	1	3	2	33	811	12.0	35.0	0.4956843403205919	0.18528681069630845	False
acetylation_k	prott5	rebuilt	1	3	3	34	1236	12.0	51.0	0.3907766990291262	0.12809715104520658	False
acetylation_k	prott5	rebuilt	1	3	4	36	3452	16.0	111.0	0.24130938586326767	-0.03900944465924681	False
acetylation_k	prott5	rebuilt	2	0	0	101	705	1.0	11.0	0.19432624113475178	0.13216649722431484	False
acetylation_k	prott5	rebuilt	2	0	1	74	1024	1.0	22.0	0.0869140625	0.052871006466998965	False
acetylation_k	prott5	rebuilt	2	0	2	69	1405	1.0	32.0	0.06690391459074733	-0.0006330650298505624	False
acetylation_k	prott5	rebuilt	2	0	3	75	2371	1.0	49.0	0.04301982285955293	-0.054986391759700624	False
acetylation_k	prott5	rebuilt	2	0	4	45	2749	1.0	90.5	0.020734812659148782	-0.12964987406545017	False
acetylation_k	prott5	rebuilt	2	1	0	13	106	3.0	12.0	0.36792452830188677	0.1315649267678429	True
acetylation_k	prott5	rebuilt	2	1	1	11	152	3.0	21.0	0.21710526315789475	0.07564674835938245	True
acetylation_k	prott5	rebuilt	2	1	2	12	259	3.0	31.0	0.138996138996139	0.03108863699150003	False
acetylation_k	prott5	rebuilt	2	1	3	15	500	3.0	52.0	0.09	-0.07909212787899622	False
acetylation_k	prott5	rebuilt	2	1	4	12	773	3.0	87.0	0.04657179818887452	-0.09635840414967688	False
acetylation_k	prott5	rebuilt	2	2	0	30	271	5.0	12.0	0.5608856088560885	0.20325655768466536	False
acetylation_k	prott5	rebuilt	2	2	1	31	470	5.0	22.0	0.35106382978723405	0.1276715381778173	False
acetylation_k	prott5	rebuilt	2	2	2	28	610	5.0	32.0	0.2360655737704918	0.05660938394371663	False
acetylation_k	prott5	rebuilt	2	2	3	20	682	5.0	50.0	0.15835777126099707	0.006346036447279531	False
acetylation_k	prott5	rebuilt	2	2	4	29	2012	5.0	97.0	0.07852882703777336	-0.04736591744528654	False
acetylation_k	prott5	rebuilt	2	3	0	4	51	9.0	16.0	0.7058823529411765	0.17148316872297215	True
acetylation_k	prott5	rebuilt	2	3	1	18	307	11.0	22.0	0.5798045602605864	0.23646388088762255	False
acetylation_k	prott5	rebuilt	2	3	2	22	544	12.0	35.0	0.48161764705882354	0.17008600879334204	False
acetylation_k	prott5	rebuilt	2	3	3	31	1150	12.0	51.0	0.42434782608695654	0.1088503658596474	False
acetylation_k	prott5	rebuilt	2	3	4	49	4222	16.0	111.0	0.2754618664140218	0.014968015502057832	False
methylation_k	ppi	replica	0	0	0	108	553	1.0	27.0	0.2549728752260398	0.05702720257522178	False
methylation_k	ppi	replica	0	0	1	92	800	1.0	50.5	0.15875	0.03699303185437999	False
methylation_k	ppi	replica	0	0	2	95	1068	1.0	74.0	0.12265917602996254	0.047015094767903776	False
methylation_k	ppi	replica	0	0	3	66	1171	1.0	110.0	0.07685738684884715	0.057580465058685894	False
methylation_k	ppi	replica	0	0	4	57	1883	1.0	179.0	0.043016463090812536	0.06703991881681975	False
methylation_k	ppi	replica	0	1	0	12	85	3.0	32.0	0.4235294117647059	0.03578750768070184	True
methylation_k	ppi	replica	0	1	1	13	130	3.0	50.0	0.3	0.003214078299402557	True
methylation_k	ppi	replica	0	1	2	16	222	3.0	72.0	0.21621621621621623	-0.032718337325845843	False
methylation_k	ppi	replica	0	1	3	17	311	3.0	107.0	0.1639871382636656	-0.0904579856929977	False
methylation_k	ppi	replica	0	1	4	17	580	3.0	177.5	0.08793103448275862	0.06651590044258046	False
methylation_k	ppi	replica	0	2	0	7	64	4.0	27.5	0.78125	-0.43026360016547727	True
methylation_k	ppi	replica	0	2	1	22	288	5.5	52.0	0.5416666666666666	-0.2598760284873766	False
methylation_k	ppi	replica	0	2	2	20	347	5.0	73.0	0.414985590778098	-0.09527149811498348	False
methylation_k	ppi	replica	0	2	3	20	430	6.0	112.0	0.2744186046511628	-0.11254176016855592	False
methylation_k	ppi	replica	0	2	4	39	1737	6.0	209.0	0.21934369602763384	-0.07358389997340288	False
methylation_k	ppi	replica	1	0	0	84	456	1.0	27.0	0.24780701754385964	0.05438902092110475	False
methylation_k	ppi	replica	1	0	1	73	608	1.0	50.5	0.16940789473684212	0.02345042585127613	False
methylation_k	ppi	replica	1	0	2	66	824	1.0	74.0	0.10922330097087378	0.12034096999279474	False
methylation_k	ppi	replica	1	0	3	77	1383	1.0	110.0	0.07592190889370933	0.10249229228417636	False
methylation_k	ppi	replica	1	0	4	57	1725	1.0	179.0	0.04463768115942029	0.019112900069356054	False
methylation_k	ppi	replica	1	1	0	12	87	3.0	32.0	0.41379310344827586	-0.21946548061175203	True
methylation_k	ppi	replica	1	1	1	12	116	3.0	50.0	0.3103448275862069	-0.11576421198496573	True
methylation_k	ppi	replica	1	1	2	16	220	3.0	72.0	0.21818181818181817	-0.002858770267217931	False
methylation_k	ppi	replica	1	1	3	22	376	3.0	107.0	0.17553191489361702	0.055359630090167526	False
methylation_k	ppi	replica	1	1	4	11	319	3.0	177.5	0.10344827586206896	-0.050587829323771934	False
methylation_k	ppi	replica	1	2	0	10	90	4.0	27.5	0.6555555555555556	-0.1954226831346849	True
methylation_k	ppi	replica	1	2	1	15	215	5.5	52.0	0.46511627906976744	-0.23703043077394603	False
methylation_k	ppi	replica	1	2	2	19	302	5.0	73.0	0.3675496688741722	-0.03583452508107343	False
methylation_k	ppi	replica	1	2	3	25	611	6.0	112.0	0.36006546644844517	-0.24958774065258174	False
methylation_k	ppi	replica	1	2	4	42	1925	6.0	209.0	0.13922077922077922	-0.027321409281007427	False
methylation_k	ppi	replica	2	0	0	83	446	1.0	27.0	0.25112107623318386	-0.015064919839385685	False
methylation_k	ppi	replica	2	0	1	82	691	1.0	50.5	0.15340086830680175	0.1383199793290313	False
methylation_k	ppi	replica	2	0	2	61	781	1.0	74.0	0.10243277848911651	-0.002315072185273786	False
methylation_k	ppi	replica	2	0	3	65	1212	1.0	110.0	0.07755775577557755	0.028869541949526414	False
methylation_k	ppi	replica	2	0	4	69	2232	1.0	179.0	0.04256272401433692	0.11563687933689341	False
methylation_k	ppi	replica	2	1	0	22	145	3.0	32.0	0.45517241379310347	-0.07467722721272417	True
methylation_k	ppi	replica	2	1	1	22	200	3.0	50.0	0.33	-0.1327264239028945	False
methylation_k	ppi	replica	2	1	2	15	195	3.0	72.0	0.23076923076923078	0.10583925878043524	True
methylation_k	ppi	replica	2	1	3	18	369	3.0	107.0	0.14634146341463414	-0.04982539035889373	False
methylation_k	ppi	replica	2	1	4	16	503	3.0	177.5	0.09542743538767395	0.01528498889431334	False
methylation_k	ppi	replica	2	2	0	22	176	4.0	27.5	0.6420454545454546	-0.1826755533863377	True
methylation_k	ppi	replica	2	2	1	13	170	5.5	52.0	0.4235294117647059	-0.058277646570610825	True
methylation_k	ppi	replica	2	2	2	19	414	5.0	73.0	0.47342995169082125	-0.17033395931283593	False
methylation_k	ppi	replica	2	2	3	28	594	6.0	112.0	0.2760942760942761	-0.08232216692637899	False
methylation_k	ppi	replica	2	2	4	35	1511	6.0	209.0	0.16611515552614162	-0.12656234884080356	False
methylation_k	ppi	rebuilt	0	0	0	108	553	1.0	27.0	0.2549728752260398	0.04587749630303741	False
methylation_k	ppi	rebuilt	0	0	1	92	800	1.0	50.5	0.15875	0.051271007860171684	False
methylation_k	ppi	rebuilt	0	0	2	95	1068	1.0	74.0	0.12265917602996254	0.037395274213159704	False
methylation_k	ppi	rebuilt	0	0	3	66	1171	1.0	110.0	0.07685738684884715	-0.007262904266136533	False
methylation_k	ppi	rebuilt	0	0	4	57	1883	1.0	179.0	0.043016463090812536	-0.05408415801478212	False
methylation_k	ppi	rebuilt	0	1	0	12	85	3.0	32.0	0.4235294117647059	0.09842127356682666	True
methylation_k	ppi	rebuilt	0	1	1	13	130	3.0	50.0	0.3	0.0008615957421418134	True
methylation_k	ppi	rebuilt	0	1	2	16	222	3.0	72.0	0.21621621621621623	0.03347607613819219	False
methylation_k	ppi	rebuilt	0	1	3	17	311	3.0	107.0	0.1639871382636656	0.027543855973560877	False
methylation_k	ppi	rebuilt	0	1	4	17	580	3.0	177.5	0.08793103448275862	-0.0543858616766702	False
methylation_k	ppi	rebuilt	0	2	0	7	64	4.0	27.5	0.78125	0.019096144896059583	True
methylation_k	ppi	rebuilt	0	2	1	22	288	5.5	52.0	0.5416666666666666	0.057316265614047186	False
methylation_k	ppi	rebuilt	0	2	2	20	347	5.0	73.0	0.414985590778098	-0.0011772970630461914	False
methylation_k	ppi	rebuilt	0	2	3	20	430	6.0	112.0	0.2744186046511628	0.06767853148518282	False
methylation_k	ppi	rebuilt	0	2	4	39	1737	6.0	209.0	0.21934369602763384	-0.02034209120983423	False
methylation_k	ppi	rebuilt	1	0	0	84	456	1.0	27.0	0.24780701754385964	0.05203755242594983	False
methylation_k	ppi	rebuilt	1	0	1	73	608	1.0	50.5	0.16940789473684212	0.029541033670110243	False
methylation_k	ppi	rebuilt	1	0	2	66	824	1.0	74.0	0.10922330097087378	0.008954847604174641	False
methylation_k	ppi	rebuilt	1	0	3	77	1383	1.0	110.0	0.07592190889370933	-0.018406035541218693	False
methylation_k	ppi	rebuilt	1	0	4	57	1725	1.0	179.0	0.04463768115942029	-0.026044528778065328	False
methylation_k	ppi	rebuilt	1	1	0	12	87	3.0	32.0	0.41379310344827586	0.11978943551881832	True
methylation_k	ppi	rebuilt	1	1	1	12	116	3.0	50.0	0.3103448275862069	0.052509191553083784	True
methylation_k	ppi	rebuilt	1	1	2	16	220	3.0	72.0	0.21818181818181817	0.022565724218527507	False
methylation_k	ppi	rebuilt	1	1	3	22	376	3.0	107.0	0.17553191489361702	0.024585190275789	False
methylation_k	ppi	rebuilt	1	1	4	11	319	3.0	177.5	0.10344827586206896	0.05746426579496055	False
methylation_k	ppi	rebuilt	1	2	0	10	90	4.0	27.5	0.6555555555555556	0.03586115012062944	True
methylation_k	ppi	rebuilt	1	2	1	15	215	5.5	52.0	0.46511627906976744	0.0661576029202288	False
methylation_k	ppi	rebuilt	1	2	2	19	302	5.0	73.0	0.3675496688741722	0.0412664266239903	False
methylation_k	ppi	rebuilt	1	2	3	25	611	6.0	112.0	0.36006546644844517	0.05233267097204451	False
methylation_k	ppi	rebuilt	1	2	4	42	1925	6.0	209.0	0.13922077922077922	-0.04655997777743484	False
methylation_k	ppi	rebuilt	2	0	0	83	446	1.0	27.0	0.25112107623318386	0.030798484482648728	False
methylation_k	ppi	rebuilt	2	0	1	82	691	1.0	50.5	0.15340086830680175	0.030268450843916925	False
methylation_k	ppi	rebuilt	2	0	2	61	781	1.0	74.0	0.10243277848911651	0.013808140982954567	False
methylation_k	ppi	rebuilt	2	0	3	65	1212	1.0	110.0	0.07755775577557755	0.015150480189631166	False
methylation_k	ppi	rebuilt	2	0	4	69	2232	1.0	179.0	0.04256272401433692	-0.05040018131240283	False
methylation_k	ppi	rebuilt	2	1	0	22	145	3.0	32.0	0.45517241379310347	0.07708590460449824	True
methylation_k	ppi	rebuilt	2	1	1	22	200	3.0	50.0	0.33	0.04887177093059446	False
methylation_k	ppi	rebuilt	2	1	2	15	195	3.0	72.0	0.23076923076923078	0.028653892706180288	True
methylation_k	ppi	rebuilt	2	1	3	18	369	3.0	107.0	0.14634146341463414	-0.022556006242705855	False
methylation_k	ppi	rebuilt	2	1	4	16	503	3.0	177.5	0.09542743538767395	0.013376530937829817	False
methylation_k	ppi	rebuilt	2	2	0	22	176	4.0	27.5	0.6420454545454546	0.07228771138084863	True
methylation_k	ppi	rebuilt	2	2	1	13	170	5.5	52.0	0.4235294117647059	0.06588491605792644	True
methylation_k	ppi	rebuilt	2	2	2	19	414	5.0	73.0	0.47342995169082125	0.01011716191217944	False
methylation_k	ppi	rebuilt	2	2	3	28	594	6.0	112.0	0.2760942760942761	0.01703875215131569	False
methylation_k	ppi	rebuilt	2	2	4	35	1511	6.0	209.0	0.16611515552614162	-0.009584450001781727	False
methylation_k	esm	replica	0	0	0	108	553	1.0	27.0	0.2549728752260398	0.2327372372734622	False
methylation_k	esm	replica	0	0	1	92	800	1.0	50.5	0.15875	0.1526169976212638	False
methylation_k	esm	replica	0	0	2	95	1068	1.0	74.0	0.12265917602996254	0.12964547883250183	False
methylation_k	esm	replica	0	0	3	66	1171	1.0	110.0	0.07685738684884715	0.09698850040525862	False
methylation_k	esm	replica	0	0	4	57	1883	1.0	179.0	0.043016463090812536	0.0721501728454543	False
methylation_k	esm	replica	0	1	0	12	85	3.0	32.0	0.4235294117647059	0.10114252340712887	True
methylation_k	esm	replica	0	1	1	13	130	3.0	50.0	0.3	0.023817195318901793	True
methylation_k	esm	replica	0	1	2	16	222	3.0	72.0	0.21621621621621623	0.05766199025584691	False
methylation_k	esm	replica	0	1	3	17	311	3.0	107.0	0.1639871382636656	0.012608831419669507	False
methylation_k	esm	replica	0	1	4	17	580	3.0	177.5	0.08793103448275862	-0.04788133779836734	False
methylation_k	esm	replica	0	2	0	7	64	4.0	27.5	0.78125	-0.3331499185541421	True
methylation_k	esm	replica	0	2	1	22	288	5.5	52.0	0.5416666666666666	-0.22878511365072798	False
methylation_k	esm	replica	0	2	2	20	347	5.0	73.0	0.414985590778098	-0.21061471895534706	False
methylation_k	esm	replica	0	2	3	20	430	6.0	112.0	0.2744186046511628	-0.1852768497740321	False
methylation_k	esm	replica	0	2	4	39	1737	6.0	209.0	0.21934369602763384	-0.22992020328843263	False
methylation_k	esm	replica	1	0	0	84	456	1.0	27.0	0.24780701754385964	0.21284355224780108	False
methylation_k	esm	replica	1	0	1	73	608	1.0	50.5	0.16940789473684212	0.11044744588732283	False
methylation_k	esm	replica	1	0	2	66	824	1.0	74.0	0.10922330097087378	0.16624489627896394	False
methylation_k	esm	replica	1	0	3	77	1383	1.0	110.0	0.07592190889370933	0.029238860963203005	False
methylation_k	esm	replica	1	0	4	57	1725	1.0	179.0	0.04463768115942029	0.09121357437301658	False
methylation_k	esm	replica	1	1	0	12	87	3.0	32.0	0.41379310344827586	0.0388075380047904	True
methylation_k	esm	replica	1	1	1	12	116	3.0	50.0	0.3103448275862069	0.07776221535985813	True
methylation_k	esm	replica	1	1	2	16	220	3.0	72.0	0.21818181818181817	-0.08402020092902668	False
methylation_k	esm	replica	1	1	3	22	376	3.0	107.0	0.17553191489361702	-0.024159692837392745	False
methylation_k	esm	replica	1	1	4	11	319	3.0	177.5	0.10344827586206896	0.044704287156411	False
methylation_k	esm	replica	1	2	0	10	90	4.0	27.5	0.6555555555555556	0.04172758152989329	True
methylation_k	esm	replica	1	2	1	15	215	5.5	52.0	0.46511627906976744	-0.29903454582453004	False
methylation_k	esm	replica	1	2	2	19	302	5.0	73.0	0.3675496688741722	-0.03039010392708007	False
methylation_k	esm	replica	1	2	3	25	611	6.0	112.0	0.36006546644844517	-0.29576865527692847	False
methylation_k	esm	replica	1	2	4	42	1925	6.0	209.0	0.13922077922077922	-0.12864140720465664	False
methylation_k	esm	replica	2	0	0	83	446	1.0	27.0	0.25112107623318386	0.21554368301049034	False
methylation_k	esm	replica	2	0	1	82	691	1.0	50.5	0.15340086830680175	0.18857739804931994	False
methylation_k	esm	replica	2	0	2	61	781	1.0	74.0	0.10243277848911651	0.07757809815252512	False
methylation_k	esm	replica	2	0	3	65	1212	1.0	110.0	0.07755775577557755	0.0393933028534724	False
methylation_k	esm	replica	2	0	4	69	2232	1.0	179.0	0.04256272401433692	0.050891181509109686	False
methylation_k	esm	replica	2	1	0	22	145	3.0	32.0	0.45517241379310347	0.12825733102947437	True
methylation_k	esm	replica	2	1	1	22	200	3.0	50.0	0.33	0.0922123664280527	False
methylation_k	esm	replica	2	1	2	15	195	3.0	72.0	0.23076923076923078	0.07923632890953151	True
methylation_k	esm	replica	2	1	3	18	369	3.0	107.0	0.14634146341463414	0.026343268412453814	False
methylation_k	esm	replica	2	1	4	16	503	3.0	177.5	0.09542743538767395	-0.05806462191680295	False
methylation_k	esm	replica	2	2	0	22	176	4.0	27.5	0.6420454545454546	0.03391613379358478	True
methylation_k	esm	replica	2	2	1	13	170	5.5	52.0	0.4235294117647059	-0.17125739184562713	True
methylation_k	esm	replica	2	2	2	19	414	5.0	73.0	0.47342995169082125	-0.32785939568169364	False
methylation_k	esm	replica	2	2	3	28	594	6.0	112.0	0.2760942760942761	-0.2229117610381227	False
methylation_k	esm	replica	2	2	4	35	1511	6.0	209.0	0.16611515552614162	-0.12579675594040837	False
methylation_k	esm	rebuilt	0	0	0	108	553	1.0	27.0	0.2549728752260398	0.1699159914695405	False
methylation_k	esm	rebuilt	0	0	1	92	800	1.0	50.5	0.15875	0.08519643965249768	False
methylation_k	esm	rebuilt	0	0	2	95	1068	1.0	74.0	0.12265917602996254	0.036547842190745895	False
methylation_k	esm	rebuilt	0	0	3	66	1171	1.0	110.0	0.07685738684884715	-0.03213338445324176	False
methylation_k	esm	rebuilt	0	0	4	57	1883	1.0	179.0	0.043016463090812536	-0.08317895358127796	False
methylation_k	esm	rebuilt	0	1	0	12	85	3.0	32.0	0.4235294117647059	0.16947308864594549	True
methylation_k	esm	rebuilt	0	1	1	13	130	3.0	50.0	0.3	0.07098498770853719	True
methylation_k	esm	rebuilt	0	1	2	16	222	3.0	72.0	0.21621621621621623	0.06882215755935892	False
methylation_k	esm	rebuilt	0	1	3	17	311	3.0	107.0	0.1639871382636656	-0.03394579221757871	False
methylation_k	esm	rebuilt	0	1	4	17	580	3.0	177.5	0.08793103448275862	-0.07213918637950649	False
methylation_k	esm	rebuilt	0	2	0	7	64	4.0	27.5	0.78125	0.0882701804736788	True
methylation_k	esm	rebuilt	0	2	1	22	288	5.5	52.0	0.5416666666666666	0.11216006768481172	False
methylation_k	esm	rebuilt	0	2	2	20	347	5.0	73.0	0.414985590778098	0.05694019599164626	False
methylation_k	esm	rebuilt	0	2	3	20	430	6.0	112.0	0.2744186046511628	0.0070844968455889955	False
methylation_k	esm	rebuilt	0	2	4	39	1737	6.0	209.0	0.21934369602763384	-0.031185671161621225	False
methylation_k	esm	rebuilt	1	0	0	84	456	1.0	27.0	0.24780701754385964	0.17772017951327493	False
methylation_k	esm	rebuilt	1	0	1	73	608	1.0	50.5	0.16940789473684212	0.0958796117305254	False
methylation_k	esm	rebuilt	1	0	2	66	824	1.0	74.0	0.10922330097087378	0.01938876483920329	False
methylation_k	esm	rebuilt	1	0	3	77	1383	1.0	110.0	0.07592190889370933	-0.01562640720344441	False
methylation_k	esm	rebuilt	1	0	4	57	1725	1.0	179.0	0.04463768115942029	-0.08386605984034018	False
methylation_k	esm	rebuilt	1	1	0	12	87	3.0	32.0	0.41379310344827586	0.24112041958927627	True
methylation_k	esm	rebuilt	1	1	1	12	116	3.0	50.0	0.3103448275862069	0.14001473256026198	True
methylation_k	esm	rebuilt	1	1	2	16	220	3.0	72.0	0.21818181818181817	0.0934914119045047	False
methylation_k	esm	rebuilt	1	1	3	22	376	3.0	107.0	0.17553191489361702	0.02299065227234594	False
methylation_k	esm	rebuilt	1	1	4	11	319	3.0	177.5	0.10344827586206896	-0.04005305821266157	False
methylation_k	esm	rebuilt	1	2	0	10	90	4.0	27.5	0.6555555555555556	0.17164668179035683	True
methylation_k	esm	rebuilt	1	2	1	15	215	5.5	52.0	0.46511627906976744	0.11069259969199927	False
methylation_k	esm	rebuilt	1	2	2	19	302	5.0	73.0	0.3675496688741722	0.08958282509674083	False
methylation_k	esm	rebuilt	1	2	3	25	611	6.0	112.0	0.36006546644844517	0.0008694265426950742	False
methylation_k	esm	rebuilt	1	2	4	42	1925	6.0	209.0	0.13922077922077922	-0.05689271299080093	False
methylation_k	esm	rebuilt	2	0	0	83	446	1.0	27.0	0.25112107623318386	0.1512717859108433	False
methylation_k	esm	rebuilt	2	0	1	82	691	1.0	50.5	0.15340086830680175	0.10597069400735584	False
methylation_k	esm	rebuilt	2	0	2	61	781	1.0	74.0	0.10243277848911651	0.0711338075325924	False
methylation_k	esm	rebuilt	2	0	3	65	1212	1.0	110.0	0.07755775577557755	-0.01897094860435312	False
methylation_k	esm	rebuilt	2	0	4	69	2232	1.0	179.0	0.04256272401433692	-0.07150514858804269	False
methylation_k	esm	rebuilt	2	1	0	22	145	3.0	32.0	0.45517241379310347	0.1979869853433072	True
methylation_k	esm	rebuilt	2	1	1	22	200	3.0	50.0	0.33	0.0844506691565515	False
methylation_k	esm	rebuilt	2	1	2	15	195	3.0	72.0	0.23076923076923078	0.04709978958344971	True
methylation_k	esm	rebuilt	2	1	3	18	369	3.0	107.0	0.14634146341463414	-0.0471374337148289	False
methylation_k	esm	rebuilt	2	1	4	16	503	3.0	177.5	0.09542743538767395	-0.06832951868620211	False
methylation_k	esm	rebuilt	2	2	0	22	176	4.0	27.5	0.6420454545454546	0.15143675315243943	True
methylation_k	esm	rebuilt	2	2	1	13	170	5.5	52.0	0.4235294117647059	0.08514917949750707	True
methylation_k	esm	rebuilt	2	2	2	19	414	5.0	73.0	0.47342995169082125	0.024911127449727434	False
methylation_k	esm	rebuilt	2	2	3	28	594	6.0	112.0	0.2760942760942761	-0.015639414513779076	False
methylation_k	esm	rebuilt	2	2	4	35	1511	6.0	209.0	0.16611515552614162	-0.03893253259339866	False
methylation_k	prott5	replica	0	0	0	108	553	1.0	27.0	0.2549728752260398	0.1697726389047078	False
methylation_k	prott5	replica	0	0	1	92	800	1.0	50.5	0.15875	0.16089383597062779	False
methylation_k	prott5	replica	0	0	2	95	1068	1.0	74.0	0.12265917602996254	0.12853934327359182	False
methylation_k	prott5	replica	0	0	3	66	1171	1.0	110.0	0.07685738684884715	0.119903299645243	False
methylation_k	prott5	replica	0	0	4	57	1883	1.0	179.0	0.043016463090812536	0.04015175270107581	False
methylation_k	prott5	replica	0	1	0	12	85	3.0	32.0	0.4235294117647059	0.004531766165976142	True
methylation_k	prott5	replica	0	1	1	13	130	3.0	50.0	0.3	0.012130758888438052	True
methylation_k	prott5	replica	0	1	2	16	222	3.0	72.0	0.21621621621621623	0.01774897764658856	False
methylation_k	prott5	replica	0	1	3	17	311	3.0	107.0	0.1639871382636656	-0.039986578248049014	False
methylation_k	prott5	replica	0	1	4	17	580	3.0	177.5	0.08793103448275862	-0.00706835924265606	False
methylation_k	prott5	replica	0	2	0	7	64	4.0	27.5	0.78125	-0.42004489218119767	True
methylation_k	prott5	replica	0	2	1	22	288	5.5	52.0	0.5416666666666666	-0.25634329644568554	False
methylation_k	prott5	replica	0	2	2	20	347	5.0	73.0	0.414985590778098	-0.13437027870347107	False
methylation_k	prott5	replica	0	2	3	20	430	6.0	112.0	0.2744186046511628	-0.2657814352750459	False
methylation_k	prott5	replica	0	2	4	39	1737	6.0	209.0	0.21934369602763384	-0.1748051941247223	False
methylation_k	prott5	replica	1	0	0	84	456	1.0	27.0	0.24780701754385964	0.22231090175476503	False
methylation_k	prott5	replica	1	0	1	73	608	1.0	50.5	0.16940789473684212	0.17159027592206186	False
methylation_k	prott5	replica	1	0	2	66	824	1.0	74.0	0.10922330097087378	0.1627653069679099	False
methylation_k	prott5	replica	1	0	3	77	1383	1.0	110.0	0.07592190889370933	0.053257346202451705	False
methylation_k	prott5	replica	1	0	4	57	1725	1.0	179.0	0.04463768115942029	0.07844589210202071	False
methylation_k	prott5	replica	1	1	0	12	87	3.0	32.0	0.41379310344827586	0.0013435002278487094	True
methylation_k	prott5	replica	1	1	1	12	116	3.0	50.0	0.3103448275862069	-0.019945763317973732	True
methylation_k	prott5	replica	1	1	2	16	220	3.0	72.0	0.21818181818181817	-0.032368870731731274	False
methylation_k	prott5	replica	1	1	3	22	376	3.0	107.0	0.17553191489361702	0.111089020614647	False
methylation_k	prott5	replica	1	1	4	11	319	3.0	177.5	0.10344827586206896	0.032172552297117865	False
methylation_k	prott5	replica	1	2	0	10	90	4.0	27.5	0.6555555555555556	0.06010466553839137	True
methylation_k	prott5	replica	1	2	1	15	215	5.5	52.0	0.46511627906976744	-0.2641548444797274	False
methylation_k	prott5	replica	1	2	2	19	302	5.0	73.0	0.3675496688741722	-0.003291226900423322	False
methylation_k	prott5	replica	1	2	3	25	611	6.0	112.0	0.36006546644844517	-0.2866970048056701	False
methylation_k	prott5	replica	1	2	4	42	1925	6.0	209.0	0.13922077922077922	-0.18906919158404523	False
methylation_k	prott5	replica	2	0	0	83	446	1.0	27.0	0.25112107623318386	0.19642572192471078	False
methylation_k	prott5	replica	2	0	1	82	691	1.0	50.5	0.15340086830680175	0.22059968329937968	False
methylation_k	prott5	replica	2	0	2	61	781	1.0	74.0	0.10243277848911651	0.10763139608762365	False
methylation_k	prott5	replica	2	0	3	65	1212	1.0	110.0	0.07755775577557755	0.024084551312274088	False
methylation_k	prott5	replica	2	0	4	69	2232	1.0	179.0	0.04256272401433692	0.06354423821831931	False
methylation_k	prott5	replica	2	1	0	22	145	3.0	32.0	0.45517241379310347	0.12751430073945288	True
methylation_k	prott5	replica	2	1	1	22	200	3.0	50.0	0.33	0.06860981429608881	False
methylation_k	prott5	replica	2	1	2	15	195	3.0	72.0	0.23076923076923078	0.18991543435987882	True
methylation_k	prott5	replica	2	1	3	18	369	3.0	107.0	0.14634146341463414	0.007589565987993105	False
methylation_k	prott5	replica	2	1	4	16	503	3.0	177.5	0.09542743538767395	-0.14655041016480225	False
methylation_k	prott5	replica	2	2	0	22	176	4.0	27.5	0.6420454545454546	0.06183656122381612	True
methylation_k	prott5	replica	2	2	1	13	170	5.5	52.0	0.4235294117647059	-0.0955590950977341	True
methylation_k	prott5	replica	2	2	2	19	414	5.0	73.0	0.47342995169082125	-0.3001540390713451	False
methylation_k	prott5	replica	2	2	3	28	594	6.0	112.0	0.2760942760942761	-0.18558994866184408	False
methylation_k	prott5	replica	2	2	4	35	1511	6.0	209.0	0.16611515552614162	-0.16782681403566158	False
methylation_k	prott5	rebuilt	0	0	0	108	553	1.0	27.0	0.2549728752260398	0.18203419253231326	False
methylation_k	prott5	rebuilt	0	0	1	92	800	1.0	50.5	0.15875	0.09581542817251008	False
methylation_k	prott5	rebuilt	0	0	2	95	1068	1.0	74.0	0.12265917602996254	0.058330650912236215	False
methylation_k	prott5	rebuilt	0	0	3	66	1171	1.0	110.0	0.07685738684884715	-0.043638145944159	False
methylation_k	prott5	rebuilt	0	0	4	57	1883	1.0	179.0	0.043016463090812536	-0.07995901734562176	False
methylation_k	prott5	rebuilt	0	1	0	12	85	3.0	32.0	0.4235294117647059	0.1863590735704769	True
methylation_k	prott5	rebuilt	0	1	1	13	130	3.0	50.0	0.3	0.07691432571978646	True
methylation_k	prott5	rebuilt	0	1	2	16	222	3.0	72.0	0.21621621621621623	0.05337388272541857	False
methylation_k	prott5	rebuilt	0	1	3	17	311	3.0	107.0	0.1639871382636656	-0.015291020229400225	False
methylation_k	prott5	rebuilt	0	1	4	17	580	3.0	177.5	0.08793103448275862	-0.08443969529352605	False
methylation_k	prott5	rebuilt	0	2	0	7	64	4.0	27.5	0.78125	0.13264039714551662	True
methylation_k	prott5	rebuilt	0	2	1	22	288	5.5	52.0	0.5416666666666666	0.11872313866767792	False
methylation_k	prott5	rebuilt	0	2	2	20	347	5.0	73.0	0.414985590778098	0.06637749866399138	False
methylation_k	prott5	rebuilt	0	2	3	20	430	6.0	112.0	0.2744186046511628	0.018703384347483084	False
methylation_k	prott5	rebuilt	0	2	4	39	1737	6.0	209.0	0.21934369602763384	-0.05507532485905224	False
methylation_k	prott5	rebuilt	1	0	0	84	456	1.0	27.0	0.24780701754385964	0.2205257424916943	False
methylation_k	prott5	rebuilt	1	0	1	73	608	1.0	50.5	0.16940789473684212	0.08686864989794352	False
methylation_k	prott5	rebuilt	1	0	2	66	824	1.0	74.0	0.10922330097087378	0.03749753532094841	False
methylation_k	prott5	rebuilt	1	0	3	77	1383	1.0	110.0	0.07592190889370933	-0.011842243086488806	False
methylation_k	prott5	rebuilt	1	0	4	57	1725	1.0	179.0	0.04463768115942029	-0.07954519337500959	False
methylation_k	prott5	rebuilt	1	1	0	12	87	3.0	32.0	0.41379310344827586	0.23738916433540821	True
methylation_k	prott5	rebuilt	1	1	1	12	116	3.0	50.0	0.3103448275862069	0.13823835084726194	True
methylation_k	prott5	rebuilt	1	1	2	16	220	3.0	72.0	0.21818181818181817	0.06707209286338595	False
methylation_k	prott5	rebuilt	1	1	3	22	376	3.0	107.0	0.17553191489361702	0.012667527046812191	False
methylation_k	prott5	rebuilt	1	1	4	11	319	3.0	177.5	0.10344827586206896	-0.03045293521838764	False
methylation_k	prott5	rebuilt	1	2	0	10	90	4.0	27.5	0.6555555555555556	0.19048047723644568	True
methylation_k	prott5	rebuilt	1	2	1	15	215	5.5	52.0	0.46511627906976744	0.1291696290173872	False
methylation_k	prott5	rebuilt	1	2	2	19	302	5.0	73.0	0.3675496688741722	0.08687107733757235	False
methylation_k	prott5	rebuilt	1	2	3	25	611	6.0	112.0	0.36006546644844517	-0.004804609313215798	False
methylation_k	prott5	rebuilt	1	2	4	42	1925	6.0	209.0	0.13922077922077922	-0.07552602523327379	False
methylation_k	prott5	rebuilt	2	0	0	83	446	1.0	27.0	0.25112107623318386	0.2074163164684575	False
methylation_k	prott5	rebuilt	2	0	1	82	691	1.0	50.5	0.15340086830680175	0.13820940285853314	False
methylation_k	prott5	rebuilt	2	0	2	61	781	1.0	74.0	0.10243277848911651	0.07390397710751205	False
methylation_k	prott5	rebuilt	2	0	3	65	1212	1.0	110.0	0.07755775577557755	-0.026661917670136138	False
methylation_k	prott5	rebuilt	2	0	4	69	2232	1.0	179.0	0.04256272401433692	-0.08885360529450065	False
methylation_k	prott5	rebuilt	2	1	0	22	145	3.0	32.0	0.45517241379310347	0.23126701510744782	True
methylation_k	prott5	rebuilt	2	1	1	22	200	3.0	50.0	0.33	0.12086316007884636	False
methylation_k	prott5	rebuilt	2	1	2	15	195	3.0	72.0	0.23076923076923078	0.08200393167713427	True
methylation_k	prott5	rebuilt	2	1	3	18	369	3.0	107.0	0.14634146341463414	-0.06372541990800135	False
methylation_k	prott5	rebuilt	2	1	4	16	503	3.0	177.5	0.09542743538767395	-0.0836842210560684	False
methylation_k	prott5	rebuilt	2	2	0	22	176	4.0	27.5	0.6420454545454546	0.16951936498505127	True
methylation_k	prott5	rebuilt	2	2	1	13	170	5.5	52.0	0.4235294117647059	0.12304119905042629	True
methylation_k	prott5	rebuilt	2	2	2	19	414	5.0	73.0	0.47342995169082125	0.03279927107719094	False
methylation_k	prott5	rebuilt	2	2	3	28	594	6.0	112.0	0.2760942760942761	-0.011468123850113686	False
methylation_k	prott5	rebuilt	2	2	4	35	1511	6.0	209.0	0.16611515552614162	-0.0534099317595509	False
methylation_r	ppi	replica	0	0	0	61	250	1.0	13.0	0.308	0.011353281196871819	False
methylation_r	ppi	replica	0	0	1	51	408	1.0	25.0	0.15931372549019607	0.12760786480522165	False
methylation_r	ppi	replica	0	0	2	58	628	1.0	36.0	0.12261146496815287	0.06894306174294025	False
methylation_r	ppi	replica	0	0	3	41	675	1.0	54.5	0.08	0.07731610563300463	False
methylation_r	ppi	replica	0	0	4	24	677	2.0	89.0	0.051698670605613	0.15111759733649013	False
methylation_r	ppi	replica	0	1	0	12	54	3.0	13.5	0.4444444444444444	0.13582398277229968	True
methylation_r	ppi	replica	0	1	1	12	97	3.0	25.0	0.2268041237113402	0.18392912853121704	True
methylation_r	ppi	replica	0	1	2	12	135	3.0	36.0	0.18518518518518517	-0.04318007228581864	True
methylation_r	ppi	replica	0	1	3	15	245	3.0	50.0	0.16326530612244897	-0.06930066824417629	False
methylation_r	ppi	replica	0	1	4	10	352	3.0	98.0	0.056818181818181816	-0.004971832400853142	False
methylation_r	ppi	replica	0	2	0	6	33	4.0	13.0	0.3939393939393939	-0.03170947832627533	True
methylation_r	ppi	replica	0	2	1	2	22	4.0	26.0	0.22727272727272727	0.16866943834811907	True
methylation_r	ppi	replica	0	2	2	5	60	4.0	34.0	0.3	0.2597401677433979	True
methylation_r	ppi	replica	0	2	3	8	145	4.0	57.0	0.15172413793103448	0.08117166340325245	True
methylation_r	ppi	replica	0	2	4	4	126	4.0	88.0	0.047619047619047616	0.05645957805087352	True
methylation_r	ppi	replica	0	3	0	3	18	6.0	15.0	0.4444444444444444	-0.21230496051985343	True
methylation_r	ppi	replica	0	3	1	14	164	6.0	27.0	0.49390243902439024	-0.28821549414916114	True
methylation_r	ppi	replica	0	3	2	10	165	7.0	37.5	0.47878787878787876	-0.2506748889781872	True
methylation_r	ppi	replica	0	3	3	18	341	6.5	53.0	0.2961876832844575	-0.08507464993354145	False
methylation_r	ppi	replica	0	3	4	30	1287	7.0	106.0	0.20590520590520592	-0.13129992150733397	False
methylation_r	ppi	replica	1	0	0	48	228	1.0	13.0	0.25877192982456143	0.13819221431458018	False
methylation_r	ppi	replica	1	0	1	48	361	1.0	25.0	0.16066481994459833	0.055380473617479144	False
methylation_r	ppi	replica	1	0	2	39	417	1.0	36.0	0.12949640287769784	0.08472919220452722	False
methylation_r	ppi	replica	1	0	3	33	502	1.0	54.5	0.08565737051792828	0.14165213596116677	False
methylation_r	ppi	replica	1	0	4	29	866	2.0	89.0	0.04734411085450346	0.09295804904910557	False
methylation_r	ppi	replica	1	1	0	9	52	3.0	13.5	0.46153846153846156	-0.10046191719305837	True
methylation_r	ppi	replica	1	1	1	16	143	3.0	25.0	0.24475524475524477	-0.1546657140995105	True
methylation_r	ppi	replica	1	1	2	10	126	3.0	36.0	0.1984126984126984	-0.01886228965532641	True
methylation_r	ppi	replica	1	1	3	15	249	3.0	50.0	0.12449799196787148	0.04978415508349558	False
methylation_r	ppi	replica	1	1	4	9	286	3.0	98.0	0.06643356643356643	-0.0737678006888487	False
methylation_r	ppi	replica	1	2	0	5	27	4.0	13.0	0.5555555555555556	0.02590703944669128	True
methylation_r	ppi	replica	1	2	1	4	37	4.0	26.0	0.2702702702702703	0.04437336932501342	True
methylation_r	ppi	replica	1	2	2	9	114	4.0	34.0	0.21052631578947367	0.1657759000984085	True
methylation_r	ppi	replica	1	2	3	3	49	4.0	57.0	0.20408163265306123	-0.09268363578946615	True
methylation_r	ppi	replica	1	2	4	10	431	4.0	88.0	0.060324825986078884	0.038457066366610546	False
methylation_r	ppi	replica	1	3	0	5	32	6.0	15.0	0.5	-0.09329116845436965	True
methylation_r	ppi	replica	1	3	1	10	104	6.0	27.0	0.4519230769230769	-0.17265254088271492	True
methylation_r	ppi	replica	1	3	2	13	168	7.0	37.5	0.4166666666666667	-0.2846430246091755	True
methylation_r	ppi	replica	1	3	3	18	369	6.5	53.0	0.3794037940379404	-0.21104115648154897	False
methylation_r	ppi	replica	1	3	4	31	1126	7.0	106.0	0.12966252220248667	-0.07696443010936727	False
methylation_r	ppi	replica	2	0	0	51	213	1.0	13.0	0.30985915492957744	0.05130409893740085	False
methylation_r	ppi	replica	2	0	1	43	343	1.0	25.0	0.15451895043731778	0.12622302096113633	False
methylation_r	ppi	replica	2	0	2	36	418	1.0	36.0	0.09569377990430622	0.1281994822326388	False
methylation_r	ppi	replica	2	0	3	35	591	1.0	54.5	0.07614213197969544	0.0540071149087856	False
methylation_r	ppi	replica	2	0	4	38	1113	2.0	89.0	0.04582210242587601	0.12015682569099084	False
methylation_r	ppi	replica	2	1	0	17	87	3.0	13.5	0.39080459770114945	0.13114056858107778	True
methylation_r	ppi	replica	2	1	1	18	166	3.0	25.0	0.2710843373493976	-0.08677045183273312	True
methylation_r	ppi	replica	2	1	2	14	145	3.0	36.0	0.2620689655172414	-0.1013343455283366	True
methylation_r	ppi	replica	2	1	3	16	276	3.0	50.0	0.11231884057971014	0.0938000834468456	False
methylation_r	ppi	replica	2	1	4	10	311	3.0	98.0	0.06752411575562701	-0.034287526783939704	False
methylation_r	ppi	replica	2	2	0	11	62	4.0	13.0	0.5161290322580645	0.13249160088497994	True
methylation_r	ppi	replica	2	2	1	4	35	4.0	26.0	0.34285714285714286	-0.03347284383694206	True
methylation_r	ppi	replica	2	2	2	2	19	4.0	34.0	0.2631578947368421	0.16932127100138153	True
methylation_r	ppi	replica	2	2	3	8	147	4.0	57.0	0.14285714285714285	0.04819275720449062	True
methylation_r	ppi	replica	2	2	4	5	140	4.0	88.0	0.08571428571428572	0.15552195475988873	True
methylation_r	ppi	replica	2	3	0	10	68	6.0	15.0	0.6617647058823529	-0.21531354285998905	True
methylation_r	ppi	replica	2	3	1	6	69	6.0	27.0	0.30434782608695654	0.1194136631938053	True
methylation_r	ppi	replica	2	3	2	17	259	7.0	37.5	0.39768339768339767	-0.1344391082748407	False
methylation_r	ppi	replica	2	3	3	19	404	6.5	53.0	0.37376237623762376	-0.16656131320159956	False
methylation_r	ppi	replica	2	3	4	25	1039	7.0	106.0	0.13089509143407121	-0.19403736902626523	False
methylation_r	ppi	rebuilt	0	0	0	61	250	1.0	13.0	0.308	0.05081468888133287	False
methylation_r	ppi	rebuilt	0	0	1	51	408	1.0	25.0	0.15931372549019607	0.043467608056483385	False
methylation_r	ppi	rebuilt	0	0	2	58	628	1.0	36.0	0.12261146496815287	0.000841929496661518	False
methylation_r	ppi	rebuilt	0	0	3	41	675	1.0	54.5	0.08	-0.029876459254221926	False
methylation_r	ppi	rebuilt	0	0	4	24	677	2.0	89.0	0.051698670605613	-0.03290136846910962	False
methylation_r	ppi	rebuilt	0	1	0	12	54	3.0	13.5	0.4444444444444444	0.14533983150100122	True
methylation_r	ppi	rebuilt	0	1	1	12	97	3.0	25.0	0.2268041237113402	0.04091812519060422	True
methylation_r	ppi	rebuilt	0	1	2	12	135	3.0	36.0	0.18518518518518517	0.00619466797637488	True
methylation_r	ppi	rebuilt	0	1	3	15	245	3.0	50.0	0.16326530612244897	0.05607283375778057	False
methylation_r	ppi	rebuilt	0	1	4	10	352	3.0	98.0	0.056818181818181816	-0.05450469073598962	False
methylation_r	ppi	rebuilt	0	2	0	6	33	4.0	13.0	0.3939393939393939	0.15752733042770442	True
methylation_r	ppi	rebuilt	0	2	1	2	22	4.0	26.0	0.22727272727272727	1.5455472782913906e-05	True
methylation_r	ppi	rebuilt	0	2	2	5	60	4.0	34.0	0.3	-0.06078998073217726	True
methylation_r	ppi	rebuilt	0	2	3	8	145	4.0	57.0	0.15172413793103448	-0.017246069246913437	True
methylation_r	ppi	rebuilt	0	2	4	4	126	4.0	88.0	0.047619047619047616	-0.025442161450321937	True
methylation_r	ppi	rebuilt	0	3	0	3	18	6.0	15.0	0.4444444444444444	-0.02973289508481621	True
methylation_r	ppi	rebuilt	0	3	1	14	164	6.0	27.0	0.49390243902439024	0.021326432024945878	True
methylation_r	ppi	rebuilt	0	3	2	10	165	7.0	37.5	0.47878787878787876	0.0073248637342483	True
methylation_r	ppi	rebuilt	0	3	3	18	341	6.5	53.0	0.2961876832844575	0.05130967682107846	False
methylation_r	ppi	rebuilt	0	3	4	30	1287	7.0	106.0	0.20590520590520592	-0.01029116525546311	False
methylation_r	ppi	rebuilt	1	0	0	48	228	1.0	13.0	0.25877192982456143	0.08056964329233492	False
methylation_r	ppi	rebuilt	1	0	1	48	361	1.0	25.0	0.16066481994459833	0.04598303853810532	False
methylation_r	ppi	rebuilt	1	0	2	39	417	1.0	36.0	0.12949640287769784	-0.002313113462105294	False
methylation_r	ppi	rebuilt	1	0	3	33	502	1.0	54.5	0.08565737051792828	0.0022550907675785345	False
methylation_r	ppi	rebuilt	1	0	4	29	866	2.0	89.0	0.04734411085450346	-0.04466732806193453	False
methylation_r	ppi	rebuilt	1	1	0	9	52	3.0	13.5	0.46153846153846156	0.11567711785313331	True
methylation_r	ppi	rebuilt	1	1	1	16	143	3.0	25.0	0.24475524475524477	0.10663690099244873	True
methylation_r	ppi	rebuilt	1	1	2	10	126	3.0	36.0	0.1984126984126984	0.060862144517850505	True
methylation_r	ppi	rebuilt	1	1	3	15	249	3.0	50.0	0.12449799196787148	-0.020648798817566736	False
methylation_r	ppi	rebuilt	1	1	4	9	286	3.0	98.0	0.06643356643356643	0.0013040414833979147	False
methylation_r	ppi	rebuilt	1	2	0	5	27	4.0	13.0	0.5555555555555556	0.18159675413060328	True
methylation_r	ppi	rebuilt	1	2	1	4	37	4.0	26.0	0.2702702702702703	-0.10813187022084506	True
methylation_r	ppi	rebuilt	1	2	2	9	114	4.0	34.0	0.21052631578947367	0.014392628308947154	True
methylation_r	ppi	rebuilt	1	2	3	3	49	4.0	57.0	0.20408163265306123	0.05993081248676717	True
methylation_r	ppi	rebuilt	1	2	4	10	431	4.0	88.0	0.060324825986078884	-0.029996772873533764	False
methylation_r	ppi	rebuilt	1	3	0	5	32	6.0	15.0	0.5	0.021507385264638648	True
methylation_r	ppi	rebuilt	1	3	1	10	104	6.0	27.0	0.4519230769230769	0.1150227915218244	True
methylation_r	ppi	rebuilt	1	3	2	13	168	7.0	37.5	0.4166666666666667	0.0890313748147404	True
methylation_r	ppi	rebuilt	1	3	3	18	369	6.5	53.0	0.3794037940379404	0.018771238354198205	False
methylation_r	ppi	rebuilt	1	3	4	31	1126	7.0	106.0	0.12966252220248667	-0.042366888928380794	False
methylation_r	ppi	rebuilt	2	0	0	51	213	1.0	13.0	0.30985915492957744	0.020287176062300984	False
methylation_r	ppi	rebuilt	2	0	1	43	343	1.0	25.0	0.15451895043731778	0.037932719961094395	False
methylation_r	ppi	rebuilt	2	0	2	36	418	1.0	36.0	0.09569377990430622	-0.01389808328843045	False
methylation_r	ppi	rebuilt	2	0	3	35	591	1.0	54.5	0.07614213197969544	-0.011810232803368622	False
methylation_r	ppi	rebuilt	2	0	4	38	1113	2.0	89.0	0.04582210242587601	-0.029133335311342434	False
methylation_r	ppi	rebuilt	2	1	0	17	87	3.0	13.5	0.39080459770114945	0.05217183956709199	True
methylation_r	ppi	rebuilt	2	1	1	18	166	3.0	25.0	0.2710843373493976	0.0986355243157218	True
methylation_r	ppi	rebuilt	2	1	2	14	145	3.0	36.0	0.2620689655172414	0.04380040293147245	True
methylation_r	ppi	rebuilt	2	1	3	16	276	3.0	50.0	0.11231884057971014	-0.023482310495895154	False
methylation_r	ppi	rebuilt	2	1	4	10	311	3.0	98.0	0.06752411575562701	-0.021716840325518454	False
methylation_r	ppi	rebuilt	2	2	0	11	62	4.0	13.0	0.5161290322580645	0.13552211084100407	True
methylation_r	ppi	rebuilt	2	2	1	4	35	4.0	26.0	0.34285714285714286	0.05782992621265273	True
methylation_r	ppi	rebuilt	2	2	2	2	19	4.0	34.0	0.2631578947368421	-0.09091314229689378	True
methylation_r	ppi	rebuilt	2	2	3	8	147	4.0	57.0	0.14285714285714285	-0.030168714395156875	True
methylation_r	ppi	rebuilt	2	2	4	5	140	4.0	88.0	0.08571428571428572	0.00961170920527398	True
methylation_r	ppi	rebuilt	2	3	0	10	68	6.0	15.0	0.6617647058823529	0.06628978433032824	True
methylation_r	ppi	rebuilt	2	3	1	6	69	6.0	27.0	0.30434782608695654	0.06854176637337554	True
methylation_r	ppi	rebuilt	2	3	2	17	259	7.0	37.5	0.39768339768339767	0.021207078616054063	False
methylation_r	ppi	rebuilt	2	3	3	19	404	6.5	53.0	0.37376237623762376	0.015685440262908593	False
methylation_r	ppi	rebuilt	2	3	4	25	1039	7.0	106.0	0.13089509143407121	-0.012341134370881923	False
methylation_r	esm	replica	0	0	0	61	250	1.0	13.0	0.308	0.2276739204352261	False
methylation_r	esm	replica	0	0	1	51	408	1.0	25.0	0.15931372549019607	0.13522603022848037	False
methylation_r	esm	replica	0	0	2	58	628	1.0	36.0	0.12261146496815287	0.17004173912855153	False
methylation_r	esm	replica	0	0	3	41	675	1.0	54.5	0.08	0.1968103567695543	False
methylation_r	esm	replica	0	0	4	24	677	2.0	89.0	0.051698670605613	0.12266976786701737	False
methylation_r	esm	replica	0	1	0	12	54	3.0	13.5	0.4444444444444444	0.17674764189555076	True
methylation_r	esm	replica	0	1	1	12	97	3.0	25.0	0.2268041237113402	0.1301016205302215	True
methylation_r	esm	replica	0	1	2	12	135	3.0	36.0	0.18518518518518517	0.07914100771972245	True
methylation_r	esm	replica	0	1	3	15	245	3.0	50.0	0.16326530612244897	-0.06273688666217932	False
methylation_r	esm	replica	0	1	4	10	352	3.0	98.0	0.056818181818181816	-0.0972069545763655	False
methylation_r	esm	replica	0	2	0	6	33	4.0	13.0	0.3939393939393939	0.07788012735309574	True
methylation_r	esm	replica	0	2	1	2	22	4.0	26.0	0.22727272727272727	0.07359896139222899	True
methylation_r	esm	replica	0	2	2	5	60	4.0	34.0	0.3	0.07789300691374816	True
methylation_r	esm	replica	0	2	3	8	145	4.0	57.0	0.15172413793103448	-0.14946827844153407	True
methylation_r	esm	replica	0	2	4	4	126	4.0	88.0	0.047619047619047616	-0.028036840940615176	True
methylation_r	esm	replica	0	3	0	3	18	6.0	15.0	0.4444444444444444	-0.19256488722656695	True
methylation_r	esm	replica	0	3	1	14	164	6.0	27.0	0.49390243902439024	-0.14018014861379488	True
methylation_r	esm	replica	0	3	2	10	165	7.0	37.5	0.47878787878787876	-0.1937158047664678	True
methylation_r	esm	replica	0	3	3	18	341	6.5	53.0	0.2961876832844575	-0.1014818807016984	False
methylation_r	esm	replica	0	3	4	30	1287	7.0	106.0	0.20590520590520592	-0.23983320506611908	False
methylation_r	esm	replica	1	0	0	48	228	1.0	13.0	0.25877192982456143	0.19531503058684163	False
methylation_r	esm	replica	1	0	1	48	361	1.0	25.0	0.16066481994459833	0.22885430980021013	False
methylation_r	esm	replica	1	0	2	39	417	1.0	36.0	0.12949640287769784	0.1451147153316559	False
methylation_r	esm	replica	1	0	3	33	502	1.0	54.5	0.08565737051792828	0.10041126158282292	False
methylation_r	esm	replica	1	0	4	29	866	2.0	89.0	0.04734411085450346	0.058337235240536835	False
methylation_r	esm	replica	1	1	0	9	52	3.0	13.5	0.46153846153846156	0.07185416131257524	True
methylation_r	esm	replica	1	1	1	16	143	3.0	25.0	0.24475524475524477	0.053386388536731416	True
methylation_r	esm	replica	1	1	2	10	126	3.0	36.0	0.1984126984126984	-0.07254850243244826	True
methylation_r	esm	replica	1	1	3	15	249	3.0	50.0	0.12449799196787148	-0.023095723848444594	False
methylation_r	esm	replica	1	1	4	9	286	3.0	98.0	0.06643356643356643	0.03891220437730021	False
methylation_r	esm	replica	1	2	0	5	27	4.0	13.0	0.5555555555555556	0.4232329744902279	True
methylation_r	esm	replica	1	2	1	4	37	4.0	26.0	0.2702702702702703	0.1949087297249773	True
methylation_r	esm	replica	1	2	2	9	114	4.0	34.0	0.21052631578947367	0.1237471426059434	True
methylation_r	esm	replica	1	2	3	3	49	4.0	57.0	0.20408163265306123	-0.18067522419553367	True
methylation_r	esm	replica	1	2	4	10	431	4.0	88.0	0.060324825986078884	-0.1709867051365164	False
methylation_r	esm	replica	1	3	0	5	32	6.0	15.0	0.5	-0.17913387990152985	True
methylation_r	esm	replica	1	3	1	10	104	6.0	27.0	0.4519230769230769	-0.09892501115905371	True
methylation_r	esm	replica	1	3	2	13	168	7.0	37.5	0.4166666666666667	-0.1663521439875405	True
methylation_r	esm	replica	1	3	3	18	369	6.5	53.0	0.3794037940379404	-0.2044424048952992	False
methylation_r	esm	replica	1	3	4	31	1126	7.0	106.0	0.12966252220248667	-0.11277621736152472	False
methylation_r	esm	replica	2	0	0	51	213	1.0	13.0	0.30985915492957744	0.2938271457704738	False
methylation_r	esm	replica	2	0	1	43	343	1.0	25.0	0.15451895043731778	0.258400130343658	False
methylation_r	esm	replica	2	0	2	36	418	1.0	36.0	0.09569377990430622	0.06794136831571655	False
methylation_r	esm	replica	2	0	3	35	591	1.0	54.5	0.07614213197969544	0.05523581925323545	False
methylation_r	esm	replica	2	0	4	38	1113	2.0	89.0	0.04582210242587601	0.02630980339350285	False
methylation_r	esm	replica	2	1	0	17	87	3.0	13.5	0.39080459770114945	0.22533309974987104	True
methylation_r	esm	replica	2	1	1	18	166	3.0	25.0	0.2710843373493976	0.18987737571794372	True
methylation_r	esm	replica	2	1	2	14	145	3.0	36.0	0.2620689655172414	0.09572133492948698	True
methylation_r	esm	replica	2	1	3	16	276	3.0	50.0	0.11231884057971014	0.0281206665930371	False
methylation_r	esm	replica	2	1	4	10	311	3.0	98.0	0.06752411575562701	0.009529228867573672	False
methylation_r	esm	replica	2	2	0	11	62	4.0	13.0	0.5161290322580645	0.3459957389855508	True
methylation_r	esm	replica	2	2	1	4	35	4.0	26.0	0.34285714285714286	0.0645167533567195	True
methylation_r	esm	replica	2	2	2	2	19	4.0	34.0	0.2631578947368421	0.11641338740585587	True
methylation_r	esm	replica	2	2	3	8	147	4.0	57.0	0.14285714285714285	-0.10374178460545945	True
methylation_r	esm	replica	2	2	4	5	140	4.0	88.0	0.08571428571428572	0.14663118422644247	True
methylation_r	esm	replica	2	3	0	10	68	6.0	15.0	0.6617647058823529	-0.07802709568162572	True
methylation_r	esm	replica	2	3	1	6	69	6.0	27.0	0.30434782608695654	-0.03769465817472297	True
methylation_r	esm	replica	2	3	2	17	259	7.0	37.5	0.39768339768339767	-0.06703369633090207	False
methylation_r	esm	replica	2	3	3	19	404	6.5	53.0	0.37376237623762376	-0.2806570199780351	False
methylation_r	esm	replica	2	3	4	25	1039	7.0	106.0	0.13089509143407121	-0.20194155293266258	False
methylation_r	esm	rebuilt	0	0	0	61	250	1.0	13.0	0.308	0.16899761985719142	False
methylation_r	esm	rebuilt	0	0	1	51	408	1.0	25.0	0.15931372549019607	0.04728575381189538	False
methylation_r	esm	rebuilt	0	0	2	58	628	1.0	36.0	0.12261146496815287	0.025383768249024878	False
methylation_r	esm	rebuilt	0	0	3	41	675	1.0	54.5	0.08	0.003495913458511213	False
methylation_r	esm	rebuilt	0	0	4	24	677	2.0	89.0	0.051698670605613	-0.05800737999966852	False
methylation_r	esm	rebuilt	0	1	0	12	54	3.0	13.5	0.4444444444444444	0.18118050045965722	True
methylation_r	esm	rebuilt	0	1	1	12	97	3.0	25.0	0.2268041237113402	0.099336784949365	True
methylation_r	esm	rebuilt	0	1	2	12	135	3.0	36.0	0.18518518518518517	-0.0014759404082763455	True
methylation_r	esm	rebuilt	0	1	3	15	245	3.0	50.0	0.16326530612244897	0.008011990923537049	False
methylation_r	esm	rebuilt	0	1	4	10	352	3.0	98.0	0.056818181818181816	-0.11061675064140211	False
methylation_r	esm	rebuilt	0	2	0	6	33	4.0	13.0	0.3939393939393939	0.11950686738173986	True
methylation_r	esm	rebuilt	0	2	1	2	22	4.0	26.0	0.22727272727272727	-0.03950418843312418	True
methylation_r	esm	rebuilt	0	2	2	5	60	4.0	34.0	0.3	0.07694094979032076	True
methylation_r	esm	rebuilt	0	2	3	8	145	4.0	57.0	0.15172413793103448	-0.04948938315609281	True
methylation_r	esm	rebuilt	0	2	4	4	126	4.0	88.0	0.047619047619047616	-0.044774749977062114	True
methylation_r	esm	rebuilt	0	3	0	3	18	6.0	15.0	0.4444444444444444	0.08947259057765687	True
methylation_r	esm	rebuilt	0	3	1	14	164	6.0	27.0	0.49390243902439024	0.05836533118816397	True
methylation_r	esm	rebuilt	0	3	2	10	165	7.0	37.5	0.47878787878787876	0.1002988058071363	True
methylation_r	esm	rebuilt	0	3	3	18	341	6.5	53.0	0.2961876832844575	0.03181384431452984	False
methylation_r	esm	rebuilt	0	3	4	30	1287	7.0	106.0	0.20590520590520592	-0.04372300411062737	False
methylation_r	esm	rebuilt	1	0	0	48	228	1.0	13.0	0.25877192982456143	0.2003125780866797	False
methylation_r	esm	rebuilt	1	0	1	48	361	1.0	25.0	0.16066481994459833	0.11050692959156982	False
methylation_r	esm	rebuilt	1	0	2	39	417	1.0	36.0	0.12949640287769784	0.04623338431417693	False
methylation_r	esm	rebuilt	1	0	3	33	502	1.0	54.5	0.08565737051792828	-0.019618028676572065	False
methylation_r	esm	rebuilt	1	0	4	29	866	2.0	89.0	0.04734411085450346	-0.07535662348917002	False
methylation_r	esm	rebuilt	1	1	0	9	52	3.0	13.5	0.46153846153846156	0.21483714544642976	True
methylation_r	esm	rebuilt	1	1	1	16	143	3.0	25.0	0.24475524475524477	0.1662047289794784	True
methylation_r	esm	rebuilt	1	1	2	10	126	3.0	36.0	0.1984126984126984	0.06497344263301709	True
methylation_r	esm	rebuilt	1	1	3	15	249	3.0	50.0	0.12449799196787148	0.004078914568066534	False
methylation_r	esm	rebuilt	1	1	4	9	286	3.0	98.0	0.06643356643356643	-0.0637332598823719	False
methylation_r	esm	rebuilt	1	2	0	5	27	4.0	13.0	0.5555555555555556	0.2941210948947893	True
methylation_r	esm	rebuilt	1	2	1	4	37	4.0	26.0	0.2702702702702703	0.05118359083542836	True
methylation_r	esm	rebuilt	1	2	2	9	114	4.0	34.0	0.21052631578947367	0.07636375975987093	True
methylation_r	esm	rebuilt	1	2	3	3	49	4.0	57.0	0.20408163265306123	-0.06066287953549629	True
methylation_r	esm	rebuilt	1	2	4	10	431	4.0	88.0	0.060324825986078884	-0.11918092184846214	False
methylation_r	esm	rebuilt	1	3	0	5	32	6.0	15.0	0.5	0.13572072270089677	True
methylation_r	esm	rebuilt	1	3	1	10	104	6.0	27.0	0.4519230769230769	0.1491999296641463	True
methylation_r	esm	rebuilt	1	3	2	13	168	7.0	37.5	0.4166666666666667	0.07967838093563431	True
methylation_r	esm	rebuilt	1	3	3	18	369	6.5	53.0	0.3794037940379404	0.019471261179993544	False
methylation_r	esm	rebuilt	1	3	4	31	1126	7.0	106.0	0.12966252220248667	-0.05353614129136252	False
methylation_r	esm	rebuilt	2	0	0	51	213	1.0	13.0	0.30985915492957744	0.15691444745242555	False
methylation_r	esm	rebuilt	2	0	1	43	343	1.0	25.0	0.15451895043731778	0.09269236181227057	False
methylation_r	esm	rebuilt	2	0	2	36	418	1.0	36.0	0.09569377990430622	0.03184289528377946	False
methylation_r	esm	rebuilt	2	0	3	35	591	1.0	54.5	0.07614213197969544	-0.014027230357708271	False
methylation_r	esm	rebuilt	2	0	4	38	1113	2.0	89.0	0.04582210242587601	-0.06594423688028404	False
methylation_r	esm	rebuilt	2	1	0	17	87	3.0	13.5	0.39080459770114945	0.10935891072245417	True
methylation_r	esm	rebuilt	2	1	1	18	166	3.0	25.0	0.2710843373493976	0.08800944676249452	True
methylation_r	esm	rebuilt	2	1	2	14	145	3.0	36.0	0.2620689655172414	0.041719174282460796	True
methylation_r	esm	rebuilt	2	1	3	16	276	3.0	50.0	0.11231884057971014	-0.019266404054534968	False
methylation_r	esm	rebuilt	2	1	4	10	311	3.0	98.0	0.06752411575562701	-0.08721204712339807	False
methylation_r	esm	rebuilt	2	2	0	11	62	4.0	13.0	0.5161290322580645	0.15140258392286474	True
methylation_r	esm	rebuilt	2	2	1	4	35	4.0	26.0	0.34285714285714286	0.009928631910003639	True
methylation_r	esm	rebuilt	2	2	2	2	19	4.0	34.0	0.2631578947368421	0.0009893489014662035	True
methylation_r	esm	rebuilt	2	2	3	8	147	4.0	57.0	0.14285714285714285	-0.03137488695732314	True
methylation_r	esm	rebuilt	2	2	4	5	140	4.0	88.0	0.08571428571428572	-0.08854360711261644	True
methylation_r	esm	rebuilt	2	3	0	10	68	6.0	15.0	0.6617647058823529	0.13344374159485975	True
methylation_r	esm	rebuilt	2	3	1	6	69	6.0	27.0	0.30434782608695654	0.09211550025156769	True
methylation_r	esm	rebuilt	2	3	2	17	259	7.0	37.5	0.39768339768339767	0.05872714373984484	False
methylation_r	esm	rebuilt	2	3	3	19	404	6.5	53.0	0.37376237623762376	0.04291945070883041	False
methylation_r	esm	rebuilt	2	3	4	25	1039	7.0	106.0	0.13089509143407121	-0.03397318303357866	False
methylation_r	prott5	replica	0	0	0	61	250	1.0	13.0	0.308	0.22888405304318257	False
methylation_r	prott5	replica	0	0	1	51	408	1.0	25.0	0.15931372549019607	0.16431756738737657	False
methylation_r	prott5	replica	0	0	2	58	628	1.0	36.0	0.12261146496815287	0.20743829820872056	False
methylation_r	prott5	replica	0	0	3	41	675	1.0	54.5	0.08	0.15492941428337553	False
methylation_r	prott5	replica	0	0	4	24	677	2.0	89.0	0.051698670605613	0.09982235566334866	False
methylation_r	prott5	replica	0	1	0	12	54	3.0	13.5	0.4444444444444444	0.09056978603901417	True
methylation_r	prott5	replica	0	1	1	12	97	3.0	25.0	0.2268041237113402	0.09847095980397995	True
methylation_r	prott5	replica	0	1	2	12	135	3.0	36.0	0.18518518518518517	0.029734154419635554	True
methylation_r	prott5	replica	0	1	3	15	245	3.0	50.0	0.16326530612244897	-0.0364668410716888	False
methylation_r	prott5	replica	0	1	4	10	352	3.0	98.0	0.056818181818181816	0.004446829309758565	False
methylation_r	prott5	replica	0	2	0	6	33	4.0	13.0	0.3939393939393939	-0.04801757802437845	True
methylation_r	prott5	replica	0	2	1	2	22	4.0	26.0	0.22727272727272727	0.22765525022410432	True
methylation_r	prott5	replica	0	2	2	5	60	4.0	34.0	0.3	-0.04656579394763685	True
methylation_r	prott5	replica	0	2	3	8	145	4.0	57.0	0.15172413793103448	-0.10891791438520794	True
methylation_r	prott5	replica	0	2	4	4	126	4.0	88.0	0.047619047619047616	0.036552193131587876	True
methylation_r	prott5	replica	0	3	0	3	18	6.0	15.0	0.4444444444444444	-0.10426347803090406	True
methylation_r	prott5	replica	0	3	1	14	164	6.0	27.0	0.49390243902439024	-0.1802336188951825	True
methylation_r	prott5	replica	0	3	2	10	165	7.0	37.5	0.47878787878787876	-0.1269306461417988	True
methylation_r	prott5	replica	0	3	3	18	341	6.5	53.0	0.2961876832844575	-0.06740281249719557	False
methylation_r	prott5	replica	0	3	4	30	1287	7.0	106.0	0.20590520590520592	-0.2733937734787786	False
methylation_r	prott5	replica	1	0	0	48	228	1.0	13.0	0.25877192982456143	0.27810040751606463	False
methylation_r	prott5	replica	1	0	1	48	361	1.0	25.0	0.16066481994459833	0.26738121204652493	False
methylation_r	prott5	replica	1	0	2	39	417	1.0	36.0	0.12949640287769784	0.15819199748342705	False
methylation_r	prott5	replica	1	0	3	33	502	1.0	54.5	0.08565737051792828	0.10095331702905279	False
methylation_r	prott5	replica	1	0	4	29	866	2.0	89.0	0.04734411085450346	0.05283859180473597	False
methylation_r	prott5	replica	1	1	0	9	52	3.0	13.5	0.46153846153846156	0.071943771895416	True
methylation_r	prott5	replica	1	1	1	16	143	3.0	25.0	0.24475524475524477	0.033556473419318514	True
methylation_r	prott5	replica	1	1	2	10	126	3.0	36.0	0.1984126984126984	-0.02150686193239385	True
methylation_r	prott5	replica	1	1	3	15	249	3.0	50.0	0.12449799196787148	0.07848768027976157	False
methylation_r	prott5	replica	1	1	4	9	286	3.0	98.0	0.06643356643356643	0.09845175046511427	False
methylation_r	prott5	replica	1	2	0	5	27	4.0	13.0	0.5555555555555556	0.4200743736527102	True
methylation_r	prott5	replica	1	2	1	4	37	4.0	26.0	0.2702702702702703	0.17304520979569338	True
methylation_r	prott5	replica	1	2	2	9	114	4.0	34.0	0.21052631578947367	0.23792027986265998	True
methylation_r	prott5	replica	1	2	3	3	49	4.0	57.0	0.20408163265306123	-0.09845942949010096	True
methylation_r	prott5	replica	1	2	4	10	431	4.0	88.0	0.060324825986078884	-0.2375391508373598	False
methylation_r	prott5	replica	1	3	0	5	32	6.0	15.0	0.5	0.06616515737647265	True
methylation_r	prott5	replica	1	3	1	10	104	6.0	27.0	0.4519230769230769	-0.1341267533240454	True
methylation_r	prott5	replica	1	3	2	13	168	7.0	37.5	0.4166666666666667	-0.2234335619248579	True
methylation_r	prott5	replica	1	3	3	18	369	6.5	53.0	0.3794037940379404	-0.2057376139085815	False
methylation_r	prott5	replica	1	3	4	31	1126	7.0	106.0	0.12966252220248667	-0.16717812679880353	False
methylation_r	prott5	replica	2	0	0	51	213	1.0	13.0	0.30985915492957744	0.25811419462300195	False
methylation_r	prott5	replica	2	0	1	43	343	1.0	25.0	0.15451895043731778	0.2768867121059141	False
methylation_r	prott5	replica	2	0	2	36	418	1.0	36.0	0.09569377990430622	0.10474458025596667	False
methylation_r	prott5	replica	2	0	3	35	591	1.0	54.5	0.07614213197969544	0.05725065941135091	False
methylation_r	prott5	replica	2	0	4	38	1113	2.0	89.0	0.04582210242587601	0.06575974949275477	False
methylation_r	prott5	replica	2	1	0	17	87	3.0	13.5	0.39080459770114945	0.18740206526711245	True
methylation_r	prott5	replica	2	1	1	18	166	3.0	25.0	0.2710843373493976	0.1627306856554074	True
methylation_r	prott5	replica	2	1	2	14	145	3.0	36.0	0.2620689655172414	0.17688574848900698	True
methylation_r	prott5	replica	2	1	3	16	276	3.0	50.0	0.11231884057971014	0.05040189473425861	False
methylation_r	prott5	replica	2	1	4	10	311	3.0	98.0	0.06752411575562701	-0.059680743606568096	False
methylation_r	prott5	replica	2	2	0	11	62	4.0	13.0	0.5161290322580645	0.36731856545846875	True
methylation_r	prott5	replica	2	2	1	4	35	4.0	26.0	0.34285714285714286	0.041640256441272526	True
methylation_r	prott5	replica	2	2	2	2	19	4.0	34.0	0.2631578947368421	0.2601319131868622	True
methylation_r	prott5	replica	2	2	3	8	147	4.0	57.0	0.14285714285714285	0.0969079587804639	True
methylation_r	prott5	replica	2	2	4	5	140	4.0	88.0	0.08571428571428572	0.19849824603846616	True
methylation_r	prott5	replica	2	3	0	10	68	6.0	15.0	0.6617647058823529	-0.0819258355331972	True
methylation_r	prott5	replica	2	3	1	6	69	6.0	27.0	0.30434782608695654	0.02919412436034311	True
methylation_r	prott5	replica	2	3	2	17	259	7.0	37.5	0.39768339768339767	-0.15928814988933532	False
methylation_r	prott5	replica	2	3	3	19	404	6.5	53.0	0.37376237623762376	-0.2919871982964596	False
methylation_r	prott5	replica	2	3	4	25	1039	7.0	106.0	0.13089509143407121	-0.26324276175799205	False
methylation_r	prott5	rebuilt	0	0	0	61	250	1.0	13.0	0.308	0.21622101326079565	False
methylation_r	prott5	rebuilt	0	0	1	51	408	1.0	25.0	0.15931372549019607	0.11303636551526426	False
methylation_r	prott5	rebuilt	0	0	2	58	628	1.0	36.0	0.12261146496815287	0.044554042669311754	False
methylation_r	prott5	rebuilt	0	0	3	41	675	1.0	54.5	0.08	-0.02394373292027151	False
methylation_r	prott5	rebuilt	0	0	4	24	677	2.0	89.0	0.051698670605613	-0.08031864482031402	False
methylation_r	prott5	rebuilt	0	1	0	12	54	3.0	13.5	0.4444444444444444	0.22134698452277507	True
methylation_r	prott5	rebuilt	0	1	1	12	97	3.0	25.0	0.2268041237113402	0.13959414884480698	True
methylation_r	prott5	rebuilt	0	1	2	12	135	3.0	36.0	0.18518518518518517	0.02980089916506101	True
methylation_r	prott5	rebuilt	0	1	3	15	245	3.0	50.0	0.16326530612244897	-0.021978502383612403	False
methylation_r	prott5	rebuilt	0	1	4	10	352	3.0	98.0	0.056818181818181816	-0.11919743593706532	False
methylation_r	prott5	rebuilt	0	2	0	6	33	4.0	13.0	0.3939393939393939	0.20249245257745768	True
methylation_r	prott5	rebuilt	0	2	1	2	22	4.0	26.0	0.22727272727272727	0.017348768198819215	True
methylation_r	prott5	rebuilt	0	2	2	5	60	4.0	34.0	0.3	0.10108523178057349	True
methylation_r	prott5	rebuilt	0	2	3	8	145	4.0	57.0	0.15172413793103448	-0.08385020342599867	True
methylation_r	prott5	rebuilt	0	2	4	4	126	4.0	88.0	0.047619047619047616	-0.03572777858735016	True
methylation_r	prott5	rebuilt	0	3	0	3	18	6.0	15.0	0.4444444444444444	0.22481960028712836	True
methylation_r	prott5	rebuilt	0	3	1	14	164	6.0	27.0	0.49390243902439024	0.08758946268483427	True
methylation_r	prott5	rebuilt	0	3	2	10	165	7.0	37.5	0.47878787878787876	0.07676733331272603	True
methylation_r	prott5	rebuilt	0	3	3	18	341	6.5	53.0	0.2961876832844575	0.028415135993203573	False
methylation_r	prott5	rebuilt	0	3	4	30	1287	7.0	106.0	0.20590520590520592	-0.059850195518335605	False
methylation_r	prott5	rebuilt	1	0	0	48	228	1.0	13.0	0.25877192982456143	0.22932688896498324	False
methylation_r	prott5	rebuilt	1	0	1	48	361	1.0	25.0	0.16066481994459833	0.1151479269189048	False
methylation_r	prott5	rebuilt	1	0	2	39	417	1.0	36.0	0.12949640287769784	0.06063072875618969	False
methylation_r	prott5	rebuilt	1	0	3	33	502	1.0	54.5	0.08565737051792828	-0.013278694611390906	False
methylation_r	prott5	rebuilt	1	0	4	29	866	2.0	89.0	0.04734411085450346	-0.08510841345948846	False
methylation_r	prott5	rebuilt	1	1	0	9	52	3.0	13.5	0.46153846153846156	0.2147221733778793	True
methylation_r	prott5	rebuilt	1	1	1	16	143	3.0	25.0	0.24475524475524477	0.1808313894651155	True
methylation_r	prott5	rebuilt	1	1	2	10	126	3.0	36.0	0.1984126984126984	0.07459298706880911	True
methylation_r	prott5	rebuilt	1	1	3	15	249	3.0	50.0	0.12449799196787148	0.029088395078467555	False
methylation_r	prott5	rebuilt	1	1	4	9	286	3.0	98.0	0.06643356643356643	-0.05245308586261638	False
methylation_r	prott5	rebuilt	1	2	0	5	27	4.0	13.0	0.5555555555555556	0.30762167125803486	True
methylation_r	prott5	rebuilt	1	2	1	4	37	4.0	26.0	0.2702702702702703	0.13197477414111844	True
methylation_r	prott5	rebuilt	1	2	2	9	114	4.0	34.0	0.21052631578947367	0.12058742777464146	True
methylation_r	prott5	rebuilt	1	2	3	3	49	4.0	57.0	0.20408163265306123	-0.03902025026645088	True
methylation_r	prott5	rebuilt	1	2	4	10	431	4.0	88.0	0.060324825986078884	-0.14235136349153055	False
methylation_r	prott5	rebuilt	1	3	0	5	32	6.0	15.0	0.5	0.11644430279585019	True
methylation_r	prott5	rebuilt	1	3	1	10	104	6.0	27.0	0.4519230769230769	0.17323923658546483	True
methylation_r	prott5	rebuilt	1	3	2	13	168	7.0	37.5	0.4166666666666667	0.07488361090875598	True
methylation_r	prott5	rebuilt	1	3	3	18	369	6.5	53.0	0.3794037940379404	0.02753033948486135	False
methylation_r	prott5	rebuilt	1	3	4	31	1126	7.0	106.0	0.12966252220248667	-0.07600832161849921	False
methylation_r	prott5	rebuilt	2	0	0	51	213	1.0	13.0	0.30985915492957744	0.1950849323999316	False
methylation_r	prott5	rebuilt	2	0	1	43	343	1.0	25.0	0.15451895043731778	0.10455116605732653	False
methylation_r	prott5	rebuilt	2	0	2	36	418	1.0	36.0	0.09569377990430622	0.05714968662515344	False
methylation_r	prott5	rebuilt	2	0	3	35	591	1.0	54.5	0.07614213197969544	-0.03294234287670978	False
methylation_r	prott5	rebuilt	2	0	4	38	1113	2.0	89.0	0.04582210242587601	-0.059725376259173985	False
methylation_r	prott5	rebuilt	2	1	0	17	87	3.0	13.5	0.39080459770114945	0.11192054269224405	True
methylation_r	prott5	rebuilt	2	1	1	18	166	3.0	25.0	0.2710843373493976	0.12296144782346999	True
methylation_r	prott5	rebuilt	2	1	2	14	145	3.0	36.0	0.2620689655172414	0.03508190020146574	True
methylation_r	prott5	rebuilt	2	1	3	16	276	3.0	50.0	0.11231884057971014	-0.020877050890304217	False
methylation_r	prott5	rebuilt	2	1	4	10	311	3.0	98.0	0.06752411575562701	-0.11167003819859457	False
methylation_r	prott5	rebuilt	2	2	0	11	62	4.0	13.0	0.5161290322580645	0.21927562754363444	True
methylation_r	prott5	rebuilt	2	2	1	4	35	4.0	26.0	0.34285714285714286	0.049125438490383457	True
methylation_r	prott5	rebuilt	2	2	2	2	19	4.0	34.0	0.2631578947368421	0.03831721556219084	True
methylation_r	prott5	rebuilt	2	2	3	8	147	4.0	57.0	0.14285714285714285	-0.03356143473477452	True
methylation_r	prott5	rebuilt	2	2	4	5	140	4.0	88.0	0.08571428571428572	-0.11826176363856296	True
methylation_r	prott5	rebuilt	2	3	0	10	68	6.0	15.0	0.6617647058823529	0.1442122827115605	True
methylation_r	prott5	rebuilt	2	3	1	6	69	6.0	27.0	0.30434782608695654	0.10304949134238978	True
methylation_r	prott5	rebuilt	2	3	2	17	259	7.0	37.5	0.39768339768339767	0.03879900221983202	False
methylation_r	prott5	rebuilt	2	3	3	19	404	6.5	53.0	0.37376237623762376	0.018283926191094976	False
methylation_r	prott5	rebuilt	2	3	4	25	1039	7.0	106.0	0.13089509143407121	-0.037544160468241536	False
sumoylation_k	ppi	replica	0	0	0	107	1070	1.0	12.0	0.13457943925233645	0.10285185485626946	False
sumoylation_k	ppi	replica	0	0	1	49	912	1.0	23.0	0.07346491228070176	0.1255127060742308	False
sumoylation_k	ppi	replica	0	0	2	54	1440	1.0	34.0	0.05138888888888889	0.10117590794883509	False
sumoylation_k	ppi	replica	0	0	3	27	1182	1.0	56.0	0.028764805414551606	0.1051321829884695	False
sumoylation_k	ppi	replica	0	0	4	35	3115	1.0	96.0	0.015088282504012842	-0.01363606299408908	False
sumoylation_k	ppi	replica	0	1	0	30	332	3.0	13.5	0.3072289156626506	0.11362308530604832	False
sumoylation_k	ppi	replica	0	1	1	29	545	3.0	23.0	0.1834862385321101	0.06720072422160844	False
sumoylation_k	ppi	replica	0	1	2	27	727	3.0	32.0	0.13067400275103164	0.09236654700286476	False
sumoylation_k	ppi	replica	0	1	3	18	717	3.0	51.0	0.08368200836820083	0.09965189839141185	False
sumoylation_k	ppi	replica	0	1	4	14	1219	3.0	93.0	0.03691550451189499	0.012714647141292263	False
sumoylation_k	ppi	replica	0	2	0	20	258	6.0	15.0	0.49612403100775193	0.10235833855677258	False
sumoylation_k	ppi	replica	0	2	1	38	766	7.0	23.0	0.35900783289817234	0.03756406647526738	False
sumoylation_k	ppi	replica	0	2	2	35	988	7.0	33.0	0.2388663967611336	-0.017283694882213794	False
sumoylation_k	ppi	replica	0	2	3	28	1206	7.0	50.0	0.16666666666666666	0.009606887899470215	False
sumoylation_k	ppi	replica	0	2	4	18	1922	7.0	96.5	0.06971904266389178	-0.12252338696604773	False
sumoylation_k	ppi	replica	0	3	0	1	15	11.0	16.0	0.7333333333333333	-0.20531445104309426	True
sumoylation_k	ppi	replica	0	3	1	13	288	15.0	24.0	0.6666666666666666	-0.05317544160194914	False
sumoylation_k	ppi	replica	0	3	2	23	753	16.0	35.0	0.49933598937583	-0.06252089252249415	False
sumoylation_k	ppi	replica	0	3	3	23	1039	17.5	53.0	0.41000962463907603	-0.041406437208353436	False
sumoylation_k	ppi	replica	0	3	4	40	3396	19.0	92.0	0.29299175500588925	-0.11370966353342901	False
sumoylation_k	ppi	replica	1	0	0	77	734	1.0	12.0	0.14577656675749318	0.05624542582310418	False
sumoylation_k	ppi	replica	1	0	1	51	943	1.0	23.0	0.08059384941675504	0.1377122918970309	False
sumoylation_k	ppi	replica	1	0	2	44	1217	1.0	34.0	0.05094494658997535	0.06987171523649276	False
sumoylation_k	ppi	replica	1	0	3	45	2055	1.0	56.0	0.03017031630170316	0.06852342286853977	False
sumoylation_k	ppi	replica	1	0	4	43	4062	1.0	96.0	0.013786312161496799	0.08617746695646357	False
sumoylation_k	ppi	replica	1	1	0	28	303	3.0	13.5	0.31353135313531355	0.0720539767201989	False
sumoylation_k	ppi	replica	1	1	1	22	424	3.0	23.0	0.18160377358490565	0.09459312196836958	False
sumoylation_k	ppi	replica	1	1	2	20	540	3.0	32.0	0.12037037037037036	0.05127362156126737	False
sumoylation_k	ppi	replica	1	1	3	22	940	3.0	51.0	0.0851063829787234	0.008094820417280425	False
sumoylation_k	ppi	replica	1	1	4	24	2016	3.0	93.0	0.04017857142857143	0.03325484820121049	False
sumoylation_k	ppi	replica	1	2	0	16	229	6.0	15.0	0.4759825327510917	0.06585536199689208	False
sumoylation_k	ppi	replica	1	2	1	27	534	7.0	23.0	0.3464419475655431	0.0005783087002479997	False
sumoylation_k	ppi	replica	1	2	2	34	967	7.0	33.0	0.25542916235780766	-0.0026804680184616824	False
sumoylation_k	ppi	replica	1	2	3	28	1151	7.0	50.0	0.1685490877497828	-0.016794098016636762	False
sumoylation_k	ppi	replica	1	2	4	26	2161	7.0	96.5	0.0879222582137899	-0.03754295287527074	False
sumoylation_k	ppi	replica	1	3	0	1	16	11.0	16.0	0.6875	-0.01786187698833511	True
sumoylation_k	ppi	replica	1	3	1	12	257	15.0	24.0	0.642023346303502	-0.014306728670399544	False
sumoylation_k	ppi	replica	1	3	2	22	657	16.0	35.0	0.5266362252663622	-0.10416307823845701	False
sumoylation_k	ppi	replica	1	3	3	47	2279	17.5	53.0	0.38569548047389207	-0.08547010009984925	False
sumoylation_k	ppi	replica	1	3	4	60	4919	19.0	92.0	0.23338076844887173	-0.11312887779143777	False
sumoylation_k	ppi	replica	2	0	0	99	966	1.0	12.0	0.13871635610766045	0.09903382416479337	False
sumoylation_k	ppi	replica	2	0	1	46	875	1.0	23.0	0.072	0.11509676757837532	False
sumoylation_k	ppi	replica	2	0	2	55	1528	1.0	34.0	0.046465968586387435	0.06273721326552949	False
sumoylation_k	ppi	replica	2	0	3	46	1979	1.0	56.0	0.030823648307225872	0.12871537515707498	False
sumoylation_k	ppi	replica	2	0	4	27	2395	1.0	96.0	0.014613778705636743	0.05826767103695232	False
sumoylation_k	ppi	replica	2	1	0	28	319	3.0	13.5	0.28213166144200624	0.07651668900717577	False
sumoylation_k	ppi	replica	2	1	1	18	348	3.0	23.0	0.1810344827586207	0.13793838210089285	False
sumoylation_k	ppi	replica	2	1	2	22	591	3.0	32.0	0.13028764805414553	0.0062391021127669284	False
sumoylation_k	ppi	replica	2	1	3	22	983	3.0	51.0	0.07324516785350967	0.058389900879093154	False
sumoylation_k	ppi	replica	2	1	4	21	2097	3.0	93.0	0.03528850739151168	-0.07825758662862989	False
sumoylation_k	ppi	replica	2	2	0	17	201	6.0	15.0	0.5124378109452736	-0.002888951081663282	False
sumoylation_k	ppi	replica	2	2	1	32	625	7.0	23.0	0.3344	0.03624611519827741	False
sumoylation_k	ppi	replica	2	2	2	26	757	7.0	33.0	0.2668428005284016	-0.06216440087504364	False
sumoylation_k	ppi	replica	2	2	3	27	1139	7.0	50.0	0.17032484635645304	-0.040201550275243726	False
sumoylation_k	ppi	replica	2	2	4	24	2022	7.0	96.5	0.08061325420375866	-0.023090777599287786	False
sumoylation_k	ppi	replica	2	3	0	3	46	11.0	16.0	0.8043478260869565	0.0034385507766482755	True
sumoylation_k	ppi	replica	2	3	1	10	233	15.0	24.0	0.6437768240343348	0.00924983962375309	False
sumoylation_k	ppi	replica	2	3	2	22	697	16.0	35.0	0.5882352941176471	-0.010032293433625588	False
sumoylation_k	ppi	replica	2	3	3	28	1303	17.5	53.0	0.442056792018419	-0.05674221891839823	False
sumoylation_k	ppi	replica	2	3	4	31	3188	19.0	92.0	0.2672521957340025	-0.14423737459984182	False
sumoylation_k	ppi	rebuilt	0	0	0	107	1070	1.0	12.0	0.13457943925233645	0.0061913219453256065	False
sumoylation_k	ppi	rebuilt	0	0	1	49	912	1.0	23.0	0.07346491228070176	-0.022178576294550903	False
sumoylation_k	ppi	rebuilt	0	0	2	54	1440	1.0	34.0	0.05138888888888889	0.006359401172529316	False
sumoylation_k	ppi	rebuilt	0	0	3	27	1182	1.0	56.0	0.028764805414551606	-0.0467770903432715	False
sumoylation_k	ppi	rebuilt	0	0	4	35	3115	1.0	96.0	0.015088282504012842	-0.0555330570846352	False
sumoylation_k	ppi	rebuilt	0	1	0	30	332	3.0	13.5	0.3072289156626506	-0.004153984599888824	False
sumoylation_k	ppi	rebuilt	0	1	1	29	545	3.0	23.0	0.1834862385321101	0.0013360379881056676	False
sumoylation_k	ppi	rebuilt	0	1	2	27	727	3.0	32.0	0.13067400275103164	0.013372665503332591	False
sumoylation_k	ppi	rebuilt	0	1	3	18	717	3.0	51.0	0.08368200836820083	-0.0005980198953433337	False
sumoylation_k	ppi	rebuilt	0	1	4	14	1219	3.0	93.0	0.03691550451189499	-0.11682071705383505	False
sumoylation_k	ppi	rebuilt	0	2	0	20	258	6.0	15.0	0.49612403100775193	0.0667193437235508	False
sumoylation_k	ppi	rebuilt	0	2	1	38	766	7.0	23.0	0.35900783289817234	0.036093653646824195	False
sumoylation_k	ppi	rebuilt	0	2	2	35	988	7.0	33.0	0.2388663967611336	0.04909639751943375	False
sumoylation_k	ppi	rebuilt	0	2	3	28	1206	7.0	50.0	0.16666666666666666	0.016329631725641624	False
sumoylation_k	ppi	rebuilt	0	2	4	18	1922	7.0	96.5	0.06971904266389178	-0.04570354373323433	False
sumoylation_k	ppi	rebuilt	0	3	0	1	15	11.0	16.0	0.7333333333333333	-0.001399421349170088	True
sumoylation_k	ppi	rebuilt	0	3	1	13	288	15.0	24.0	0.6666666666666666	0.10660015671793309	False
sumoylation_k	ppi	rebuilt	0	3	2	23	753	16.0	35.0	0.49933598937583	0.05920350879108813	False
sumoylation_k	ppi	rebuilt	0	3	3	23	1039	17.5	53.0	0.41000962463907603	0.011547874115524688	False
sumoylation_k	ppi	rebuilt	0	3	4	40	3396	19.0	92.0	0.29299175500588925	0.0747952472502786	False
sumoylation_k	ppi	rebuilt	1	0	0	77	734	1.0	12.0	0.14577656675749318	0.0399350410122816	False
sumoylation_k	ppi	rebuilt	1	0	1	51	943	1.0	23.0	0.08059384941675504	0.010806450161878171	False
sumoylation_k	ppi	rebuilt	1	0	2	44	1217	1.0	34.0	0.05094494658997535	-0.012853496837024641	False
sumoylation_k	ppi	rebuilt	1	0	3	45	2055	1.0	56.0	0.03017031630170316	-0.03966212263791043	False
sumoylation_k	ppi	rebuilt	1	0	4	43	4062	1.0	96.0	0.013786312161496799	-0.07694346831056961	False
sumoylation_k	ppi	rebuilt	1	1	0	28	303	3.0	13.5	0.31353135313531355	0.050839256778275915	False
sumoylation_k	ppi	rebuilt	1	1	1	22	424	3.0	23.0	0.18160377358490565	-0.014269475322492594	False
sumoylation_k	ppi	rebuilt	1	1	2	20	540	3.0	32.0	0.12037037037037036	0.08101206607304169	False
sumoylation_k	ppi	rebuilt	1	1	3	22	940	3.0	51.0	0.0851063829787234	-0.04972971132678156	False
sumoylation_k	ppi	rebuilt	1	1	4	24	2016	3.0	93.0	0.04017857142857143	-0.04951917195386461	False
sumoylation_k	ppi	rebuilt	1	2	0	16	229	6.0	15.0	0.4759825327510917	0.050824392096208794	False
sumoylation_k	ppi	rebuilt	1	2	1	27	534	7.0	23.0	0.3464419475655431	-0.00613468933035342	False
sumoylation_k	ppi	rebuilt	1	2	2	34	967	7.0	33.0	0.25542916235780766	0.034061853622190996	False
sumoylation_k	ppi	rebuilt	1	2	3	28	1151	7.0	50.0	0.1685490877497828	0.023227531410281808	False
sumoylation_k	ppi	rebuilt	1	2	4	26	2161	7.0	96.5	0.0879222582137899	0.027765537046151704	False
sumoylation_k	ppi	rebuilt	1	3	0	1	16	11.0	16.0	0.6875	0.20552993864565977	True
sumoylation_k	ppi	rebuilt	1	3	1	12	257	15.0	24.0	0.642023346303502	0.08368109241790389	False
sumoylation_k	ppi	rebuilt	1	3	2	22	657	16.0	35.0	0.5266362252663622	0.017139976024111468	False
sumoylation_k	ppi	rebuilt	1	3	3	47	2279	17.5	53.0	0.38569548047389207	0.05543086401936654	False
sumoylation_k	ppi	rebuilt	1	3	4	60	4919	19.0	92.0	0.23338076844887173	0.03521989189573407	False
sumoylation_k	ppi	rebuilt	2	0	0	99	966	1.0	12.0	0.13871635610766045	0.0010266520888385646	False
sumoylation_k	ppi	rebuilt	2	0	1	46	875	1.0	23.0	0.072	0.015482556202096844	False
sumoylation_k	ppi	rebuilt	2	0	2	55	1528	1.0	34.0	0.046465968586387435	-0.043686154989041215	False
sumoylation_k	ppi	rebuilt	2	0	3	46	1979	1.0	56.0	0.030823648307225872	-0.04557161835736747	False
sumoylation_k	ppi	rebuilt	2	0	4	27	2395	1.0	96.0	0.014613778705636743	-0.07338805836520924	False
sumoylation_k	ppi	rebuilt	2	1	0	28	319	3.0	13.5	0.28213166144200624	-0.02092172740603909	False
sumoylation_k	ppi	rebuilt	2	1	1	18	348	3.0	23.0	0.1810344827586207	-0.022019135775733164	False
sumoylation_k	ppi	rebuilt	2	1	2	22	591	3.0	32.0	0.13028764805414553	-0.05086897699598895	False
sumoylation_k	ppi	rebuilt	2	1	3	22	983	3.0	51.0	0.07324516785350967	-0.03513093758436758	False
sumoylation_k	ppi	rebuilt	2	1	4	21	2097	3.0	93.0	0.03528850739151168	-0.023096329456836005	False
sumoylation_k	ppi	rebuilt	2	2	0	17	201	6.0	15.0	0.5124378109452736	0.042933881641496446	False
sumoylation_k	ppi	rebuilt	2	2	1	32	625	7.0	23.0	0.3344	0.00318905436928046	False
sumoylation_k	ppi	rebuilt	2	2	2	26	757	7.0	33.0	0.2668428005284016	0.05114253331724646	False
sumoylation_k	ppi	rebuilt	2	2	3	27	1139	7.0	50.0	0.17032484635645304	0.04675159551247887	False
sumoylation_k	ppi	rebuilt	2	2	4	24	2022	7.0	96.5	0.08061325420375866	-0.007639542992274286	False
sumoylation_k	ppi	rebuilt	2	3	0	3	46	11.0	16.0	0.8043478260869565	0.25391834855943646	True
sumoylation_k	ppi	rebuilt	2	3	1	10	233	15.0	24.0	0.6437768240343348	0.048051072422293575	False
sumoylation_k	ppi	rebuilt	2	3	2	22	697	16.0	35.0	0.5882352941176471	0.11525652349756628	False
sumoylation_k	ppi	rebuilt	2	3	3	28	1303	17.5	53.0	0.442056792018419	0.09324091500807188	False
sumoylation_k	ppi	rebuilt	2	3	4	31	3188	19.0	92.0	0.2672521957340025	0.04193460904779069	False
sumoylation_k	esm	replica	0	0	0	107	1070	1.0	12.0	0.13457943925233645	0.2977162575835849	False
sumoylation_k	esm	replica	0	0	1	49	912	1.0	23.0	0.07346491228070176	0.19823672288876598	False
sumoylation_k	esm	replica	0	0	2	54	1440	1.0	34.0	0.05138888888888889	0.1526951201715649	False
sumoylation_k	esm	replica	0	0	3	27	1182	1.0	56.0	0.028764805414551606	0.07687578408888003	False
sumoylation_k	esm	replica	0	0	4	35	3115	1.0	96.0	0.015088282504012842	-0.08419489832058293	False
sumoylation_k	esm	replica	0	1	0	30	332	3.0	13.5	0.3072289156626506	0.3027727630485395	False
sumoylation_k	esm	replica	0	1	1	29	545	3.0	23.0	0.1834862385321101	0.17453979656413846	False
sumoylation_k	esm	replica	0	1	2	27	727	3.0	32.0	0.13067400275103164	0.13931009304368536	False
sumoylation_k	esm	replica	0	1	3	18	717	3.0	51.0	0.08368200836820083	0.02707339792661801	False
sumoylation_k	esm	replica	0	1	4	14	1219	3.0	93.0	0.03691550451189499	-0.11885604471008931	False
sumoylation_k	esm	replica	0	2	0	20	258	6.0	15.0	0.49612403100775193	0.18040882708114217	False
sumoylation_k	esm	replica	0	2	1	38	766	7.0	23.0	0.35900783289817234	0.13480078412475385	False
sumoylation_k	esm	replica	0	2	2	35	988	7.0	33.0	0.2388663967611336	0.05808269355611329	False
sumoylation_k	esm	replica	0	2	3	28	1206	7.0	50.0	0.16666666666666666	-0.025576510624886833	False
sumoylation_k	esm	replica	0	2	4	18	1922	7.0	96.5	0.06971904266389178	-0.15563850612441643	False
sumoylation_k	esm	replica	0	3	0	1	15	11.0	16.0	0.7333333333333333	0.03513628749809654	True
sumoylation_k	esm	replica	0	3	1	13	288	15.0	24.0	0.6666666666666666	0.10498975305822039	False
sumoylation_k	esm	replica	0	3	2	23	753	16.0	35.0	0.49933598937583	0.02911524300240791	False
sumoylation_k	esm	replica	0	3	3	23	1039	17.5	53.0	0.41000962463907603	-0.07315196157531026	False
sumoylation_k	esm	replica	0	3	4	40	3396	19.0	92.0	0.29299175500588925	-0.16877729745203154	False
sumoylation_k	esm	replica	1	0	0	77	734	1.0	12.0	0.14577656675749318	0.3778882586116297	False
sumoylation_k	esm	replica	1	0	1	51	943	1.0	23.0	0.08059384941675504	0.27005215315716646	False
sumoylation_k	esm	replica	1	0	2	44	1217	1.0	34.0	0.05094494658997535	0.14586727229521387	False
sumoylation_k	esm	replica	1	0	3	45	2055	1.0	56.0	0.03017031630170316	0.03344756987715862	False
sumoylation_k	esm	replica	1	0	4	43	4062	1.0	96.0	0.013786312161496799	-0.044449128382812945	False
sumoylation_k	esm	replica	1	1	0	28	303	3.0	13.5	0.31353135313531355	0.3062017306108736	False
sumoylation_k	esm	replica	1	1	1	22	424	3.0	23.0	0.18160377358490565	0.23664707034097177	False
sumoylation_k	esm	replica	1	1	2	20	540	3.0	32.0	0.12037037037037036	0.08715202382355088	False
sumoylation_k	esm	replica	1	1	3	22	940	3.0	51.0	0.0851063829787234	-0.022800623374279207	False
sumoylation_k	esm	replica	1	1	4	24	2016	3.0	93.0	0.04017857142857143	-0.07235687443941875	False
sumoylation_k	esm	replica	1	2	0	16	229	6.0	15.0	0.4759825327510917	0.29069723788045887	False
sumoylation_k	esm	replica	1	2	1	27	534	7.0	23.0	0.3464419475655431	0.21527445620258423	False
sumoylation_k	esm	replica	1	2	2	34	967	7.0	33.0	0.25542916235780766	0.08748901603232377	False
sumoylation_k	esm	replica	1	2	3	28	1151	7.0	50.0	0.1685490877497828	0.02171084903940653	False
sumoylation_k	esm	replica	1	2	4	26	2161	7.0	96.5	0.0879222582137899	-0.13793496084512039	False
sumoylation_k	esm	replica	1	3	0	1	16	11.0	16.0	0.6875	0.3137663800939252	True
sumoylation_k	esm	replica	1	3	1	12	257	15.0	24.0	0.642023346303502	0.1251775022885932	False
sumoylation_k	esm	replica	1	3	2	22	657	16.0	35.0	0.5266362252663622	0.06333832312202133	False
sumoylation_k	esm	replica	1	3	3	47	2279	17.5	53.0	0.38569548047389207	-0.059932513848507396	False
sumoylation_k	esm	replica	1	3	4	60	4919	19.0	92.0	0.23338076844887173	-0.12316840034740648	False
sumoylation_k	esm	replica	2	0	0	99	966	1.0	12.0	0.13871635610766045	0.30889619947402425	False
sumoylation_k	esm	replica	2	0	1	46	875	1.0	23.0	0.072	0.20106016251826409	False
sumoylation_k	esm	replica	2	0	2	55	1528	1.0	34.0	0.046465968586387435	0.08243922819258523	False
sumoylation_k	esm	replica	2	0	3	46	1979	1.0	56.0	0.030823648307225872	0.04814433210290682	False
sumoylation_k	esm	replica	2	0	4	27	2395	1.0	96.0	0.014613778705636743	-0.048562625048371076	False
sumoylation_k	esm	replica	2	1	0	28	319	3.0	13.5	0.28213166144200624	0.25343678685916815	False
sumoylation_k	esm	replica	2	1	1	18	348	3.0	23.0	0.1810344827586207	0.2303522112979039	False
sumoylation_k	esm	replica	2	1	2	22	591	3.0	32.0	0.13028764805414553	0.11714122477754875	False
sumoylation_k	esm	replica	2	1	3	22	983	3.0	51.0	0.07324516785350967	0.02663624520125828	False
sumoylation_k	esm	replica	2	1	4	21	2097	3.0	93.0	0.03528850739151168	-0.13001468307967914	False
sumoylation_k	esm	replica	2	2	0	17	201	6.0	15.0	0.5124378109452736	0.22709873831988453	False
sumoylation_k	esm	replica	2	2	1	32	625	7.0	23.0	0.3344	0.2296425623542078	False
sumoylation_k	esm	replica	2	2	2	26	757	7.0	33.0	0.2668428005284016	0.08448434267786206	False
sumoylation_k	esm	replica	2	2	3	27	1139	7.0	50.0	0.17032484635645304	-0.040417023820007635	False
sumoylation_k	esm	replica	2	2	4	24	2022	7.0	96.5	0.08061325420375866	-0.08551239612069142	False
sumoylation_k	esm	replica	2	3	0	3	46	11.0	16.0	0.8043478260869565	0.1427505675656699	True
sumoylation_k	esm	replica	2	3	1	10	233	15.0	24.0	0.6437768240343348	0.14192277450522098	False
sumoylation_k	esm	replica	2	3	2	22	697	16.0	35.0	0.5882352941176471	0.07348081972391482	False
sumoylation_k	esm	replica	2	3	3	28	1303	17.5	53.0	0.442056792018419	-0.1025111445533014	False
sumoylation_k	esm	replica	2	3	4	31	3188	19.0	92.0	0.2672521957340025	-0.17393549170910744	False
sumoylation_k	esm	rebuilt	0	0	0	107	1070	1.0	12.0	0.13457943925233645	0.11358171486147817	False
sumoylation_k	esm	rebuilt	0	0	1	49	912	1.0	23.0	0.07346491228070176	0.04436626914476691	False
sumoylation_k	esm	rebuilt	0	0	2	54	1440	1.0	34.0	0.05138888888888889	0.011036574920054821	False
sumoylation_k	esm	rebuilt	0	0	3	27	1182	1.0	56.0	0.028764805414551606	-0.04251346333266084	False
sumoylation_k	esm	rebuilt	0	0	4	35	3115	1.0	96.0	0.015088282504012842	-0.14321607306927167	False
sumoylation_k	esm	rebuilt	0	1	0	30	332	3.0	13.5	0.3072289156626506	0.12451090336677914	False
sumoylation_k	esm	rebuilt	0	1	1	29	545	3.0	23.0	0.1834862385321101	0.08414893483262854	False
sumoylation_k	esm	rebuilt	0	1	2	27	727	3.0	32.0	0.13067400275103164	0.06993605642316873	False
sumoylation_k	esm	rebuilt	0	1	3	18	717	3.0	51.0	0.08368200836820083	-0.023061197963954425	False
sumoylation_k	esm	rebuilt	0	1	4	14	1219	3.0	93.0	0.03691550451189499	-0.1332036984085166	False
sumoylation_k	esm	rebuilt	0	2	0	20	258	6.0	15.0	0.49612403100775193	0.14429733232759998	False
sumoylation_k	esm	rebuilt	0	2	1	38	766	7.0	23.0	0.35900783289817234	0.0784107458727294	False
sumoylation_k	esm	rebuilt	0	2	2	35	988	7.0	33.0	0.2388663967611336	0.09485606630872434	False
sumoylation_k	esm	rebuilt	0	2	3	28	1206	7.0	50.0	0.16666666666666666	0.051666159078219386	False
sumoylation_k	esm	rebuilt	0	2	4	18	1922	7.0	96.5	0.06971904266389178	-0.02994482392094804	False
sumoylation_k	esm	rebuilt	0	3	0	1	15	11.0	16.0	0.7333333333333333	0.038856403228262525	True
sumoylation_k	esm	rebuilt	0	3	1	13	288	15.0	24.0	0.6666666666666666	0.2091929026445358	False
sumoylation_k	esm	rebuilt	0	3	2	23	753	16.0	35.0	0.49933598937583	0.12646044419853705	False
sumoylation_k	esm	rebuilt	0	3	3	23	1039	17.5	53.0	0.41000962463907603	0.07174557273197733	False
sumoylation_k	esm	rebuilt	0	3	4	40	3396	19.0	92.0	0.29299175500588925	-0.01973310174386226	False
sumoylation_k	esm	rebuilt	1	0	0	77	734	1.0	12.0	0.14577656675749318	0.1101633618389089	False
sumoylation_k	esm	rebuilt	1	0	1	51	943	1.0	23.0	0.08059384941675504	0.053716334152269424	False
sumoylation_k	esm	rebuilt	1	0	2	44	1217	1.0	34.0	0.05094494658997535	0.010857428414334772	False
sumoylation_k	esm	rebuilt	1	0	3	45	2055	1.0	56.0	0.03017031630170316	-0.03973076408462774	False
sumoylation_k	esm	rebuilt	1	0	4	43	4062	1.0	96.0	0.013786312161496799	-0.18729043952205443	False
sumoylation_k	esm	rebuilt	1	1	0	28	303	3.0	13.5	0.31353135313531355	0.13605418070969344	False
sumoylation_k	esm	rebuilt	1	1	1	22	424	3.0	23.0	0.18160377358490565	0.08148583119195775	False
sumoylation_k	esm	rebuilt	1	1	2	20	540	3.0	32.0	0.12037037037037036	0.06610961722971267	False
sumoylation_k	esm	rebuilt	1	1	3	22	940	3.0	51.0	0.0851063829787234	-0.009764639142360766	False
sumoylation_k	esm	rebuilt	1	1	4	24	2016	3.0	93.0	0.04017857142857143	-0.0523767367498431	False
sumoylation_k	esm	rebuilt	1	2	0	16	229	6.0	15.0	0.4759825327510917	0.11119775421085465	False
sumoylation_k	esm	rebuilt	1	2	1	27	534	7.0	23.0	0.3464419475655431	0.10217567194165905	False
sumoylation_k	esm	rebuilt	1	2	2	34	967	7.0	33.0	0.25542916235780766	0.10005669991087496	False
sumoylation_k	esm	rebuilt	1	2	3	28	1151	7.0	50.0	0.1685490877497828	0.021943927880763665	False
sumoylation_k	esm	rebuilt	1	2	4	26	2161	7.0	96.5	0.0879222582137899	0.025237497845214514	False
sumoylation_k	esm	rebuilt	1	3	0	1	16	11.0	16.0	0.6875	0.2550536850477201	True
sumoylation_k	esm	rebuilt	1	3	1	12	257	15.0	24.0	0.642023346303502	0.1761971420436828	False
sumoylation_k	esm	rebuilt	1	3	2	22	657	16.0	35.0	0.5266362252663622	0.09232734673981642	False
sumoylation_k	esm	rebuilt	1	3	3	47	2279	17.5	53.0	0.38569548047389207	0.09626411032833125	False
sumoylation_k	esm	rebuilt	1	3	4	60	4919	19.0	92.0	0.23338076844887173	0.023379574743321738	False
sumoylation_k	esm	rebuilt	2	0	0	99	966	1.0	12.0	0.13871635610766045	0.0968964439238431	False
sumoylation_k	esm	rebuilt	2	0	1	46	875	1.0	23.0	0.072	0.047048063366742714	False
sumoylation_k	esm	rebuilt	2	0	2	55	1528	1.0	34.0	0.046465968586387435	-0.007436635874349308	False
sumoylation_k	esm	rebuilt	2	0	3	46	1979	1.0	56.0	0.030823648307225872	-0.058401129044995774	False
sumoylation_k	esm	rebuilt	2	0	4	27	2395	1.0	96.0	0.014613778705636743	-0.19747059993624197	False
sumoylation_k	esm	rebuilt	2	1	0	28	319	3.0	13.5	0.28213166144200624	0.10637529974063259	False
sumoylation_k	esm	rebuilt	2	1	1	18	348	3.0	23.0	0.1810344827586207	0.016740967843729308	False
sumoylation_k	esm	rebuilt	2	1	2	22	591	3.0	32.0	0.13028764805414553	0.0653514588557412	False
sumoylation_k	esm	rebuilt	2	1	3	22	983	3.0	51.0	0.07324516785350967	0.026382149876447974	False
sumoylation_k	esm	rebuilt	2	1	4	21	2097	3.0	93.0	0.03528850739151168	-0.14680430272977185	False
sumoylation_k	esm	rebuilt	2	2	0	17	201	6.0	15.0	0.5124378109452736	0.12583000572233038	False
sumoylation_k	esm	rebuilt	2	2	1	32	625	7.0	23.0	0.3344	0.09751670554458998	False
sumoylation_k	esm	rebuilt	2	2	2	26	757	7.0	33.0	0.2668428005284016	0.06586110234734796	False
sumoylation_k	esm	rebuilt	2	2	3	27	1139	7.0	50.0	0.17032484635645304	0.09240219249747192	False
sumoylation_k	esm	rebuilt	2	2	4	24	2022	7.0	96.5	0.08061325420375866	-0.034610370173560064	False
sumoylation_k	esm	rebuilt	2	3	0	3	46	11.0	16.0	0.8043478260869565	0.3600492280326731	True
sumoylation_k	esm	rebuilt	2	3	1	10	233	15.0	24.0	0.6437768240343348	0.14439272273045473	False
sumoylation_k	esm	rebuilt	2	3	2	22	697	16.0	35.0	0.5882352941176471	0.13197205680905144	False
sumoylation_k	esm	rebuilt	2	3	3	28	1303	17.5	53.0	0.442056792018419	0.10374041587695526	False
sumoylation_k	esm	rebuilt	2	3	4	31	3188	19.0	92.0	0.2672521957340025	0.06898373611252136	False
sumoylation_k	prott5	replica	0	0	0	107	1070	1.0	12.0	0.13457943925233645	0.3116808981184598	False
sumoylation_k	prott5	replica	0	0	1	49	912	1.0	23.0	0.07346491228070176	0.23381941605956416	False
sumoylation_k	prott5	replica	0	0	2	54	1440	1.0	34.0	0.05138888888888889	0.13668468605654535	False
sumoylation_k	prott5	replica	0	0	3	27	1182	1.0	56.0	0.028764805414551606	0.07782687472124505	False
sumoylation_k	prott5	replica	0	0	4	35	3115	1.0	96.0	0.015088282504012842	-0.06093117711716323	False
sumoylation_k	prott5	replica	0	1	0	30	332	3.0	13.5	0.3072289156626506	0.34010310313891473	False
sumoylation_k	prott5	replica	0	1	1	29	545	3.0	23.0	0.1834862385321101	0.19169219743421023	False
sumoylation_k	prott5	replica	0	1	2	27	727	3.0	32.0	0.13067400275103164	0.1712062877850551	False
sumoylation_k	prott5	replica	0	1	3	18	717	3.0	51.0	0.08368200836820083	-0.0025954547684536515	False
sumoylation_k	prott5	replica	0	1	4	14	1219	3.0	93.0	0.03691550451189499	-0.12751901801497603	False
sumoylation_k	prott5	replica	0	2	0	20	258	6.0	15.0	0.49612403100775193	0.18233468257425253	False
sumoylation_k	prott5	replica	0	2	1	38	766	7.0	23.0	0.35900783289817234	0.17654200864278669	False
sumoylation_k	prott5	replica	0	2	2	35	988	7.0	33.0	0.2388663967611336	0.06318704767858431	False
sumoylation_k	prott5	replica	0	2	3	28	1206	7.0	50.0	0.16666666666666666	-0.03446129713848907	False
sumoylation_k	prott5	replica	0	2	4	18	1922	7.0	96.5	0.06971904266389178	-0.2062243865244299	False
sumoylation_k	prott5	replica	0	3	0	1	15	11.0	16.0	0.7333333333333333	0.30933455154560685	True
sumoylation_k	prott5	replica	0	3	1	13	288	15.0	24.0	0.6666666666666666	0.050396394853053146	False
sumoylation_k	prott5	replica	0	3	2	23	753	16.0	35.0	0.49933598937583	0.008553360791643838	False
sumoylation_k	prott5	replica	0	3	3	23	1039	17.5	53.0	0.41000962463907603	-0.07955381949558801	False
sumoylation_k	prott5	replica	0	3	4	40	3396	19.0	92.0	0.29299175500588925	-0.17079580900540822	False
sumoylation_k	prott5	replica	1	0	0	77	734	1.0	12.0	0.14577656675749318	0.3686519815551025	False
sumoylation_k	prott5	replica	1	0	1	51	943	1.0	23.0	0.08059384941675504	0.2829131459724522	False
sumoylation_k	prott5	replica	1	0	2	44	1217	1.0	34.0	0.05094494658997535	0.1918594540778849	False
sumoylation_k	prott5	replica	1	0	3	45	2055	1.0	56.0	0.03017031630170316	0.04189307562704316	False
sumoylation_k	prott5	replica	1	0	4	43	4062	1.0	96.0	0.013786312161496799	-0.06010184437835277	False
sumoylation_k	prott5	replica	1	1	0	28	303	3.0	13.5	0.31353135313531355	0.32427954960319544	False
sumoylation_k	prott5	replica	1	1	1	22	424	3.0	23.0	0.18160377358490565	0.26269354557485575	False
sumoylation_k	prott5	replica	1	1	2	20	540	3.0	32.0	0.12037037037037036	0.13311342417254401	False
sumoylation_k	prott5	replica	1	1	3	22	940	3.0	51.0	0.0851063829787234	0.008041556405057904	False
sumoylation_k	prott5	replica	1	1	4	24	2016	3.0	93.0	0.04017857142857143	-0.06310504826709758	False
sumoylation_k	prott5	replica	1	2	0	16	229	6.0	15.0	0.4759825327510917	0.2372777976606694	False
sumoylation_k	prott5	replica	1	2	1	27	534	7.0	23.0	0.3464419475655431	0.19873308266197323	False
sumoylation_k	prott5	replica	1	2	2	34	967	7.0	33.0	0.25542916235780766	0.10405716316054396	False
sumoylation_k	prott5	replica	1	2	3	28	1151	7.0	50.0	0.1685490877497828	0.02256782961168377	False
sumoylation_k	prott5	replica	1	2	4	26	2161	7.0	96.5	0.0879222582137899	-0.16051170608466558	False
sumoylation_k	prott5	replica	1	3	0	1	16	11.0	16.0	0.6875	0.24079211483108623	True
sumoylation_k	prott5	replica	1	3	1	12	257	15.0	24.0	0.642023346303502	0.06678433346674864	False
sumoylation_k	prott5	replica	1	3	2	22	657	16.0	35.0	0.5266362252663622	0.05234522374152526	False
sumoylation_k	prott5	replica	1	3	3	47	2279	17.5	53.0	0.38569548047389207	-0.040529721818712026	False
sumoylation_k	prott5	replica	1	3	4	60	4919	19.0	92.0	0.23338076844887173	-0.13781651636991923	False
sumoylation_k	prott5	replica	2	0	0	99	966	1.0	12.0	0.13871635610766045	0.3380402693926165	False
sumoylation_k	prott5	replica	2	0	1	46	875	1.0	23.0	0.072	0.21958937222834585	False
sumoylation_k	prott5	replica	2	0	2	55	1528	1.0	34.0	0.046465968586387435	0.1181681111623638	False
sumoylation_k	prott5	replica	2	0	3	46	1979	1.0	56.0	0.030823648307225872	0.07126580848414907	False
sumoylation_k	prott5	replica	2	0	4	27	2395	1.0	96.0	0.014613778705636743	-0.07323195042306198	False
sumoylation_k	prott5	replica	2	1	0	28	319	3.0	13.5	0.28213166144200624	0.3293218619553411	False
sumoylation_k	prott5	replica	2	1	1	18	348	3.0	23.0	0.1810344827586207	0.2030079859585728	False
sumoylation_k	prott5	replica	2	1	2	22	591	3.0	32.0	0.13028764805414553	0.10022985945957105	False
sumoylation_k	prott5	replica	2	1	3	22	983	3.0	51.0	0.07324516785350967	0.02839218627669849	False
sumoylation_k	prott5	replica	2	1	4	21	2097	3.0	93.0	0.03528850739151168	-0.1285349303615831	False
sumoylation_k	prott5	replica	2	2	0	17	201	6.0	15.0	0.5124378109452736	0.2286132365268579	False
sumoylation_k	prott5	replica	2	2	1	32	625	7.0	23.0	0.3344	0.21188842634128832	False
sumoylation_k	prott5	replica	2	2	2	26	757	7.0	33.0	0.2668428005284016	0.09047626779521287	False
sumoylation_k	prott5	replica	2	2	3	27	1139	7.0	50.0	0.17032484635645304	-0.04468112357224653	False
sumoylation_k	prott5	replica	2	2	4	24	2022	7.0	96.5	0.08061325420375866	-0.11767591306324846	False
sumoylation_k	prott5	replica	2	3	0	3	46	11.0	16.0	0.8043478260869565	0.1866242715265371	True
sumoylation_k	prott5	replica	2	3	1	10	233	15.0	24.0	0.6437768240343348	0.12377070547836018	False
sumoylation_k	prott5	replica	2	3	2	22	697	16.0	35.0	0.5882352941176471	0.10167958549895079	False
sumoylation_k	prott5	replica	2	3	3	28	1303	17.5	53.0	0.442056792018419	-0.06455672970449151	False
sumoylation_k	prott5	replica	2	3	4	31	3188	19.0	92.0	0.2672521957340025	-0.20088367866805382	False
sumoylation_k	prott5	rebuilt	0	0	0	107	1070	1.0	12.0	0.13457943925233645	0.09227633494575684	False
sumoylation_k	prott5	rebuilt	0	0	1	49	912	1.0	23.0	0.07346491228070176	0.012816299399709873	False
sumoylation_k	prott5	rebuilt	0	0	2	54	1440	1.0	34.0	0.05138888888888889	-0.010772026166184457	False
sumoylation_k	prott5	rebuilt	0	0	3	27	1182	1.0	56.0	0.028764805414551606	-0.12019629372829382	False
sumoylation_k	prott5	rebuilt	0	0	4	35	3115	1.0	96.0	0.015088282504012842	-0.15095019090784437	False
sumoylation_k	prott5	rebuilt	0	1	0	30	332	3.0	13.5	0.3072289156626506	0.1004546280141122	False
sumoylation_k	prott5	rebuilt	0	1	1	29	545	3.0	23.0	0.1834862385321101	0.06542126814221232	False
sumoylation_k	prott5	rebuilt	0	1	2	27	727	3.0	32.0	0.13067400275103164	0.011763268009423131	False
sumoylation_k	prott5	rebuilt	0	1	3	18	717	3.0	51.0	0.08368200836820083	-0.018305614544129295	False
sumoylation_k	prott5	rebuilt	0	1	4	14	1219	3.0	93.0	0.03691550451189499	-0.08476673770822941	False
sumoylation_k	prott5	rebuilt	0	2	0	20	258	6.0	15.0	0.49612403100775193	0.13964882552296365	False
sumoylation_k	prott5	rebuilt	0	2	1	38	766	7.0	23.0	0.35900783289817234	0.06138764079118593	False
sumoylation_k	prott5	rebuilt	0	2	2	35	988	7.0	33.0	0.2388663967611336	0.05142796241050671	False
sumoylation_k	prott5	rebuilt	0	2	3	28	1206	7.0	50.0	0.16666666666666666	0.026322570943061452	False
sumoylation_k	prott5	rebuilt	0	2	4	18	1922	7.0	96.5	0.06971904266389178	-0.03753631224897547	False
sumoylation_k	prott5	rebuilt	0	3	0	1	15	11.0	16.0	0.7333333333333333	0.0023648545759098636	True
sumoylation_k	prott5	rebuilt	0	3	1	13	288	15.0	24.0	0.6666666666666666	0.17040910042637428	False
sumoylation_k	prott5	rebuilt	0	3	2	23	753	16.0	35.0	0.49933598937583	0.12242869545117838	False
sumoylation_k	prott5	rebuilt	0	3	3	23	1039	17.5	53.0	0.41000962463907603	0.11079724899763495	False
sumoylation_k	prott5	rebuilt	0	3	4	40	3396	19.0	92.0	0.29299175500588925	0.06077266351029157	False
sumoylation_k	prott5	rebuilt	1	0	0	77	734	1.0	12.0	0.14577656675749318	0.1709414796370957	False
sumoylation_k	prott5	rebuilt	1	0	1	51	943	1.0	23.0	0.08059384941675504	0.11913309111717543	False
sumoylation_k	prott5	rebuilt	1	0	2	44	1217	1.0	34.0	0.05094494658997535	0.014784104323228834	False
sumoylation_k	prott5	rebuilt	1	0	3	45	2055	1.0	56.0	0.03017031630170316	-0.07101530366076657	False
sumoylation_k	prott5	rebuilt	1	0	4	43	4062	1.0	96.0	0.013786312161496799	-0.17598763719983046	False
sumoylation_k	prott5	rebuilt	1	1	0	28	303	3.0	13.5	0.31353135313531355	0.15972789901320078	False
sumoylation_k	prott5	rebuilt	1	1	1	22	424	3.0	23.0	0.18160377358490565	0.12003898780344888	False
sumoylation_k	prott5	rebuilt	1	1	2	20	540	3.0	32.0	0.12037037037037036	0.1120695798055289	False
sumoylation_k	prott5	rebuilt	1	1	3	22	940	3.0	51.0	0.0851063829787234	0.0224446368538616	False
sumoylation_k	prott5	rebuilt	1	1	4	24	2016	3.0	93.0	0.04017857142857143	-0.10810149052993413	False
sumoylation_k	prott5	rebuilt	1	2	0	16	229	6.0	15.0	0.4759825327510917	0.1651176479149315	False
sumoylation_k	prott5	rebuilt	1	2	1	27	534	7.0	23.0	0.3464419475655431	0.14459799105458426	False
sumoylation_k	prott5	rebuilt	1	2	2	34	967	7.0	33.0	0.25542916235780766	0.14301625274726482	False
sumoylation_k	prott5	rebuilt	1	2	3	28	1151	7.0	50.0	0.1685490877497828	0.06529343354368944	False
sumoylation_k	prott5	rebuilt	1	2	4	26	2161	7.0	96.5	0.0879222582137899	-0.024339918839158956	False
sumoylation_k	prott5	rebuilt	1	3	0	1	16	11.0	16.0	0.6875	0.3526051923950917	True
sumoylation_k	prott5	rebuilt	1	3	1	12	257	15.0	24.0	0.642023346303502	0.24056231605045103	False
sumoylation_k	prott5	rebuilt	1	3	2	22	657	16.0	35.0	0.5266362252663622	0.1522760319281913	False
sumoylation_k	prott5	rebuilt	1	3	3	47	2279	17.5	53.0	0.38569548047389207	0.09466089544984309	False
sumoylation_k	prott5	rebuilt	1	3	4	60	4919	19.0	92.0	0.23338076844887173	-0.0034776336813937673	False
sumoylation_k	prott5	rebuilt	2	0	0	99	966	1.0	12.0	0.13871635610766045	0.10726327096890917	False
sumoylation_k	prott5	rebuilt	2	0	1	46	875	1.0	23.0	0.072	0.07886042398297917	False
sumoylation_k	prott5	rebuilt	2	0	2	55	1528	1.0	34.0	0.046465968586387435	-0.011500307555219021	False
sumoylation_k	prott5	rebuilt	2	0	3	46	1979	1.0	56.0	0.030823648307225872	-0.0914992764054875	False
sumoylation_k	prott5	rebuilt	2	0	4	27	2395	1.0	96.0	0.014613778705636743	-0.21313719180645424	False
sumoylation_k	prott5	rebuilt	2	1	0	28	319	3.0	13.5	0.28213166144200624	0.13638993310222203	False
sumoylation_k	prott5	rebuilt	2	1	1	18	348	3.0	23.0	0.1810344827586207	0.0739267063489608	False
sumoylation_k	prott5	rebuilt	2	1	2	22	591	3.0	32.0	0.13028764805414553	0.0958758660243384	False
sumoylation_k	prott5	rebuilt	2	1	3	22	983	3.0	51.0	0.07324516785350967	-0.016864025596453183	False
sumoylation_k	prott5	rebuilt	2	1	4	21	2097	3.0	93.0	0.03528850739151168	-0.1456319431662691	False
sumoylation_k	prott5	rebuilt	2	2	0	17	201	6.0	15.0	0.5124378109452736	0.1475748612044747	False
sumoylation_k	prott5	rebuilt	2	2	1	32	625	7.0	23.0	0.3344	0.1168953167055446	False
sumoylation_k	prott5	rebuilt	2	2	2	26	757	7.0	33.0	0.2668428005284016	0.08515459278209883	False
sumoylation_k	prott5	rebuilt	2	2	3	27	1139	7.0	50.0	0.17032484635645304	0.0693253342537794	False
sumoylation_k	prott5	rebuilt	2	2	4	24	2022	7.0	96.5	0.08061325420375866	-0.05527466085867231	False
sumoylation_k	prott5	rebuilt	2	3	0	3	46	11.0	16.0	0.8043478260869565	0.34396429992432465	True
sumoylation_k	prott5	rebuilt	2	3	1	10	233	15.0	24.0	0.6437768240343348	0.16227111248362544	False
sumoylation_k	prott5	rebuilt	2	3	2	22	697	16.0	35.0	0.5882352941176471	0.19328542951888603	False
sumoylation_k	prott5	rebuilt	2	3	3	28	1303	17.5	53.0	0.442056792018419	0.15484234645194137	False
sumoylation_k	prott5	rebuilt	2	3	4	31	3188	19.0	92.0	0.2672521957340025	0.06526742071301384	False
ubiquitination_k	ppi	replica	0	0	0	105	791	1.0	8.0	0.1731984829329962	0.06050382851489841	False
ubiquitination_k	ppi	replica	0	0	1	80	1406	1.0	18.0	0.08463726884779517	0.05938931116871341	False
ubiquitination_k	ppi	replica	0	0	2	50	1493	1.0	29.0	0.04554588077695914	0.06027131001602413	False
ubiquitination_k	ppi	replica	0	0	3	51	2318	1.0	47.0	0.028472821397756688	0.04008819529941255	False
ubiquitination_k	ppi	replica	0	0	4	36	3027	1.0	76.0	0.016187644532540468	-0.009033412109849568	False
ubiquitination_k	ppi	replica	0	1	0	81	774	3.0	10.0	0.3708010335917313	0.07523691633695408	False
ubiquitination_k	ppi	replica	0	1	1	50	895	3.0	17.0	0.1888268156424581	0.08379985563764197	False
ubiquitination_k	ppi	replica	0	1	2	36	1044	3.0	29.0	0.11973180076628352	0.03921437380072708	False
ubiquitination_k	ppi	replica	0	1	3	28	1386	3.0	47.0	0.06926406926406926	-0.0037892570765108045	False
ubiquitination_k	ppi	replica	0	1	4	14	1585	3.0	76.0	0.03028391167192429	-0.03205782138318479	False
ubiquitination_k	ppi	replica	0	2	0	47	475	6.0	11.0	0.5726315789473684	0.02502132876547524	False
ubiquitination_k	ppi	replica	0	2	1	64	1157	6.0	18.0	0.31892826274848746	0.0452486081239706	False
ubiquitination_k	ppi	replica	0	2	2	45	1328	6.0	29.0	0.20933734939759036	0.06435648165755435	False
ubiquitination_k	ppi	replica	0	2	3	27	1263	6.0	47.0	0.12430720506730007	0.027532286189450972	False
ubiquitination_k	ppi	replica	0	2	4	24	2173	6.0	89.0	0.06396686608375518	-0.03202480886099734	False
ubiquitination_k	ppi	replica	0	3	0	16	187	9.0	12.0	0.8074866310160428	0.09232815027512137	True
ubiquitination_k	ppi	replica	0	3	1	61	1182	10.0	19.0	0.5016920473773265	0.05042590344592346	False
ubiquitination_k	ppi	replica	0	3	2	79	2342	10.0	29.0	0.3445772843723313	0.02805114753452252	False
ubiquitination_k	ppi	replica	0	3	3	43	1971	11.0	44.0	0.2404870624048706	-0.018337428580311982	False
ubiquitination_k	ppi	replica	0	3	4	31	2911	11.0	81.5	0.11301958090003435	-0.02889320514249576	False
ubiquitination_k	ppi	replica	0	4	1	13	275	16.0	22.0	0.7890909090909091	0.03733192158880631	False
ubiquitination_k	ppi	replica	0	4	2	45	1378	18.0	30.0	0.6008708272859217	0.021726889592680262	False
ubiquitination_k	ppi	replica	0	4	3	80	3716	21.0	46.0	0.4720129171151776	-0.006980539965971948	False
ubiquitination_k	ppi	replica	0	4	4	96	10858	29.0	89.0	0.28587216798673787	-0.05125271013404523	False
ubiquitination_k	ppi	replica	1	0	0	101	844	1.0	8.0	0.17180094786729858	0.06793450050982394	False
ubiquitination_k	ppi	replica	1	0	1	61	1137	1.0	18.0	0.08003518029903255	0.09802475377190957	False
ubiquitination_k	ppi	replica	1	0	2	43	1294	1.0	29.0	0.04636785162287481	0.081931160250234	False
ubiquitination_k	ppi	replica	1	0	3	41	2043	1.0	47.0	0.02692119432207538	0.0674962661476483	False
ubiquitination_k	ppi	replica	1	0	4	58	5041	1.0	76.0	0.01666336044435628	-0.02352893697641561	False
ubiquitination_k	ppi	replica	1	1	0	54	528	3.0	10.0	0.3465909090909091	0.10113948015771232	False
ubiquitination_k	ppi	replica	1	1	1	51	905	3.0	17.0	0.19779005524861878	0.07818471475902909	False
ubiquitination_k	ppi	replica	1	1	2	36	1023	3.0	29.0	0.11730205278592376	0.036559264003665756	False
ubiquitination_k	ppi	replica	1	1	3	22	1044	3.0	47.0	0.07471264367816093	0.012561098316062697	False
ubiquitination_k	ppi	replica	1	1	4	28	2539	3.0	76.0	0.03662859393461993	-0.041501869761272486	False
ubiquitination_k	ppi	replica	1	2	0	44	454	6.0	11.0	0.5616740088105727	0.0024463244195604256	False
ubiquitination_k	ppi	replica	1	2	1	57	1051	6.0	18.0	0.32159847764034255	0.07348255817754246	False
ubiquitination_k	ppi	replica	1	2	2	45	1321	6.0	29.0	0.2036336109008327	0.04003524448920069	False
ubiquitination_k	ppi	replica	1	2	3	33	1529	6.0	47.0	0.1301504251144539	0.031813788942295355	False
ubiquitination_k	ppi	replica	1	2	4	30	2922	6.0	89.0	0.06023271731690623	-0.012403300976847931	False
ubiquitination_k	ppi	replica	1	3	0	9	110	9.0	12.0	0.7272727272727273	-0.023591936074436246	True
ubiquitination_k	ppi	replica	1	3	1	59	1143	10.0	19.0	0.5293088363954506	0.08529008827050898	False
ubiquitination_k	ppi	replica	1	3	2	58	1707	10.0	29.0	0.3503222026947862	0.025507813752396514	False
ubiquitination_k	ppi	replica	1	3	3	36	1667	11.0	44.0	0.23995200959808038	0.01902085067920401	False
ubiquitination_k	ppi	replica	1	3	4	35	3330	11.0	81.5	0.11741741741741742	-0.033517989979468796	False
ubiquitination_k	ppi	replica	1	4	1	9	194	16.0	22.0	0.7319587628865979	0.06332526795708246	True
ubiquitination_k	ppi	replica	1	4	2	38	1153	18.0	30.0	0.5975715524718127	0.065258395546627	False
ubiquitination_k	ppi	replica	1	4	3	74	3510	21.0	46.0	0.4703703703703704	-0.011806385867856069	False
ubiquitination_k	ppi	replica	1	4	4	92	9940	29.0	89.0	0.32474849094567404	-0.06153286970742156	False
ubiquitination_k	ppi	replica	2	0	0	124	994	1.0	8.0	0.17404426559356137	0.0835141226164704	False
ubiquitination_k	ppi	replica	2	0	1	68	1270	1.0	18.0	0.07401574803149606	0.07575509144428431	False
ubiquitination_k	ppi	replica	2	0	2	44	1267	1.0	29.0	0.050513022888713496	0.047278053645424416	False
ubiquitination_k	ppi	replica	2	0	3	48	2260	1.0	47.0	0.030530973451327433	0.01636081450378908	False
ubiquitination_k	ppi	replica	2	0	4	41	3800	1.0	76.0	0.015526315789473685	0.006186857724305529	False
ubiquitination_k	ppi	replica	2	1	0	65	609	3.0	10.0	0.36288998357963875	0.07085200635258875	False
ubiquitination_k	ppi	replica	2	1	1	51	901	3.0	17.0	0.19866814650388456	0.08022230640515901	False
ubiquitination_k	ppi	replica	2	1	2	30	888	3.0	29.0	0.11936936936936937	0.011226048318546353	False
ubiquitination_k	ppi	replica	2	1	3	26	1187	3.0	47.0	0.07497893850042123	0.05339508358383961	False
ubiquitination_k	ppi	replica	2	1	4	15	1278	3.0	76.0	0.03912363067292645	-0.060617254241654484	False
ubiquitination_k	ppi	replica	2	2	0	47	494	6.0	11.0	0.5566801619433198	0.06414417365548139	False
ubiquitination_k	ppi	replica	2	2	1	47	851	6.0	18.0	0.3301997649823737	0.05568939016546517	False
ubiquitination_k	ppi	replica	2	2	2	50	1453	6.0	29.0	0.19958706125258086	0.03428134379118041	False
ubiquitination_k	ppi	replica	2	2	3	33	1566	6.0	47.0	0.12899106002554278	0.013171849687057981	False
ubiquitination_k	ppi	replica	2	2	4	27	2783	6.0	89.0	0.058569888609414304	-0.07270510544653663	False
ubiquitination_k	ppi	replica	2	3	0	13	156	9.0	12.0	0.8141025641025641	0.02513698097456935	True
ubiquitination_k	ppi	replica	2	3	1	69	1327	10.0	19.0	0.5470987189148455	0.0221239829357029	False
ubiquitination_k	ppi	replica	2	3	2	49	1425	10.0	29.0	0.37333333333333335	0.030018206903310467	False
ubiquitination_k	ppi	replica	2	3	3	48	2133	11.0	44.0	0.23628691983122363	-0.017353999939683555	False
ubiquitination_k	ppi	replica	2	3	4	38	3411	11.0	81.5	0.1228378774552917	-0.009240525169162085	False
ubiquitination_k	ppi	replica	2	4	1	11	236	16.0	22.0	0.7245762711864406	0.007350161917146351	False
ubiquitination_k	ppi	replica	2	4	2	43	1332	18.0	30.0	0.6171171171171171	0.0318868062878275	False
ubiquitination_k	ppi	replica	2	4	3	72	3329	21.0	46.0	0.5094623009912886	0.011894701787369406	False
ubiquitination_k	ppi	replica	2	4	4	103	10878	29.0	89.0	0.3150395293252436	-0.04131475989993552	False
ubiquitination_k	ppi	rebuilt	0	0	0	105	791	1.0	8.0	0.1731984829329962	-0.0051508638395071785	False
ubiquitination_k	ppi	rebuilt	0	0	1	80	1406	1.0	18.0	0.08463726884779517	-0.048847867936339634	False
ubiquitination_k	ppi	rebuilt	0	0	2	50	1493	1.0	29.0	0.04554588077695914	-0.030651745809022347	False
ubiquitination_k	ppi	rebuilt	0	0	3	51	2318	1.0	47.0	0.028472821397756688	-0.08737662279848676	False
ubiquitination_k	ppi	rebuilt	0	0	4	36	3027	1.0	76.0	0.016187644532540468	-0.0726031407978029	False
ubiquitination_k	ppi	rebuilt	0	1	0	81	774	3.0	10.0	0.3708010335917313	0.015976892975103286	False
ubiquitination_k	ppi	rebuilt	0	1	1	50	895	3.0	17.0	0.1888268156424581	0.024166635755041275	False
ubiquitination_k	ppi	rebuilt	0	1	2	36	1044	3.0	29.0	0.11973180076628352	0.03293772184333434	False
ubiquitination_k	ppi	rebuilt	0	1	3	28	1386	3.0	47.0	0.06926406926406926	-0.02513070181514723	False
ubiquitination_k	ppi	rebuilt	0	1	4	14	1585	3.0	76.0	0.03028391167192429	-0.1060149731533277	False
ubiquitination_k	ppi	rebuilt	0	2	0	47	475	6.0	11.0	0.5726315789473684	0.03995503944360739	False
ubiquitination_k	ppi	rebuilt	0	2	1	64	1157	6.0	18.0	0.31892826274848746	0.015457244411445695	False
ubiquitination_k	ppi	rebuilt	0	2	2	45	1328	6.0	29.0	0.20933734939759036	0.002466366500070163	False
ubiquitination_k	ppi	rebuilt	0	2	3	27	1263	6.0	47.0	0.12430720506730007	-0.026274475938968814	False
ubiquitination_k	ppi	rebuilt	0	2	4	24	2173	6.0	89.0	0.06396686608375518	-0.051773106629242754	False
ubiquitination_k	ppi	rebuilt	0	3	0	16	187	9.0	12.0	0.8074866310160428	0.06913884942044937	True
ubiquitination_k	ppi	rebuilt	0	3	1	61	1182	10.0	19.0	0.5016920473773265	0.03927554697775143	False
ubiquitination_k	ppi	rebuilt	0	3	2	79	2342	10.0	29.0	0.3445772843723313	0.028305767896696563	False
ubiquitination_k	ppi	rebuilt	0	3	3	43	1971	11.0	44.0	0.2404870624048706	0.00462917263861421	False
ubiquitination_k	ppi	rebuilt	0	3	4	31	2911	11.0	81.5	0.11301958090003435	-0.04193371086509447	False
ubiquitination_k	ppi	rebuilt	0	4	1	13	275	16.0	22.0	0.7890909090909091	0.09643583324262546	False
ubiquitination_k	ppi	rebuilt	0	4	2	45	1378	18.0	30.0	0.6008708272859217	0.12782617989103362	False
ubiquitination_k	ppi	rebuilt	0	4	3	80	3716	21.0	46.0	0.4720129171151776	0.03418815115616523	False
ubiquitination_k	ppi	rebuilt	0	4	4	96	10858	29.0	89.0	0.28587216798673787	0.04038046946738529	False
ubiquitination_k	ppi	rebuilt	1	0	0	101	844	1.0	8.0	0.17180094786729858	-0.028341112797310962	False
ubiquitination_k	ppi	rebuilt	1	0	1	61	1137	1.0	18.0	0.08003518029903255	-0.041149949631342414	False
ubiquitination_k	ppi	rebuilt	1	0	2	43	1294	1.0	29.0	0.04636785162287481	-0.04732812691050133	False
ubiquitination_k	ppi	rebuilt	1	0	3	41	2043	1.0	47.0	0.02692119432207538	-0.050804449895743946	False
ubiquitination_k	ppi	rebuilt	1	0	4	58	5041	1.0	76.0	0.01666336044435628	-0.03603391729911262	False
ubiquitination_k	ppi	rebuilt	1	1	0	54	528	3.0	10.0	0.3465909090909091	0.021072375415835322	False
ubiquitination_k	ppi	rebuilt	1	1	1	51	905	3.0	17.0	0.19779005524861878	0.001971810102968369	False
ubiquitination_k	ppi	rebuilt	1	1	2	36	1023	3.0	29.0	0.11730205278592376	-0.06336833753687375	False
ubiquitination_k	ppi	rebuilt	1	1	3	22	1044	3.0	47.0	0.07471264367816093	-0.033881853469009536	False
ubiquitination_k	ppi	rebuilt	1	1	4	28	2539	3.0	76.0	0.03662859393461993	-0.10781717545559978	False
ubiquitination_k	ppi	rebuilt	1	2	0	44	454	6.0	11.0	0.5616740088105727	0.03150649331180014	False
ubiquitination_k	ppi	rebuilt	1	2	1	57	1051	6.0	18.0	0.32159847764034255	0.02431960863726551	False
ubiquitination_k	ppi	rebuilt	1	2	2	45	1321	6.0	29.0	0.2036336109008327	0.008825119725267637	False
ubiquitination_k	ppi	rebuilt	1	2	3	33	1529	6.0	47.0	0.1301504251144539	-0.00960869935079957	False
ubiquitination_k	ppi	rebuilt	1	2	4	30	2922	6.0	89.0	0.06023271731690623	-0.022934037235012476	False
ubiquitination_k	ppi	rebuilt	1	3	0	9	110	9.0	12.0	0.7272727272727273	0.10190124119134004	True
ubiquitination_k	ppi	rebuilt	1	3	1	59	1143	10.0	19.0	0.5293088363954506	0.08180294366432782	False
ubiquitination_k	ppi	rebuilt	1	3	2	58	1707	10.0	29.0	0.3503222026947862	-0.005475317851196041	False
ubiquitination_k	ppi	rebuilt	1	3	3	36	1667	11.0	44.0	0.23995200959808038	-0.008085731278220437	False
ubiquitination_k	ppi	rebuilt	1	3	4	35	3330	11.0	81.5	0.11741741741741742	-0.023400973180205988	False
ubiquitination_k	ppi	rebuilt	1	4	1	9	194	16.0	22.0	0.7319587628865979	0.03153434808896768	True
ubiquitination_k	ppi	rebuilt	1	4	2	38	1153	18.0	30.0	0.5975715524718127	0.08565459796049278	False
ubiquitination_k	ppi	rebuilt	1	4	3	74	3510	21.0	46.0	0.4703703703703704	0.05498580100768388	False
ubiquitination_k	ppi	rebuilt	1	4	4	92	9940	29.0	89.0	0.32474849094567404	0.0509831176856309	False
ubiquitination_k	ppi	rebuilt	2	0	0	124	994	1.0	8.0	0.17404426559356137	0.0020541881822487723	False
ubiquitination_k	ppi	rebuilt	2	0	1	68	1270	1.0	18.0	0.07401574803149606	-0.01028688921740242	False
ubiquitination_k	ppi	rebuilt	2	0	2	44	1267	1.0	29.0	0.050513022888713496	-0.04192935921343173	False
ubiquitination_k	ppi	rebuilt	2	0	3	48	2260	1.0	47.0	0.030530973451327433	-0.04328240898442116	False
ubiquitination_k	ppi	rebuilt	2	0	4	41	3800	1.0	76.0	0.015526315789473685	-0.07916143830707956	False
ubiquitination_k	ppi	rebuilt	2	1	0	65	609	3.0	10.0	0.36288998357963875	0.024483081811006616	False
ubiquitination_k	ppi	rebuilt	2	1	1	51	901	3.0	17.0	0.19866814650388456	0.030601478364743067	False
ubiquitination_k	ppi	rebuilt	2	1	2	30	888	3.0	29.0	0.11936936936936937	0.015973615504742765	False
ubiquitination_k	ppi	rebuilt	2	1	3	26	1187	3.0	47.0	0.07497893850042123	-0.026978545617145504	False
ubiquitination_k	ppi	rebuilt	2	1	4	15	1278	3.0	76.0	0.03912363067292645	-0.10488066353568347	False
ubiquitination_k	ppi	rebuilt	2	2	0	47	494	6.0	11.0	0.5566801619433198	0.05716441409685715	False
ubiquitination_k	ppi	rebuilt	2	2	1	47	851	6.0	18.0	0.3301997649823737	0.033327625586582525	False
ubiquitination_k	ppi	rebuilt	2	2	2	50	1453	6.0	29.0	0.19958706125258086	-0.005913317764181352	False
ubiquitination_k	ppi	rebuilt	2	2	3	33	1566	6.0	47.0	0.12899106002554278	-0.008817710143017965	False
ubiquitination_k	ppi	rebuilt	2	2	4	27	2783	6.0	89.0	0.058569888609414304	-0.10676351867758058	False
ubiquitination_k	ppi	rebuilt	2	3	0	13	156	9.0	12.0	0.8141025641025641	0.044838224531861606	True
ubiquitination_k	ppi	rebuilt	2	3	1	69	1327	10.0	19.0	0.5470987189148455	0.06125008131383958	False
ubiquitination_k	ppi	rebuilt	2	3	2	49	1425	10.0	29.0	0.37333333333333335	0.044265338435553844	False
ubiquitination_k	ppi	rebuilt	2	3	3	48	2133	11.0	44.0	0.23628691983122363	0.02981614308598641	False
ubiquitination_k	ppi	rebuilt	2	3	4	38	3411	11.0	81.5	0.1228378774552917	-0.025526901001890312	False
ubiquitination_k	ppi	rebuilt	2	4	1	11	236	16.0	22.0	0.7245762711864406	0.0012469247577160279	False
ubiquitination_k	ppi	rebuilt	2	4	2	43	1332	18.0	30.0	0.6171171171171171	0.10924743806388217	False
ubiquitination_k	ppi	rebuilt	2	4	3	72	3329	21.0	46.0	0.5094623009912886	0.08215286772516239	False
ubiquitination_k	ppi	rebuilt	2	4	4	103	10878	29.0	89.0	0.3150395293252436	0.026468044065676207	False
ubiquitination_k	esm	replica	0	0	0	105	791	1.0	8.0	0.1731984829329962	0.39245414527233485	False
ubiquitination_k	esm	replica	0	0	1	80	1406	1.0	18.0	0.08463726884779517	0.2445502032140474	False
ubiquitination_k	esm	replica	0	0	2	50	1493	1.0	29.0	0.04554588077695914	0.0971440321879449	False
ubiquitination_k	esm	replica	0	0	3	51	2318	1.0	47.0	0.028472821397756688	-0.01139267861055494	False
ubiquitination_k	esm	replica	0	0	4	36	3027	1.0	76.0	0.016187644532540468	-0.10572971769009433	False
ubiquitination_k	esm	replica	0	1	0	81	774	3.0	10.0	0.3708010335917313	0.33521301164520473	False
ubiquitination_k	esm	replica	0	1	1	50	895	3.0	17.0	0.1888268156424581	0.24229172506936872	False
ubiquitination_k	esm	replica	0	1	2	36	1044	3.0	29.0	0.11973180076628352	0.08595251828024524	False
ubiquitination_k	esm	replica	0	1	3	28	1386	3.0	47.0	0.06926406926406926	0.019093585562509043	False
ubiquitination_k	esm	replica	0	1	4	14	1585	3.0	76.0	0.03028391167192429	-0.11156581495110873	False
ubiquitination_k	esm	replica	0	2	0	47	475	6.0	11.0	0.5726315789473684	0.284084788001352	False
ubiquitination_k	esm	replica	0	2	1	64	1157	6.0	18.0	0.31892826274848746	0.20695042852537013	False
ubiquitination_k	esm	replica	0	2	2	45	1328	6.0	29.0	0.20933734939759036	0.1484660012642275	False
ubiquitination_k	esm	replica	0	2	3	27	1263	6.0	47.0	0.12430720506730007	-0.032158982954760426	False
ubiquitination_k	esm	replica	0	2	4	24	2173	6.0	89.0	0.06396686608375518	-0.12247464866995526	False
ubiquitination_k	esm	replica	0	3	0	16	187	9.0	12.0	0.8074866310160428	0.269273717977449	True
ubiquitination_k	esm	replica	0	3	1	61	1182	10.0	19.0	0.5016920473773265	0.16783167821373432	False
ubiquitination_k	esm	replica	0	3	2	79	2342	10.0	29.0	0.3445772843723313	0.06271368678330508	False
ubiquitination_k	esm	replica	0	3	3	43	1971	11.0	44.0	0.2404870624048706	-0.01975169841884422	False
ubiquitination_k	esm	replica	0	3	4	31	2911	11.0	81.5	0.11301958090003435	-0.09651932253680792	False
ubiquitination_k	esm	replica	0	4	1	13	275	16.0	22.0	0.7890909090909091	0.1134219697794314	False
ubiquitination_k	esm	replica	0	4	2	45	1378	18.0	30.0	0.6008708272859217	0.0612996957428486	False
ubiquitination_k	esm	replica	0	4	3	80	3716	21.0	46.0	0.4720129171151776	-0.016158394947322834	False
ubiquitination_k	esm	replica	0	4	4	96	10858	29.0	89.0	0.28587216798673787	-0.11647093245212252	False
ubiquitination_k	esm	replica	1	0	0	101	844	1.0	8.0	0.17180094786729858	0.40478343634101055	False
ubiquitination_k	esm	replica	1	0	1	61	1137	1.0	18.0	0.08003518029903255	0.2573653044501631	False
ubiquitination_k	esm	replica	1	0	2	43	1294	1.0	29.0	0.04636785162287481	0.13630973925952253	False
ubiquitination_k	esm	replica	1	0	3	41	2043	1.0	47.0	0.02692119432207538	0.01221724480666679	False
ubiquitination_k	esm	replica	1	0	4	58	5041	1.0	76.0	0.01666336044435628	-0.08226743678424825	False
ubiquitination_k	esm	replica	1	1	0	54	528	3.0	10.0	0.3465909090909091	0.37429027753030536	False
ubiquitination_k	esm	replica	1	1	1	51	905	3.0	17.0	0.19779005524861878	0.2539379619496245	False
ubiquitination_k	esm	replica	1	1	2	36	1023	3.0	29.0	0.11730205278592376	0.12010761678238693	False
ubiquitination_k	esm	replica	1	1	3	22	1044	3.0	47.0	0.07471264367816093	-0.0012980104174222557	False
ubiquitination_k	esm	replica	1	1	4	28	2539	3.0	76.0	0.03662859393461993	-0.11394369144836215	False
ubiquitination_k	esm	replica	1	2	0	44	454	6.0	11.0	0.5616740088105727	0.28504363111199205	False
ubiquitination_k	esm	replica	1	2	1	57	1051	6.0	18.0	0.32159847764034255	0.2151521309385381	False
ubiquitination_k	esm	replica	1	2	2	45	1321	6.0	29.0	0.2036336109008327	0.1182752012470214	False
ubiquitination_k	esm	replica	1	2	3	33	1529	6.0	47.0	0.1301504251144539	-0.020311194511346338	False
ubiquitination_k	esm	replica	1	2	4	30	2922	6.0	89.0	0.06023271731690623	-0.10324993514565209	False
ubiquitination_k	esm	replica	1	3	0	9	110	9.0	12.0	0.7272727272727273	0.23207272492309866	True
ubiquitination_k	esm	replica	1	3	1	59	1143	10.0	19.0	0.5293088363954506	0.1939248173680631	False
ubiquitination_k	esm	replica	1	3	2	58	1707	10.0	29.0	0.3503222026947862	0.09297347552220604	False
ubiquitination_k	esm	replica	1	3	3	36	1667	11.0	44.0	0.23995200959808038	0.0020914144078935863	False
ubiquitination_k	esm	replica	1	3	4	35	3330	11.0	81.5	0.11741741741741742	-0.08989183458588357	False
ubiquitination_k	esm	replica	1	4	1	9	194	16.0	22.0	0.7319587628865979	0.11084594746484658	True
ubiquitination_k	esm	replica	1	4	2	38	1153	18.0	30.0	0.5975715524718127	0.09023134802793294	False
ubiquitination_k	esm	replica	1	4	3	74	3510	21.0	46.0	0.4703703703703704	-0.01013347341181238	False
ubiquitination_k	esm	replica	1	4	4	92	9940	29.0	89.0	0.32474849094567404	-0.10659758156945291	False
ubiquitination_k	esm	replica	2	0	0	124	994	1.0	8.0	0.17404426559356137	0.3569175592966018	False
ubiquitination_k	esm	replica	2	0	1	68	1270	1.0	18.0	0.07401574803149606	0.2262357400729465	False
ubiquitination_k	esm	replica	2	0	2	44	1267	1.0	29.0	0.050513022888713496	0.11575781383311777	False
ubiquitination_k	esm	replica	2	0	3	48	2260	1.0	47.0	0.030530973451327433	0.026063185663052532	False
ubiquitination_k	esm	replica	2	0	4	41	3800	1.0	76.0	0.015526315789473685	-0.09787377459424944	False
ubiquitination_k	esm	replica	2	1	0	65	609	3.0	10.0	0.36288998357963875	0.33473887082319514	False
ubiquitination_k	esm	replica	2	1	1	51	901	3.0	17.0	0.19866814650388456	0.24457855590323402	False
ubiquitination_k	esm	replica	2	1	2	30	888	3.0	29.0	0.11936936936936937	0.08029354472304198	False
ubiquitination_k	esm	replica	2	1	3	26	1187	3.0	47.0	0.07497893850042123	-0.010294591498088273	False
ubiquitination_k	esm	replica	2	1	4	15	1278	3.0	76.0	0.03912363067292645	-0.08146093448961982	False
ubiquitination_k	esm	replica	2	2	0	47	494	6.0	11.0	0.5566801619433198	0.288520131956172	False
ubiquitination_k	esm	replica	2	2	1	47	851	6.0	18.0	0.3301997649823737	0.2069144736457486	False
ubiquitination_k	esm	replica	2	2	2	50	1453	6.0	29.0	0.19958706125258086	0.09308046767046188	False
ubiquitination_k	esm	replica	2	2	3	33	1566	6.0	47.0	0.12899106002554278	-0.03531889910756317	False
ubiquitination_k	esm	replica	2	2	4	27	2783	6.0	89.0	0.058569888609414304	-0.11292830750772993	False
ubiquitination_k	esm	replica	2	3	0	13	156	9.0	12.0	0.8141025641025641	0.21335426723781006	True
ubiquitination_k	esm	replica	2	3	1	69	1327	10.0	19.0	0.5470987189148455	0.17597014563612873	False
ubiquitination_k	esm	replica	2	3	2	49	1425	10.0	29.0	0.37333333333333335	0.0788288244833083	False
ubiquitination_k	esm	replica	2	3	3	48	2133	11.0	44.0	0.23628691983122363	0.014615376698890948	False
ubiquitination_k	esm	replica	2	3	4	38	3411	11.0	81.5	0.1228378774552917	-0.0861004547179802	False
ubiquitination_k	esm	replica	2	4	1	11	236	16.0	22.0	0.7245762711864406	0.13181398242211484	False
ubiquitination_k	esm	replica	2	4	2	43	1332	18.0	30.0	0.6171171171171171	0.07397655248859754	False
ubiquitination_k	esm	replica	2	4	3	72	3329	21.0	46.0	0.5094623009912886	-0.014754032297498661	False
ubiquitination_k	esm	replica	2	4	4	103	10878	29.0	89.0	0.3150395293252436	-0.10446311694768659	False
ubiquitination_k	esm	rebuilt	0	0	0	105	791	1.0	8.0	0.1731984829329962	0.09161363753019333	False
ubiquitination_k	esm	rebuilt	0	0	1	80	1406	1.0	18.0	0.08463726884779517	0.03312185364284154	False
ubiquitination_k	esm	rebuilt	0	0	2	50	1493	1.0	29.0	0.04554588077695914	-0.024874194300735532	False
ubiquitination_k	esm	rebuilt	0	0	3	51	2318	1.0	47.0	0.028472821397756688	-0.09151808652602389	False
ubiquitination_k	esm	rebuilt	0	0	4	36	3027	1.0	76.0	0.016187644532540468	-0.12679436107290112	False
ubiquitination_k	esm	rebuilt	0	1	0	81	774	3.0	10.0	0.3708010335917313	0.13037801420893302	False
ubiquitination_k	esm	rebuilt	0	1	1	50	895	3.0	17.0	0.1888268156424581	0.05615313842185308	False
ubiquitination_k	esm	rebuilt	0	1	2	36	1044	3.0	29.0	0.11973180076628352	0.010430145128444448	False
ubiquitination_k	esm	rebuilt	0	1	3	28	1386	3.0	47.0	0.06926406926406926	-0.03419575719564835	False
ubiquitination_k	esm	rebuilt	0	1	4	14	1585	3.0	76.0	0.03028391167192429	-0.18864082047084088	False
ubiquitination_k	esm	rebuilt	0	2	0	47	475	6.0	11.0	0.5726315789473684	0.15734288153168377	False
ubiquitination_k	esm	rebuilt	0	2	1	64	1157	6.0	18.0	0.31892826274848746	0.08062520985508158	False
ubiquitination_k	esm	rebuilt	0	2	2	45	1328	6.0	29.0	0.20933734939759036	0.0039267770985979425	False
ubiquitination_k	esm	rebuilt	0	2	3	27	1263	6.0	47.0	0.12430720506730007	-0.02697301714073063	False
ubiquitination_k	esm	rebuilt	0	2	4	24	2173	6.0	89.0	0.06396686608375518	-0.07238401508844883	False
ubiquitination_k	esm	rebuilt	0	3	0	16	187	9.0	12.0	0.8074866310160428	0.17311808303875095	True
ubiquitination_k	esm	rebuilt	0	3	1	61	1182	10.0	19.0	0.5016920473773265	0.09859591562196048	False
ubiquitination_k	esm	rebuilt	0	3	2	79	2342	10.0	29.0	0.3445772843723313	0.07584978105084254	False
ubiquitination_k	esm	rebuilt	0	3	3	43	1971	11.0	44.0	0.2404870624048706	0.036868510900160745	False
ubiquitination_k	esm	rebuilt	0	3	4	31	2911	11.0	81.5	0.11301958090003435	-0.069580744855629	False
ubiquitination_k	esm	rebuilt	0	4	1	13	275	16.0	22.0	0.7890909090909091	0.17839429233007112	False
ubiquitination_k	esm	rebuilt	0	4	2	45	1378	18.0	30.0	0.6008708272859217	0.13311996837836262	False
ubiquitination_k	esm	rebuilt	0	4	3	80	3716	21.0	46.0	0.4720129171151776	0.07267865049633128	False
ubiquitination_k	esm	rebuilt	0	4	4	96	10858	29.0	89.0	0.28587216798673787	0.0015893414784034462	False
ubiquitination_k	esm	rebuilt	1	0	0	101	844	1.0	8.0	0.17180094786729858	0.07317928439683524	False
ubiquitination_k	esm	rebuilt	1	0	1	61	1137	1.0	18.0	0.08003518029903255	0.03873864924556504	False
ubiquitination_k	esm	rebuilt	1	0	2	43	1294	1.0	29.0	0.04636785162287481	-0.024313011810458095	False
ubiquitination_k	esm	rebuilt	1	0	3	41	2043	1.0	47.0	0.02692119432207538	-0.03449635313355419	False
ubiquitination_k	esm	rebuilt	1	0	4	58	5041	1.0	76.0	0.01666336044435628	-0.08224441592339615	False
ubiquitination_k	esm	rebuilt	1	1	0	54	528	3.0	10.0	0.3465909090909091	0.09398706366253588	False
ubiquitination_k	esm	rebuilt	1	1	1	51	905	3.0	17.0	0.19779005524861878	0.05486201291843579	False
ubiquitination_k	esm	rebuilt	1	1	2	36	1023	3.0	29.0	0.11730205278592376	0.04052189379143681	False
ubiquitination_k	esm	rebuilt	1	1	3	22	1044	3.0	47.0	0.07471264367816093	-0.006097814328457188	False
ubiquitination_k	esm	rebuilt	1	1	4	28	2539	3.0	76.0	0.03662859393461993	-0.07293118730347661	False
ubiquitination_k	esm	rebuilt	1	2	0	44	454	6.0	11.0	0.5616740088105727	0.09401093498547305	False
ubiquitination_k	esm	rebuilt	1	2	1	57	1051	6.0	18.0	0.32159847764034255	0.04119421244133256	False
ubiquitination_k	esm	rebuilt	1	2	2	45	1321	6.0	29.0	0.2036336109008327	0.05904264721129471	False
ubiquitination_k	esm	rebuilt	1	2	3	33	1529	6.0	47.0	0.1301504251144539	0.02797627342724513	False
ubiquitination_k	esm	rebuilt	1	2	4	30	2922	6.0	89.0	0.06023271731690623	-0.11913365574092959	False
ubiquitination_k	esm	rebuilt	1	3	0	9	110	9.0	12.0	0.7272727272727273	0.12184674938664901	True
ubiquitination_k	esm	rebuilt	1	3	1	59	1143	10.0	19.0	0.5293088363954506	0.11973156993188426	False
ubiquitination_k	esm	rebuilt	1	3	2	58	1707	10.0	29.0	0.3503222026947862	0.06994571007709197	False
ubiquitination_k	esm	rebuilt	1	3	3	36	1667	11.0	44.0	0.23995200959808038	-0.000754407691767123	False
ubiquitination_k	esm	rebuilt	1	3	4	35	3330	11.0	81.5	0.11741741741741742	-0.021230443435315386	False
ubiquitination_k	esm	rebuilt	1	4	1	9	194	16.0	22.0	0.7319587628865979	0.05908866947493046	True
ubiquitination_k	esm	rebuilt	1	4	2	38	1153	18.0	30.0	0.5975715524718127	0.1273509093153771	False
ubiquitination_k	esm	rebuilt	1	4	3	74	3510	21.0	46.0	0.4703703703703704	0.08408354906879535	False
ubiquitination_k	esm	rebuilt	1	4	4	92	9940	29.0	89.0	0.32474849094567404	-0.004852927034736363	False
ubiquitination_k	esm	rebuilt	2	0	0	124	994	1.0	8.0	0.17404426559356137	0.08546547461429131	False
ubiquitination_k	esm	rebuilt	2	0	1	68	1270	1.0	18.0	0.07401574803149606	0.028633820124409036	False
ubiquitination_k	esm	rebuilt	2	0	2	44	1267	1.0	29.0	0.050513022888713496	-0.0017878610519867731	False
ubiquitination_k	esm	rebuilt	2	0	3	48	2260	1.0	47.0	0.030530973451327433	-0.054595641764782675	False
ubiquitination_k	esm	rebuilt	2	0	4	41	3800	1.0	76.0	0.015526315789473685	-0.15821928561256504	False
ubiquitination_k	esm	rebuilt	2	1	0	65	609	3.0	10.0	0.36288998357963875	0.11005149833467412	False
ubiquitination_k	esm	rebuilt	2	1	1	51	901	3.0	17.0	0.19866814650388456	0.04970333991200219	False
ubiquitination_k	esm	rebuilt	2	1	2	30	888	3.0	29.0	0.11936936936936937	0.019090820985950604	False
ubiquitination_k	esm	rebuilt	2	1	3	26	1187	3.0	47.0	0.07497893850042123	-0.028507622987061478	False
ubiquitination_k	esm	rebuilt	2	1	4	15	1278	3.0	76.0	0.03912363067292645	-0.11132190815409265	False
ubiquitination_k	esm	rebuilt	2	2	0	47	494	6.0	11.0	0.5566801619433198	0.14480471161487823	False
ubiquitination_k	esm	rebuilt	2	2	1	47	851	6.0	18.0	0.3301997649823737	0.06601524506849142	False
ubiquitination_k	esm	rebuilt	2	2	2	50	1453	6.0	29.0	0.19958706125258086	0.026946698150978488	False
ubiquitination_k	esm	rebuilt	2	2	3	33	1566	6.0	47.0	0.12899106002554278	-0.024580881916067755	False
ubiquitination_k	esm	rebuilt	2	2	4	27	2783	6.0	89.0	0.058569888609414304	-0.09982697179734151	False
ubiquitination_k	esm	rebuilt	2	3	0	13	156	9.0	12.0	0.8141025641025641	0.19705006232893116	True
ubiquitination_k	esm	rebuilt	2	3	1	69	1327	10.0	19.0	0.5470987189148455	0.11582258625828011	False
ubiquitination_k	esm	rebuilt	2	3	2	49	1425	10.0	29.0	0.37333333333333335	0.06511228866440344	False
ubiquitination_k	esm	rebuilt	2	3	3	48	2133	11.0	44.0	0.23628691983122363	0.040417064667205266	False
ubiquitination_k	esm	rebuilt	2	3	4	38	3411	11.0	81.5	0.1228378774552917	-0.04061844042963651	False
ubiquitination_k	esm	rebuilt	2	4	1	11	236	16.0	22.0	0.7245762711864406	0.14369920210129844	False
ubiquitination_k	esm	rebuilt	2	4	2	43	1332	18.0	30.0	0.6171171171171171	0.1388903632619265	False
ubiquitination_k	esm	rebuilt	2	4	3	72	3329	21.0	46.0	0.5094623009912886	0.11579381881966327	False
ubiquitination_k	esm	rebuilt	2	4	4	103	10878	29.0	89.0	0.3150395293252436	-0.002473779308590217	False
ubiquitination_k	prott5	replica	0	0	0	105	791	1.0	8.0	0.1731984829329962	0.416376793625137	False
ubiquitination_k	prott5	replica	0	0	1	80	1406	1.0	18.0	0.08463726884779517	0.26555206418371186	False
ubiquitination_k	prott5	replica	0	0	2	50	1493	1.0	29.0	0.04554588077695914	0.1288139469623892	False
ubiquitination_k	prott5	replica	0	0	3	51	2318	1.0	47.0	0.028472821397756688	0.004275849140845288	False
ubiquitination_k	prott5	replica	0	0	4	36	3027	1.0	76.0	0.016187644532540468	-0.11555458800478938	False
ubiquitination_k	prott5	replica	0	1	0	81	774	3.0	10.0	0.3708010335917313	0.3397277329019857	False
ubiquitination_k	prott5	replica	0	1	1	50	895	3.0	17.0	0.1888268156424581	0.22620572061687846	False
ubiquitination_k	prott5	replica	0	1	2	36	1044	3.0	29.0	0.11973180076628352	0.11784419054577785	False
ubiquitination_k	prott5	replica	0	1	3	28	1386	3.0	47.0	0.06926406926406926	0.01264374450942427	False
ubiquitination_k	prott5	replica	0	1	4	14	1585	3.0	76.0	0.03028391167192429	-0.13562748624015764	False
ubiquitination_k	prott5	replica	0	2	0	47	475	6.0	11.0	0.5726315789473684	0.28647147857670735	False
ubiquitination_k	prott5	replica	0	2	1	64	1157	6.0	18.0	0.31892826274848746	0.22098071012560588	False
ubiquitination_k	prott5	replica	0	2	2	45	1328	6.0	29.0	0.20933734939759036	0.15212244154587218	False
ubiquitination_k	prott5	replica	0	2	3	27	1263	6.0	47.0	0.12430720506730007	-0.03840462369758776	False
ubiquitination_k	prott5	replica	0	2	4	24	2173	6.0	89.0	0.06396686608375518	-0.1010361687273845	False
ubiquitination_k	prott5	replica	0	3	0	16	187	9.0	12.0	0.8074866310160428	0.2718011209748255	True
ubiquitination_k	prott5	replica	0	3	1	61	1182	10.0	19.0	0.5016920473773265	0.16288373348863258	False
ubiquitination_k	prott5	replica	0	3	2	79	2342	10.0	29.0	0.3445772843723313	0.06026325395564613	False
ubiquitination_k	prott5	replica	0	3	3	43	1971	11.0	44.0	0.2404870624048706	-0.013259040676728862	False
ubiquitination_k	prott5	replica	0	3	4	31	2911	11.0	81.5	0.11301958090003435	-0.12685141958804946	False
ubiquitination_k	prott5	replica	0	4	1	13	275	16.0	22.0	0.7890909090909091	0.10673742541338056	False
ubiquitination_k	prott5	replica	0	4	2	45	1378	18.0	30.0	0.6008708272859217	0.05340769115442516	False
ubiquitination_k	prott5	replica	0	4	3	80	3716	21.0	46.0	0.4720129171151776	-0.024000210668817256	False
ubiquitination_k	prott5	replica	0	4	4	96	10858	29.0	89.0	0.28587216798673787	-0.11739941194023452	False
ubiquitination_k	prott5	replica	1	0	0	101	844	1.0	8.0	0.17180094786729858	0.3950626492941013	False
ubiquitination_k	prott5	replica	1	0	1	61	1137	1.0	18.0	0.08003518029903255	0.24784178367275794	False
ubiquitination_k	prott5	replica	1	0	2	43	1294	1.0	29.0	0.04636785162287481	0.1317816191267496	False
ubiquitination_k	prott5	replica	1	0	3	41	2043	1.0	47.0	0.02692119432207538	0.019419216054256266	False
ubiquitination_k	prott5	replica	1	0	4	58	5041	1.0	76.0	0.01666336044435628	-0.05893204936176735	False
ubiquitination_k	prott5	replica	1	1	0	54	528	3.0	10.0	0.3465909090909091	0.3559936457229905	False
ubiquitination_k	prott5	replica	1	1	1	51	905	3.0	17.0	0.19779005524861878	0.2556905101581468	False
ubiquitination_k	prott5	replica	1	1	2	36	1023	3.0	29.0	0.11730205278592376	0.0718695508905882	False
ubiquitination_k	prott5	replica	1	1	3	22	1044	3.0	47.0	0.07471264367816093	-0.01564243149986603	False
ubiquitination_k	prott5	replica	1	1	4	28	2539	3.0	76.0	0.03662859393461993	-0.12404449620149958	False
ubiquitination_k	prott5	replica	1	2	0	44	454	6.0	11.0	0.5616740088105727	0.2729880155223508	False
ubiquitination_k	prott5	replica	1	2	1	57	1051	6.0	18.0	0.32159847764034255	0.22232134969123743	False
ubiquitination_k	prott5	replica	1	2	2	45	1321	6.0	29.0	0.2036336109008327	0.12667492805511005	False
ubiquitination_k	prott5	replica	1	2	3	33	1529	6.0	47.0	0.1301504251144539	-0.02016228609064487	False
ubiquitination_k	prott5	replica	1	2	4	30	2922	6.0	89.0	0.06023271731690623	-0.08919296439159073	False
ubiquitination_k	prott5	replica	1	3	0	9	110	9.0	12.0	0.7272727272727273	0.19729959136041542	True
ubiquitination_k	prott5	replica	1	3	1	59	1143	10.0	19.0	0.5293088363954506	0.17671416258735173	False
ubiquitination_k	prott5	replica	1	3	2	58	1707	10.0	29.0	0.3503222026947862	0.07129530241405316	False
ubiquitination_k	prott5	replica	1	3	3	36	1667	11.0	44.0	0.23995200959808038	-0.002321784668459918	False
ubiquitination_k	prott5	replica	1	3	4	35	3330	11.0	81.5	0.11741741741741742	-0.10745424396590694	False
ubiquitination_k	prott5	replica	1	4	1	9	194	16.0	22.0	0.7319587628865979	0.1290805293438846	True
ubiquitination_k	prott5	replica	1	4	2	38	1153	18.0	30.0	0.5975715524718127	0.07301642921121185	False
ubiquitination_k	prott5	replica	1	4	3	74	3510	21.0	46.0	0.4703703703703704	0.002239571262164899	False
ubiquitination_k	prott5	replica	1	4	4	92	9940	29.0	89.0	0.32474849094567404	-0.10304109327181508	False
ubiquitination_k	prott5	replica	2	0	0	124	994	1.0	8.0	0.17404426559356137	0.4028863435478894	False
ubiquitination_k	prott5	replica	2	0	1	68	1270	1.0	18.0	0.07401574803149606	0.27124716244719216	False
ubiquitination_k	prott5	replica	2	0	2	44	1267	1.0	29.0	0.050513022888713496	0.13271674210401627	False
ubiquitination_k	prott5	replica	2	0	3	48	2260	1.0	47.0	0.030530973451327433	0.015383318618829472	False
ubiquitination_k	prott5	replica	2	0	4	41	3800	1.0	76.0	0.015526315789473685	-0.10198723889784687	False
ubiquitination_k	prott5	replica	2	1	0	65	609	3.0	10.0	0.36288998357963875	0.36781929877590414	False
ubiquitination_k	prott5	replica	2	1	1	51	901	3.0	17.0	0.19866814650388456	0.2813768283996223	False
ubiquitination_k	prott5	replica	2	1	2	30	888	3.0	29.0	0.11936936936936937	0.09855205755637805	False
ubiquitination_k	prott5	replica	2	1	3	26	1187	3.0	47.0	0.07497893850042123	-0.034435910281431045	False
ubiquitination_k	prott5	replica	2	1	4	15	1278	3.0	76.0	0.03912363067292645	-0.09686507438919398	False
ubiquitination_k	prott5	replica	2	2	0	47	494	6.0	11.0	0.5566801619433198	0.3033443744414514	False
ubiquitination_k	prott5	replica	2	2	1	47	851	6.0	18.0	0.3301997649823737	0.23926434631632898	False
ubiquitination_k	prott5	replica	2	2	2	50	1453	6.0	29.0	0.19958706125258086	0.0991939338575953	False
ubiquitination_k	prott5	replica	2	2	3	33	1566	6.0	47.0	0.12899106002554278	-0.03172259766124231	False
ubiquitination_k	prott5	replica	2	2	4	27	2783	6.0	89.0	0.058569888609414304	-0.12893092094482167	False
ubiquitination_k	prott5	replica	2	3	0	13	156	9.0	12.0	0.8141025641025641	0.23324525315393344	True
ubiquitination_k	prott5	replica	2	3	1	69	1327	10.0	19.0	0.5470987189148455	0.1727649497590644	False
ubiquitination_k	prott5	replica	2	3	2	49	1425	10.0	29.0	0.37333333333333335	0.09745899618558485	False
ubiquitination_k	prott5	replica	2	3	3	48	2133	11.0	44.0	0.23628691983122363	0.00371077063011572	False
ubiquitination_k	prott5	replica	2	3	4	38	3411	11.0	81.5	0.1228378774552917	-0.0970169820608469	False
ubiquitination_k	prott5	replica	2	4	1	11	236	16.0	22.0	0.7245762711864406	0.13088993036601115	False
ubiquitination_k	prott5	replica	2	4	2	43	1332	18.0	30.0	0.6171171171171171	0.06694064777005337	False
ubiquitination_k	prott5	replica	2	4	3	72	3329	21.0	46.0	0.5094623009912886	-0.012819988189411881	False
ubiquitination_k	prott5	replica	2	4	4	103	10878	29.0	89.0	0.3150395293252436	-0.11111250725210998	False
ubiquitination_k	prott5	rebuilt	0	0	0	105	791	1.0	8.0	0.1731984829329962	0.10542275355559998	False
ubiquitination_k	prott5	rebuilt	0	0	1	80	1406	1.0	18.0	0.08463726884779517	0.03196810354664989	False
ubiquitination_k	prott5	rebuilt	0	0	2	50	1493	1.0	29.0	0.04554588077695914	-0.03781782420498519	False
ubiquitination_k	prott5	rebuilt	0	0	3	51	2318	1.0	47.0	0.028472821397756688	-0.0954229646817778	False
ubiquitination_k	prott5	rebuilt	0	0	4	36	3027	1.0	76.0	0.016187644532540468	-0.1291705300673892	False
ubiquitination_k	prott5	rebuilt	0	1	0	81	774	3.0	10.0	0.3708010335917313	0.13053583186442813	False
ubiquitination_k	prott5	rebuilt	0	1	1	50	895	3.0	17.0	0.1888268156424581	0.037589951309629284	False
ubiquitination_k	prott5	rebuilt	0	1	2	36	1044	3.0	29.0	0.11973180076628352	0.0202130738629089	False
ubiquitination_k	prott5	rebuilt	0	1	3	28	1386	3.0	47.0	0.06926406926406926	-0.06913557035468433	False
ubiquitination_k	prott5	rebuilt	0	1	4	14	1585	3.0	76.0	0.03028391167192429	-0.19806909983555834	False
ubiquitination_k	prott5	rebuilt	0	2	0	47	475	6.0	11.0	0.5726315789473684	0.15327977175986665	False
ubiquitination_k	prott5	rebuilt	0	2	1	64	1157	6.0	18.0	0.31892826274848746	0.07759125456201074	False
ubiquitination_k	prott5	rebuilt	0	2	2	45	1328	6.0	29.0	0.20933734939759036	0.035417418012094096	False
ubiquitination_k	prott5	rebuilt	0	2	3	27	1263	6.0	47.0	0.12430720506730007	-0.0454822776616171	False
ubiquitination_k	prott5	rebuilt	0	2	4	24	2173	6.0	89.0	0.06396686608375518	-0.07034259428690104	False
ubiquitination_k	prott5	rebuilt	0	3	0	16	187	9.0	12.0	0.8074866310160428	0.18770495858772768	True
ubiquitination_k	prott5	rebuilt	0	3	1	61	1182	10.0	19.0	0.5016920473773265	0.09701092196598703	False
ubiquitination_k	prott5	rebuilt	0	3	2	79	2342	10.0	29.0	0.3445772843723313	0.07983663657209901	False
ubiquitination_k	prott5	rebuilt	0	3	3	43	1971	11.0	44.0	0.2404870624048706	0.016045564793124998	False
ubiquitination_k	prott5	rebuilt	0	3	4	31	2911	11.0	81.5	0.11301958090003435	-0.09506360775874173	False
ubiquitination_k	prott5	rebuilt	0	4	1	13	275	16.0	22.0	0.7890909090909091	0.16436213226199078	False
ubiquitination_k	prott5	rebuilt	0	4	2	45	1378	18.0	30.0	0.6008708272859217	0.15234604554962894	False
ubiquitination_k	prott5	rebuilt	0	4	3	80	3716	21.0	46.0	0.4720129171151776	0.09835427875046443	False
ubiquitination_k	prott5	rebuilt	0	4	4	96	10858	29.0	89.0	0.28587216798673787	0.0076185179459158335	False
ubiquitination_k	prott5	rebuilt	1	0	0	101	844	1.0	8.0	0.17180094786729858	0.10864875829873856	False
ubiquitination_k	prott5	rebuilt	1	0	1	61	1137	1.0	18.0	0.08003518029903255	0.04513983229289507	False
ubiquitination_k	prott5	rebuilt	1	0	2	43	1294	1.0	29.0	0.04636785162287481	-0.015942184312068716	False
ubiquitination_k	prott5	rebuilt	1	0	3	41	2043	1.0	47.0	0.02692119432207538	-0.051454482677021976	False
ubiquitination_k	prott5	rebuilt	1	0	4	58	5041	1.0	76.0	0.01666336044435628	-0.11004382513068686	False
ubiquitination_k	prott5	rebuilt	1	1	0	54	528	3.0	10.0	0.3465909090909091	0.1212816718521666	False
ubiquitination_k	prott5	rebuilt	1	1	1	51	905	3.0	17.0	0.19779005524861878	0.0898071302121257	False
ubiquitination_k	prott5	rebuilt	1	1	2	36	1023	3.0	29.0	0.11730205278592376	0.035774854370920935	False
ubiquitination_k	prott5	rebuilt	1	1	3	22	1044	3.0	47.0	0.07471264367816093	-0.011214049152956245	False
ubiquitination_k	prott5	rebuilt	1	1	4	28	2539	3.0	76.0	0.03662859393461993	-0.10136123177689284	False
ubiquitination_k	prott5	rebuilt	1	2	0	44	454	6.0	11.0	0.5616740088105727	0.13688986822093854	False
ubiquitination_k	prott5	rebuilt	1	2	1	57	1051	6.0	18.0	0.32159847764034255	0.08058089124921287	False
ubiquitination_k	prott5	rebuilt	1	2	2	45	1321	6.0	29.0	0.2036336109008327	0.08431344521240697	False
ubiquitination_k	prott5	rebuilt	1	2	3	33	1529	6.0	47.0	0.1301504251144539	0.02313339012353877	False
ubiquitination_k	prott5	rebuilt	1	2	4	30	2922	6.0	89.0	0.06023271731690623	-0.12021786254958869	False
ubiquitination_k	prott5	rebuilt	1	3	0	9	110	9.0	12.0	0.7272727272727273	0.15516419009279073	True
ubiquitination_k	prott5	rebuilt	1	3	1	59	1143	10.0	19.0	0.5293088363954506	0.14658672145940405	False
ubiquitination_k	prott5	rebuilt	1	3	2	58	1707	10.0	29.0	0.3503222026947862	0.09136845856811081	False
ubiquitination_k	prott5	rebuilt	1	3	3	36	1667	11.0	44.0	0.23995200959808038	0.013205900894817268	False
ubiquitination_k	prott5	rebuilt	1	3	4	35	3330	11.0	81.5	0.11741741741741742	-0.04819558838167897	False
ubiquitination_k	prott5	rebuilt	1	4	1	9	194	16.0	22.0	0.7319587628865979	0.11991477731323717	True
ubiquitination_k	prott5	rebuilt	1	4	2	38	1153	18.0	30.0	0.5975715524718127	0.15783718070903177	False
ubiquitination_k	prott5	rebuilt	1	4	3	74	3510	21.0	46.0	0.4703703703703704	0.10193104638709756	False
ubiquitination_k	prott5	rebuilt	1	4	4	92	9940	29.0	89.0	0.32474849094567404	-0.008333235103831979	False
ubiquitination_k	prott5	rebuilt	2	0	0	124	994	1.0	8.0	0.17404426559356137	0.09427425160195703	False
ubiquitination_k	prott5	rebuilt	2	0	1	68	1270	1.0	18.0	0.07401574803149606	0.0482020585015247	False
ubiquitination_k	prott5	rebuilt	2	0	2	44	1267	1.0	29.0	0.050513022888713496	-0.0004262876757050232	False
ubiquitination_k	prott5	rebuilt	2	0	3	48	2260	1.0	47.0	0.030530973451327433	-0.06722939023250461	False
ubiquitination_k	prott5	rebuilt	2	0	4	41	3800	1.0	76.0	0.015526315789473685	-0.174990177804422	False
ubiquitination_k	prott5	rebuilt	2	1	0	65	609	3.0	10.0	0.36288998357963875	0.10202768959913365	False
ubiquitination_k	prott5	rebuilt	2	1	1	51	901	3.0	17.0	0.19866814650388456	0.048274034252671065	False
ubiquitination_k	prott5	rebuilt	2	1	2	30	888	3.0	29.0	0.11936936936936937	0.036395254740207605	False
ubiquitination_k	prott5	rebuilt	2	1	3	26	1187	3.0	47.0	0.07497893850042123	-0.056556496107676046	False
ubiquitination_k	prott5	rebuilt	2	1	4	15	1278	3.0	76.0	0.03912363067292645	-0.14817988893082293	False
ubiquitination_k	prott5	rebuilt	2	2	0	47	494	6.0	11.0	0.5566801619433198	0.15270509357467227	False
ubiquitination_k	prott5	rebuilt	2	2	1	47	851	6.0	18.0	0.3301997649823737	0.08023097040823057	False
ubiquitination_k	prott5	rebuilt	2	2	2	50	1453	6.0	29.0	0.19958706125258086	0.051518294174074754	False
ubiquitination_k	prott5	rebuilt	2	2	3	33	1566	6.0	47.0	0.12899106002554278	-0.0256165997888044	False
ubiquitination_k	prott5	rebuilt	2	2	4	27	2783	6.0	89.0	0.058569888609414304	-0.10880902897054716	False
ubiquitination_k	prott5	rebuilt	2	3	0	13	156	9.0	12.0	0.8141025641025641	0.17464465795180642	True
ubiquitination_k	prott5	rebuilt	2	3	1	69	1327	10.0	19.0	0.5470987189148455	0.10484571122362514	False
ubiquitination_k	prott5	rebuilt	2	3	2	49	1425	10.0	29.0	0.37333333333333335	0.06962936165586349	False
ubiquitination_k	prott5	rebuilt	2	3	3	48	2133	11.0	44.0	0.23628691983122363	0.05351963523202045	False
ubiquitination_k	prott5	rebuilt	2	3	4	38	3411	11.0	81.5	0.1228378774552917	-0.045938346272617836	False
ubiquitination_k	prott5	rebuilt	2	4	1	11	236	16.0	22.0	0.7245762711864406	0.15120825770049542	False
ubiquitination_k	prott5	rebuilt	2	4	2	43	1332	18.0	30.0	0.6171171171171171	0.1650121252438613	False
ubiquitination_k	prott5	rebuilt	2	4	3	72	3329	21.0	46.0	0.5094623009912886	0.10174452567337278	False
ubiquitination_k	prott5	rebuilt	2	4	4	103	10878	29.0	89.0	0.3150395293252436	0.008107067822587966	False
glycosylation_n	ppi	replica	0	0	0	56	214	1.0	7.5	0.3130841121495327	-0.002026798783920728	False
glycosylation_n	ppi	replica	0	0	1	54	457	1.0	15.0	0.1487964989059081	-0.009130763308398076	False
glycosylation_n	ppi	replica	0	0	2	31	352	1.0	22.0	0.125	0.0951846677928973	False
glycosylation_n	ppi	replica	0	0	3	33	515	1.0	32.0	0.07572815533980583	0.0314446530568547	False
glycosylation_n	ppi	replica	0	0	4	28	1090	1.0	53.0	0.03853211009174312	-0.038424667414799926	False
glycosylation_n	ppi	replica	0	1	0	8	52	3.0	9.5	0.4807692307692308	0.07877468151615587	True
glycosylation_n	ppi	replica	0	1	1	11	106	4.0	16.0	0.37735849056603776	0.0687733344635337	True
glycosylation_n	ppi	replica	0	1	2	14	175	3.0	21.0	0.26285714285714284	0.00812975874442078	True
glycosylation_n	ppi	replica	0	1	3	18	293	3.0	32.5	0.21160409556313994	0.05018500565575775	False
glycosylation_n	ppi	replica	0	1	4	16	511	3.0	54.0	0.1095890410958904	-0.022957264062385737	False
glycosylation_n	ppi	replica	0	2	0	1	7	5.0	9.0	0.7142857142857143	-0.09422678607894043	True
glycosylation_n	ppi	replica	0	2	1	5	46	5.0	15.0	0.5652173913043478	-0.04665900151823208	True
glycosylation_n	ppi	replica	0	2	2	7	98	6.0	22.0	0.42857142857142855	-0.004734260459339952	True
glycosylation_n	ppi	replica	0	2	3	13	254	6.0	33.0	0.3346456692913386	0.014121613907920487	False
glycosylation_n	ppi	replica	0	2	4	18	727	10.0	72.0	0.22283356258596973	-0.026559365009989833	False
glycosylation_n	ppi	replica	1	0	0	54	243	1.0	7.5	0.25925925925925924	0.04769299890607908	False
glycosylation_n	ppi	replica	1	0	1	47	338	1.0	15.0	0.16272189349112426	0.023985504362969062	False
glycosylation_n	ppi	replica	1	0	2	37	407	1.0	22.0	0.11302211302211303	0.05283697283301713	False
glycosylation_n	ppi	replica	1	0	3	42	695	1.0	32.0	0.07625899280575539	0.010928393361260358	False
glycosylation_n	ppi	replica	1	0	4	21	649	1.0	53.0	0.04314329738058552	0.03765743548984806	False
glycosylation_n	ppi	replica	1	1	0	4	27	3.0	9.5	0.48148148148148145	0.05842709798406002	True
glycosylation_n	ppi	replica	1	1	1	13	118	4.0	16.0	0.3898305084745763	-0.019199373793177446	True
glycosylation_n	ppi	replica	1	1	2	10	119	3.0	21.0	0.2689075630252101	-0.058919097702372095	True
glycosylation_n	ppi	replica	1	1	3	19	353	3.0	32.5	0.1813031161473088	0.09812787992613047	False
glycosylation_n	ppi	replica	1	1	4	13	375	3.0	54.0	0.11733333333333333	-0.04546571729957805	False
glycosylation_n	ppi	replica	1	2	1	4	39	5.0	15.0	0.5641025641025641	-0.10180339175592341	True
glycosylation_n	ppi	replica	1	2	2	6	85	6.0	22.0	0.5176470588235295	-0.11298748138495908	True
glycosylation_n	ppi	replica	1	2	3	11	205	6.0	33.0	0.33658536585365856	0.018406047391170112	False
glycosylation_n	ppi	replica	1	2	4	24	1403	10.0	72.0	0.2166785459729152	-0.05226312061856601	False
glycosylation_n	ppi	replica	2	0	0	57	230	1.0	7.5	0.3	0.07003716178171804	False
glycosylation_n	ppi	replica	2	0	1	42	325	1.0	15.0	0.18769230769230769	0.11652315661734075	False
glycosylation_n	ppi	replica	2	0	2	36	399	1.0	22.0	0.12030075187969924	0.09583707325766735	False
glycosylation_n	ppi	replica	2	0	3	31	508	1.0	32.0	0.07677165354330709	0.08631590803327592	False
glycosylation_n	ppi	replica	2	0	4	22	679	1.0	53.0	0.039764359351988215	0.08079947623081771	False
glycosylation_n	ppi	replica	2	1	0	6	37	3.0	9.5	0.5675675675675675	0.017194967512838954	True
glycosylation_n	ppi	replica	2	1	1	8	77	4.0	16.0	0.36363636363636365	0.009539201086175418	True
glycosylation_n	ppi	replica	2	1	2	9	118	3.0	21.0	0.2711864406779661	0.10395373803242965	True
glycosylation_n	ppi	replica	2	1	3	9	158	3.0	32.5	0.189873417721519	-0.020415751401585046	True
glycosylation_n	ppi	replica	2	1	4	8	348	3.0	54.0	0.08045977011494253	-0.11994775216582904	False
glycosylation_n	ppi	replica	2	2	1	5	50	5.0	15.0	0.56	-0.07566046621144337	True
glycosylation_n	ppi	replica	2	2	2	7	94	6.0	22.0	0.40425531914893614	-0.10071063929983115	True
glycosylation_n	ppi	replica	2	2	3	4	85	6.0	33.0	0.27058823529411763	-0.026382636878627127	True
glycosylation_n	ppi	replica	2	2	4	22	1139	10.0	72.0	0.20632133450395082	-0.1265200266345112	False
glycosylation_n	ppi	rebuilt	0	0	0	56	214	1.0	7.5	0.3130841121495327	0.031276062590294654	False
glycosylation_n	ppi	rebuilt	0	0	1	54	457	1.0	15.0	0.1487964989059081	0.01042235924374723	False
glycosylation_n	ppi	rebuilt	0	0	2	31	352	1.0	22.0	0.125	-0.0041589702415207805	False
glycosylation_n	ppi	rebuilt	0	0	3	33	515	1.0	32.0	0.07572815533980583	0.01832308665301324	False
glycosylation_n	ppi	rebuilt	0	0	4	28	1090	1.0	53.0	0.03853211009174312	-0.033665247211829744	False
glycosylation_n	ppi	rebuilt	0	1	0	8	52	3.0	9.5	0.4807692307692308	-0.03223716246995805	True
glycosylation_n	ppi	rebuilt	0	1	1	11	106	4.0	16.0	0.37735849056603776	0.07099456347937319	True
glycosylation_n	ppi	rebuilt	0	1	2	14	175	3.0	21.0	0.26285714285714284	-9.39350622830361e-05	True
glycosylation_n	ppi	rebuilt	0	1	3	18	293	3.0	32.5	0.21160409556313994	-0.0036774622060870327	False
glycosylation_n	ppi	rebuilt	0	1	4	16	511	3.0	54.0	0.1095890410958904	0.02422985916933847	False
glycosylation_n	ppi	rebuilt	0	2	0	1	7	5.0	9.0	0.7142857142857143	0.018991219113743105	True
glycosylation_n	ppi	rebuilt	0	2	1	5	46	5.0	15.0	0.5652173913043478	0.007404710958794652	True
glycosylation_n	ppi	rebuilt	0	2	2	7	98	6.0	22.0	0.42857142857142855	0.04864285922659854	True
glycosylation_n	ppi	rebuilt	0	2	3	13	254	6.0	33.0	0.3346456692913386	0.01028108161995372	False
glycosylation_n	ppi	rebuilt	0	2	4	18	727	10.0	72.0	0.22283356258596973	-0.010621695510739953	False
glycosylation_n	ppi	rebuilt	1	0	0	54	243	1.0	7.5	0.25925925925925924	-0.04177654711673699	False
glycosylation_n	ppi	rebuilt	1	0	1	47	338	1.0	15.0	0.16272189349112426	-0.011086774867051159	False
glycosylation_n	ppi	rebuilt	1	0	2	37	407	1.0	22.0	0.11302211302211303	-0.004468381644014551	False
glycosylation_n	ppi	rebuilt	1	0	3	42	695	1.0	32.0	0.07625899280575539	0.009009596120571896	False
glycosylation_n	ppi	rebuilt	1	0	4	21	649	1.0	53.0	0.04314329738058552	-0.0246831785999883	False
glycosylation_n	ppi	rebuilt	1	1	0	4	27	3.0	9.5	0.48148148148148145	0.0606979606188467	True
glycosylation_n	ppi	rebuilt	1	1	1	13	118	4.0	16.0	0.3898305084745763	0.02777032825573911	True
glycosylation_n	ppi	rebuilt	1	1	2	10	119	3.0	21.0	0.2689075630252101	0.09555167003510266	True
glycosylation_n	ppi	rebuilt	1	1	3	19	353	3.0	32.5	0.1813031161473088	0.015612113171011585	False
glycosylation_n	ppi	rebuilt	1	1	4	13	375	3.0	54.0	0.11733333333333333	-0.05539583333333333	False
glycosylation_n	ppi	rebuilt	1	2	1	4	39	5.0	15.0	0.5641025641025641	0.013829722492697179	True
glycosylation_n	ppi	rebuilt	1	2	2	6	85	6.0	22.0	0.5176470588235295	0.05008609456440806	True
glycosylation_n	ppi	rebuilt	1	2	3	11	205	6.0	33.0	0.33658536585365856	0.010340768755788826	False
glycosylation_n	ppi	rebuilt	1	2	4	24	1403	10.0	72.0	0.2166785459729152	0.012498082770194069	False
glycosylation_n	ppi	rebuilt	2	0	0	57	230	1.0	7.5	0.3	0.028881768204666203	False
glycosylation_n	ppi	rebuilt	2	0	1	42	325	1.0	15.0	0.18769230769230769	0.001909039865244245	False
glycosylation_n	ppi	rebuilt	2	0	2	36	399	1.0	22.0	0.12030075187969924	0.024536854261861384	False
glycosylation_n	ppi	rebuilt	2	0	3	31	508	1.0	32.0	0.07677165354330709	-0.004888119265289626	False
glycosylation_n	ppi	rebuilt	2	0	4	22	679	1.0	53.0	0.039764359351988215	-0.09242389932701346	False
glycosylation_n	ppi	rebuilt	2	1	0	6	37	3.0	9.5	0.5675675675675675	-0.03640725726904206	True
glycosylation_n	ppi	rebuilt	2	1	1	8	77	4.0	16.0	0.36363636363636365	0.04581079386824619	True
glycosylation_n	ppi	rebuilt	2	1	2	9	118	3.0	21.0	0.2711864406779661	-0.009097149333727097	True
glycosylation_n	ppi	rebuilt	2	1	3	9	158	3.0	32.5	0.189873417721519	0.029533877971941482	True
glycosylation_n	ppi	rebuilt	2	1	4	8	348	3.0	54.0	0.08045977011494253	-0.03799504180097379	False
glycosylation_n	ppi	rebuilt	2	2	1	5	50	5.0	15.0	0.56	0.009945844125264901	True
glycosylation_n	ppi	rebuilt	2	2	2	7	94	6.0	22.0	0.40425531914893614	0.009152893907589348	True
glycosylation_n	ppi	rebuilt	2	2	3	4	85	6.0	33.0	0.27058823529411763	0.07601490325350767	True
glycosylation_n	ppi	rebuilt	2	2	4	22	1139	10.0	72.0	0.20632133450395082	0.04198036397328859	False
glycosylation_n	esm	replica	0	0	0	56	214	1.0	7.5	0.3130841121495327	0.21942673275073998	False
glycosylation_n	esm	replica	0	0	1	54	457	1.0	15.0	0.1487964989059081	0.16704685448019124	False
glycosylation_n	esm	replica	0	0	2	31	352	1.0	22.0	0.125	0.12080158074516864	False
glycosylation_n	esm	replica	0	0	3	33	515	1.0	32.0	0.07572815533980583	0.051847475470418784	False
glycosylation_n	esm	replica	0	0	4	28	1090	1.0	53.0	0.03853211009174312	-0.06856763080935153	False
glycosylation_n	esm	replica	0	1	0	8	52	3.0	9.5	0.4807692307692308	0.06267180848557202	True
glycosylation_n	esm	replica	0	1	1	11	106	4.0	16.0	0.37735849056603776	0.1695839963628097	True
glycosylation_n	esm	replica	0	1	2	14	175	3.0	21.0	0.26285714285714284	0.11517138773009714	True
glycosylation_n	esm	replica	0	1	3	18	293	3.0	32.5	0.21160409556313994	0.044102016906638536	False
glycosylation_n	esm	replica	0	1	4	16	511	3.0	54.0	0.1095890410958904	-0.10986158305316528	False
glycosylation_n	esm	replica	0	2	0	1	7	5.0	9.0	0.7142857142857143	0.17529682896233847	True
glycosylation_n	esm	replica	0	2	1	5	46	5.0	15.0	0.5652173913043478	0.01551970594241372	True
glycosylation_n	esm	replica	0	2	2	7	98	6.0	22.0	0.42857142857142855	5.834475918201133e-05	True
glycosylation_n	esm	replica	0	2	3	13	254	6.0	33.0	0.3346456692913386	-0.014683182215047299	False
glycosylation_n	esm	replica	0	2	4	18	727	10.0	72.0	0.22283356258596973	-0.15704573358362459	False
glycosylation_n	esm	replica	1	0	0	54	243	1.0	7.5	0.25925925925925924	0.2248919101943012	False
glycosylation_n	esm	replica	1	0	1	47	338	1.0	15.0	0.16272189349112426	0.19358071258707213	False
glycosylation_n	esm	replica	1	0	2	37	407	1.0	22.0	0.11302211302211303	0.14547801721456785	False
glycosylation_n	esm	replica	1	0	3	42	695	1.0	32.0	0.07625899280575539	0.08210559716783536	False
glycosylation_n	esm	replica	1	0	4	21	649	1.0	53.0	0.04314329738058552	0.031786517963371105	False
glycosylation_n	esm	replica	1	1	0	4	27	3.0	9.5	0.48148148148148145	0.15375571378340366	True
glycosylation_n	esm	replica	1	1	1	13	118	4.0	16.0	0.3898305084745763	0.1393544840163055	True
glycosylation_n	esm	replica	1	1	2	10	119	3.0	21.0	0.2689075630252101	0.15457215322838	True
glycosylation_n	esm	replica	1	1	3	19	353	3.0	32.5	0.1813031161473088	0.04192645766844766	False
glycosylation_n	esm	replica	1	1	4	13	375	3.0	54.0	0.11733333333333333	-0.05252347046413502	False
glycosylation_n	esm	replica	1	2	1	4	39	5.0	15.0	0.5641025641025641	-0.007561465433300876	True
glycosylation_n	esm	replica	1	2	2	6	85	6.0	22.0	0.5176470588235295	0.042788998510796726	True
glycosylation_n	esm	replica	1	2	3	11	205	6.0	33.0	0.33658536585365856	0.015279117783266436	False
glycosylation_n	esm	replica	1	2	4	24	1403	10.0	72.0	0.2166785459729152	-0.21208043681261676	False
glycosylation_n	esm	replica	2	0	0	57	230	1.0	7.5	0.3	0.22549369887695658	False
glycosylation_n	esm	replica	2	0	1	42	325	1.0	15.0	0.18769230769230769	0.20210356631830617	False
glycosylation_n	esm	replica	2	0	2	36	399	1.0	22.0	0.12030075187969924	0.13875281563928657	False
glycosylation_n	esm	replica	2	0	3	31	508	1.0	32.0	0.07677165354330709	0.101759648774772	False
glycosylation_n	esm	replica	2	0	4	22	679	1.0	53.0	0.039764359351988215	0.03964593563922624	False
glycosylation_n	esm	replica	2	1	0	6	37	3.0	9.5	0.5675675675675675	0.13279325947091428	True
glycosylation_n	esm	replica	2	1	1	8	77	4.0	16.0	0.36363636363636365	0.1287570446977087	True
glycosylation_n	esm	replica	2	1	2	9	118	3.0	21.0	0.2711864406779661	0.030688661587641126	True
glycosylation_n	esm	replica	2	1	3	9	158	3.0	32.5	0.189873417721519	0.1193970129324348	True
glycosylation_n	esm	replica	2	1	4	8	348	3.0	54.0	0.08045977011494253	-0.14766813085098607	False
glycosylation_n	esm	replica	2	2	1	5	50	5.0	15.0	0.56	-0.010560395573345888	True
glycosylation_n	esm	replica	2	2	2	7	94	6.0	22.0	0.40425531914893614	0.0250715148114564	True
glycosylation_n	esm	replica	2	2	3	4	85	6.0	33.0	0.27058823529411763	0.012602667626975442	True
glycosylation_n	esm	replica	2	2	4	22	1139	10.0	72.0	0.20632133450395082	-0.21101679375804808	False
glycosylation_n	esm	rebuilt	0	0	0	56	214	1.0	7.5	0.3130841121495327	0.09435588067460719	False
glycosylation_n	esm	rebuilt	0	0	1	54	457	1.0	15.0	0.1487964989059081	0.040794189627999806	False
glycosylation_n	esm	rebuilt	0	0	2	31	352	1.0	22.0	0.125	0.02345359867822601	False
glycosylation_n	esm	rebuilt	0	0	3	33	515	1.0	32.0	0.07572815533980583	-0.01458947522854294	False
glycosylation_n	esm	rebuilt	0	0	4	28	1090	1.0	53.0	0.03853211009174312	-0.07342147317305296	False
glycosylation_n	esm	rebuilt	0	1	0	8	52	3.0	9.5	0.4807692307692308	0.0873297623348675	True
glycosylation_n	esm	rebuilt	0	1	1	11	106	4.0	16.0	0.37735849056603776	0.058507133747654524	True
glycosylation_n	esm	rebuilt	0	1	2	14	175	3.0	21.0	0.26285714285714284	0.03228157180781237	True
glycosylation_n	esm	rebuilt	0	1	3	18	293	3.0	32.5	0.21160409556313994	0.06344519629974749	False
glycosylation_n	esm	rebuilt	0	1	4	16	511	3.0	54.0	0.1095890410958904	0.011795232274082898	False
glycosylation_n	esm	rebuilt	0	2	0	1	7	5.0	9.0	0.7142857142857143	0.10087808862568923	True
glycosylation_n	esm	rebuilt	0	2	1	5	46	5.0	15.0	0.5652173913043478	0.0450941570260408	True
glycosylation_n	esm	rebuilt	0	2	2	7	98	6.0	22.0	0.42857142857142855	0.09023433755777173	True
glycosylation_n	esm	rebuilt	0	2	3	13	254	6.0	33.0	0.3346456692913386	0.07850057644162664	False
glycosylation_n	esm	rebuilt	0	2	4	18	727	10.0	72.0	0.22283356258596973	-0.04418068609504345	False
glycosylation_n	esm	rebuilt	1	0	0	54	243	1.0	7.5	0.25925925925925924	0.09718600237016199	False
glycosylation_n	esm	rebuilt	1	0	1	47	338	1.0	15.0	0.16272189349112426	0.07448704685042319	False
glycosylation_n	esm	rebuilt	1	0	2	37	407	1.0	22.0	0.11302211302211303	0.029577090395919516	False
glycosylation_n	esm	rebuilt	1	0	3	42	695	1.0	32.0	0.07625899280575539	0.020267820553683636	False
glycosylation_n	esm	rebuilt	1	0	4	21	649	1.0	53.0	0.04314329738058552	-0.08319929272883306	False
glycosylation_n	esm	rebuilt	1	1	0	4	27	3.0	9.5	0.48148148148148145	0.07223540787623065	True
glycosylation_n	esm	rebuilt	1	1	1	13	118	4.0	16.0	0.3898305084745763	0.12125633581849386	True
glycosylation_n	esm	rebuilt	1	1	2	10	119	3.0	21.0	0.2689075630252101	0.06564295021806191	True
glycosylation_n	esm	rebuilt	1	1	3	19	353	3.0	32.5	0.1813031161473088	0.02895278265858644	False
glycosylation_n	esm	rebuilt	1	1	4	13	375	3.0	54.0	0.11733333333333333	-0.058604166666666666	False
glycosylation_n	esm	rebuilt	1	2	1	4	39	5.0	15.0	0.5641025641025641	0.09924233203505355	True
glycosylation_n	esm	rebuilt	1	2	2	6	85	6.0	22.0	0.5176470588235295	0.10589631422189133	True
glycosylation_n	esm	rebuilt	1	2	3	11	205	6.0	33.0	0.33658536585365856	0.06707702994751466	False
glycosylation_n	esm	rebuilt	1	2	4	24	1403	10.0	72.0	0.2166785459729152	-0.04266343820204445	False
glycosylation_n	esm	rebuilt	2	0	0	57	230	1.0	7.5	0.3	0.07793685568329564	False
glycosylation_n	esm	rebuilt	2	0	1	42	325	1.0	15.0	0.18769230769230769	0.04907282968973573	False
glycosylation_n	esm	rebuilt	2	0	2	36	399	1.0	22.0	0.12030075187969924	0.06264424895532922	False
glycosylation_n	esm	rebuilt	2	0	3	31	508	1.0	32.0	0.07677165354330709	0.022811841244120445	False
glycosylation_n	esm	rebuilt	2	0	4	22	679	1.0	53.0	0.039764359351988215	-0.0642931526126213	False
glycosylation_n	esm	rebuilt	2	1	0	6	37	3.0	9.5	0.5675675675675675	-0.01144846282590572	True
glycosylation_n	esm	rebuilt	2	1	1	8	77	4.0	16.0	0.36363636363636365	0.040552689599075285	True
glycosylation_n	esm	rebuilt	2	1	2	9	118	3.0	21.0	0.2711864406779661	0.02430628998335813	True
glycosylation_n	esm	rebuilt	2	1	3	9	158	3.0	32.5	0.189873417721519	0.03122382739267928	True
glycosylation_n	esm	rebuilt	2	1	4	8	348	3.0	54.0	0.08045977011494253	-0.033623463756701825	False
glycosylation_n	esm	rebuilt	2	2	1	5	50	5.0	15.0	0.56	0.033510713444784554	True
glycosylation_n	esm	rebuilt	2	2	2	7	94	6.0	22.0	0.40425531914893614	0.025286935959801415	True
glycosylation_n	esm	rebuilt	2	2	3	4	85	6.0	33.0	0.27058823529411763	0.09632543387027523	True
glycosylation_n	esm	rebuilt	2	2	4	22	1139	10.0	72.0	0.20632133450395082	-0.0332240926973603	False
glycosylation_n	prott5	replica	0	0	0	56	214	1.0	7.5	0.3130841121495327	0.2276732464468996	False
glycosylation_n	prott5	replica	0	0	1	54	457	1.0	15.0	0.1487964989059081	0.17057109497218187	False
glycosylation_n	prott5	replica	0	0	2	31	352	1.0	22.0	0.125	0.12585888623832775	False
glycosylation_n	prott5	replica	0	0	3	33	515	1.0	32.0	0.07572815533980583	0.0655570777432587	False
glycosylation_n	prott5	replica	0	0	4	28	1090	1.0	53.0	0.03853211009174312	-0.04857748518565008	False
glycosylation_n	prott5	replica	0	1	0	8	52	3.0	9.5	0.4807692307692308	0.08252697884104866	True
glycosylation_n	prott5	replica	0	1	1	11	106	4.0	16.0	0.37735849056603776	0.1908426799619328	True
glycosylation_n	prott5	replica	0	1	2	14	175	3.0	21.0	0.26285714285714284	0.12880422416056475	True
glycosylation_n	prott5	replica	0	1	3	18	293	3.0	32.5	0.21160409556313994	-0.0025564164449781547	False
glycosylation_n	prott5	replica	0	1	4	16	511	3.0	54.0	0.1095890410958904	-0.10359211898174808	False
glycosylation_n	prott5	replica	0	2	0	1	7	5.0	9.0	0.7142857142857143	-0.02904110388284371	True
glycosylation_n	prott5	replica	0	2	1	5	46	5.0	15.0	0.5652173913043478	0.044454901403698795	True
glycosylation_n	prott5	replica	0	2	2	7	98	6.0	22.0	0.42857142857142855	0.0008418315253403798	True
glycosylation_n	prott5	replica	0	2	3	13	254	6.0	33.0	0.3346456692913386	-0.09345348831600257	False
glycosylation_n	prott5	replica	0	2	4	18	727	10.0	72.0	0.22283356258596973	-0.16967213736394765	False
glycosylation_n	prott5	replica	1	0	0	54	243	1.0	7.5	0.25925925925925924	0.2329957968693025	False
glycosylation_n	prott5	replica	1	0	1	47	338	1.0	15.0	0.16272189349112426	0.21990511010411204	False
glycosylation_n	prott5	replica	1	0	2	37	407	1.0	22.0	0.11302211302211303	0.19096925248032845	False
glycosylation_n	prott5	replica	1	0	3	42	695	1.0	32.0	0.07625899280575539	0.09908791321373281	False
glycosylation_n	prott5	replica	1	0	4	21	649	1.0	53.0	0.04314329738058552	0.05215682964053754	False
glycosylation_n	prott5	replica	1	1	0	4	27	3.0	9.5	0.48148148148148145	0.1322081575246132	True
glycosylation_n	prott5	replica	1	1	1	13	118	4.0	16.0	0.3898305084745763	0.06661912009225487	True
glycosylation_n	prott5	replica	1	1	2	10	119	3.0	21.0	0.2689075630252101	0.1605813211360494	True
glycosylation_n	prott5	replica	1	1	3	19	353	3.0	32.5	0.1813031161473088	0.06438343807150285	False
glycosylation_n	prott5	replica	1	1	4	13	375	3.0	54.0	0.11733333333333333	-0.07360495780590716	False
glycosylation_n	prott5	replica	1	2	1	4	39	5.0	15.0	0.5641025641025641	0.014620861733203499	True
glycosylation_n	prott5	replica	1	2	2	6	85	6.0	22.0	0.5176470588235295	0.013255072598659717	True
glycosylation_n	prott5	replica	1	2	3	11	205	6.0	33.0	0.33658536585365856	-0.08553276474220439	False
glycosylation_n	prott5	replica	1	2	4	24	1403	10.0	72.0	0.2166785459729152	-0.22894818235336578	False
glycosylation_n	prott5	replica	2	0	0	57	230	1.0	7.5	0.3	0.1823563436082759	False
glycosylation_n	prott5	replica	2	0	1	42	325	1.0	15.0	0.18769230769230769	0.18210537755157488	False
glycosylation_n	prott5	replica	2	0	2	36	399	1.0	22.0	0.12030075187969924	0.16533032605058678	False
glycosylation_n	prott5	replica	2	0	3	31	508	1.0	32.0	0.07677165354330709	0.0719910673397989	False
glycosylation_n	prott5	replica	2	0	4	22	679	1.0	53.0	0.039764359351988215	0.06489428733025791	False
glycosylation_n	prott5	replica	2	1	0	6	37	3.0	9.5	0.5675675675675675	0.07505775141753479	True
glycosylation_n	prott5	replica	2	1	1	8	77	4.0	16.0	0.36363636363636365	0.1042263599362728	True
glycosylation_n	prott5	replica	2	1	2	9	118	3.0	21.0	0.2711864406779661	0.10993802205345346	True
glycosylation_n	prott5	replica	2	1	3	9	158	3.0	32.5	0.189873417721519	0.08797647185056912	True
glycosylation_n	prott5	replica	2	1	4	8	348	3.0	54.0	0.08045977011494253	-0.16933386379567456	False
glycosylation_n	prott5	replica	2	2	1	5	50	5.0	15.0	0.56	0.02898752060277843	True
glycosylation_n	prott5	replica	2	2	2	7	94	6.0	22.0	0.40425531914893614	0.035524450300337164	True
glycosylation_n	prott5	replica	2	2	3	4	85	6.0	33.0	0.27058823529411763	-0.03896868377678362	True
glycosylation_n	prott5	replica	2	2	4	22	1139	10.0	72.0	0.20632133450395082	-0.20013290381290683	False
glycosylation_n	prott5	rebuilt	0	0	0	56	214	1.0	7.5	0.3130841121495327	0.04488204679958548	False
glycosylation_n	prott5	rebuilt	0	0	1	54	457	1.0	15.0	0.1487964989059081	0.038195134876933094	False
glycosylation_n	prott5	rebuilt	0	0	2	31	352	1.0	22.0	0.125	-0.024237357751499065	False
glycosylation_n	prott5	rebuilt	0	0	3	33	515	1.0	32.0	0.07572815533980583	0.041146650118657944	False
glycosylation_n	prott5	rebuilt	0	0	4	28	1090	1.0	53.0	0.03853211009174312	-0.032829311336467	False
glycosylation_n	prott5	rebuilt	0	1	0	8	52	3.0	9.5	0.4807692307692308	0.04579726991407613	True
glycosylation_n	prott5	rebuilt	0	1	1	11	106	4.0	16.0	0.37735849056603776	0.07162837470765698	True
glycosylation_n	prott5	rebuilt	0	1	2	14	175	3.0	21.0	0.26285714285714284	0.012606552116456135	True
glycosylation_n	prott5	rebuilt	0	1	3	18	293	3.0	32.5	0.21160409556313994	0.0400889727708195	False
glycosylation_n	prott5	rebuilt	0	1	4	16	511	3.0	54.0	0.1095890410958904	0.006013906033767231	False
glycosylation_n	prott5	rebuilt	0	2	0	1	7	5.0	9.0	0.7142857142857143	0.017095014440327922	True
glycosylation_n	prott5	rebuilt	0	2	1	5	46	5.0	15.0	0.5652173913043478	0.047384823006099565	True
glycosylation_n	prott5	rebuilt	0	2	2	7	98	6.0	22.0	0.42857142857142855	0.09143248886240223	True
glycosylation_n	prott5	rebuilt	0	2	3	13	254	6.0	33.0	0.3346456692913386	-0.005037633518191281	False
glycosylation_n	prott5	rebuilt	0	2	4	18	727	10.0	72.0	0.22283356258596973	-0.056278596305348226	False
glycosylation_n	prott5	rebuilt	1	0	0	54	243	1.0	7.5	0.25925925925925924	0.10137041269469188	False
glycosylation_n	prott5	rebuilt	1	0	1	47	338	1.0	15.0	0.16272189349112426	0.09936287544004195	False
glycosylation_n	prott5	rebuilt	1	0	2	37	407	1.0	22.0	0.11302211302211303	0.06438794591484465	False
glycosylation_n	prott5	rebuilt	1	0	3	42	695	1.0	32.0	0.07625899280575539	0.017737597896366447	False
glycosylation_n	prott5	rebuilt	1	0	4	21	649	1.0	53.0	0.04314329738058552	-0.06992729198767335	False
glycosylation_n	prott5	rebuilt	1	1	0	4	27	3.0	9.5	0.48148148148148145	0.10053328645100797	True
glycosylation_n	prott5	rebuilt	1	1	1	13	118	4.0	16.0	0.3898305084745763	0.11491129854108557	True
glycosylation_n	prott5	rebuilt	1	1	2	10	119	3.0	21.0	0.2689075630252101	0.13991862567811936	True
glycosylation_n	prott5	rebuilt	1	1	3	19	353	3.0	32.5	0.1813031161473088	0.0343792582565353	False
glycosylation_n	prott5	rebuilt	1	1	4	13	375	3.0	54.0	0.11733333333333333	-0.08333201476793249	False
glycosylation_n	prott5	rebuilt	1	2	1	4	39	5.0	15.0	0.5641025641025641	0.12007059396299904	True
glycosylation_n	prott5	rebuilt	1	2	2	6	85	6.0	22.0	0.5176470588235295	0.13201088979895756	True
glycosylation_n	prott5	rebuilt	1	2	3	11	205	6.0	33.0	0.33658536585365856	0.04387253010188329	False
glycosylation_n	prott5	rebuilt	1	2	4	24	1403	10.0	72.0	0.2166785459729152	-0.0642028102077826	False
glycosylation_n	prott5	rebuilt	2	0	0	57	230	1.0	7.5	0.3	0.10840337424883036	False
glycosylation_n	prott5	rebuilt	2	0	1	42	325	1.0	15.0	0.18769230769230769	0.08016373548749343	False
glycosylation_n	prott5	rebuilt	2	0	2	36	399	1.0	22.0	0.12030075187969924	0.07021674742542723	False
glycosylation_n	prott5	rebuilt	2	0	3	31	508	1.0	32.0	0.07677165354330709	0.005084181701210114	False
glycosylation_n	prott5	rebuilt	2	0	4	22	679	1.0	53.0	0.039764359351988215	-0.07352586751871633	False
glycosylation_n	prott5	rebuilt	2	1	0	6	37	3.0	9.5	0.5675675675675675	0.04998759060449666	True
glycosylation_n	prott5	rebuilt	2	1	1	8	77	4.0	16.0	0.36363636363636365	0.10045440784786207	True
glycosylation_n	prott5	rebuilt	2	1	2	9	118	3.0	21.0	0.2711864406779661	0.011625354687057254	True
glycosylation_n	prott5	rebuilt	2	1	3	9	158	3.0	32.5	0.189873417721519	0.08058480595386766	True
glycosylation_n	prott5	rebuilt	2	1	4	8	348	3.0	54.0	0.08045977011494253	-0.006003561675719714	False
glycosylation_n	prott5	rebuilt	2	2	1	5	50	5.0	15.0	0.56	0.036227925594537316	True
glycosylation_n	prott5	rebuilt	2	2	2	7	94	6.0	22.0	0.40425531914893614	0.05977435887159397	True
glycosylation_n	prott5	rebuilt	2	2	3	4	85	6.0	33.0	0.27058823529411763	0.037981135472790487	True
glycosylation_n	prott5	rebuilt	2	2	4	22	1139	10.0	72.0	0.20632133450395082	-0.05611873319451028	False
