protein	family	fold	observed	predicted
A0A0U1RQE8	ppi	0	0.6931471805599453	1.2178301960562652
A0AV96	ppi	0	0.6931471805599453	1.1759888409416908
A0MZ66	ppi	0	2.772588722239781	1.374916710482892
A1X283	ppi	0	1.791759469228055	1.254314381074511
A2RRD8	ppi	0	1.0986122886681096	1.23554779834726
A2RRP1	ppi	0	1.791759469228055	1.404646856361244
A4D1P6	ppi	0	1.3862943611198906	1.29053778432093
A6NHQ2	ppi	0	1.6094379124341003	1.3872862997229976
A6NHR9	ppi	0	3.1354942159291497	2.407464402060981
A6NKN8	ppi	0	0.6931471805599453	1.4044843589871459
A6NNY8	ppi	0	0.6931471805599453	1.1787254409779961
A8MU46	ppi	0	1.3862943611198906	1.2120697361464094
A8MV65	ppi	0	0.6931471805599453	1.0431631670889698
B0I1T2	ppi	0	2.0794415416798357	1.8913966391431998
O00151	ppi	0	2.197224577336219	1.934866017159032
O00178	ppi	0	1.3862943611198906	1.9327300458898946
O00186	ppi	0	1.791759469228055	1.3206482726438344
O00203	ppi	0	1.9459101490553132	1.6624375012647092
O00221	ppi	0	0.6931471805599453	1.5077645416166194
O00391	ppi	0	1.0986122886681096	1.3421509578884858
O00425	ppi	0	1.6094379124341003	1.7898930403024835
O00512	ppi	0	2.3978952727983707	1.4739535100263268
O00625	ppi	0	1.6094379124341003	1.6221966750290084
O00629	ppi	0	0.6931471805599453	1.7796079796759185
O00755	ppi	0	0.6931471805599453	0.8940405826911358
O00767	ppi	0	0.6931471805599453	1.2379988033633924
O14523	ppi	0	0.6931471805599453	0.23959207700603868
O14524	ppi	0	0.6931471805599453	1.3530207843030448
O14531	ppi	0	1.6094379124341003	1.040898768774628
O14548	ppi	0	0.6931471805599453	1.0341601262791742
O14556	ppi	0	1.0986122886681096	1.562870021410292
O14561	ppi	0	1.6094379124341003	1.2731734693983605
O14578	ppi	0	1.0986122886681096	1.2882470436036577
O14602	ppi	0	0.6931471805599453	1.494575316765633
O14647	ppi	0	0.6931471805599453	1.551504511823706
O14672	ppi	0	1.0986122886681096	1.0282510182635411
O14733	ppi	0	1.0986122886681096	1.1546393325753284
O14737	ppi	0	2.0794415416798357	1.916858385449355
O14782	ppi	0	0.6931471805599453	1.4863326991136634
O14791	ppi	0	0.6931471805599453	1.211451304119288
O14949	ppi	0	0.6931471805599453	1.2024706254430464
O14964	ppi	0	2.0794415416798357	1.2326342664218133
O14975	ppi	0	1.0986122886681096	1.1022147647140716
O14976	ppi	0	1.3862943611198906	1.5390597576451681
O15014	ppi	0	2.3025850929940455	0.8780251182798203
O15031	ppi	0	1.791759469228055	0.8987663645186788
O15060	ppi	0	0.6931471805599453	0.9434075548609056
O15075	ppi	0	2.0794415416798357	1.428973681157982
O15090	ppi	0	0.6931471805599453	1.4341729056580352
O15143	ppi	0	2.4849066497880004	1.5519894513446912
O15144	ppi	0	2.4849066497880004	1.6628992517168502
O15160	ppi	0	1.3862943611198906	1.4814959011620266
O15247	ppi	0	1.0986122886681096	1.8408500199665991
O15269	ppi	0	1.0986122886681096	1.4080442622604998
O15305	ppi	0	1.9459101490553132	0.8481054309587752
O15381	ppi	0	1.3862943611198906	1.5810282845364265
O15460	ppi	0	0.6931471805599453	1.359759857284139
O15498	ppi	0	0.6931471805599453	0.987194842848849
O43149	ppi	0	0.6931471805599453	1.0824349646886728
O43167	ppi	0	0.6931471805599453	1.108157149079062
O43169	ppi	0	1.0986122886681096	1.3654483774014867
O43181	ppi	0	0.6931471805599453	1.1796362916560874
O43236	ppi	0	0.6931471805599453	1.592673180093727
O43290	ppi	0	2.4849066497880004	1.6541911559744908
O43379	ppi	0	1.6094379124341003	1.213995983653411
O43395	ppi	0	2.0794415416798357	1.7630198476287153
O43414	ppi	0	1.0986122886681096	1.3943670034842066
O43439	ppi	0	1.3862943611198906	1.29852567855741
O43513	ppi	0	0.6931471805599453	1.0450347793339454
O43521	ppi	0	0.6931471805599453	1.093515317964076
O43598	ppi	0	0.6931471805599453	1.2910842777335751
O43639	ppi	0	0.6931471805599453	1.1138338924296427
O43808	ppi	0	1.0986122886681096	1.0559023022432246
O43809	ppi	0	1.791759469228055	1.8278256057796884
O43813	ppi	0	1.791759469228055	1.7685635906369173
O43823	ppi	0	2.3025850929940455	1.6880315965828088
O60271	ppi	0	2.0794415416798357	1.4626177105892626
O60284	ppi	0	0.6931471805599453	1.106426284844079
O60287	ppi	0	1.3862943611198906	1.733901478839062
O60293	ppi	0	1.0986122886681096	1.492044515503439
O60333	ppi	0	0.6931471805599453	1.0706765627193553
O60437	ppi	0	2.772588722239781	1.374056204894214
O60488	ppi	0	1.791759469228055	1.549224900399711
O60496	ppi	0	0.6931471805599453	0.8874035973021661
O60506	ppi	0	2.70805020110221	1.9155661861672342
O60508	ppi	0	1.6094379124341003	1.562887815601214
O60524	ppi	0	1.6094379124341003	1.5099684473134016
O60641	ppi	0	1.0986122886681096	1.2843162698128883
O60749	ppi	0	2.5649493574615367	1.442936978098666
O60880	ppi	0	0.6931471805599453	0.8190597865418233
O60884	ppi	0	2.4849066497880004	1.8878539523011122
O60941	ppi	0	0.6931471805599453	1.353855465727369
O60942	ppi	0	0.6931471805599453	1.6106219538334037
O75128	ppi	0	0.6931471805599453	1.7351672051085694
O75132	ppi	0	0.6931471805599453	1.410995990491883
O75140	ppi	0	0.6931471805599453	0.9300708770316405
O75146	ppi	0	1.0986122886681096	1.514354965478506
O75155	ppi	0	1.3862943611198906	1.1713238398538102
O75208	ppi	0	1.6094379124341003	1.117694282583351
O75323	ppi	0	2.197224577336219	1.6623028853176196
O75340	ppi	0	1.0986122886681096	1.200504895369097
O75365	ppi	0	0.6931471805599453	1.4017860565517106
O75367	ppi	0	2.6390573296152584	1.8459561929314914
O75373	ppi	0	0.6931471805599453	1.5209336830292444
O75381	ppi	0	0.6931471805599453	1.3632550760360758
O75431	ppi	0	0.6931471805599453	1.3724206590151216
O75496	ppi	0	1.3862943611198906	0.8846517360942178
O75508	ppi	0	1.0986122886681096	0.9708601050425568
O75521	ppi	0	2.70805020110221	1.7164992398108279
O75525	ppi	0	1.3862943611198906	1.7263687185122931
O75554	ppi	0	1.3862943611198906	1.6824467771722682
O75564	ppi	0	1.0986122886681096	1.1256694698036716
O75575	ppi	0	0.6931471805599453	1.1453641056474027
O75582	ppi	0	1.0986122886681096	1.38897982631264
O75592	ppi	0	1.0986122886681096	1.0692735208373503
O75600	ppi	0	1.6094379124341003	1.4433732367132124
O75608	ppi	0	1.6094379124341003	1.1658457275099399
O75616	ppi	0	0.6931471805599453	1.5186716271636773
O75665	ppi	0	0.6931471805599453	1.1759670042360222
O75746	ppi	0	1.3862943611198906	1.6115689431796563
O75815	ppi	0	0.6931471805599453	0.9591501254636436
O75818	ppi	0	0.6931471805599453	1.350981239446456
O75821	ppi	0	2.197224577336219	1.7000896813000594
O75822	ppi	0	2.3025850929940455	1.768327810281444
O75915	ppi	0	0.6931471805599453	1.1259124608411726
O75928	ppi	0	1.0986122886681096	1.569874854726268
O75952	ppi	0	0.6931471805599453	0.7859447484723612
O75962	ppi	0	1.3862943611198906	1.0065421902973366
O76054	ppi	0	1.6094379124341003	1.1918458995998895
O94762	ppi	0	1.0986122886681096	1.584511805661655
O94808	ppi	0	1.0986122886681096	1.846868472285777
O94874	ppi	0	1.9459101490553132	1.880537536323117
O94906	ppi	0	2.772588722239781	1.8672830063989097
O94966	ppi	0	0.6931471805599453	1.4397639361775973
O95070	ppi	0	0.6931471805599453	0.9007109437067733
O95071	ppi	0	1.0986122886681096	1.4781093862478687
O95229	ppi	0	0.6931471805599453	1.494227033862681
O95235	ppi	0	0.6931471805599453	1.1604154397581374
O95340	ppi	0	1.6094379124341003	1.407169235954953
O95359	ppi	0	1.3862943611198906	1.5486193381305853
O95373	ppi	0	1.791759469228055	1.8399291092643206
O95379	ppi	0	1.0986122886681096	0.9060228126233771
O95433	ppi	0	2.197224577336219	1.9854641247489155
O95453	ppi	0	1.9459101490553132	1.1885842439125678
O95544	ppi	0	0.6931471805599453	0.7689753794021943
O95678	ppi	0	1.0986122886681096	1.6830661984455526
O95757	ppi	0	2.772588722239781	1.9905214628673469
O95801	ppi	0	1.0986122886681096	1.6537529583212596
O95816	ppi	0	2.0794415416798357	1.7832927635695484
O95819	ppi	0	1.791759469228055	1.1563315526976148
O95825	ppi	0	1.6094379124341003	1.056254346733493
O95983	ppi	0	1.6094379124341003	1.4629442580219925
P00167	ppi	0	1.791759469228055	1.322372784110413
P00374	ppi	0	1.791759469228055	1.6292747149822355
P00441	ppi	0	2.3025850929940455	1.9091449981899828
P00491	ppi	0	2.0794415416798357	2.1198852851682757
P00918	ppi	0	2.8903717578961645	1.6175619128413858
P01833	ppi	0	2.8903717578961645	0.9524965101865145
P02462	ppi	0	1.3862943611198906	1.373764745821573
P02649	ppi	0	1.791759469228055	1.6649669747326525
P02655	ppi	0	1.0986122886681096	1.5048886004596578
P02689	ppi	0	1.6094379124341003	1.6586703907755762
P02750	ppi	0	1.0986122886681096	1.6823558664602642
P02760	ppi	0	1.791759469228055	1.2358393734019468
P02763	ppi	0	1.791759469228055	1.5975572525180506
P02788	ppi	0	2.70805020110221	1.418649149113699
P03973	ppi	0	2.0794415416798357	1.4596874340196602
P04004	ppi	0	1.9459101490553132	1.6065624777645326
P04040	ppi	0	2.6390573296152584	2.1384983807071545
P04075	ppi	0	2.9444389791664403	2.565937341979776
P04150	ppi	0	2.0794415416798357	1.599055156892443
P04179	ppi	0	2.3025850929940455	1.489415355000458
P04181	ppi	0	2.197224577336219	2.152109689108123
P04198	ppi	0	0.6931471805599453	1.7053493240114141
P04259	ppi	0	1.0986122886681096	1.877717879568727
P04279	ppi	0	2.70805020110221	1.3669967035394779
P04406	ppi	0	3.0910424533583156	2.125540059295341
P04733	ppi	0	1.0986122886681096	1.8025594118571775
P05023	ppi	0	2.9444389791664403	2.1082573267922817
P05090	ppi	0	1.9459101490553132	1.6684887914301045
P05187	ppi	0	1.6094379124341003	1.4923451338744196
P05387	ppi	0	2.197224577336219	1.8696767720176835
P05412	ppi	0	1.3862943611198906	1.553501425176365
P05413	ppi	0	1.0986122886681096	1.8331754519025312
P05423	ppi	0	0.6931471805599453	1.2702101314026173
P06703	ppi	0	1.9459101490553132	1.867344222769109
P06748	ppi	0	3.0910424533583156	1.8319486577448267
P07108	ppi	0	2.4849066497880004	1.4256483485255786
P07355	ppi	0	3.3672958299864737	2.1022632151305594
P07384	ppi	0	2.197224577336219	1.7165460712430236
P07737	ppi	0	2.0794415416798357	1.741850177473458
P07864	ppi	0	1.0986122886681096	2.097219781813248
P07900	ppi	0	3.9318256327243257	1.5853884479543732
P07910	ppi	0	2.995732273553991	1.7748310790125126
P07919	ppi	0	1.0986122886681096	1.2847054813691403
P07942	ppi	0	1.6094379124341003	1.6887523842607164
P07951	ppi	0	3.0910424533583156	1.8836671528970692
P08183	ppi	0	0.6931471805599453	1.5201850260682763
P08195	ppi	0	2.6390573296152584	1.9056329537212449
P08238	ppi	0	3.8066624897703196	1.6740022755140205
P08567	ppi	0	1.791759469228055	1.3905686510453037
P08631	ppi	0	0.6931471805599453	1.5176081226371174
P08729	ppi	0	2.772588722239781	1.764564272839339
P09110	ppi	0	2.3025850929940455	1.8668798452380733
P09429	ppi	0	3.044522437723423	1.7288452693180787
P09488	ppi	0	2.3978952727983707	1.5413013836181555
P09493	ppi	0	3.2188758248682006	2.046248819707852
P09619	ppi	0	0.6931471805599453	1.357322406701345
P09622	ppi	0	3.2188758248682006	2.0081010271086988
P09661	ppi	0	2.0794415416798357	1.807814460438932
P09960	ppi	0	2.833213344056216	2.2787677398420887
P0CG39	ppi	0	0.6931471805599453	2.3320310303224376
P0DJI8	ppi	0	1.0986122886681096	1.4763311619890174
P10412	ppi	0	2.0794415416798357	1.9601024515944463
P10599	ppi	0	2.197224577336219	2.0214651998072064
P10768	ppi	0	2.4849066497880004	1.9590049295224663
P10916	ppi	0	1.3862943611198906	1.50469959599833
P11021	ppi	0	3.0910424533583156	1.7427069622948141
P11137	ppi	0	2.833213344056216	1.3217283659017531
P11217	ppi	0	2.197224577336219	1.7416778895020957
P11245	ppi	0	0.6931471805599453	1.1010050029153393
P11498	ppi	0	2.3978952727983707	2.0604311489102938
P11766	ppi	0	2.6390573296152584	2.033464169694671
P11802	ppi	0	0.6931471805599453	1.1478740137056955
P12111	ppi	0	3.6375861597263857	1.641110550762483
P12268	ppi	0	2.5649493574615367	2.081898287129532
P12277	ppi	0	2.70805020110221	2.328522824380482
P12643	ppi	0	0.6931471805599453	0.9936212732528917
P12755	ppi	0	0.6931471805599453	1.4963721753977712
P13051	ppi	0	1.6094379124341003	1.3905594991178976
P13073	ppi	0	2.197224577336219	1.3121859638085756
P13489	ppi	0	2.0794415416798357	1.8484442966394912
P13533	ppi	0	1.6094379124341003	1.7674160349954375
P13637	ppi	0	2.4849066497880004	1.4683724000242637
P13674	ppi	0	2.0794415416798357	1.7161285519545064
P13796	ppi	0	2.70805020110221	1.7142390003625882
P13987	ppi	0	1.3862943611198906	1.5379566127139868
P14324	ppi	0	1.3862943611198906	1.8935525539771718
P14555	ppi	0	1.791759469228055	1.6672682151707154
P14854	ppi	0	1.0986122886681096	1.2210621274090765
P15104	ppi	0	1.791759469228055	1.4926453334570908
P15531	ppi	0	1.6094379124341003	1.8048952022931206
P15882	ppi	0	0.6931471805599453	1.492806243585285
P16220	ppi	0	1.0986122886681096	1.2396188110317619
P16422	ppi	0	1.791759469228055	1.3939813944454205
P17029	ppi	0	1.3862943611198906	1.2216638109490137
P17098	ppi	0	1.0986122886681096	1.3121875436958164
P17275	ppi	0	1.791759469228055	1.2118831894986797
P17655	ppi	0	2.3025850929940455	1.5578893858590948
P17706	ppi	0	1.6094379124341003	1.3870590506228129
P17812	ppi	0	2.3025850929940455	2.0728189102829147
P18031	ppi	0	1.9459101490553132	1.4426301720108288
P18124	ppi	0	2.6390573296152584	1.846734019743817
P19367	ppi	0	2.995732273553991	1.673448669549125
P19474	ppi	0	0.6931471805599453	1.8925619227940411
P19823	ppi	0	2.197224577336219	1.6206338872419275
P19827	ppi	0	1.9459101490553132	1.5795045204109068
P19838	ppi	0	1.9459101490553132	1.2924969973288776
P19957	ppi	0	0.6931471805599453	1.2682654162215252
P20020	ppi	0	2.772588722239781	1.5039783659689285
P20142	ppi	0	1.0986122886681096	1.8142121347843507
P20963	ppi	0	0.6931471805599453	0.7740641683369153
P21281	ppi	0	1.3862943611198906	1.4688716445593974
P21283	ppi	0	1.791759469228055	1.1658637362574675
P21291	ppi	0	2.833213344056216	1.9617194201870174
P21579	ppi	0	1.3862943611198906	1.2616464679735468
P21580	ppi	0	0.6931471805599453	0.9375529787036969
P21817	ppi	0	0.6931471805599453	1.2060231374853914
P22087	ppi	0	2.5649493574615367	1.5771829593358466
P22307	ppi	0	3.1354942159291497	1.7765818836566953
P22692	ppi	0	0.6931471805599453	1.1969328760751385
P23258	ppi	0	0.6931471805599453	1.4738104774710992
P23368	ppi	0	2.70805020110221	1.6971780228585773
P23497	ppi	0	2.0794415416798357	1.7270362165547881
P23511	ppi	0	1.0986122886681096	1.3639667776651687
P23677	ppi	0	0.6931471805599453	1.0488214002658363
P23769	ppi	0	0.6931471805599453	1.175909311456214
P23919	ppi	0	1.791759469228055	1.3461284408559038
P24941	ppi	0	2.0794415416798357	1.3858260203002786
P25325	ppi	0	1.3862943611198906	1.7919579057582673
P25440	ppi	0	2.70805020110221	1.4522034755266828
P25490	ppi	0	1.9459101490553132	1.7088171016123046
P25685	ppi	0	2.3978952727983707	1.4472077158397625
P25786	ppi	0	1.9459101490553132	1.499054736144021
P25789	ppi	0	2.70805020110221	1.675662315853848
P25815	ppi	0	1.9459101490553132	1.8865210151747602
P26358	ppi	0	2.995732273553991	1.476591983773589
P27348	ppi	0	2.4849066497880004	1.5343154657608071
P27797	ppi	0	2.995732273553991	1.8296599776659492
P27824	ppi	0	3.1780538303479453	1.651138775706098
P28356	ppi	0	0.6931471805599453	0.7981701912276894
P28676	ppi	0	0.6931471805599453	1.068258897714329
P28702	ppi	0	0.6931471805599453	1.131685134664102
P28715	ppi	0	1.9459101490553132	1.375063968095383
P29084	ppi	0	1.3862943611198906	1.5060396753873715
P29317	ppi	0	0.6931471805599453	1.1936232381890886
P29350	ppi	0	1.6094379124341003	0.9834423980366382
P29353	ppi	0	0.6931471805599453	1.3319444893619257
P29373	ppi	0	2.197224577336219	0.9217814906012191
P29375	ppi	0	1.0986122886681096	1.3913385911084992
P29536	ppi	0	0.6931471805599453	1.7194204471785106
P30046	ppi	0	1.0986122886681096	1.2877181206408648
P30084	ppi	0	2.3978952727983707	1.922596886850124
P30260	ppi	0	1.3862943611198906	1.4659536296538906
P30566	ppi	0	2.3978952727983707	2.16273216214326
P30837	ppi	0	2.3025850929940455	2.238758636447467
P31323	ppi	0	1.0986122886681096	1.5024553516454577
P31689	ppi	0	2.70805020110221	2.023051706903641
P31937	ppi	0	2.3978952727983707	1.9198016371650695
P31943	ppi	0	2.0794415416798357	1.0530477378873138
P31948	ppi	0	3.737669618283368	1.8794334675504643
P31949	ppi	0	1.9459101490553132	2.0173699672496026
P32243	ppi	0	0.6931471805599453	0.9399324033560283
P32456	ppi	0	1.6094379124341003	1.3749369394584616
P32519	ppi	0	1.9459101490553132	1.526587964303147
P33527	ppi	0	0.6931471805599453	1.5102248906955542
P34896	ppi	0	2.0794415416798357	1.8460529395749539
P34897	ppi	0	2.772588722239781	2.0663404707306325
P35251	ppi	0	2.70805020110221	1.8602471293883052
P35269	ppi	0	1.9459101490553132	1.3764501409430387
P35542	ppi	0	1.3862943611198906	1.329266113612091
P35711	ppi	0	0.6931471805599453	1.0530964881165483
P35749	ppi	0	4.394449154672438	1.9457856699811158
P35754	ppi	0	1.0986122886681096	1.6132339581692456
P35914	ppi	0	2.197224577336219	1.4868043960966493
P36873	ppi	0	1.6094379124341003	1.466816979196025
P36969	ppi	0	2.3025850929940455	1.983136360208278
P38159	ppi	0	2.3025850929940455	1.7988499863967415
P38646	ppi	0	3.6635616461296463	1.8217118108369637
P39059	ppi	0	0.6931471805599453	1.2498556089292177
P39656	ppi	0	1.0986122886681096	1.6346361332688315
P39880	ppi	0	1.0986122886681096	1.495810280905518
P40123	ppi	0	0.6931471805599453	1.7077718610835004
P40429	ppi	0	2.3978952727983707	1.753137504633882
P41091	ppi	0	2.833213344056216	1.680276926518077
P41212	ppi	0	1.0986122886681096	1.4828693274840143
P41214	ppi	0	1.0986122886681096	1.5810815304084263
P41236	ppi	0	1.6094379124341003	1.6067707972771452
P41240	ppi	0	1.6094379124341003	1.3997578619781816
P41250	ppi	0	3.0910424533583156	2.1485905801844907
P42338	ppi	0	0.6931471805599453	1.274726613406452
P42566	ppi	0	1.3862943611198906	1.322514058002825
P42568	ppi	0	2.4849066497880004	1.6781324505345316
P42696	ppi	0	1.6094379124341003	1.5950722713071737
P43004	ppi	0	1.0986122886681096	1.5279651471691924
P43243	ppi	0	3.332204510175204	1.9301967065095496
P43304	ppi	0	2.3025850929940455	1.0610822262751407
P43403	ppi	0	2.197224577336219	1.0573838382895968
P43490	ppi	0	2.995732273553991	1.765615578507877
P46013	ppi	0	4.219507705176107	1.2663398926441058
P46527	ppi	0	1.0986122886681096	1.0215404196773896
P46734	ppi	0	1.3862943611198906	1.3173218118545824
P46777	ppi	0	2.5649493574615367	1.7660202990014233
P46821	ppi	0	3.6635616461296463	2.0132322087276044
P46977	ppi	0	1.0986122886681096	1.3566737098440438
P47755	ppi	0	1.9459101490553132	1.680487383162671
P47895	ppi	0	2.197224577336219	1.4899977784786647
P48163	ppi	0	1.6094379124341003	1.6270398386983254
P48436	ppi	0	1.0986122886681096	1.3048986855502573
P48539	ppi	0	1.0986122886681096	1.1747715696349732
P48637	ppi	0	1.3862943611198906	1.698140729021247
P48729	ppi	0	1.6094379124341003	1.1449797791434961
P48735	ppi	0	3.332204510175204	2.3067474984369514
P49005	ppi	0	1.0986122886681096	1.4520933463700547
P49023	ppi	0	1.6094379124341003	1.3973037999284104
P49257	ppi	0	1.9459101490553132	1.4065214998116
P49427	ppi	0	0.6931471805599453	1.2932006081772531
P49448	ppi	0	1.3862943611198906	1.4896520711411674
P49458	ppi	0	2.197224577336219	1.864614718778767
P49459	ppi	0	0.6931471805599453	1.5174271579069065
P49585	ppi	0	1.9459101490553132	1.8906946463951533
P49716	ppi	0	0.6931471805599453	1.484788220394439
P49841	ppi	0	1.3862943611198906	1.2112864204233929
P49908	ppi	0	0.6931471805599453	1.8061066592491726
P49910	ppi	0	0.6931471805599453	1.139251542216647
P49918	ppi	0	1.0986122886681096	1.261801152576197
P50226	ppi	0	0.6931471805599453	1.1353510544159047
P50238	ppi	0	1.791759469228055	1.8783837326768988
P50416	ppi	0	1.0986122886681096	1.8365281336231236
P50454	ppi	0	2.5649493574615367	1.9155583007463184
P50749	ppi	0	1.0986122886681096	1.1655122004385534
P50897	ppi	0	1.0986122886681096	1.6413482721543076
P50993	ppi	0	2.3025850929940455	1.6247373186664011
P51116	ppi	0	1.0986122886681096	1.45380422956919
P51449	ppi	0	0.6931471805599453	1.1317491490950995
P51530	ppi	0	1.0986122886681096	1.5367852968043831
P51532	ppi	0	2.833213344056216	1.6439706932172267
P51572	ppi	0	2.6390573296152584	1.3937925605368857
P51580	ppi	0	1.3862943611198906	1.2292507258268015
P51587	ppi	0	0.6931471805599453	1.529382257120871
P51608	ppi	0	2.4849066497880004	1.640597785508987
P51649	ppi	0	2.5649493574615367	1.7775451905864617
P51812	ppi	0	2.3025850929940455	1.484164887875766
P51957	ppi	0	0.6931471805599453	1.225184583436843
P52292	ppi	0	1.791759469228055	1.868348677644371
P52298	ppi	0	1.791759469228055	1.5688525806510483
P52788	ppi	0	1.0986122886681096	1.56438236940925
P52943	ppi	0	2.3978952727983707	1.4875543885184612
P53701	ppi	0	1.0986122886681096	1.3873439324023191
P53816	ppi	0	0.6931471805599453	1.390132794694447
P53990	ppi	0	1.791759469228055	1.2597982822110623
P54108	ppi	0	1.791759469228055	1.559739911528849
P54132	ppi	0	2.197224577336219	1.5158610145271378
P54136	ppi	0	2.8903717578961645	2.145224743299428
P54652	ppi	0	2.4849066497880004	1.6791213024035363
P54725	ppi	0	1.791759469228055	1.4302705934720086
P54851	ppi	0	1.0986122886681096	1.3526651217324241
P54886	ppi	0	2.70805020110221	2.308167721693067
P54922	ppi	0	0.6931471805599453	1.1764611490932182
P55011	ppi	0	1.6094379124341003	1.6195743598398158
P55083	ppi	0	1.791759469228055	1.3221815179289873
P55160	ppi	0	1.6094379124341003	1.187390709985466
P55197	ppi	0	1.6094379124341003	1.4912764789118933
P55259	ppi	0	0.6931471805599453	1.4404730045844603
P55317	ppi	0	1.3862943611198906	1.3361107167750212
P56381	ppi	0	1.791759469228055	1.6354664342948848
P56385	ppi	0	0.6931471805599453	1.5686300198294032
P56470	ppi	0	1.3862943611198906	1.4695544071991677
P56597	ppi	0	0.6931471805599453	1.5640015326154
P56937	ppi	0	0.6931471805599453	1.1148433126839237
P56962	ppi	0	1.0986122886681096	1.153385660325141
P57682	ppi	0	0.6931471805599453	0.9064441613312065
P57768	ppi	0	0.6931471805599453	0.7791945279280424
P60033	ppi	0	0.6931471805599453	0.9381700377500196
P60174	ppi	0	2.833213344056216	2.4015056231364547
P60842	ppi	0	2.5649493574615367	1.926702606591968
P60891	ppi	0	2.197224577336219	2.1711439961411196
P60900	ppi	0	2.4849066497880004	1.6874344504030254
P61026	ppi	0	1.0986122886681096	1.6673164955089184
P61081	ppi	0	1.791759469228055	1.7701945094732192
P61106	ppi	0	1.791759469228055	1.5590747678208299
P61129	ppi	0	0.6931471805599453	1.390565014576446
P61221	ppi	0	2.995732273553991	1.5650517897264287
P61224	ppi	0	1.3862943611198906	1.459341745811457
P61604	ppi	0	2.4849066497880004	2.047306712008075
P61956	ppi	0	1.6094379124341003	1.7753878415801625
P61960	ppi	0	1.3862943611198906	1.424916563539909
P61981	ppi	0	2.4849066497880004	1.2380971711754853
P62191	ppi	0	2.3978952727983707	1.7917279277239255
P62263	ppi	0	1.6094379124341003	1.742243409837144
P62269	ppi	0	1.9459101490553132	1.6811386009678877
P62273	ppi	0	1.0986122886681096	1.6468945831886344
P62318	ppi	0	1.6094379124341003	1.639583020269391
P62633	ppi	0	2.0794415416798357	1.7379857982286524
P62701	ppi	0	2.5649493574615367	1.7508144970493804
P62807	ppi	0	1.9459101490553132	1.6063843653283465
P62829	ppi	0	1.3862943611198906	1.6974308567840457
P62851	ppi	0	2.3025850929940455	1.8094921163978863
P62917	ppi	0	2.3978952727983707	1.9019851379532764
P62937	ppi	0	2.5649493574615367	2.035488190203111
P63167	ppi	0	1.791759469228055	1.163348251329035
P63218	ppi	0	0.6931471805599453	1.0457786225796337
P63244	ppi	0	2.3025850929940455	1.8011670232382706
P63272	ppi	0	0.6931471805599453	1.3639004113139641
P68400	ppi	0	1.791759469228055	1.596990067695523
P68431	ppi	0	2.4849066497880004	1.4744229032358842
P69905	ppi	0	2.3978952727983707	1.8369228224525767
P78344	ppi	0	2.8903717578961645	1.8690012900550514
P78346	ppi	0	1.791759469228055	1.3248666294182119
P78527	ppi	0	4.477336814478206	1.8083717955070941
P78562	ppi	0	0.6931471805599453	1.473298195115212
P80723	ppi	0	2.70805020110221	2.1267170093240453
P82914	ppi	0	1.6094379124341003	1.3653449765283903
P83105	ppi	0	0.6931471805599453	1.4963135225046846
P83111	ppi	0	2.197224577336219	1.8514034950032145
P83876	ppi	0	0.6931471805599453	1.6368027575249944
P84085	ppi	0	0.6931471805599453	1.3582352800954898
P98171	ppi	0	1.0986122886681096	1.1829691219684573
P98174	ppi	0	0.6931471805599453	1.1469546667684265
P98177	ppi	0	1.3862943611198906	1.4905349371740986
P98196	ppi	0	0.6931471805599453	0.5789036291475265
P99999	ppi	0	2.0794415416798357	1.5137942359003593
Q00796	ppi	0	2.0794415416798357	1.9834327926399826
Q00872	ppi	0	1.0986122886681096	1.6814453026179712
Q01081	ppi	0	0.6931471805599453	1.942066783456292
Q01101	ppi	0	0.6931471805599453	1.1930670005016868
Q01196	ppi	0	1.6094379124341003	1.3137805586509472
Q01415	ppi	0	1.3862943611198906	1.4067644541164077
Q01581	ppi	0	2.4849066497880004	1.9439862920324658
Q01955	ppi	0	1.6094379124341003	1.3767869923475593
Q02086	ppi	0	0.6931471805599453	1.5476847002780028
Q02338	ppi	0	1.0986122886681096	1.2188021081782114
Q02790	ppi	0	2.833213344056216	1.866985239753786
Q03112	ppi	0	1.0986122886681096	1.3092535607139268
Q03923	ppi	0	0.6931471805599453	1.5812282210537059
Q04695	ppi	0	2.4849066497880004	1.7394253047206674
Q05048	ppi	0	1.6094379124341003	1.4597312057126204
Q05315	ppi	0	1.3862943611198906	0.8554305678173385
Q05823	ppi	0	1.0986122886681096	1.4869834140640712
Q05BV3	ppi	0	0.6931471805599453	1.1139542144836827
Q06124	ppi	0	2.5649493574615367	1.176105938226601
Q06203	ppi	0	2.4849066497880004	1.8532640259768876
Q06323	ppi	0	2.5649493574615367	1.9822216801786978
Q06418	ppi	0	0.6931471805599453	1.1492417445909524
Q06945	ppi	0	1.9459101490553132	1.292963966306245
Q07021	ppi	0	1.6094379124341003	1.7420024174849251
Q07352	ppi	0	0.6931471805599453	1.5815490673585666
Q07955	ppi	0	1.6094379124341003	1.7270476940113666
Q08378	ppi	0	1.3862943611198906	1.046725009296852
Q08379	ppi	0	1.3862943611198906	1.0859876423427344
Q08431	ppi	0	0.6931471805599453	1.7177812264177554
Q08AD1	ppi	0	1.0986122886681096	1.09753310988282
Q09028	ppi	0	1.9459101490553132	1.6890893735610968
Q09666	ppi	0	5.043425116919247	2.2409963801035087
Q09MP3	ppi	0	0.6931471805599453	1.5097960357878204
Q0JRZ9	ppi	0	0.6931471805599453	1.2311256897509721
Q0VDF9	ppi	0	1.3862943611198906	1.6835074921185256
Q0VDG4	ppi	0	0.6931471805599453	1.5063538173401338
Q10586	ppi	0	0.6931471805599453	0.9754899872064835
Q10587	ppi	0	0.6931471805599453	0.7609909825758165
Q12789	ppi	0	2.0794415416798357	1.6520914310074701
Q12800	ppi	0	0.6931471805599453	2.02814118157972
Q12834	ppi	0	0.6931471805599453	1.3145646623048093
Q12873	ppi	0	1.9459101490553132	1.5838313830725719
Q12882	ppi	0	1.9459101490553132	1.4456516866328109
Q12888	ppi	0	2.70805020110221	1.3466409901869851
Q12905	ppi	0	1.6094379124341003	1.812634556284124
Q12931	ppi	0	3.2580965380214817	1.9313926974860731
Q12947	ppi	0	0.6931471805599453	0.8795929466512384
Q12962	ppi	0	0.6931471805599453	1.291340908636343
Q12986	ppi	0	0.6931471805599453	1.7336806835119833
Q13011	ppi	0	2.3978952727983707	1.8488725277404126
Q13015	ppi	0	1.0986122886681096	1.8076430684211227
Q13042	ppi	0	1.0986122886681096	1.2376061644544425
Q13094	ppi	0	0.6931471805599453	1.032318953172867
Q13099	ppi	0	0.6931471805599453	1.2369173668054265
Q13123	ppi	0	1.9459101490553132	1.9822783553414647
Q13126	ppi	0	1.9459101490553132	1.7949085332157868
Q13144	ppi	0	1.0986122886681096	1.6631503374851642
Q13148	ppi	0	1.9459101490553132	2.0533302981075017
Q13206	ppi	0	0.6931471805599453	1.3773459570130735
Q13243	ppi	0	1.3862943611198906	1.8985910718608643
Q13268	ppi	0	1.6094379124341003	2.1406645108309084
Q13303	ppi	0	1.6094379124341003	1.3831131035043733
Q13325	ppi	0	1.3862943611198906	1.4395038439118424
Q13342	ppi	0	0.6931471805599453	1.1522993509946922
Q13361	ppi	0	1.0986122886681096	1.0783604576606614
Q13404	ppi	0	1.6094379124341003	1.243346319594976
Q13415	ppi	0	1.6094379124341003	1.5428460936382367
Q13418	ppi	0	2.3025850929940455	1.467674919860709
Q13422	ppi	0	1.9459101490553132	1.2582880941466683
Q13427	ppi	0	2.197224577336219	1.484708572853913
Q13443	ppi	0	1.0986122886681096	0.9806764217969891
Q13464	ppi	0	2.3025850929940455	1.5164672117415594
Q13496	ppi	0	1.0986122886681096	1.4118563131728954
Q13610	ppi	0	1.0986122886681096	1.5542574981312298
Q13616	ppi	0	2.0794415416798357	1.2715874948958095
Q13630	ppi	0	1.3862943611198906	1.4117383157361836
Q13875	ppi	0	1.3862943611198906	1.1641916327735808
Q13905	ppi	0	0.6931471805599453	1.3034407530735936
Q13951	ppi	0	1.3862943611198906	1.5990261935970713
Q13976	ppi	0	1.3862943611198906	1.1541693745723312
Q14019	ppi	0	2.197224577336219	2.072152192679453
Q14108	ppi	0	1.0986122886681096	1.5481955509798255
Q14151	ppi	0	2.197224577336219	2.102616328394334
Q14166	ppi	0	0.6931471805599453	1.7297070740391158
Q14186	ppi	0	0.6931471805599453	1.344806770854275
Q14247	ppi	0	3.4011973816621555	1.7763819080295804
Q14254	ppi	0	0.6931471805599453	1.7408064686086357
Q14318	ppi	0	1.0986122886681096	1.2835202402812111
Q14320	ppi	0	1.6094379124341003	1.1956697783448214
Q14410	ppi	0	0.6931471805599453	1.5270895562394677
Q14469	ppi	0	0.6931471805599453	1.1368977833370595
Q14498	ppi	0	2.3025850929940455	1.7991988627627937
Q14515	ppi	0	0.6931471805599453	1.857253549333005
Q14592	ppi	0	1.0986122886681096	1.3954461440945674
Q14644	ppi	0	0.6931471805599453	1.1748742347269228
Q14687	ppi	0	1.3862943611198906	1.6472229110724144
Q14692	ppi	0	1.791759469228055	1.4431192831556563
Q14814	ppi	0	1.0986122886681096	1.4508138968442945
Q14894	ppi	0	1.0986122886681096	1.5867413056136697
Q149N8	ppi	0	1.0986122886681096	1.415139027622818
Q14C86	ppi	0	1.9459101490553132	1.4543849144940695
Q15006	ppi	0	1.0986122886681096	1.5018641609753818
Q15007	ppi	0	1.3862943611198906	1.5069651104328208
Q15019	ppi	0	2.4849066497880004	1.9706170917019348
Q15022	ppi	0	1.9459101490553132	1.5211541554970003
Q15027	ppi	0	1.9459101490553132	1.3980447461798067
Q15029	ppi	0	1.6094379124341003	1.6997983290450227
Q15031	ppi	0	1.791759469228055	1.863044778167496
Q15036	ppi	0	0.6931471805599453	1.1180878522202091
Q15046	ppi	0	2.833213344056216	2.095901503455231
Q15050	ppi	0	2.3978952727983707	1.7461389773838059
Q15054	ppi	0	2.197224577336219	1.4342286821383958
Q15118	ppi	0	0.6931471805599453	1.5978302868772236
Q15147	ppi	0	0.6931471805599453	0.9012809447565737
Q15154	ppi	0	2.0794415416798357	1.0120033917707283
Q15257	ppi	0	1.9459101490553132	1.4153945702717194
Q15303	ppi	0	0.6931471805599453	0.9482002112222437
Q15326	ppi	0	0.6931471805599453	1.3689066723424355
Q15370	ppi	0	1.0986122886681096	1.5489543471453666
Q15398	ppi	0	1.3862943611198906	1.6108233856941734
Q15464	ppi	0	0.6931471805599453	0.7189895738076743
Q15468	ppi	0	0.6931471805599453	1.168909821112399
Q15493	ppi	0	1.0986122886681096	1.7472524422685722
Q15545	ppi	0	1.0986122886681096	1.4299901757526374
Q15555	ppi	0	2.197224577336219	1.5120403489807277
Q15596	ppi	0	3.0910424533583156	1.2026567271830513
Q15599	ppi	0	0.6931471805599453	1.5130769982131504
Q15631	ppi	0	1.6094379124341003	1.685497345366546
Q15637	ppi	0	2.4849066497880004	1.766788865649209
Q15643	ppi	0	1.0986122886681096	1.4327093000645879
Q15648	ppi	0	3.332204510175204	1.321232923555741
Q15652	ppi	0	2.3025850929940455	1.5163583491471608
Q15691	ppi	0	2.3025850929940455	1.374451092652774
Q15699	ppi	0	0.6931471805599453	0.7420004597580656
Q15744	ppi	0	0.6931471805599453	1.3065777550816142
Q15761	ppi	0	0.6931471805599453	1.1020700758110515
Q15796	ppi	0	1.6094379124341003	1.5241808144244895
Q15813	ppi	0	1.3862943611198906	1.13913931646789
Q15833	ppi	0	0.6931471805599453	1.598064166565218
Q15843	ppi	0	1.6094379124341003	1.538877213956087
Q15847	ppi	0	1.791759469228055	0.7996012928650366
Q15910	ppi	0	1.6094379124341003	1.4149002889236824
Q15935	ppi	0	1.0986122886681096	0.4282406059668973
Q16134	ppi	0	1.9459101490553132	1.3536413986900335
Q16143	ppi	0	1.3862943611198906	1.739282771581217
Q16363	ppi	0	1.9459101490553132	1.6224621439494598
Q16513	ppi	0	1.0986122886681096	1.5445485080917563
Q16531	ppi	0	2.4849066497880004	1.5477771394715119
Q16576	ppi	0	2.0794415416798357	1.8062145634617746
Q16643	ppi	0	1.3862943611198906	2.299053006653448
Q16775	ppi	0	1.9459101490553132	1.6760389108053086
Q16778	ppi	0	0.6931471805599453	1.7780617607614269
Q16836	ppi	0	2.833213344056216	1.9090701897438698
Q1W6H9	ppi	0	0.6931471805599453	1.2706589714586216
Q2TAA2	ppi	0	0.6931471805599453	1.5568646173479104
Q2TAY7	ppi	0	1.791759469228055	1.8865160465015058
Q2TB10	ppi	0	1.6094379124341003	1.5451023124983891
Q32P41	ppi	0	1.3862943611198906	1.3816549778863605
Q3SXY8	ppi	0	0.6931471805599453	0.8803760652141315
Q3SY84	ppi	0	0.6931471805599453	1.5060539862951163
Q49A26	ppi	0	1.9459101490553132	1.6806369615431755
Q4ADV7	ppi	0	1.0986122886681096	0.7581615835501145
Q53EU6	ppi	0	0.6931471805599453	1.4244269434949022
Q53FZ2	ppi	0	0.6931471805599453	1.3742217071735818
Q53GG5	ppi	0	1.3862943611198906	1.4707832520179343
Q53H47	ppi	0	0.6931471805599453	1.1226545153265473
Q567U6	ppi	0	1.0986122886681096	1.1646857360533094
Q5BKZ1	ppi	0	2.197224577336219	1.9235686183526932
Q5F1R6	ppi	0	0.6931471805599453	1.7492243720649123
Q5JPH6	ppi	0	1.0986122886681096	1.6703225555761787
Q5JRA6	ppi	0	1.791759469228055	0.7686168332691934
Q5JRX3	ppi	0	3.0910424533583156	1.5984944435719268
Q5JWF2	ppi	0	0.6931471805599453	1.125965003333008
Q5S007	ppi	0	0.6931471805599453	1.4848462746605384
Q5SRE5	ppi	0	1.791759469228055	1.7262022882395498
Q5SW79	ppi	0	2.197224577336219	1.3969516351046667
Q5T481	ppi	0	1.0986122886681096	1.466294008212312
Q5T7W0	ppi	0	1.0986122886681096	1.2700899064426259
Q5T870	ppi	0	0.6931471805599453	1.3811359204581763
Q5T871	ppi	0	1.0986122886681096	1.1991283571146631
Q5T8A7	ppi	0	0.6931471805599453	1.4256605064280967
Q5T8I3	ppi	0	1.0986122886681096	1.2815193273301926
Q5T9A4	ppi	0	1.3862943611198906	1.7148986408692812
Q5UE93	ppi	0	0.6931471805599453	1.1229540753692717
Q5VSL9	ppi	0	0.6931471805599453	1.1520250051803431
Q5VT03	ppi	0	1.6094379124341003	1.197330105679955
Q5VT06	ppi	0	1.3862943611198906	1.1242730602349114
Q5VT52	ppi	0	2.197224577336219	1.4463170248905208
Q5VT79	ppi	0	1.791759469228055	1.591016590118087
Q5VTE6	ppi	0	0.6931471805599453	1.3635559548359821
Q5VU43	ppi	0	0.6931471805599453	1.3144944379333634
Q5VV67	ppi	0	1.791759469228055	1.5015470588907858
Q5VWQ0	ppi	0	1.3862943611198906	1.1570597615094385
Q5VWX1	ppi	0	1.3862943611198906	1.5261556254805408
Q5VWZ2	ppi	0	0.6931471805599453	1.5798326548279444
Q5VYS8	ppi	0	0.6931471805599453	1.5766835761544438
Q5XKR4	ppi	0	0.6931471805599453	0.4992961748217064
Q63HQ2	ppi	0	0.6931471805599453	1.3591243180047585
Q641Q3	ppi	0	0.6931471805599453	1.1317089433205605
Q659A1	ppi	0	1.0986122886681096	1.5556159468001047
Q68CJ9	ppi	0	0.6931471805599453	1.1129090856045507
Q68CZ6	ppi	0	1.0986122886681096	1.1971785714003653
Q68DU8	ppi	0	0.6931471805599453	1.1862725418443087
Q68EM7	ppi	0	1.6094379124341003	1.2937223762573213
Q6EEV6	ppi	0	1.0986122886681096	1.4626218906570936
Q6FI81	ppi	0	2.0794415416798357	1.5817090010036208
Q6FIF0	ppi	0	1.0986122886681096	1.5441585931434632
Q6I9Y2	ppi	0	1.9459101490553132	1.5803586091084751
Q6IA86	ppi	0	1.3862943611198906	1.3312703545144906
Q6IQ21	ppi	0	0.6931471805599453	1.3224674474771603
Q6IQ32	ppi	0	0.6931471805599453	1.4445127650919118
Q6IQ49	ppi	0	1.791759469228055	1.5670021291868343
Q6ISB3	ppi	0	2.0794415416798357	0.87495076055386
Q6J272	ppi	0	1.3862943611198906	1.0598854230122607
Q6JBY9	ppi	0	0.6931471805599453	1.6440519613405882
Q6L8Q7	ppi	0	1.0986122886681096	1.084141331893401
Q6NXE6	ppi	0	0.6931471805599453	0.9257679816977027
Q6P0Q8	ppi	0	0.6931471805599453	1.2031840537830352
Q6P2Q9	ppi	0	3.295836866004329	1.8659623093909876
Q6P6C2	ppi	0	1.9459101490553132	1.8019463155357884
Q6PCB5	ppi	0	2.3978952727983707	1.5142115208600408
Q6PI26	ppi	0	0.6931471805599453	1.0609039560318765
Q6PID6	ppi	0	1.6094379124341003	1.5252391095896451
Q6PIJ6	ppi	0	1.0986122886681096	1.2122323694444956
Q6PIW4	ppi	0	0.6931471805599453	0.9469308899981108
Q6RI45	ppi	0	1.0986122886681096	1.0571532337839395
Q6T4R5	ppi	0	0.6931471805599453	0.6480115586345266
Q6U7Q0	ppi	0	0.6931471805599453	1.1865913268241521
Q6UB99	ppi	0	0.6931471805599453	0.9660506530222301
Q6UUV9	ppi	0	1.3862943611198906	0.8785055737223191
Q6UX53	ppi	0	0.6931471805599453	1.3282348003736026
Q6UXH1	ppi	0	1.0986122886681096	1.1283220268219667
Q6UXN9	ppi	0	1.9459101490553132	1.8614450331745005
Q6Y1H2	ppi	0	0.6931471805599453	0.9957657523427585
Q6YP21	ppi	0	1.6094379124341003	1.7500442557932399
Q6ZN18	ppi	0	0.6931471805599453	1.2527929891721414
Q6ZRP7	ppi	0	0.6931471805599453	1.4168537351157746
Q6ZRQ5	ppi	0	0.6931471805599453	1.62178655019715
Q6ZU35	ppi	0	0.6931471805599453	1.6986738202000027
Q70E73	ppi	0	1.6094379124341003	1.5467406784612756
Q70UQ0	ppi	0	0.6931471805599453	1.4922549629932271
Q71U36	ppi	0	1.0986122886681096	1.633732327572374
Q71UI9	ppi	0	1.791759469228055	1.885111334931576
Q75N03	ppi	0	1.3862943611198906	1.555822923461157
Q7L2J0	ppi	0	1.3862943611198906	1.5564398687880225
Q7L523	ppi	0	0.6931471805599453	1.0005373741668024
Q7L590	ppi	0	1.3862943611198906	1.5137892268808484
Q7L5D6	ppi	0	1.0986122886681096	1.4611693194390007
Q7L7X3	ppi	0	1.3862943611198906	1.563525917822854
Q7L8L6	ppi	0	1.0986122886681096	1.8778000307984257
Q7L9B9	ppi	0	0.6931471805599453	1.0377429888299803
Q7LFL8	ppi	0	0.6931471805599453	1.467884232142833
Q7RTS7	ppi	0	0.6931471805599453	1.8212142569500684
Q7RTV0	ppi	0	1.9459101490553132	1.6735159936384745
Q7Z2K8	ppi	0	1.9459101490553132	0.9535313769226827
Q7Z333	ppi	0	1.6094379124341003	1.5149378240211722
Q7Z392	ppi	0	1.3862943611198906	1.1114269745207714
Q7Z3D6	ppi	0	1.0986122886681096	1.1181515017543138
Q7Z3T8	ppi	0	1.3862943611198906	1.268369593927202
Q7Z434	ppi	0	1.9459101490553132	0.9612557569939195
Q7Z4V5	ppi	0	2.70805020110221	1.9033039203948234
Q7Z4W1	ppi	0	0.6931471805599453	1.6965377706493017
Q7Z569	ppi	0	0.6931471805599453	1.0432838134595586
Q7Z5L7	ppi	0	1.6094379124341003	1.0696624376023762
Q7Z6E9	ppi	0	3.044522437723423	1.3274235173721654
Q7Z7A4	ppi	0	0.6931471805599453	1.4076779852047336
Q7Z7F0	ppi	0	2.0794415416798357	1.2548908060660406
Q7Z7L1	ppi	0	0.6931471805599453	1.3694886461976927
Q86SQ0	ppi	0	1.0986122886681096	1.6300439304601149
Q86SX6	ppi	0	1.0986122886681096	1.4085141163351929
Q86TV6	ppi	0	0.6931471805599453	1.0754809006344086
Q86TX2	ppi	0	1.6094379124341003	1.2476087613894242
Q86UL3	ppi	0	0.6931471805599453	1.144838750744708
Q86V15	ppi	0	1.3862943611198906	1.6562370534440052
Q86V21	ppi	0	1.791759469228055	1.7236062686494127
Q86V48	ppi	0	1.6094379124341003	1.8479692626347881
Q86VB7	ppi	0	0.6931471805599453	1.6093705728871213
Q86VN1	ppi	0	1.3862943611198906	1.2706361071087302
Q86W50	ppi	0	1.0986122886681096	1.7172370688450762
Q86WJ1	ppi	0	1.9459101490553132	1.5960058290076025
Q86X27	ppi	0	0.6931471805599453	0.9833172326855429
Q86X53	ppi	0	0.6931471805599453	1.4695541870849238
Q86XI2	ppi	0	1.6094379124341003	1.6845363807188463
Q86Y25	ppi	0	0.6931471805599453	1.4299699225661642
Q86YQ8	ppi	0	0.6931471805599453	1.458755162154089
Q8IU85	ppi	0	0.6931471805599453	1.015414600960239
Q8IUD2	ppi	0	2.3025850929940455	1.0547536529783197
Q8IUR7	ppi	0	0.6931471805599453	1.3691641592841952
Q8IVE3	ppi	0	0.6931471805599453	1.1878039861777419
Q8IVI9	ppi	0	0.6931471805599453	1.4619106518067675
Q8IVL0	ppi	0	1.0986122886681096	1.184708898355061
Q8IVT2	ppi	0	1.0986122886681096	1.9954810913276197
Q8IVW6	ppi	0	1.3862943611198906	1.89115284778961
Q8IWE2	ppi	0	1.3862943611198906	1.3816646264205525
Q8IWJ2	ppi	0	1.791759469228055	1.2189213818537366
Q8IXI1	ppi	0	0.6931471805599453	1.418167444033066
Q8IXI2	ppi	0	1.6094379124341003	1.3191415179855455
Q8IXJ6	ppi	0	1.0986122886681096	1.3983376342250695
Q8IXM3	ppi	0	0.6931471805599453	1.3483481780702078
Q8IXS2	ppi	0	1.0986122886681096	1.1475371113160184
Q8IXS8	ppi	0	0.6931471805599453	0.7555230932372834
Q8IXT5	ppi	0	1.3862943611198906	1.9237273425218686
Q8IY47	ppi	0	1.0986122886681096	1.1564839256845774
Q8IY81	ppi	0	2.3978952727983707	1.653244598286066
Q8IYE0	ppi	0	0.6931471805599453	0.9312066143535576
Q8IYT8	ppi	0	0.6931471805599453	1.369538421350204
Q8IZ81	ppi	0	0.6931471805599453	1.2681624699187526
Q8IZ83	ppi	0	1.3862943611198906	1.4462137885562378
Q8IZH2	ppi	0	1.0986122886681096	1.5348911618665126
Q8N0Z3	ppi	0	1.0986122886681096	1.040788500267009
Q8N2U0	ppi	0	0.6931471805599453	1.4894711782694856
Q8N3C0	ppi	0	1.791759469228055	1.629879422086195
Q8N3Z0	ppi	0	0.6931471805599453	1.575570330972258
Q8N488	ppi	0	0.6931471805599453	1.304215507220696
Q8N4C8	ppi	0	0.6931471805599453	0.9945125480900522
Q8N4T8	ppi	0	1.6094379124341003	1.569485085844685
Q8N4W9	ppi	0	1.0986122886681096	0.8215233438123034
Q8N5L8	ppi	0	1.0986122886681096	1.2659141335109931
Q8N5Z0	ppi	0	0.6931471805599453	1.394613089020294
Q8N6N6	ppi	0	0.6931471805599453	1.041094937959425
Q8N884	ppi	0	1.3862943611198906	1.9133528245193072
Q8NBT0	ppi	0	0.6931471805599453	1.3360907731535436
Q8NBT2	ppi	0	0.6931471805599453	1.1152549666455205
Q8NCE2	ppi	0	0.6931471805599453	1.1241466630748858
Q8NCR6	ppi	0	1.3862943611198906	1.0733344696291158
Q8NCW5	ppi	0	1.791759469228055	1.5016434218098549
Q8NDH3	ppi	0	1.3862943611198906	1.4293782342170356
Q8NE62	ppi	0	1.0986122886681096	1.1619403721085286
Q8NE79	ppi	0	0.6931471805599453	1.0169419534667603
Q8NEB9	ppi	0	1.6094379124341003	1.2075819839788255
Q8NEG5	ppi	0	0.6931471805599453	1.1409833043252355
Q8NET4	ppi	0	1.0986122886681096	1.381381612003871
Q8NEY8	ppi	0	1.9459101490553132	1.54860174455709
Q8NEZ5	ppi	0	1.0986122886681096	1.6544403312853257
Q8NF91	ppi	0	1.0986122886681096	1.8743728123923358
Q8NFQ8	ppi	0	0.6931471805599453	1.0820755150006751
Q8NFW5	ppi	0	0.6931471805599453	1.0078888775091221
Q8NFW8	ppi	0	2.3025850929940455	1.6681744407608823
Q8NG27	ppi	0	1.0986122886681096	1.2242302422136553
Q8NHH9	ppi	0	1.3862943611198906	1.3322905205234266
Q8NI77	ppi	0	0.6931471805599453	1.2864465846912367
Q8TA86	ppi	0	1.3862943611198906	1.9987173179448838
Q8TA94	ppi	0	0.6931471805599453	1.0608011899111802
Q8TAA5	ppi	0	0.6931471805599453	1.5203933328182506
Q8TB61	ppi	0	0.6931471805599453	1.2004208132221987
Q8TBX8	ppi	0	1.9459101490553132	1.4693360460297185
Q8TC29	ppi	0	0.6931471805599453	1.2997836041632518
Q8TCA0	ppi	0	1.0986122886681096	1.4922279808819852
Q8TCC3	ppi	0	1.0986122886681096	1.367655036287824
Q8TCS8	ppi	0	3.0910424533583156	2.019551179883961
Q8TCU4	ppi	0	2.6390573296152584	1.0599977714972926
Q8TEA1	ppi	0	0.6931471805599453	1.4715328830815628
Q8TEH3	ppi	0	0.6931471805599453	1.4258935726511646
Q8TEM1	ppi	0	0.6931471805599453	1.787074145705141
Q8TEU7	ppi	0	1.0986122886681096	0.8047460241153757
Q8WTR2	ppi	0	0.6931471805599453	1.517215635031362
Q8WTR7	ppi	0	2.6390573296152584	0.9081145841913978
Q8WTT2	ppi	0	2.3978952727983707	1.7485205053719242
Q8WTW4	ppi	0	0.6931471805599453	0.9811608821896654
Q8WU39	ppi	0	1.0986122886681096	1.1964501026804764
Q8WUB8	ppi	0	0.6931471805599453	1.7268280778995435
Q8WUF8	ppi	0	0.6931471805599453	1.6657150967363545
Q8WUJ0	ppi	0	0.6931471805599453	1.8242849378253911
Q8WUM0	ppi	0	2.0794415416798357	1.7020311708062679
Q8WUM4	ppi	0	3.2580965380214817	1.5975936158925266
Q8WVM7	ppi	0	0.6931471805599453	1.6735620922573833
Q8WVT3	ppi	0	0.6931471805599453	1.1122631637511244
Q8WW22	ppi	0	1.0986122886681096	1.6424128558254192
Q8WWH5	ppi	0	0.6931471805599453	1.2834406249774137
Q8WWL7	ppi	0	1.6094379124341003	1.5298566778595248
Q8WWM7	ppi	0	2.6390573296152584	2.1230803259608515
Q8WX92	ppi	0	1.6094379124341003	1.6844395035831183
Q8WXF1	ppi	0	2.3025850929940455	2.228657042592731
Q8WYA0	ppi	0	0.6931471805599453	0.9914029796187409
Q8WYJ6	ppi	0	0.6931471805599453	1.8989255800576283
Q92485	ppi	0	0.6931471805599453	1.9208748168575078
Q92522	ppi	0	1.9459101490553132	2.25173555740537
Q92526	ppi	0	1.0986122886681096	1.5061635690475785
Q92536	ppi	0	0.6931471805599453	1.3557452182569576
Q92540	ppi	0	1.3862943611198906	1.4285426519245454
Q92547	ppi	0	1.791759469228055	1.6184876488202171
Q92560	ppi	0	0.6931471805599453	1.3115820531150728
Q92575	ppi	0	0.6931471805599453	1.4329134140318807
Q92614	ppi	0	1.6094379124341003	1.9417580302708681
Q92696	ppi	0	0.6931471805599453	1.2541081975403785
Q92754	ppi	0	1.3862943611198906	1.5222513715138837
Q92766	ppi	0	1.791759469228055	1.5338450473301193
Q92769	ppi	0	2.3025850929940455	1.5248037965738752
Q92796	ppi	0	1.0986122886681096	0.9106750162790644
Q92878	ppi	0	3.6109179126442243	1.6271170690788324
Q92882	ppi	0	0.6931471805599453	1.494904968183284
Q92973	ppi	0	2.3025850929940455	1.9303514857946424
Q92990	ppi	0	0.6931471805599453	1.0364817759889016
Q92993	ppi	0	1.0986122886681096	1.3909175068011783
Q93075	ppi	0	0.6931471805599453	0.86542788238629
Q93091	ppi	0	0.6931471805599453	1.1472738416734682
Q969E8	ppi	0	0.6931471805599453	1.5839978308295464
Q969S3	ppi	0	1.791759469228055	1.6246136095775379
Q969T4	ppi	0	1.0986122886681096	1.32029000005559
Q969T9	ppi	0	0.6931471805599453	1.6192568998981764
Q96A08	ppi	0	2.0794415416798357	1.782590189335897
Q96A65	ppi	0	1.6094379124341003	1.1949812642820878
Q96AB3	ppi	0	1.6094379124341003	1.2283467943050952
Q96AG4	ppi	0	2.5649493574615367	2.0363497820745464
Q96AJ9	ppi	0	0.6931471805599453	0.824533452326143
Q96AY3	ppi	0	1.0986122886681096	1.6196798435778474
Q96B97	ppi	0	1.9459101490553132	0.9999660310568699
Q96BT7	ppi	0	0.6931471805599453	1.453898334411905
Q96BU1	ppi	0	0.6931471805599453	1.6685792764248155
Q96C19	ppi	0	1.9459101490553132	2.2011342780762817
Q96C36	ppi	0	1.6094379124341003	1.7099052392406482
Q96CT7	ppi	0	1.9459101490553132	1.756245592735814
Q96CX2	ppi	0	1.0986122886681096	1.546952475520014
Q96D09	ppi	0	0.6931471805599453	1.1776534376781023
Q96DC9	ppi	0	0.6931471805599453	1.2152318823484862
Q96DG6	ppi	0	2.197224577336219	1.85057115590504
Q96DM3	ppi	0	0.6931471805599453	0.8475841093009576
Q96E09	ppi	0	0.6931471805599453	1.262390746717852
Q96E40	ppi	0	1.0986122886681096	1.2085383771693974
Q96EI5	ppi	0	0.6931471805599453	1.660166302412678
Q96EQ0	ppi	0	0.6931471805599453	1.3824425523134778
Q96ES7	ppi	0	1.3862943611198906	1.4453591472485043
Q96EV8	ppi	0	0.6931471805599453	0.990701206109277
Q96EY4	ppi	0	0.6931471805599453	1.6468674823266047
Q96EZ8	ppi	0	2.3025850929940455	1.4828104812870746
Q96F15	ppi	0	0.6931471805599453	0.7896904364848099
Q96FA3	ppi	0	0.6931471805599453	1.2626172451198645
Q96FG2	ppi	0	0.6931471805599453	1.0116948624840643
Q96FV2	ppi	0	0.6931471805599453	1.4704197664213474
Q96FZ7	ppi	0	0.6931471805599453	1.07302988653718
Q96G61	ppi	0	0.6931471805599453	1.048530533098766
Q96GG9	ppi	0	1.6094379124341003	1.105341402576874
Q96GX2	ppi	0	0.6931471805599453	1.750106761200649
Q96GX9	ppi	0	1.3862943611198906	1.1284682214111568
Q96H20	ppi	0	1.0986122886681096	1.3222397451743229
Q96H79	ppi	0	1.3862943611198906	2.0946045825001525
Q96HI0	ppi	0	0.6931471805599453	1.8846134244266697
Q96HP0	ppi	0	0.6931471805599453	1.3454583237557056
Q96IK1	ppi	0	0.6931471805599453	1.4738727717752367
Q96IR7	ppi	0	0.6931471805599453	2.166602117288515
Q96IY1	ppi	0	1.0986122886681096	1.41378904197288
Q96IZ0	ppi	0	1.0986122886681096	1.9254659443630049
Q96JF6	ppi	0	1.0986122886681096	1.3605192212561392
Q96JK2	ppi	0	1.3862943611198906	1.1939197843063645
Q96JK9	ppi	0	2.3025850929940455	1.42687121477619
Q96K17	ppi	0	1.3862943611198906	1.6556612621035962
Q96K76	ppi	0	2.3978952727983707	1.3676315673575667
Q96KA5	ppi	0	1.0986122886681096	1.8420699150298319
Q96KM6	ppi	0	1.3862943611198906	1.743417700055849
Q96KP1	ppi	0	1.6094379124341003	1.088052212930082
Q96M91	ppi	0	0.6931471805599453	1.1845043997910862
Q96MW1	ppi	0	0.6931471805599453	1.2392577588391858
Q96N06	ppi	0	0.6931471805599453	1.3263471218574945
Q96ND0	ppi	0	1.0986122886681096	1.7714957689706088
Q96P47	ppi	0	0.6931471805599453	1.0660284821354282
Q96P70	ppi	0	1.6094379124341003	1.7583982148902293
Q96QE3	ppi	0	1.3862943611198906	1.8067584796436085
Q96RF0	ppi	0	1.791759469228055	1.2402115921169092
Q96RN5	ppi	0	0.6931471805599453	1.4000843482392835
Q96RT1	ppi	0	1.0986122886681096	1.163810084047122
Q96RU3	ppi	0	2.3978952727983707	1.1834271083254093
Q96SB4	ppi	0	0.6931471805599453	1.426234965185621
Q96T51	ppi	0	0.6931471805599453	1.1006190868054508
Q99259	ppi	0	0.6931471805599453	1.3319948566654696
Q99426	ppi	0	1.6094379124341003	1.7782411175889856
Q99460	ppi	0	2.9444389791664403	1.6884147159402607
Q99487	ppi	0	1.0986122886681096	1.1185552086119095
Q99504	ppi	0	0.6931471805599453	1.5153094482424905
Q99525	ppi	0	1.3862943611198906	1.685666447042861
Q99594	ppi	0	0.6931471805599453	1.036493420436522
Q99613	ppi	0	2.3025850929940455	1.8213343668716464
Q99615	ppi	0	2.9444389791664403	1.5624439474752743
Q99714	ppi	0	2.0794415416798357	2.056422271375731
Q99717	ppi	0	1.0986122886681096	1.3528230961274896
Q99719	ppi	0	1.791759469228055	1.5607825959535795
Q99797	ppi	0	1.3862943611198906	1.1404010845581571
Q99816	ppi	0	1.0986122886681096	1.4813810986650982
Q99832	ppi	0	2.9444389791664403	1.78251960063288
Q99871	ppi	0	1.3862943611198906	0.9853560970806421
Q99879	ppi	0	2.0794415416798357	1.6364030189973018
Q99966	ppi	0	0.6931471805599453	1.378561796275535
Q99973	ppi	0	0.6931471805599453	1.2646535592269785
Q9BPU6	ppi	0	1.3862943611198906	1.413942101246621
Q9BPZ3	ppi	0	0.6931471805599453	1.4840598121869255
Q9BQ61	ppi	0	2.3025850929940455	1.4883078634101967
Q9BQ65	ppi	0	0.6931471805599453	1.163360158962488
Q9BQF6	ppi	0	0.6931471805599453	0.9894295082509517
Q9BQG0	ppi	0	2.995732273553991	1.7915017791034331
Q9BRK0	ppi	0	1.0986122886681096	0.8166110819987089
Q9BRP8	ppi	0	0.6931471805599453	1.7179300808238802
Q9BRQ0	ppi	0	1.6094379124341003	1.6795692694463977
Q9BRX8	ppi	0	1.3862943611198906	1.1712476670172947
Q9BS40	ppi	0	1.3862943611198906	1.5001541968317171
Q9BS86	ppi	0	0.6931471805599453	1.5545342873774657
Q9BSC4	ppi	0	1.791759469228055	1.6090735771676907
Q9BSJ2	ppi	0	1.3862943611198906	1.4948910089266747
Q9BSJ8	ppi	0	1.9459101490553132	1.4529513899791286
Q9BSV6	ppi	0	0.6931471805599453	1.2514164578278937
Q9BT22	ppi	0	0.6931471805599453	0.7980114708703316
Q9BTA9	ppi	0	1.6094379124341003	1.422409320953191
Q9BTC8	ppi	0	0.6931471805599453	1.5664459012039713
Q9BTE1	ppi	0	0.6931471805599453	1.6042375382468304
Q9BTE3	ppi	0	1.6094379124341003	1.722570573411759
Q9BTE7	ppi	0	1.6094379124341003	1.2279145101565865
Q9BTF0	ppi	0	0.6931471805599453	1.63642329021411
Q9BTK6	ppi	0	0.6931471805599453	1.6362833675945176
Q9BTT0	ppi	0	1.791759469228055	2.0059823996508745
Q9BU02	ppi	0	0.6931471805599453	1.2828959902165984
Q9BUP0	ppi	0	1.0986122886681096	1.5024279082322032
Q9BUP3	ppi	0	1.0986122886681096	1.1088883709986312
Q9BV40	ppi	0	0.6931471805599453	1.1596896690265548
Q9BVA0	ppi	0	0.6931471805599453	1.302767629712352
Q9BVL4	ppi	0	0.6931471805599453	1.0809772254928898
Q9BW66	ppi	0	0.6931471805599453	1.2678356854465394
Q9BW85	ppi	0	1.0986122886681096	1.315544154047024
Q9BWE0	ppi	0	1.791759469228055	1.4530189402905316
Q9BWF3	ppi	0	2.197224577336219	1.7674336925748229
Q9BWN1	ppi	0	0.6931471805599453	1.368034514228403
Q9BWS9	ppi	0	1.0986122886681096	1.5413846322423534
Q9BX40	ppi	0	1.0986122886681096	1.602590308220553
Q9BXD5	ppi	0	1.0986122886681096	1.3717894745743833
Q9BXF6	ppi	0	0.6931471805599453	1.175353023712895
Q9BXM0	ppi	0	1.0986122886681096	1.7206159691077711
Q9BXS0	ppi	0	0.6931471805599453	1.4647793243097071
Q9BXW6	ppi	0	0.6931471805599453	1.1128409827558916
Q9BY66	ppi	0	1.0986122886681096	1.5455975835535956
Q9BY67	ppi	0	0.6931471805599453	1.0008736077258193
Q9BYD2	ppi	0	1.6094379124341003	1.259023027016002
Q9BYJ9	ppi	0	1.0986122886681096	1.590115753989374
Q9BYX2	ppi	0	0.6931471805599453	1.4991769595075737
Q9BZD4	ppi	0	0.6931471805599453	1.1510287278387652
Q9BZE3	ppi	0	1.0986122886681096	1.2864456591528055
Q9C0A1	ppi	0	0.6931471805599453	1.1946698733346983
Q9C0K0	ppi	0	2.197224577336219	1.576721019555744
Q9GZN1	ppi	0	0.6931471805599453	1.443319300328754
Q9GZN2	ppi	0	0.6931471805599453	1.4348623874704851
Q9GZN8	ppi	0	1.3862943611198906	1.2034977306090269
Q9GZR7	ppi	0	2.772588722239781	1.6261251673561024
Q9GZU8	ppi	0	2.197224577336219	1.3522280059845326
Q9H000	ppi	0	0.6931471805599453	1.1476644121440678
Q9H040	ppi	0	0.6931471805599453	1.3749762846377585
Q9H0A8	ppi	0	1.6094379124341003	1.2947835188002317
Q9H0C8	ppi	0	2.0794415416798357	1.6307040339270595
Q9H0E9	ppi	0	2.3025850929940455	1.5702700807492431
Q9H0F5	ppi	0	0.6931471805599453	1.0170247941068578
Q9H0S4	ppi	0	1.6094379124341003	1.7903765470536313
Q9H0W9	ppi	0	1.6094379124341003	1.5471912932060092
Q9H1H9	ppi	0	0.6931471805599453	1.39750984077452
Q9H254	ppi	0	0.6931471805599453	1.5848596395879953
Q9H269	ppi	0	1.0986122886681096	1.0271032541008025
Q9H2H8	ppi	0	1.6094379124341003	1.735463127138227
Q9H2P0	ppi	0	2.5649493574615367	1.7527407231820549
Q9H2U1	ppi	0	2.0794415416798357	2.165989214340014
Q9H3H5	ppi	0	1.0986122886681096	0.40488472914463824
Q9H3K2	ppi	0	0.6931471805599453	0.8362060506335584
Q9H3L0	ppi	0	0.6931471805599453	1.1080178012680386
Q9H3P7	ppi	0	1.6094379124341003	1.1475434462161667
Q9H3R5	ppi	0	0.6931471805599453	1.2442778247306956
Q9H3Z4	ppi	0	1.791759469228055	1.3641408970296705
Q9H467	ppi	0	1.0986122886681096	1.4578227243306923
Q9H488	ppi	0	0.6931471805599453	1.6055873903987474
Q9H4B0	ppi	0	0.6931471805599453	1.2628515029763274
Q9H4G4	ppi	0	0.6931471805599453	1.5286551142800493
Q9H4K1	ppi	0	1.0986122886681096	1.0548669786110914
Q9H4L5	ppi	0	0.6931471805599453	1.2860057298532164
Q9H583	ppi	0	2.197224577336219	1.503432506506892
Q9H5I1	ppi	0	0.6931471805599453	1.4063109943961505
Q9H5V9	ppi	0	1.3862943611198906	1.7587894641781863
Q9H5Z1	ppi	0	0.6931471805599453	1.2195530681439364
Q9H6S0	ppi	0	0.6931471805599453	1.5886101783589743
Q9H6S3	ppi	0	0.6931471805599453	1.7539327128728095
Q9H788	ppi	0	1.3862943611198906	1.417210814040908
Q9H7E9	ppi	0	0.6931471805599453	1.6067176400784224
Q9H7L9	ppi	0	1.6094379124341003	1.5289059892856798
Q9H8G2	ppi	0	1.0986122886681096	1.9526460847403238
Q9H8M1	ppi	0	0.6931471805599453	1.0027811869392322
Q9H8S9	ppi	0	0.6931471805599453	1.1165509149903552
Q9H8W4	ppi	0	1.0986122886681096	0.8559147402383496
Q9H930	ppi	0	1.0986122886681096	1.4940935751487838
Q9H9A6	ppi	0	1.0986122886681096	1.1651442704180375
Q9H9B1	ppi	0	1.0986122886681096	1.4072948373069725
Q9H9C1	ppi	0	1.0986122886681096	1.2124885793892124
Q9H9J4	ppi	0	1.0986122886681096	1.6616374711657127
Q9H9L3	ppi	0	1.0986122886681096	1.4145335258487342
Q9H9Q4	ppi	0	0.6931471805599453	1.4281817234487313
Q9HAP2	ppi	0	0.6931471805599453	1.292047762598062
Q9HB71	ppi	0	2.9444389791664403	1.4560947702848759
Q9HBL0	ppi	0	1.3862943611198906	1.4413268981688867
Q9HBT8	ppi	0	1.0986122886681096	1.003663715203884
Q9HCD5	ppi	0	1.0986122886681096	1.7305896286696216
Q9HCE0	ppi	0	0.6931471805599453	0.9360485411614601
Q9HCE1	ppi	0	1.791759469228055	1.6453802223118914
Q9HCG8	ppi	0	2.3025850929940455	1.6710165667783397
Q9HCJ5	ppi	0	0.6931471805599453	0.8941848464227419
Q9HCK1	ppi	0	2.4849066497880004	1.5468008389594536
Q9HCL2	ppi	0	0.6931471805599453	1.1475316493351881
Q9HCM1	ppi	0	2.3025850929940455	1.3804921609286824
Q9HD42	ppi	0	1.3862943611198906	1.178658190725387
Q9HDC9	ppi	0	1.0986122886681096	1.91071585282315
Q9NP74	ppi	0	0.6931471805599453	1.5419076830376073
Q9NP97	ppi	0	0.6931471805599453	1.4003899705846523
Q9NPI5	ppi	0	0.6931471805599453	1.056777459742639
Q9NPI6	ppi	0	1.6094379124341003	1.4318687824364855
Q9NPJ6	ppi	0	1.3862943611198906	1.1460255006151336
Q9NQ88	ppi	0	1.3862943611198906	1.4759344862790058
Q9NQC3	ppi	0	2.197224577336219	1.1778374292163085
Q9NQG1	ppi	0	0.6931471805599453	1.3381089012373282
Q9NQT4	ppi	0	1.3862943611198906	1.5898683092526738
Q9NR56	ppi	0	1.6094379124341003	1.4000323293466168
Q9NRD9	ppi	0	0.6931471805599453	1.0581132667746513
Q9NRG7	ppi	0	0.6931471805599453	1.3081942136856062
Q9NRG9	ppi	0	0.6931471805599453	1.6985940405863247
Q9NRR5	ppi	0	1.0986122886681096	1.5650506517777585
Q9NRV9	ppi	0	1.9459101490553132	1.7400835248222308
Q9NRW7	ppi	0	1.6094379124341003	0.9852757588614722
Q9NRY2	ppi	0	0.6931471805599453	1.0839269590609135
Q9NRY5	ppi	0	1.0986122886681096	1.1978175462659548
Q9NSE4	ppi	0	3.1780538303479453	1.8946757628559405
Q9NSI6	ppi	0	1.3862943611198906	1.4799880904604872
Q9NSV4	ppi	0	0.6931471805599453	1.344096314703158
Q9NTJ3	ppi	0	3.3672958299864737	2.253408853621133
Q9NTW7	ppi	0	0.6931471805599453	0.9215640502574365
Q9NTZ6	ppi	0	1.9459101490553132	1.7385335510973374
Q9NUJ1	ppi	0	2.197224577336219	1.5215164590073715
Q9NUQ2	ppi	0	0.6931471805599453	1.0718870265998803
Q9NUQ6	ppi	0	1.0986122886681096	1.8293160799212498
Q9NUQ9	ppi	0	2.0794415416798357	1.948269594161225
Q9NUU7	ppi	0	2.3978952727983707	1.5967438236037115
Q9NUW8	ppi	0	1.0986122886681096	1.7670785718178734
Q9NUX5	ppi	0	0.6931471805599453	1.2832956262486643
Q9NVA4	ppi	0	0.6931471805599453	1.0494500320850593
Q9NVG8	ppi	0	1.6094379124341003	1.3732844174166499
Q9NVR2	ppi	0	1.9459101490553132	1.6005835514380653
Q9NW07	ppi	0	0.6931471805599453	1.064310460615756
Q9NWV4	ppi	0	1.3862943611198906	1.5632112559776499
Q9NX01	ppi	0	0.6931471805599453	1.4347161841040421
Q9NX24	ppi	0	1.3862943611198906	1.4570470408243508
Q9NX31	ppi	0	0.6931471805599453	1.6241179146728653
Q9NX58	ppi	0	2.4849066497880004	1.752927217077902
Q9NXE8	ppi	0	0.6931471805599453	1.6171127806896415
Q9NXH9	ppi	0	1.3862943611198906	1.5727545112239594
Q9NYC9	ppi	0	1.0986122886681096	1.1193338339684928
Q9NYR9	ppi	0	0.6931471805599453	0.8059313420122569
Q9NYV6	ppi	0	0.6931471805599453	1.3344975172999083
Q9NYW8	ppi	0	1.3862943611198906	0.9623989121844841
Q9NYY8	ppi	0	0.6931471805599453	1.2988504587118619
Q9NZ45	ppi	0	1.6094379124341003	1.3587878586247486
Q9NZI8	ppi	0	2.197224577336219	1.9638442605981876
Q9NZJ5	ppi	0	0.6931471805599453	1.5003511744872893
Q9NZN4	ppi	0	2.4849066497880004	1.2762021559338201
Q9NZN8	ppi	0	0.6931471805599453	0.9154477201139827
Q9NZU5	ppi	0	1.3862943611198906	1.607072664987094
Q9P031	ppi	0	1.0986122886681096	1.3395088234669488
Q9P0J0	ppi	0	0.6931471805599453	1.26137608657612
Q9P0J1	ppi	0	0.6931471805599453	1.4623532241308825
Q9P0K1	ppi	0	0.6931471805599453	1.3247484841707928
Q9P0M9	ppi	0	0.6931471805599453	1.3462876439725964
Q9P0U1	ppi	0	0.6931471805599453	1.3261666271883248
Q9P0U3	ppi	0	1.0986122886681096	1.5715966795156415
Q9P1U1	ppi	0	1.0986122886681096	1.6310409818513567
Q9P242	ppi	0	0.6931471805599453	0.9852782120490622
Q9P265	ppi	0	1.3862943611198906	1.167337747291604
Q9P2D0	ppi	0	0.6931471805599453	1.359776876764694
Q9P2D1	ppi	0	1.3862943611198906	1.6578038357422558
Q9P2D3	ppi	0	0.6931471805599453	1.4569075283089423
Q9P2J5	ppi	0	3.0910424533583156	2.1699824346951697
Q9P2K3	ppi	0	0.6931471805599453	1.1505590038137405
Q9P2Q2	ppi	0	0.6931471805599453	0.6949311285141543
Q9P2R6	ppi	0	1.0986122886681096	1.304614858912723
Q9P2W1	ppi	0	1.6094379124341003	1.1706891528655627
Q9P2X3	ppi	0	1.3862943611198906	1.4447070099232147
Q9P2Y5	ppi	0	0.6931471805599453	1.0754853906622772
Q9UBB4	ppi	0	1.791759469228055	2.0081653631650616
Q9UBE0	ppi	0	2.3978952727983707	1.5297644609460297
Q9UBH6	ppi	0	1.0986122886681096	0.9204003046223613
Q9UBK9	ppi	0	0.6931471805599453	1.4274386027132953
Q9UBP9	ppi	0	1.0986122886681096	1.3797544965833468
Q9UBX1	ppi	0	1.3862943611198906	1.0860508115799672
Q9UBX5	ppi	0	0.6931471805599453	1.2739877797507095
Q9UF11	ppi	0	0.6931471805599453	0.17535367334092156
Q9UFE4	ppi	0	0.6931471805599453	0.8638492428750462
Q9UG63	ppi	0	2.70805020110221	1.416020390496954
Q9UGR2	ppi	0	0.6931471805599453	1.5526517953777543
Q9UGT4	ppi	0	0.6931471805599453	1.3249850188839718
Q9UGU5	ppi	0	0.6931471805599453	1.8512772224800877
Q9UGV2	ppi	0	1.0986122886681096	1.369647877050232
Q9UH65	ppi	0	2.197224577336219	1.3839071595413004
Q9UHA4	ppi	0	0.6931471805599453	0.8904205256661798
Q9UHA7	ppi	0	0.6931471805599453	0.9152844900500401
Q9UHK6	ppi	0	1.3862943611198906	1.3679187576673661
Q9UHR5	ppi	0	1.791759469228055	1.8220972206743884
Q9UI14	ppi	0	0.6931471805599453	0.9790382724207888
Q9UIJ7	ppi	0	2.3025850929940455	1.8566001344272722
Q9UIQ6	ppi	0	0.6931471805599453	1.0560285650891987
Q9UJ72	ppi	0	0.6931471805599453	1.3798506662598
Q9UJC3	ppi	0	1.791759469228055	0.8764983212454817
Q9UJK0	ppi	0	0.6931471805599453	0.7687039998524423
Q9UJW0	ppi	0	0.6931471805599453	1.7271805948911867
Q9UJW8	ppi	0	0.6931471805599453	0.9286667394256087
Q9UK22	ppi	0	0.6931471805599453	1.2742262390001282
Q9UK41	ppi	0	1.3862943611198906	1.1175303425721683
Q9UKI9	ppi	0	0.6931471805599453	1.1487253496440044
Q9UKJ3	ppi	0	2.6390573296152584	1.8435659921936458
Q9UKK9	ppi	0	2.0794415416798357	1.5772859019735461
Q9UKT9	ppi	0	0.6931471805599453	1.2148805273491874
Q9UKU0	ppi	0	0.6931471805599453	1.742180825570551
Q9UKV8	ppi	0	1.791759469228055	1.322466062574604
Q9UKX2	ppi	0	3.6635616461296463	1.9723761182242532
Q9UKX7	ppi	0	2.70805020110221	1.7151663226946225
Q9UL15	ppi	0	1.3862943611198906	1.638378056483167
Q9UL25	ppi	0	1.0986122886681096	1.5371477975566408
Q9ULC5	ppi	0	1.0986122886681096	1.6921425886425066
Q9ULD0	ppi	0	1.0986122886681096	1.8738715939445423
Q9ULE0	ppi	0	0.6931471805599453	0.8197093416080751
Q9ULH0	ppi	0	1.0986122886681096	0.9302172233633702
Q9ULJ1	ppi	0	0.6931471805599453	1.1653770750352714
Q9ULK4	ppi	0	1.0986122886681096	1.3496451843604058
Q9ULL5	ppi	0	1.791759469228055	1.698318922944365
Q9ULV4	ppi	0	2.6390573296152584	2.0529665419687415
Q9ULX9	ppi	0	0.6931471805599453	1.1261732581858261
Q9UMX0	ppi	0	1.0986122886681096	1.3436436321232814
Q9UMY1	ppi	0	1.791759469228055	1.4852813235839553
Q9UMZ2	ppi	0	2.6390573296152584	1.3210118249297242
Q9UN37	ppi	0	1.791759469228055	1.416295769267236
Q9UN86	ppi	0	1.9459101490553132	1.7076434726015388
Q9UNF0	ppi	0	1.9459101490553132	1.3653693007218266
Q9UNM6	ppi	0	2.0794415416798357	1.734112833264069
Q9UNS2	ppi	0	1.3862943611198906	1.8049968580056546
Q9UNW1	ppi	0	1.0986122886681096	0.9481216594233244
Q9UNW9	ppi	0	0.6931471805599453	1.9514879344090916
Q9UP83	ppi	0	0.6931471805599453	0.7257906412108402
Q9UPM8	ppi	0	0.6931471805599453	1.1009038978039791
Q9UPN4	ppi	0	0.6931471805599453	1.1674914662829083
Q9UPR5	ppi	0	0.6931471805599453	0.8137905113567881
Q9UPY8	ppi	0	1.0986122886681096	1.3982163059185961
Q9UQ03	ppi	0	0.6931471805599453	1.7908493496398838
Q9UQ35	ppi	0	2.3025850929940455	1.817076122149646
Q9UQ88	ppi	0	1.0986122886681096	1.6061137346305934
Q9UQB8	ppi	0	1.791759469228055	1.091972813740513
Q9UQM7	ppi	0	1.6094379124341003	1.224995268728919
Q9UQN3	ppi	0	1.791759469228055	1.1906945607002364
Q9UQR0	ppi	0	1.6094379124341003	1.4181176985788286
Q9Y261	ppi	0	0.6931471805599453	1.0507248168488403
Q9Y283	ppi	0	0.6931471805599453	0.8605776445837952
Q9Y2F5	ppi	0	2.3978952727983707	1.504697862063023
Q9Y2H1	ppi	0	1.0986122886681096	1.6225511197959626
Q9Y2K2	ppi	0	1.0986122886681096	1.1637067406351358
Q9Y2L5	ppi	0	1.3862943611198906	0.9863014214871642
Q9Y2Q5	ppi	0	0.6931471805599453	0.9185663042716136
Q9Y2R9	ppi	0	1.9459101490553132	1.4294768017550865
Q9Y383	ppi	0	2.197224577336219	1.596754537817926
Q9Y399	ppi	0	1.0986122886681096	1.4281115669445599
Q9Y3A5	ppi	0	2.197224577336219	1.5334971564344055
Q9Y3B2	ppi	0	0.6931471805599453	1.5056576826261283
Q9Y3B4	ppi	0	1.3862943611198906	1.8256025685382655
Q9Y3B9	ppi	0	1.3862943611198906	1.7781649127191534
Q9Y3F4	ppi	0	2.6390573296152584	1.8683197252249637
Q9Y467	ppi	0	1.0986122886681096	1.0209886970155928
Q9Y483	ppi	0	1.3862943611198906	1.496213460781422
Q9Y4G6	ppi	0	2.3978952727983707	1.49895396051045
Q9Y4H2	ppi	0	0.6931471805599453	1.3393154174731268
Q9Y4K4	ppi	0	1.6094379124341003	1.5322112995839212
Q9Y4L1	ppi	0	2.70805020110221	1.5626210208257267
Q9Y530	ppi	0	1.3862943611198906	1.6562153587891828
Q9Y570	ppi	0	1.6094379124341003	1.8802456993222219
Q9Y576	ppi	0	0.6931471805599453	1.0904726601347536
Q9Y5J5	ppi	0	0.6931471805599453	1.1588505607459054
Q9Y5J7	ppi	0	1.3862943611198906	1.563924821020267
Q9Y5K6	ppi	0	1.9459101490553132	1.215088152919275
Q9Y5K8	ppi	0	0.6931471805599453	1.4030341560991257
Q9Y5P6	ppi	0	1.3862943611198906	1.5723870672898428
Q9Y5U2	ppi	0	1.0986122886681096	1.4201908379323782
Q9Y617	ppi	0	2.5649493574615367	1.8247479635412767
Q9Y6C9	ppi	0	1.3862943611198906	1.68441623171546
Q9Y6I4	ppi	0	1.3862943611198906	1.4499018166935507
Q9Y6I9	ppi	0	0.6931471805599453	1.0885995980040202
Q9Y6W3	ppi	0	1.0986122886681096	1.2375007314615762
Q9Y6X3	ppi	0	0.6931471805599453	1.6282603371192856
A1L020	ppi	1	0.6931471805599453	1.3739422930823544
A3KN83	ppi	1	1.6094379124341003	2.006394311647358
A5PLK6	ppi	1	0.6931471805599453	1.4090509268857656
A5PLN9	ppi	1	0.6931471805599453	0.8534079253725
A6NIH7	ppi	1	0.6931471805599453	0.8892723015904281
A6NKD9	ppi	1	0.6931471805599453	0.9605032081590901
A6NKP2	ppi	1	0.6931471805599453	1.790534886805671
A6NL82	ppi	1	0.6931471805599453	1.0871787566291848
A6NM62	ppi	1	0.6931471805599453	1.266200065610341
A6NMZ7	ppi	1	1.9459101490553132	1.2166009665074484
A8MW92	ppi	1	2.0794415416798357	1.569504411536622
A9UHW6	ppi	1	0.6931471805599453	1.1786567372033236
E9PAV3	ppi	1	1.3862943611198906	1.8650079711424639
O00139	ppi	1	1.791759469228055	1.3705111192381896
O00170	ppi	1	1.791759469228055	1.4990631320436552
O00303	ppi	1	1.3862943611198906	1.5653230691222308
O00329	ppi	1	0.6931471805599453	0.9162470936010165
O00330	ppi	1	2.9444389791664403	1.8721289044229348
O00418	ppi	1	0.6931471805599453	1.7056149147578656
O00422	ppi	1	1.6094379124341003	1.8024828974279812
O00471	ppi	1	1.791759469228055	1.2279895425546423
O00566	ppi	1	2.3978952727983707	1.279059220016889
O00567	ppi	1	2.8903717578961645	1.555803129953054
O00602	ppi	1	0.6931471805599453	1.124290034729234
O14495	ppi	1	0.6931471805599453	0.9659459703657607
O14709	ppi	1	0.6931471805599453	0.9116808195979956
O14727	ppi	1	1.3862943611198906	1.3266017093564066
O14730	ppi	1	0.6931471805599453	1.198516822013773
O14744	ppi	1	1.6094379124341003	1.7249046936486199
O14818	ppi	1	2.4849066497880004	1.8046017259572262
O14933	ppi	1	0.6931471805599453	1.2235954536914113
O14950	ppi	1	1.0986122886681096	2.037232823310055
O14972	ppi	1	0.6931471805599453	1.3104590033662225
O15015	ppi	1	0.6931471805599453	1.0871128768350484
O15091	ppi	1	0.6931471805599453	1.1005553156105194
O15117	ppi	1	2.4849066497880004	1.1807897051795975
O15173	ppi	1	0.6931471805599453	1.368522520189496
O15226	ppi	1	1.6094379124341003	2.0808248804030205
O15254	ppi	1	1.6094379124341003	1.8065201230779755
O15294	ppi	1	1.791759469228055	1.6613603182045644
O15304	ppi	1	0.6931471805599453	1.1358391353032222
O15350	ppi	1	1.0986122886681096	1.337193425890355
O15355	ppi	1	2.3978952727983707	1.7824857063960713
O15427	ppi	1	1.3862943611198906	1.685679439737031
O15533	ppi	1	0.6931471805599453	1.4528254917661287
O15540	ppi	1	1.6094379124341003	1.9511670542096844
O43175	ppi	1	2.3025850929940455	2.311239495246335
O43257	ppi	1	1.3862943611198906	1.7375213973687704
O43294	ppi	1	0.6931471805599453	1.3814699784233981
O43299	ppi	1	0.6931471805599453	1.1744075191079035
O43312	ppi	1	0.6931471805599453	1.41995689440368
O43488	ppi	1	1.3862943611198906	1.4952082538601579
O43633	ppi	1	1.3862943611198906	1.2943500568908441
O43678	ppi	1	1.3862943611198906	1.4169730964362892
O43768	ppi	1	2.6390573296152584	1.5059717499002827
O43790	ppi	1	1.3862943611198906	1.6473308631294215
O43795	ppi	1	1.9459101490553132	2.1549288110695777
O43847	ppi	1	1.791759469228055	1.2622757011165162
O60240	ppi	1	1.3862943611198906	0.9290297152951815
O60282	ppi	1	1.3862943611198906	1.3280526486059778
O60299	ppi	1	1.0986122886681096	1.1775596012073604
O60306	ppi	1	1.791759469228055	1.6154743262692475
O60341	ppi	1	1.3862943611198906	1.4786965495510151
O60547	ppi	1	1.9459101490553132	1.6801211975013512
O60568	ppi	1	1.3862943611198906	1.516741608277286
O60675	ppi	1	0.6931471805599453	1.337047750888215
O60729	ppi	1	0.6931471805599453	1.346995225921489
O60826	ppi	1	1.0986122886681096	1.22265746836732
O60861	ppi	1	1.0986122886681096	1.6190489939309876
O60869	ppi	1	2.6390573296152584	1.604813974458457
O60925	ppi	1	2.0794415416798357	1.5483569696079653
O60934	ppi	1	2.0794415416798357	1.4730972649547942
O75027	ppi	1	2.197224577336219	1.6275590885709894
O75127	ppi	1	0.6931471805599453	1.3878499637296942
O75131	ppi	1	2.3025850929940455	2.0129054127380144
O75150	ppi	1	1.791759469228055	1.512320000774138
O75152	ppi	1	3.332204510175204	1.7079841082906926
O75153	ppi	1	1.3862943611198906	1.5250031527185128
O75165	ppi	1	2.3025850929940455	1.5767765777184097
O75177	ppi	1	0.6931471805599453	1.5614829005713202
O75179	ppi	1	1.9459101490553132	1.0908253348476262
O75190	ppi	1	2.0794415416798357	1.743139089098046
O75306	ppi	1	1.3862943611198906	1.4278630492305968
O75348	ppi	1	1.3862943611198906	1.100684232234424
O75369	ppi	1	4.0943445622221	2.146389876812564
O75376	ppi	1	2.3978952727983707	1.416843520313811
O75410	ppi	1	0.6931471805599453	0.9545692686728645
O75477	ppi	1	2.3978952727983707	1.4536348044472371
O75528	ppi	1	1.0986122886681096	1.2503502127968145
O75534	ppi	1	2.197224577336219	1.4729435342641206
O75643	ppi	1	3.332204510175204	1.932252667008299
O75663	ppi	1	2.3025850929940455	1.6735605600757253
O75676	ppi	1	0.6931471805599453	1.3182681558197922
O75688	ppi	1	1.0986122886681096	1.8926005714751248
O75694	ppi	1	1.3862943611198906	1.5653831982913777
O75695	ppi	1	0.6931471805599453	1.2142253092817819
O75764	ppi	1	0.6931471805599453	0.9473644308507649
O75792	ppi	1	1.0986122886681096	1.153256816362033
O75794	ppi	1	1.6094379124341003	1.8304876793341236
O75817	ppi	1	0.6931471805599453	1.1961180464884087
O75832	ppi	1	1.6094379124341003	1.618321123207076
O75844	ppi	1	1.6094379124341003	1.4542523710277746
O75879	ppi	1	1.0986122886681096	1.721363536656166
O75886	ppi	1	0.6931471805599453	1.2546493959483422
O75896	ppi	1	0.6931471805599453	1.3073111779594506
O75934	ppi	1	1.3862943611198906	1.6227104362563372
O75936	ppi	1	0.6931471805599453	0.9725819825061492
O75947	ppi	1	2.833213344056216	1.486350646412343
O76094	ppi	1	2.833213344056216	1.910726661707733
O77932	ppi	1	0.6931471805599453	1.4436748098939038
O94826	ppi	1	2.5649493574615367	1.3903128399252764
O94868	ppi	1	0.6931471805599453	0.9675705474928447
O94875	ppi	1	1.6094379124341003	1.5793232219206097
O94888	ppi	1	1.6094379124341003	1.0790002433973616
O94905	ppi	1	1.9459101490553132	1.4674276993323578
O94913	ppi	1	2.0794415416798357	1.4300669365968792
O94925	ppi	1	2.5649493574615367	1.6100113569245587
O94967	ppi	1	1.0986122886681096	0.9711702509872591
O94972	ppi	1	0.6931471805599453	1.535203419059838
O94979	ppi	1	2.5649493574615367	1.5877575387735618
O94986	ppi	1	1.0986122886681096	1.0810760902025522
O95139	ppi	1	2.3025850929940455	1.04460129659405
O95154	ppi	1	1.0986122886681096	1.3075479366013225
O95155	ppi	1	1.6094379124341003	1.2080123692667235
O95166	ppi	1	1.0986122886681096	0.8309507551010665
O95218	ppi	1	2.5649493574615367	1.8614688564048558
O95260	ppi	1	0.6931471805599453	0.8207785125085647
O95274	ppi	1	0.6931471805599453	1.2323293980397592
O95292	ppi	1	2.3978952727983707	1.2379050704653534
O95363	ppi	1	1.0986122886681096	1.5218521110087007
O95400	ppi	1	1.6094379124341003	1.569596254205624
O95402	ppi	1	1.6094379124341003	1.2502502984258617
O95573	ppi	1	2.6390573296152584	2.1018995917958407
O95685	ppi	1	0.6931471805599453	1.1265117260066801
O95707	ppi	1	1.3862943611198906	1.1689979587906287
O95758	ppi	1	1.0986122886681096	1.5820484952527267
O95760	ppi	1	1.3862943611198906	0.9322388769506317
O95782	ppi	1	1.6094379124341003	1.49122205671902
O95786	ppi	1	1.9459101490553132	1.224823139700749
O96007	ppi	1	0.6931471805599453	0.9068370814393687
O96011	ppi	1	0.6931471805599453	1.2230711940125292
P00352	ppi	1	2.833213344056216	1.7966025614492547
P00390	ppi	1	2.6390573296152584	1.7358057493604082
P00395	ppi	1	0.6931471805599453	1.0201676404557651
P00739	ppi	1	1.0986122886681096	1.368781745667099
P00740	ppi	1	1.0986122886681096	1.09080680426402
P00813	ppi	1	2.0794415416798357	1.6191711097926786
P01011	ppi	1	1.9459101490553132	1.8988659809163535
P01031	ppi	1	1.0986122886681096	1.2970582779120734
P01042	ppi	1	2.772588722239781	1.5151503692468613
P01266	ppi	1	0.6931471805599453	1.6584111045189474
P01903	ppi	1	1.0986122886681096	1.362505104159946
P02461	ppi	1	0.6931471805599453	1.3245169685602944
P02656	ppi	1	1.3862943611198906	1.5122093326961241
P02675	ppi	1	2.0794415416798357	1.8528131132265366
P02751	ppi	1	2.70805020110221	1.635275574044125
P02766	ppi	1	1.0986122886681096	1.401620786922033
P02774	ppi	1	3.044522437723423	1.9505460165908204
P02776	ppi	1	1.0986122886681096	1.0643541617184749
P02792	ppi	1	0.6931471805599453	1.0694285838596944
P04003	ppi	1	2.3025850929940455	1.6622168982928036
P04053	ppi	1	0.6931471805599453	1.39120893180827
P04080	ppi	1	1.9459101490553132	1.803710424613358
P04424	ppi	1	1.6094379124341003	1.395184674595817
P04818	ppi	1	1.3862943611198906	1.5383977084707412
P04839	ppi	1	0.6931471805599453	1.4612303616517304
P04843	ppi	1	2.772588722239781	1.7653251808260553
P04844	ppi	1	1.791759469228055	1.732072820456788
P05026	ppi	1	1.6094379124341003	1.6564599249445522
P05091	ppi	1	2.4849066497880004	1.8560685896543818
P05109	ppi	1	1.9459101490553132	1.9278076174374434
P05141	ppi	1	2.772588722239781	1.8776281858875206
P05161	ppi	1	0.6931471805599453	1.4987289112618734
P05976	ppi	1	1.3862943611198906	2.0406184933108644
P06401	ppi	1	1.0986122886681096	1.5061786930762715
P06727	ppi	1	2.5649493574615367	1.4960479671323563
P06737	ppi	1	3.044522437723423	1.787894399583463
P07199	ppi	1	0.6931471805599453	1.302702713110705
P07954	ppi	1	2.995732273553991	2.1161993360813653
P07996	ppi	1	2.3978952727983707	1.4870541611816135
P08235	ppi	1	0.6931471805599453	1.5649470088350248
P08240	ppi	1	1.791759469228055	1.822591473538902
P08243	ppi	1	2.3978952727983707	1.9928650673510857
P08572	ppi	1	1.3862943611198906	1.4090640569262698
P08575	ppi	1	1.6094379124341003	1.3762784883449197
P08590	ppi	1	0.6931471805599453	2.0442420132564343
P08697	ppi	1	0.6931471805599453	1.513958656337289
P08708	ppi	1	2.0794415416798357	1.841985098579363
P08727	ppi	1	1.3862943611198906	1.8135334086857458
P09382	ppi	1	1.9459101490553132	1.8686633157372063
P09630	ppi	1	0.6931471805599453	0.6375469443842112
P09874	ppi	1	3.8066624897703196	1.9016143638209684
P09917	ppi	1	0.6931471805599453	0.6220746464048275
P09936	ppi	1	2.197224577336219	1.5645836765057637
P0DI82	ppi	1	0.6931471805599453	0.9816147097853983
P0DMN0	ppi	1	0.6931471805599453	1.475209166376817
P0DP25	ppi	1	1.9459101490553132	1.399367038197331
P10071	ppi	1	2.3025850929940455	1.3350815218057783
P10323	ppi	1	1.3862943611198906	1.0115962265139495
P10515	ppi	1	2.6390573296152584	2.0761652852313537
P10586	ppi	1	0.6931471805599453	1.4503390596472636
P10606	ppi	1	1.9459101490553132	1.188317222287256
P10644	ppi	1	2.3978952727983707	1.4156429797244268
P11182	ppi	1	2.5649493574615367	1.7814818950160873
P11216	ppi	1	2.6390573296152584	1.6398067068315587
P11274	ppi	1	0.6931471805599453	1.1528188540206865
P11413	ppi	1	2.5649493574615367	2.050668990667867
P11441	ppi	1	1.791759469228055	1.6255561971597294
P11586	ppi	1	3.2580965380214817	2.431768567185369
P11684	ppi	1	0.6931471805599453	1.4607423896615144
P11831	ppi	1	0.6931471805599453	1.141252765775906
P12532	ppi	1	2.3978952727983707	2.1040991247486023
P13640	ppi	1	1.0986122886681096	1.5797383071364228
P13667	ppi	1	3.1354942159291497	1.8143497425980013
P13807	ppi	1	1.6094379124341003	1.2394651320758292
P13861	ppi	1	1.791759469228055	1.5169035071493702
P14618	ppi	1	3.332204510175204	2.006157927466089
P14625	ppi	1	3.6109179126442243	1.9824335788086866
P14859	ppi	1	0.6931471805599453	1.3908342204552133
P14927	ppi	1	2.0794415416798357	1.1663024508304474
P15036	ppi	1	0.6931471805599453	1.3767794119054533
P15328	ppi	1	0.6931471805599453	1.5720868128337813
P15408	ppi	1	1.0986122886681096	1.0700631795725246
P15880	ppi	1	2.5649493574615367	1.7009520185972271
P16144	ppi	1	0.6931471805599453	1.6534822247437928
P16219	ppi	1	1.9459101490553132	1.6212409999702633
P16233	ppi	1	0.6931471805599453	0.5273995627628032
P16333	ppi	1	1.0986122886681096	1.1386776604539652
P16415	ppi	1	0.6931471805599453	1.7253575428691663
P16435	ppi	1	0.6931471805599453	1.5891120266705216
P16452	ppi	1	1.6094379124341003	1.4667224341723186
P16615	ppi	1	2.3025850929940455	1.8411916095198388
P17024	ppi	1	0.6931471805599453	1.2845678521564048
P17028	ppi	1	1.6094379124341003	1.1528314047645973
P17096	ppi	1	1.9459101490553132	2.2078472098885147
P17097	ppi	1	0.6931471805599453	1.081979454339597
P17480	ppi	1	3.044522437723423	1.7910566377047004
P17481	ppi	1	0.6931471805599453	0.6086912620795792
P17544	ppi	1	0.6931471805599453	1.4494467192230016
P17600	ppi	1	1.791759469228055	1.3832412695133862
P17612	ppi	1	2.0794415416798357	1.2890670540382796
P17676	ppi	1	1.6094379124341003	1.4216717343010759
P17858	ppi	1	2.6390573296152584	2.0792755767377145
P17861	ppi	1	0.6931471805599453	1.4333755139660171
P17980	ppi	1	2.3978952727983707	1.721958012258109
P18085	ppi	1	0.6931471805599453	1.8669498587932025
P18146	ppi	1	1.0986122886681096	1.4792049990695946
P18428	ppi	1	0.6931471805599453	1.509276817176746
P18583	ppi	1	2.8903717578961645	1.9995893951845314
P18669	ppi	1	2.4849066497880004	2.2903457626410555
P18754	ppi	1	1.0986122886681096	1.9244093002081948
P18859	ppi	1	2.0794415416798357	1.5860998855677269
P19878	ppi	1	0.6931471805599453	1.1472475871565821
P20264	ppi	1	0.6931471805599453	1.5990196640687684
P20472	ppi	1	0.6931471805599453	1.068741720175182
P20645	ppi	1	1.0986122886681096	1.2449145831744246
P20700	ppi	1	3.295836866004329	2.0053482106140135
P20827	ppi	1	0.6931471805599453	1.0204580191306727
P21127	ppi	1	1.9459101490553132	1.7136318240757837
P21266	ppi	1	2.197224577336219	1.4574551995462697
P21397	ppi	1	1.3862943611198906	1.4307829010474995
P21399	ppi	1	2.0794415416798357	1.7204272191425547
P21673	ppi	1	0.6931471805599453	1.0610559539422597
P21926	ppi	1	1.0986122886681096	0.9347245935384204
P21953	ppi	1	1.791759469228055	1.7411185974074286
P22105	ppi	1	1.791759469228055	1.6166407797869817
P22234	ppi	1	2.6390573296152584	2.0931116934908385
P22352	ppi	1	1.3862943611198906	1.6596478148101774
P22681	ppi	1	1.0986122886681096	1.2526230193807406
P23142	ppi	1	1.791759469228055	1.4494603987264942
P23246	ppi	1	3.044522437723423	2.1133461403713008
P23434	ppi	1	0.6931471805599453	1.41594944660851
P23469	ppi	1	0.6931471805599453	1.1281779927813622
P23471	ppi	1	1.0986122886681096	1.330346462711302
P23771	ppi	1	0.6931471805599453	1.3357550023392089
P23786	ppi	1	2.4849066497880004	1.1385318468916985
P25098	ppi	1	1.0986122886681096	1.2661387804839783
P25705	ppi	1	3.1780538303479453	2.0024232355412326
P25713	ppi	1	1.6094379124341003	1.3550464180006516
P25787	ppi	1	1.9459101490553132	1.7263375987827319
P26038	ppi	1	3.4657359027997265	1.8783727907401997
P26196	ppi	1	1.6094379124341003	1.56541993930805
P26373	ppi	1	2.3025850929940455	1.903496703677579
P26440	ppi	1	2.197224577336219	1.4756828752989097
P26583	ppi	1	2.4849066497880004	1.8619553740393813
P26599	ppi	1	2.5649493574615367	2.088919573645181
P26641	ppi	1	2.6390573296152584	2.3803462741568553
P27105	ppi	1	0.6931471805599453	1.1423443167063245
P27169	ppi	1	0.6931471805599453	1.3722802375394663
P27361	ppi	1	1.0986122886681096	1.3021403655342734
P27694	ppi	1	2.833213344056216	1.61362568163447
P27695	ppi	1	2.5649493574615367	1.6860834186886615
P27707	ppi	1	1.3862943611198906	1.3465895005858068
P28062	ppi	1	0.6931471805599453	1.844827988586184
P28066	ppi	1	2.0794415416798357	1.918309803812016
P28070	ppi	1	0.6931471805599453	1.6917689314730586
P28289	ppi	1	1.3862943611198906	2.0856429059551314
P28324	ppi	1	0.6931471805599453	1.1725783691671885
P28330	ppi	1	1.0986122886681096	1.9099336659084556
P28749	ppi	1	1.791759469228055	1.320703651204066
P28906	ppi	1	1.0986122886681096	1.1732735056723178
P29083	ppi	1	1.791759469228055	1.2413970708544744
P29377	ppi	1	0.6931471805599453	1.4977202249419526
P29401	ppi	1	3.332204510175204	1.9967584985966642
P29622	ppi	1	1.0986122886681096	0.7710104488929981
P29966	ppi	1	2.197224577336219	2.0186510607650607
P30038	ppi	1	2.995732273553991	1.9214345886526742
P30041	ppi	1	2.4849066497880004	2.2787563980570567
P30043	ppi	1	1.0986122886681096	1.4969394344642306
P30414	ppi	1	2.4849066497880004	1.1312020662952418
P30613	ppi	1	1.0986122886681096	1.5457317875115755
P30740	ppi	1	2.4849066497880004	1.7959549736514075
P30838	ppi	1	1.6094379124341003	1.4698691875080223
P31040	ppi	1	2.9444389791664403	2.0821845494235616
P31150	ppi	1	2.0794415416798357	1.3475389385400829
P31327	ppi	1	3.988984046564274	1.8390209391478576
P31947	ppi	1	2.3025850929940455	1.5181112279558757
P33991	ppi	1	3.044522437723423	1.8187544347974258
P33993	ppi	1	2.3978952727983707	1.7476502170128536
P35080	ppi	1	1.3862943611198906	1.8026941529123217
P35232	ppi	1	1.791759469228055	1.46384513345379
P35268	ppi	1	1.9459101490553132	1.8721831159635625
P35520	ppi	1	1.9459101490553132	1.9408134275535867
P35579	ppi	1	4.718498871295094	2.1553615239823336
P35609	ppi	1	1.6094379124341003	1.570730164817239
P35610	ppi	1	0.6931471805599453	1.4958827131011116
P35625	ppi	1	2.4849066497880004	1.0842257729732387
P35659	ppi	1	2.3025850929940455	2.121699250571293
P35789	ppi	1	0.6931471805599453	1.2955149392227017
P35869	ppi	1	1.6094379124341003	1.4239820274637505
P36405	ppi	1	1.0986122886681096	0.7617815037775706
P36508	ppi	1	0.6931471805599453	1.3836981575288938
P36551	ppi	1	1.6094379124341003	1.8126952703535
P36952	ppi	1	2.0794415416798357	1.8206609127382005
P36957	ppi	1	2.3978952727983707	2.0899582404952417
P37802	ppi	1	2.0794415416798357	2.0276219557064943
P37840	ppi	1	2.3025850929940455	1.4584174384321937
P38432	ppi	1	1.0986122886681096	1.5093787753825982
P38919	ppi	1	2.3025850929940455	1.7087547512421482
P39019	ppi	1	2.4849066497880004	1.8334770735993438
P39023	ppi	1	2.995732273553991	1.8396440753721546
P40261	ppi	1	1.9459101490553132	1.568381458972879
P40306	ppi	1	1.6094379124341003	1.670275805663072
P41134	ppi	1	1.0986122886681096	1.3124060226898735
P41162	ppi	1	1.6094379124341003	1.396891505809414
P41219	ppi	1	0.6931471805599453	1.8132072920838338
P41227	ppi	1	2.0794415416798357	1.4349386866110474
P41567	ppi	1	1.6094379124341003	1.4988646598560746
P41743	ppi	1	1.791759469228055	1.0011250131964582
P42025	ppi	1	0.6931471805599453	1.6099250273955228
P42126	ppi	1	1.791759469228055	1.7819580955921306
P42330	ppi	1	1.6094379124341003	1.4191011743389155
P42356	ppi	1	1.3862943611198906	1.523342921207718
P42704	ppi	1	3.6109179126442243	2.1200764800412815
P43307	ppi	1	0.6931471805599453	1.4580098834470694
P43405	ppi	1	0.6931471805599453	1.170744581267997
P43652	ppi	1	1.9459101490553132	1.4248807322887125
P45973	ppi	1	1.791759469228055	1.659045448103203
P45985	ppi	1	1.791759469228055	1.2603791633085824
P46060	ppi	1	2.4849066497880004	1.5782154878876917
P46439	ppi	1	0.6931471805599453	1.4995241922958888
P46459	ppi	1	2.197224577336219	1.457051680233127
P46531	ppi	1	1.0986122886681096	1.2218968683947573
P46934	ppi	1	1.0986122886681096	1.3131657725535253
P46939	ppi	1	1.9459101490553132	1.7172906426993504
P46940	ppi	1	3.6109179126442243	1.872475090474672
P46976	ppi	1	1.0986122886681096	1.0772939362464762
P47914	ppi	1	2.197224577336219	1.7813058720737929
P47989	ppi	1	0.6931471805599453	1.3630497805795674
P48047	ppi	1	2.6390573296152584	1.6219062527809451
P48067	ppi	1	0.6931471805599453	1.1793879657863156
P48382	ppi	1	1.9459101490553132	1.8304657819694072
P48506	ppi	1	2.197224577336219	1.0232355862741045
P48507	ppi	1	1.0986122886681096	1.4215590428773537
P48509	ppi	1	0.6931471805599453	1.2212744769680148
P48651	ppi	1	1.0986122886681096	1.5287696031429754
P49116	ppi	1	1.3862943611198906	1.4582253305133905
P49368	ppi	1	2.9444389791664403	1.7493026355632955
P49721	ppi	1	1.9459101490553132	1.762098938604856
P49755	ppi	1	1.6094379124341003	1.5998701439636867
P49902	ppi	1	1.9459101490553132	1.5440794964323454
P49961	ppi	1	0.6931471805599453	1.306724105509589
P50213	ppi	1	2.5649493574615367	1.9961357251917238
P50453	ppi	1	1.9459101490553132	1.3060814494004518
P50458	ppi	1	0.6931471805599453	0.907348033032784
P50461	ppi	1	0.6931471805599453	1.6804853236841488
P50549	ppi	1	0.6931471805599453	1.1480045380807076
P50579	ppi	1	1.6094379124341003	1.4877144645489941
P50613	ppi	1	1.3862943611198906	1.1822644238485662
P50914	ppi	1	2.6390573296152584	1.755632313576735
P50991	ppi	1	3.0910424533583156	1.7244603045839693
P51153	ppi	1	1.791759469228055	1.4224834381298874
P51178	ppi	1	1.0986122886681096	1.4681263449895279
P51523	ppi	1	0.6931471805599453	0.8934052507268657
P51610	ppi	1	2.9444389791664403	1.562654583126054
P51659	ppi	1	3.2580965380214817	2.363259752702124
P51816	ppi	1	1.791759469228055	2.0310518979227523
P51991	ppi	1	2.70805020110221	2.282872476207455
P52272	ppi	1	2.995732273553991	1.8738898979738086
P52294	ppi	1	1.6094379124341003	1.8336157885858266
P52564	ppi	1	1.3862943611198906	1.2463775256767355
P52739	ppi	1	1.6094379124341003	1.2005406673581802
P52747	ppi	1	1.791759469228055	1.3610638640109638
P52789	ppi	1	1.9459101490553132	1.4335820118337048
P52815	ppi	1	2.0794415416798357	1.435016672079765
P52888	ppi	1	2.3978952727983707	1.6393617763919097
P53004	ppi	1	2.197224577336219	1.2389460557302874
P53384	ppi	1	0.6931471805599453	1.4770611611830766
P53396	ppi	1	3.6109179126442243	2.1539298104671643
P53597	ppi	1	2.197224577336219	1.9428153580763037
P53602	ppi	1	0.6931471805599453	1.4131999233466863
P54253	ppi	1	1.0986122886681096	1.0649092120925983
P54259	ppi	1	1.9459101490553132	1.1561026768390334
P54577	ppi	1	3.0910424533583156	1.945330944515231
P54687	ppi	1	0.6931471805599453	1.2688720094672992
P54709	ppi	1	1.0986122886681096	1.4002807402925437
P54868	ppi	1	2.6390573296152584	2.0669142080505654
P54920	ppi	1	1.791759469228055	1.0733004790919978
P55107	ppi	1	1.6094379124341003	0.662314502060541
P55199	ppi	1	0.6931471805599453	1.4947011542515818
P55209	ppi	1	2.4849066497880004	2.1345102744721585
P55769	ppi	1	1.9459101490553132	1.5848939944507245
P56134	ppi	1	1.0986122886681096	1.4007288884215954
P56378	ppi	1	0.6931471805599453	1.3550326013890341
P57053	ppi	1	0.6931471805599453	1.692719557854957
P57678	ppi	1	0.6931471805599453	1.8623154838133926
P57721	ppi	1	0.6931471805599453	1.8175492276483054
P57737	ppi	1	1.0986122886681096	1.262448547766811
P60201	ppi	1	1.0986122886681096	1.3108513237301755
P60660	ppi	1	1.9459101490553132	2.1766136497964865
P60903	ppi	1	2.0794415416798357	1.6685419076555397
P61006	ppi	1	1.6094379124341003	1.3492073740459603
P61077	ppi	1	1.3862943611198906	1.3303917550296365
P61160	ppi	1	2.5649493574615367	1.7264302784824208
P61254	ppi	1	2.4849066497880004	1.7078611790577842
P61313	ppi	1	1.9459101490553132	1.836546416286983
P61371	ppi	1	0.6931471805599453	1.1560664038377246
P61421	ppi	1	1.6094379124341003	1.0987561324882673
P61457	ppi	1	1.3862943611198906	1.2421737527382326
P61586	ppi	1	1.3862943611198906	0.997415289911826
P61599	ppi	1	0.6931471805599453	1.1505050172008502
P61619	ppi	1	1.0986122886681096	1.3981817435884496
P61978	ppi	1	2.6390573296152584	1.9597314279086655
P62072	ppi	1	1.3862943611198906	1.5473691284829894
P62136	ppi	1	1.6094379124341003	1.2788585872956604
P62166	ppi	1	0.6931471805599453	0.7701034446908235
P62256	ppi	1	1.3862943611198906	1.2956576756772955
P62258	ppi	1	2.70805020110221	1.5815264788976873
P62266	ppi	1	2.197224577336219	1.7609217221890883
P62304	ppi	1	0.6931471805599453	1.536623108845902
P62312	ppi	1	1.6094379124341003	1.2882196048069587
P62314	ppi	1	1.6094379124341003	1.7136203361987397
P62424	ppi	1	2.70805020110221	1.919600816779212
P62750	ppi	1	2.197224577336219	1.8085576835309782
P62820	ppi	1	1.791759469228055	1.690241304844567
P62826	ppi	1	2.70805020110221	1.9587390780122642
P62837	ppi	1	1.0986122886681096	1.1385227728360445
P62879	ppi	1	0.6931471805599453	1.2153351184722876
P62888	ppi	1	1.9459101490553132	1.8396162602069421
P63096	ppi	1	1.791759469228055	1.2055073876085227
P63098	ppi	1	1.0986122886681096	1.4270734824753055
P63173	ppi	1	1.9459101490553132	1.7905019627604337
P67775	ppi	1	1.3862943611198906	1.4097427965483702
P67870	ppi	1	1.6094379124341003	1.4060321025010585
P67936	ppi	1	2.8903717578961645	2.1589735964750383
P78316	ppi	1	2.0794415416798357	1.4381935710577745
P78324	ppi	1	0.6931471805599453	0.9535463890313502
P78347	ppi	1	2.833213344056216	1.8276143623815573
P78368	ppi	1	1.0986122886681096	1.3476584160936023
P78371	ppi	1	3.1780538303479453	1.639571849275761
P78406	ppi	1	2.197224577336219	1.7389680844685118
P78556	ppi	1	0.6931471805599453	1.0054729480779918
P80188	ppi	1	0.6931471805599453	1.151675055831461
P82279	ppi	1	0.6931471805599453	0.8954653835523849
P82650	ppi	1	1.6094379124341003	1.559816072398655
P82909	ppi	1	1.3862943611198906	1.28486506181596
P82912	ppi	1	1.0986122886681096	1.4589619917302032
P82933	ppi	1	1.0986122886681096	1.3960807962335078
P82970	ppi	1	2.0794415416798357	1.803680306003265
P82979	ppi	1	2.5649493574615367	1.8003350866495127
P84103	ppi	1	1.3862943611198906	1.9470539726984382
P86791	ppi	1	1.3862943611198906	0.7038846729481503
P98095	ppi	1	1.6094379124341003	1.3060224222532524
P98160	ppi	1	2.8903717578961645	1.551458465229035
Q00653	ppi	1	1.9459101490553132	1.326828912414063
Q00688	ppi	1	2.6390573296152584	1.7820655415685414
Q01804	ppi	1	1.6094379124341003	1.5263096012290394
Q01813	ppi	1	2.833213344056216	1.9608118346358099
Q01826	ppi	1	0.6931471805599453	1.3775250993782102
Q01970	ppi	1	1.3862943611198906	0.8549349452192847
Q01974	ppi	1	0.6931471805599453	0.515566850007107
Q01995	ppi	1	2.5649493574615367	1.8096516361326376
Q02383	ppi	1	2.6390573296152584	1.4583741490484807
Q02487	ppi	1	0.6931471805599453	1.8380642739897743
Q02878	ppi	1	2.772588722239781	1.8071118576952627
Q02962	ppi	1	0.6931471805599453	1.0758930519935677
Q03154	ppi	1	0.6931471805599453	1.4231682047366654
Q03164	ppi	1	3.4339872044851463	1.5456847199602404
Q03519	ppi	1	0.6931471805599453	1.3503145149916347
Q04656	ppi	1	0.6931471805599453	1.1279115754546496
Q04727	ppi	1	2.0794415416798357	1.1663648222636493
Q04837	ppi	1	1.791759469228055	1.7465932109872977
Q05519	ppi	1	1.6094379124341003	1.9312618989811947
Q05707	ppi	1	2.5649493574615367	1.2924983739749782
Q05BQ5	ppi	1	1.6094379124341003	1.4253442078012095
Q05D32	ppi	1	1.791759469228055	1.764746968951429
Q06190	ppi	1	1.0986122886681096	1.108289044660045
Q06210	ppi	1	2.3025850929940455	2.2539578874547765
Q06547	ppi	1	1.3862943611198906	1.1572557982935425
Q06587	ppi	1	1.0986122886681096	1.3349719885108233
Q07020	ppi	1	1.791759469228055	1.7992651705492757
Q07092	ppi	1	0.6931471805599453	1.0973056967939434
Q07866	ppi	1	2.4849066497880004	1.2911561278993648
Q08117	ppi	1	1.3862943611198906	0.8261193150162367
Q08211	ppi	1	2.9444389791664403	1.8430776154398805
Q08257	ppi	1	2.3978952727983707	1.5578372919366883
Q08380	ppi	1	0.6931471805599453	1.5779913139778832
Q08945	ppi	1	3.044522437723423	1.8485400662715363
Q08999	ppi	1	0.6931471805599453	1.1138428044969566
Q09161	ppi	1	2.197224577336219	1.5841198488560433
Q09472	ppi	1	4.025351690735149	1.360615712365028
Q12768	ppi	1	1.0986122886681096	1.5339165203763299
Q12841	ppi	1	0.6931471805599453	1.496084765388293
Q12860	ppi	1	1.791759469228055	1.2313211065745644
Q12899	ppi	1	1.0986122886681096	1.6269085414221922
Q12933	ppi	1	1.0986122886681096	1.16177388689067
Q12965	ppi	1	1.6094379124341003	2.0516985576669424
Q12979	ppi	1	0.6931471805599453	1.3888353876764428
Q13033	ppi	1	1.791759469228055	1.1804679983582385
Q13045	ppi	1	2.3025850929940455	1.9755939329225938
Q13057	ppi	1	1.0986122886681096	1.4232338122116697
Q13084	ppi	1	1.0986122886681096	1.2838069326217614
Q13103	ppi	1	1.0986122886681096	1.5158255995742906
Q13112	ppi	1	1.0986122886681096	1.7977053468670934
Q13153	ppi	1	1.0986122886681096	1.1293670337314188
Q13185	ppi	1	2.3978952727983707	1.7619093009231317
Q13228	ppi	1	2.4849066497880004	1.2525829212278516
Q13242	ppi	1	1.6094379124341003	1.9569422599842377
Q13277	ppi	1	0.6931471805599453	0.9449600130353779
Q13308	ppi	1	0.6931471805599453	1.2148762720016522
Q13356	ppi	1	1.3862943611198906	1.649806570595452
Q13433	ppi	1	0.6931471805599453	0.7592514595415153
Q13442	ppi	1	2.3978952727983707	1.7068558832301486
Q13492	ppi	1	2.0794415416798357	1.482494460275591
Q13523	ppi	1	2.3978952727983707	1.7289122018547496
Q13561	ppi	1	2.197224577336219	1.5386385561781062
Q13564	ppi	1	2.3025850929940455	1.3702476125398229
Q13568	ppi	1	0.6931471805599453	1.3228106033204083
Q13572	ppi	1	1.0986122886681096	1.4081025316437006
Q13574	ppi	1	1.0986122886681096	1.172152433496476
Q13609	ppi	1	1.9459101490553132	1.4604611825813145
Q13625	ppi	1	1.0986122886681096	1.1862293523962015
Q13671	ppi	1	0.6931471805599453	1.0021457103815623
Q14004	ppi	1	2.3025850929940455	1.3358971192722877
Q14008	ppi	1	2.8903717578961645	1.7522150167144295
Q14112	ppi	1	1.791759469228055	1.2634899481399222
Q14126	ppi	1	2.3025850929940455	2.082885332582413
Q14137	ppi	1	1.0986122886681096	1.615634706778545
Q14146	ppi	1	0.6931471805599453	1.6951577632532775
Q14149	ppi	1	1.3862943611198906	1.3068206052262372
Q14152	ppi	1	2.833213344056216	1.6450066582976621
Q14192	ppi	1	1.0986122886681096	1.4754014345833406
Q14194	ppi	1	1.9459101490553132	1.5475491450216277
Q14195	ppi	1	2.3978952727983707	1.3544513136152017
Q14197	ppi	1	1.6094379124341003	1.3161451400496025
Q14209	ppi	1	0.6931471805599453	1.3773624757224148
Q14240	ppi	1	1.791759469228055	1.8403927719878632
Q14257	ppi	1	0.6931471805599453	2.0511624937062187
Q14258	ppi	1	2.772588722239781	1.531298910771649
Q14289	ppi	1	1.0986122886681096	1.1937070607736673
Q14324	ppi	1	0.6931471805599453	1.6465111384160158
Q14457	ppi	1	0.6931471805599453	1.1662336331213299
Q14562	ppi	1	0.6931471805599453	1.581285480461506
Q14587	ppi	1	1.0986122886681096	1.214759317681025
Q14596	ppi	1	0.6931471805599453	1.1208753536188496
Q14624	ppi	1	1.6094379124341003	1.3889117227857422
Q14683	ppi	1	3.6888794541139363	2.1237919225274653
Q14686	ppi	1	2.4849066497880004	1.482100376284285
Q14689	ppi	1	0.6931471805599453	1.1468733237441415
Q14699	ppi	1	0.6931471805599453	0.8497163235571004
Q14746	ppi	1	0.6931471805599453	0.8100552145501108
Q14781	ppi	1	1.0986122886681096	1.2633207823032695
Q14919	ppi	1	1.791759469228055	1.2489484915483362
Q14980	ppi	1	4.110873864173311	1.9473089569931967
Q14990	ppi	1	1.3862943611198906	0.8759034396330312
Q15003	ppi	1	1.791759469228055	2.0497144486920384
Q15024	ppi	1	0.6931471805599453	1.6726362472313805
Q15042	ppi	1	1.0986122886681096	1.0026452464487934
Q15057	ppi	1	1.9459101490553132	1.9227870146408215
Q15061	ppi	1	2.0794415416798357	1.6833610113085116
Q15113	ppi	1	0.6931471805599453	1.3481075135609286
Q15121	ppi	1	1.0986122886681096	1.0598541310209382
Q15126	ppi	1	1.6094379124341003	1.2622821617417568
Q15149	ppi	1	4.718498871295094	2.2483252184309386
Q15170	ppi	1	1.0986122886681096	0.9906025643761727
Q15172	ppi	1	0.6931471805599453	1.2737219320644708
Q15233	ppi	1	2.8903717578961645	2.013868861468837
Q15274	ppi	1	1.0986122886681096	1.5188374530072906
Q15366	ppi	1	1.6094379124341003	1.9373881743653811
Q15417	ppi	1	2.3978952727983707	2.178582241750804
Q15435	ppi	1	1.6094379124341003	0.9920133344653612
Q15436	ppi	1	1.3862943611198906	1.47056058918538
Q15582	ppi	1	2.4849066497880004	1.3839970629390876
Q15642	ppi	1	1.3862943611198906	1.2999771056754805
Q15714	ppi	1	1.0986122886681096	1.3808646015334967
Q15717	ppi	1	2.0794415416798357	1.8120306782308906
Q15758	ppi	1	0.6931471805599453	1.904930938386965
Q15836	ppi	1	1.0986122886681096	1.1473006425876968
Q15906	ppi	1	0.6931471805599453	1.637567278596983
Q15942	ppi	1	2.4849066497880004	1.6985526954255445
Q16186	ppi	1	1.6094379124341003	1.7028964858929787
Q16352	ppi	1	1.791759469228055	1.8915204926164408
Q16401	ppi	1	1.791759469228055	1.6819378004308563
Q16512	ppi	1	1.6094379124341003	1.376360568334253
Q16539	ppi	1	1.3862943611198906	1.428509721014556
Q16566	ppi	1	1.791759469228055	1.0235445286166844
Q16594	ppi	1	1.6094379124341003	1.3183233586505323
Q16706	ppi	1	0.6931471805599453	0.9388870222382404
Q16718	ppi	1	1.791759469228055	1.2254204671584221
Q16719	ppi	1	1.9459101490553132	2.0617475319623915
Q16740	ppi	1	0.6931471805599453	1.4869631434251829
Q16822	ppi	1	2.0794415416798357	1.72692592450714
Q16854	ppi	1	1.6094379124341003	1.411225347946766
Q16891	ppi	1	3.2188758248682006	1.57713657232624
Q29RF7	ppi	1	3.1354942159291497	1.8856077504495956
Q2KHT3	ppi	1	1.0986122886681096	1.162937188173045
Q2NKX8	ppi	1	1.791759469228055	1.0579304504911762
Q2TB90	ppi	1	0.6931471805599453	1.3848594596251493
Q32MZ4	ppi	1	2.0794415416798357	2.0974273010450846
Q330K2	ppi	1	0.6931471805599453	0.9862769667160695
Q3B726	ppi	1	0.6931471805599453	1.5912089036226669
Q3L8U1	ppi	1	2.0794415416798357	1.660825132324232
Q3LXA3	ppi	1	1.3862943611198906	1.1603651564769448
Q3ZCQ8	ppi	1	0.6931471805599453	1.841263465491526
Q3ZCT1	ppi	1	0.6931471805599453	0.8822715725907037
Q499Z4	ppi	1	0.6931471805599453	1.318965747991427
Q4G0J3	ppi	1	2.3025850929940455	1.4771264931529473
Q4J6C6	ppi	1	1.6094379124341003	1.5197469579323322
Q4VC05	ppi	1	1.0986122886681096	1.7578647139673602
Q53EL6	ppi	1	1.0986122886681096	1.7553765416919997
Q53EP0	ppi	1	1.0986122886681096	0.9620312982811237
Q53ET0	ppi	1	1.6094379124341003	1.0155977302116943
Q53GS9	ppi	1	1.9459101490553132	1.7148697397968296
Q53S33	ppi	1	1.0986122886681096	1.2435658818455333
Q5EBL4	ppi	1	0.6931471805599453	1.239502829554282
Q5FWF6	ppi	1	0.6931471805599453	1.3061190079449225
Q5GLZ8	ppi	1	1.3862943611198906	0.8273239694583485
Q5H9F3	ppi	1	1.3862943611198906	1.132286876521715
Q5H9L2	ppi	1	1.0986122886681096	-0.27612885174411295
Q5JTJ3	ppi	1	1.0986122886681096	1.248826037214112
Q5JTV8	ppi	1	1.0986122886681096	1.4486096235764556
Q5JTW2	ppi	1	0.6931471805599453	1.638096519555745
Q5JUR7	ppi	1	0.6931471805599453	1.4440407958837596
Q5JVF3	ppi	1	1.791759469228055	1.888127226451929
Q5JVL4	ppi	1	1.6094379124341003	1.2006398785120962
Q5MIZ7	ppi	1	0.6931471805599453	1.2297299273853433
Q5MNZ6	ppi	1	1.0986122886681096	0.9229651494696903
Q5QNW6	ppi	1	2.0794415416798357	1.598908649316592
Q5SNT2	ppi	1	0.6931471805599453	1.3409862551247784
Q5SSJ5	ppi	1	2.5649493574615367	2.118870829962079
Q5T0N5	ppi	1	1.3862943611198906	1.0179492067048264
Q5T200	ppi	1	1.3862943611198906	1.439341128675625
Q5T3J3	ppi	1	0.6931471805599453	1.406278656847565
Q5T440	ppi	1	1.0986122886681096	1.3488486754169065
Q5T5P2	ppi	1	0.6931471805599453	1.4548568727437026
Q5T7B8	ppi	1	0.6931471805599453	1.1032462724185068
Q5T8D3	ppi	1	0.6931471805599453	0.9547464095565721
Q5TF58	ppi	1	1.0986122886681096	1.3413723375439957
Q5THJ4	ppi	1	0.6931471805599453	1.3287778998854016
Q5VT25	ppi	1	1.0986122886681096	1.3676346701513225
Q5VTB9	ppi	1	1.3862943611198906	1.17699641038257
Q5VUA4	ppi	1	2.0794415416798357	1.2990949215659837
Q5VVH5	ppi	1	0.6931471805599453	1.9824357191243485
Q5VVW2	ppi	1	0.6931471805599453	0.8972635850963631
Q5VWJ9	ppi	1	0.6931471805599453	1.3105327500379125
Q5VZL5	ppi	1	2.3025850929940455	1.2412556473216907
Q5XPI4	ppi	1	0.6931471805599453	0.998981991383866
Q63ZY3	ppi	1	1.0986122886681096	1.6806147711426618
Q66LE6	ppi	1	1.0986122886681096	1.4136531650877782
Q66PJ3	ppi	1	0.6931471805599453	1.7706012093053665
Q68D85	ppi	1	0.6931471805599453	1.1040322898233592
Q68DK7	ppi	1	2.3978952727983707	1.7891713886727822
Q6DCA0	ppi	1	0.6931471805599453	0.8745301072377328
Q6DKJ4	ppi	1	0.6931471805599453	0.9539231453616013
Q6DKK2	ppi	1	0.6931471805599453	1.4824850982400046
Q6FI13	ppi	1	1.6094379124341003	1.3535165622827696
Q6GQQ9	ppi	1	0.6931471805599453	1.1017612184280374
Q6IAN0	ppi	1	0.6931471805599453	1.9187056191738676
Q6IBS0	ppi	1	1.6094379124341003	1.8729432263349177
Q6NXS1	ppi	1	1.0986122886681096	1.3343386774398045
Q6NXT1	ppi	1	1.791759469228055	1.2850679903527276
Q6NYC1	ppi	1	0.6931471805599453	1.7575300271502228
Q6NYC8	ppi	1	0.6931471805599453	1.9836014499820425
Q6P0N0	ppi	1	0.6931471805599453	1.360987555002335
Q6P158	ppi	1	1.0986122886681096	1.640798568156303
Q6P161	ppi	1	0.6931471805599453	1.3627198904318794
Q6P1M0	ppi	1	1.0986122886681096	1.4740841236661069
Q6P1M3	ppi	1	0.6931471805599453	0.9380770449694374
Q6P1N9	ppi	1	2.0794415416798357	1.635660014287199
Q6P1Q0	ppi	1	1.0986122886681096	1.098121864390127
Q6P4F2	ppi	1	0.6931471805599453	1.1648941652890943
Q6PD62	ppi	1	1.9459101490553132	1.4705928023860013
Q6PD74	ppi	1	0.6931471805599453	1.170369579711321
Q6PI48	ppi	1	2.3025850929940455	1.4671845056056212
Q6PI78	ppi	1	0.6931471805599453	1.7398312312821194
Q6PJG2	ppi	1	1.791759469228055	1.7390318153684958
Q6S8J3	ppi	1	0.6931471805599453	1.8198394868899426
Q6SJ93	ppi	1	0.6931471805599453	1.7183588256005176
Q6UXB2	ppi	1	1.3862943611198906	0.8155172205781239
Q6VVB1	ppi	1	0.6931471805599453	1.1936747998635935
Q6VY07	ppi	1	0.6931471805599453	1.1237670973193061
Q6XQN6	ppi	1	0.6931471805599453	1.820629466207341
Q6Y7W6	ppi	1	1.6094379124341003	1.953683852526431
Q6YN16	ppi	1	2.70805020110221	1.90016309368648
Q6ZN30	ppi	1	0.6931471805599453	1.4431711577504753
Q6ZNA4	ppi	1	0.6931471805599453	1.1657104677383159
Q6ZNB6	ppi	1	0.6931471805599453	1.6127475108272533
Q6ZRI6	ppi	1	1.6094379124341003	0.7028145858470144
Q6ZV29	ppi	1	0.6931471805599453	1.0057777091763955
Q6ZVX7	ppi	1	0.6931471805599453	1.6779944035776386
Q6ZWH5	ppi	1	1.0986122886681096	0.9880302091358966
Q709C8	ppi	1	1.0986122886681096	1.0575659333426102
Q71DI3	ppi	1	0.6931471805599453	1.4422975275568137
Q71UM5	ppi	1	1.0986122886681096	1.7556349593011453
Q75QN2	ppi	1	0.6931471805599453	1.3615855387179483
Q765P7	ppi	1	0.6931471805599453	1.6165297218642627
Q76FK4	ppi	1	2.197224577336219	1.4781756081283959
Q7L1Q6	ppi	1	2.5649493574615367	1.5857058025083892
Q7L2H7	ppi	1	2.3978952727983707	1.8300835515075855
Q7L3B6	ppi	1	0.6931471805599453	1.8669996400826236
Q7L3S4	ppi	1	1.0986122886681096	1.4065602468256557
Q7L576	ppi	1	2.197224577336219	1.486203181345697
Q7L945	ppi	1	0.6931471805599453	0.9345267528448509
Q7LBC6	ppi	1	2.70805020110221	1.3428729988168038
Q7LBR1	ppi	1	1.3862943611198906	1.2690172320372544
Q7RTV2	ppi	1	0.6931471805599453	1.5149547342495389
Q7Z2E3	ppi	1	0.6931471805599453	1.5801455962098385
Q7Z2Y5	ppi	1	0.6931471805599453	1.8166259506759366
Q7Z3I7	ppi	1	0.6931471805599453	0.6898122654977635
Q7Z3K3	ppi	1	1.791759469228055	1.5329519222039938
Q7Z406	ppi	1	2.0794415416798357	2.241853169647688
Q7Z449	ppi	1	0.6931471805599453	1.006113464513513
Q7Z460	ppi	1	1.791759469228055	1.230710368381337
Q7Z478	ppi	1	2.0794415416798357	1.6324566352732037
Q7Z4S6	ppi	1	1.791759469228055	1.1813737413348737
Q7Z5J4	ppi	1	3.0910424533583156	1.2906934140173625
Q7Z5L2	ppi	1	1.3862943611198906	1.2290206748634216
Q7Z5L9	ppi	1	1.791759469228055	1.6752492201281468
Q86SZ2	ppi	1	1.0986122886681096	1.1299214634405477
Q86T24	ppi	1	1.0986122886681096	1.4518077217990353
Q86TP1	ppi	1	0.6931471805599453	1.3267550748530625
Q86U44	ppi	1	1.791759469228055	1.398302100214923
Q86US8	ppi	1	0.6931471805599453	1.2452027313110265
Q86UU1	ppi	1	0.6931471805599453	1.6602205395550198
Q86UW6	ppi	1	2.3978952727983707	1.1029996911090298
Q86UX7	ppi	1	1.6094379124341003	1.6366016238785357
Q86VX2	ppi	1	0.6931471805599453	1.1085848459129548
Q86VZ6	ppi	1	0.6931471805599453	1.6040644203450973
Q86W11	ppi	1	0.6931471805599453	1.0319486375730165
Q86W42	ppi	1	0.6931471805599453	2.0019450982151517
Q86WA8	ppi	1	2.0794415416798357	1.4149933218483246
Q86WN1	ppi	1	0.6931471805599453	1.1990994288737151
Q86X02	ppi	1	1.0986122886681096	0.9863972398432946
Q86X55	ppi	1	1.6094379124341003	1.8704935494583823
Q86Y56	ppi	1	0.6931471805599453	1.490238908672221
Q86Y91	ppi	1	0.6931471805599453	1.1908797723851863
Q8IUR0	ppi	1	0.6931471805599453	1.0565790413985277
Q8IV48	ppi	1	1.0986122886681096	0.9196195814384899
Q8IV50	ppi	1	0.6931471805599453	1.5478304226435697
Q8IVH4	ppi	1	1.0986122886681096	1.0980856641160255
Q8IVS2	ppi	1	1.0986122886681096	1.499152542977662
Q8IWA0	ppi	1	1.791759469228055	1.5865630624218792
Q8IWA4	ppi	1	0.6931471805599453	1.0528617068031245
Q8IWB9	ppi	1	0.6931471805599453	0.8837549117711444
Q8IWL1	ppi	1	1.6094379124341003	1.4018360497645694
Q8IWV7	ppi	1	0.6931471805599453	1.1791064457720108
Q8IWV8	ppi	1	0.6931471805599453	1.208669523074536
Q8IWY9	ppi	1	0.6931471805599453	1.8523474327488314
Q8IX90	ppi	1	1.9459101490553132	1.1043093337929275
Q8IXB1	ppi	1	1.0986122886681096	1.655816847055588
Q8IXJ9	ppi	1	1.0986122886681096	1.3239674981521612
Q8IY18	ppi	1	2.3025850929940455	1.4715066205470537
Q8IY92	ppi	1	1.0986122886681096	1.3612651461306555
Q8IYL3	ppi	1	1.6094379124341003	1.333080958013661
Q8IYQ7	ppi	1	1.3862943611198906	1.1863816416399442
Q8IZP0	ppi	1	1.3862943611198906	1.4355593670141737
Q8IZQ5	ppi	1	1.0986122886681096	1.4595266556349966
Q8N0Y2	ppi	1	0.6931471805599453	0.9268413455751038
Q8N111	ppi	1	1.0986122886681096	1.1476573649064656
Q8N142	ppi	1	1.0986122886681096	1.5150528774797236
Q8N183	ppi	1	0.6931471805599453	1.190631890361949
Q8N1G0	ppi	1	0.6931471805599453	1.4416209199897425
Q8N1G4	ppi	1	2.0794415416798357	1.6745247504835072
Q8N1Q1	ppi	1	0.6931471805599453	1.0508548711452665
Q8N201	ppi	1	1.3862943611198906	1.5764677372874185
Q8N228	ppi	1	0.6931471805599453	0.7563697393136797
Q8N2W9	ppi	1	1.3862943611198906	1.4214130396339195
Q8N3F8	ppi	1	0.6931471805599453	1.2446385136593892
Q8N3J3	ppi	1	0.6931471805599453	1.3209473223028207
Q8N3V7	ppi	1	1.6094379124341003	1.6704358985672931
Q8N441	ppi	1	0.6931471805599453	1.2232654062719364
Q8N4B4	ppi	1	0.6931471805599453	1.4460744764088553
Q8N4E7	ppi	1	0.6931471805599453	1.2433640845546552
Q8N4J0	ppi	1	1.0986122886681096	1.0498080885810348
Q8N4S0	ppi	1	0.6931471805599453	1.614001694279674
Q8N554	ppi	1	0.6931471805599453	0.925596328346441
Q8N567	ppi	1	1.3862943611198906	1.3130393437184091
Q8N573	ppi	1	1.3862943611198906	1.3180215119454677
Q8N5A5	ppi	1	0.6931471805599453	1.1276265645365584
Q8N5F7	ppi	1	0.6931471805599453	1.6931723786821837
Q8N5M1	ppi	1	0.6931471805599453	1.4066163594073708
Q8N6N7	ppi	1	1.0986122886681096	1.4437914159701526
Q8N8A6	ppi	1	1.0986122886681096	1.600410809574014
Q8N8L6	ppi	1	0.6931471805599453	0.6594404593422363
Q8N8R3	ppi	1	0.6931471805599453	0.5932023386616876
Q8N8S7	ppi	1	1.6094379124341003	1.6398183846341428
Q8N999	ppi	1	0.6931471805599453	1.5540452733752133
Q8N9C0	ppi	1	1.0986122886681096	0.9819012207775633
Q8N9M1	ppi	1	1.3862943611198906	1.934847110270144
Q8NB66	ppi	1	1.0986122886681096	0.9232468576780636
Q8NBJ5	ppi	1	1.3862943611198906	1.6503625917732423
Q8NBX0	ppi	1	1.6094379124341003	1.39295203000203
Q8NCA5	ppi	1	1.3862943611198906	1.8353781350270555
Q8NCF5	ppi	1	0.6931471805599453	1.1794095323378224
Q8NCN5	ppi	1	1.9459101490553132	1.3098952404176276
Q8NE71	ppi	1	2.70805020110221	1.992234903369507
Q8NEH6	ppi	1	0.6931471805599453	1.0308717453105605
Q8NF37	ppi	1	1.0986122886681096	1.2341584281853661
Q8NFC6	ppi	1	2.772588722239781	1.4513963857510725
Q8NFH4	ppi	1	1.0986122886681096	1.763417656595852
Q8NFH5	ppi	1	0.6931471805599453	1.6469702328480595
Q8NFU5	ppi	1	1.0986122886681096	1.307347036083578
Q8NFV4	ppi	1	1.3862943611198906	1.5405668597537667
Q8NFY9	ppi	1	1.0986122886681096	1.0017512604961838
Q8NHM5	ppi	1	1.6094379124341003	1.4428906394073395
Q8NHP6	ppi	1	0.6931471805599453	1.4845140122428433
Q8NHU6	ppi	1	1.3862943611198906	0.955937109686886
Q8TAE6	ppi	1	1.3862943611198906	1.0949595508331447
Q8TAG9	ppi	1	0.6931471805599453	1.3471662766355468
Q8TAK5	ppi	1	0.6931471805599453	0.9526952034863079
Q8TAT6	ppi	1	1.9459101490553132	1.0861375895525933
Q8TB40	ppi	1	0.6931471805599453	1.238162349666245
Q8TBC5	ppi	1	1.3862943611198906	1.107622014418972
Q8TBE9	ppi	1	0.6931471805599453	1.4326699522736583
Q8TBZ6	ppi	1	1.0986122886681096	1.3301221700172556
Q8TCF1	ppi	1	1.3862943611198906	1.5231661466143935
Q8TCJ2	ppi	1	1.0986122886681096	1.4399213869921423
Q8TD16	ppi	1	0.6931471805599453	1.3043031805490821
Q8TDB6	ppi	1	1.6094379124341003	1.5341504822707086
Q8TDD1	ppi	1	1.3862943611198906	1.9055015955890646
Q8TDN6	ppi	1	2.3025850929940455	1.7774149687701755
Q8TDQ7	ppi	1	1.0986122886681096	2.0009117593641106
Q8TDZ2	ppi	1	1.6094379124341003	1.3131368321967765
Q8TE12	ppi	1	0.6931471805599453	1.096669300165846
Q8TE49	ppi	1	0.6931471805599453	0.9317409082718101
Q8TF05	ppi	1	0.6931471805599453	1.326052778691456
Q8TF76	ppi	1	1.0986122886681096	1.488671564366813
Q8WU76	ppi	1	0.6931471805599453	0.8937263971130827
Q8WUH6	ppi	1	0.6931471805599453	1.7217260921095143
Q8WUI4	ppi	1	1.3862943611198906	1.4637749502114066
Q8WUP2	ppi	1	1.3862943611198906	1.639097800250899
Q8WUU5	ppi	1	1.0986122886681096	1.2727063951763284
Q8WUY3	ppi	1	1.3862943611198906	1.2182174194527462
Q8WVM8	ppi	1	1.6094379124341003	1.156082266931171
Q8WW38	ppi	1	1.0986122886681096	1.0365416655427584
Q8WWC4	ppi	1	1.3862943611198906	1.5885935436177652
Q8WWF8	ppi	1	0.6931471805599453	1.7506535572282482
Q8WWQ0	ppi	1	2.772588722239781	1.4385451145160837
Q8WWV3	ppi	1	0.6931471805599453	1.47373599810824
Q8WXC3	ppi	1	0.6931471805599453	1.1881095558563481
Q8WZA0	ppi	1	1.3862943611198906	1.5875319228484563
Q8WZA2	ppi	1	0.6931471805599453	1.0187656968717373
Q8WZA9	ppi	1	1.3862943611198906	1.0984285525105495
Q92530	ppi	1	0.6931471805599453	1.3418458634675619
Q92541	ppi	1	2.3025850929940455	1.3593613601465688
Q92544	ppi	1	1.0986122886681096	1.2617514123538671
Q92552	ppi	1	2.0794415416798357	1.5515444289625182
Q92563	ppi	1	0.6931471805599453	0.7335616900793727
Q92572	ppi	1	1.3862943611198906	1.3583965150459665
Q92610	ppi	1	1.3862943611198906	1.396304569568464
Q92616	ppi	1	2.5649493574615367	1.9615378979322577
Q92620	ppi	1	2.3025850929940455	1.7105900711197857
Q92621	ppi	1	2.995732273553991	1.7248294471310908
Q92628	ppi	1	1.9459101490553132	0.4667128035371635
Q92667	ppi	1	1.0986122886681096	0.9528050728897014
Q92759	ppi	1	0.6931471805599453	1.1772228458538279
Q92782	ppi	1	0.6931471805599453	1.5116869711202685
Q92797	ppi	1	2.3025850929940455	1.267709945645862
Q92851	ppi	1	0.6931471805599453	1.1944685372230575
Q92858	ppi	1	0.6931471805599453	1.430206249151702
Q92896	ppi	1	2.197224577336219	1.3634809432875774
Q92917	ppi	1	1.6094379124341003	1.6525390356708531
Q92932	ppi	1	0.6931471805599453	1.5575299127299675
Q92994	ppi	1	1.791759469228055	1.5649095105316617
Q93008	ppi	1	2.197224577336219	1.4849403261087781
Q93009	ppi	1	2.9444389791664403	1.4953077756933622
Q93096	ppi	1	1.3862943611198906	1.0385288764362546
Q969G2	ppi	1	0.6931471805599453	0.9217430986751982
Q969G5	ppi	1	1.6094379124341003	2.000986747981844
Q969Q0	ppi	1	0.6931471805599453	1.655536087619242
Q969S2	ppi	1	0.6931471805599453	1.5808166275692725
Q969Z0	ppi	1	1.791759469228055	1.4351463017028738
Q96A32	ppi	1	1.6094379124341003	1.9086653473641624
Q96AC1	ppi	1	2.3025850929940455	1.6824914453904742
Q96AT1	ppi	1	1.791759469228055	1.4388786389987334
Q96AV8	ppi	1	0.6931471805599453	1.593487953804159
Q96AX1	ppi	1	0.6931471805599453	0.8757446436197689
Q96B26	ppi	1	1.0986122886681096	1.5391730357042084
Q96BW1	ppi	1	0.6931471805599453	1.3234482272430406
Q96CM8	ppi	1	2.3025850929940455	1.296135441374192
Q96CN7	ppi	1	1.791759469228055	1.8778457125208543
Q96CS3	ppi	1	1.9459101490553132	1.2826019590579452
Q96CU9	ppi	1	0.6931471805599453	0.994010659553594
Q96D96	ppi	1	0.6931471805599453	1.1724039215144486
Q96DA6	ppi	1	0.6931471805599453	1.485436348871098
Q96DE5	ppi	1	0.6931471805599453	1.1802194285262786
Q96EE3	ppi	1	1.0986122886681096	1.6501223568991554
Q96EK5	ppi	1	1.3862943611198906	1.1429700185260752
Q96EP1	ppi	1	0.6931471805599453	1.3249591899421804
Q96ER3	ppi	1	1.0986122886681096	1.1183682988964012
Q96EY7	ppi	1	0.6931471805599453	1.3206522042009594
Q96F07	ppi	1	1.791759469228055	1.2594855814257964
Q96F45	ppi	1	2.3025850929940455	1.3898155677676391
Q96FJ2	ppi	1	1.791759469228055	0.9421903239693279
Q96FN4	ppi	1	1.0986122886681096	1.1190993631865411
Q96HF1	ppi	1	1.0986122886681096	0.9274151928676274
Q96I24	ppi	1	2.4849066497880004	1.82080479072914
Q96I25	ppi	1	2.70805020110221	1.8854047405266916
Q96JC1	ppi	1	0.6931471805599453	1.0574942361076363
Q96JD6	ppi	1	0.6931471805599453	1.0109163240104144
Q96JE9	ppi	1	1.0986122886681096	1.2875313452022163
Q96JJ3	ppi	1	0.6931471805599453	1.0119049663202555
Q96JY6	ppi	1	1.0986122886681096	1.2831615045254687
Q96K37	ppi	1	0.6931471805599453	1.2498729064738476
Q96K58	ppi	1	1.0986122886681096	1.3822040510480342
Q96KG9	ppi	1	1.6094379124341003	1.3737531851796785
Q96KX2	ppi	1	0.6931471805599453	1.3359276389670784
Q96L73	ppi	1	1.9459101490553132	1.573422732020846
Q96L92	ppi	1	1.0986122886681096	0.8281197882419563
Q96LM5	ppi	1	1.0986122886681096	1.5137134839728135
Q96ME1	ppi	1	0.6931471805599453	0.8085749208811316
Q96MF7	ppi	1	1.0986122886681096	1.2446742246076634
Q96MH6	ppi	1	0.6931471805599453	0.7453169842384079
Q96MM6	ppi	1	1.0986122886681096	1.6196587648019984
Q96MP5	ppi	1	0.6931471805599453	1.2279606326091344
Q96NB2	ppi	1	0.6931471805599453	1.4631769961969165
Q96NB3	ppi	1	1.6094379124341003	1.617087381330803
Q96NC0	ppi	1	2.197224577336219	1.6350336121190125
Q96NJ6	ppi	1	0.6931471805599453	0.9037427247937148
Q96P16	ppi	1	1.791759469228055	1.4064334071580757
Q96PV0	ppi	1	0.6931471805599453	0.6912799390434551
Q96PV7	ppi	1	0.6931471805599453	0.4391054595284012
Q96PY6	ppi	1	1.0986122886681096	0.9798319959477623
Q96Q42	ppi	1	1.0986122886681096	1.1869289919366435
Q96QF7	ppi	1	0.6931471805599453	1.6128246425614035
Q96R05	ppi	1	0.6931471805599453	1.0941300818702628
Q96RK0	ppi	1	1.3862943611198906	1.5402322299704452
Q96RL1	ppi	1	1.6094379124341003	1.458764221377665
Q96RQ3	ppi	1	2.0794415416798357	1.7873360932827265
Q96S66	ppi	1	0.6931471805599453	0.695072843866101
Q96S82	ppi	1	0.6931471805599453	1.2060221432950546
Q96SB3	ppi	1	1.3862943611198906	1.4335034304837582
Q96SD1	ppi	1	0.6931471805599453	1.2716515691261037
Q96SU4	ppi	1	1.3862943611198906	1.1624601560089083
Q99081	ppi	1	1.6094379124341003	1.2078079338820378
Q99459	ppi	1	2.70805020110221	1.6791004942863348
Q99497	ppi	1	2.4849066497880004	1.6537301396681598
Q99542	ppi	1	1.0986122886681096	1.6097207080037692
Q99543	ppi	1	1.6094379124341003	1.8935321874548594
Q99547	ppi	1	1.3862943611198906	1.7889717142222343
Q99567	ppi	1	2.0794415416798357	1.6054090538754608
Q99575	ppi	1	1.9459101490553132	1.5482220540952318
Q99614	ppi	1	2.197224577336219	1.2811311308856719
Q99653	ppi	1	1.6094379124341003	1.6497013659571254
Q99675	ppi	1	0.6931471805599453	0.28021258917393443
Q99707	ppi	1	1.0986122886681096	1.2354909191351993
Q99708	ppi	1	1.6094379124341003	1.212452350753304
Q99729	ppi	1	2.70805020110221	2.039696305857656
Q99733	ppi	1	2.0794415416798357	1.7107985837317514
Q99766	ppi	1	1.3862943611198906	1.051552833372666
Q99798	ppi	1	3.4965075614664802	1.8074181768256752
Q99878	ppi	1	1.3862943611198906	1.4860753529366988
Q99956	ppi	1	0.6931471805599453	1.2953748271517387
Q99959	ppi	1	0.6931471805599453	1.8937314869449473
Q99962	ppi	1	1.791759469228055	1.364234358381043
Q99996	ppi	1	2.197224577336219	1.4184542127625175
Q9BPW8	ppi	1	2.197224577336219	1.4392601986901348
Q9BPW9	ppi	1	0.6931471805599453	0.4777945264467105
Q9BPX5	ppi	1	1.0986122886681096	1.7108972236104665
Q9BQ69	ppi	1	1.791759469228055	1.6814370906141973
Q9BQ70	ppi	1	0.6931471805599453	1.5105492200290747
Q9BQI6	ppi	1	0.6931471805599453	1.4370240462440906
Q9BR61	ppi	1	0.6931471805599453	1.2934255420551755
Q9BRA2	ppi	1	1.791759469228055	1.5542652537853856
Q9BRR0	ppi	1	0.6931471805599453	0.8639128037043524
Q9BRT2	ppi	1	1.3862943611198906	0.5574866942296842
Q9BSD7	ppi	1	1.9459101490553132	1.6447464596057093
Q9BSH5	ppi	1	0.6931471805599453	1.4403589618466397
Q9BT25	ppi	1	0.6931471805599453	1.195750279339958
Q9BTC0	ppi	1	2.833213344056216	1.783348621334155
Q9BTT6	ppi	1	0.6931471805599453	1.2626056742683862
Q9BTZ2	ppi	1	1.791759469228055	1.2266142160850644
Q9BU40	ppi	1	1.6094379124341003	1.0324818295571956
Q9BUI4	ppi	1	1.0986122886681096	1.5664142338784068
Q9BUL8	ppi	1	1.3862943611198906	1.0572561499171529
Q9BUQ8	ppi	1	2.5649493574615367	1.6472590994723557
Q9BUT1	ppi	1	1.6094379124341003	1.4020842547037728
Q9BV79	ppi	1	1.3862943611198906	1.8979695492818176
Q9BVP2	ppi	1	1.9459101490553132	1.8941498333764295
Q9BW04	ppi	1	1.3862943611198906	1.50364497921787
Q9BWH2	ppi	1	0.6931471805599453	1.2822377606235706
Q9BXP5	ppi	1	3.0910424533583156	1.967839806456411
Q9BXW7	ppi	1	1.3862943611198906	1.7659600956716957
Q9BXW9	ppi	1	1.0986122886681096	1.5446664912318244
Q9BY11	ppi	1	1.9459101490553132	1.522229516169711
Q9BYC8	ppi	1	1.0986122886681096	1.4009184069379779
Q9BYG3	ppi	1	1.0986122886681096	1.5873878875314642
Q9BYV8	ppi	1	0.6931471805599453	1.3780879310204504
Q9BYV9	ppi	1	0.6931471805599453	1.1880508770611033
Q9BZ95	ppi	1	2.5649493574615367	1.5176379115631766
Q9BZE4	ppi	1	2.3025850929940455	1.660762496123816
Q9BZZ5	ppi	1	2.3978952727983707	1.8660740106458884
Q9C005	ppi	1	1.3862943611198906	1.4190120912308464
Q9C073	ppi	1	0.6931471805599453	1.0365005900312112
Q9C0B0	ppi	1	1.3862943611198906	1.3063316953260768
Q9C0C2	ppi	1	1.0986122886681096	1.1984091026030392
Q9C0C9	ppi	1	1.791759469228055	1.216734141834251
Q9C0D5	ppi	1	0.6931471805599453	1.4092669673064357
Q9C0F0	ppi	1	1.0986122886681096	1.2868246253980071
Q9C0G0	ppi	1	0.6931471805599453	1.1530559647298657
Q9GZL7	ppi	1	0.6931471805599453	1.5197507415142657
Q9GZS3	ppi	1	1.3862943611198906	1.7032839729074287
Q9GZV5	ppi	1	0.6931471805599453	0.9866165992945177
Q9GZV7	ppi	1	1.0986122886681096	1.408480925281844
Q9H074	ppi	1	0.6931471805599453	1.572037561823161
Q9H0F7	ppi	1	1.0986122886681096	0.717001802509641
Q9H0R4	ppi	1	1.3862943611198906	1.5422963639302758
Q9H0V9	ppi	1	0.6931471805599453	1.0890250154487333
Q9H0W8	ppi	1	0.6931471805599453	1.5097123590060193
Q9H161	ppi	1	0.6931471805599453	0.5437803472748879
Q9H1B7	ppi	1	0.6931471805599453	1.6217093136557872
Q9H1E3	ppi	1	2.772588722239781	1.9552101494864664
Q9H1K1	ppi	1	0.6931471805599453	1.3090884816339166
Q9H1K4	ppi	1	1.0986122886681096	1.7670660731250902
Q9H1Y0	ppi	1	1.0986122886681096	0.8215169746728463
Q9H1Z4	ppi	1	0.6931471805599453	0.9576752570924724
Q9H267	ppi	1	1.0986122886681096	1.1303606713025025
Q9H299	ppi	1	0.6931471805599453	1.93469121831834
Q9H2W6	ppi	1	1.9459101490553132	1.3703395813547905
Q9H300	ppi	1	0.6931471805599453	1.2494385000857584
Q9H307	ppi	1	2.3978952727983707	1.8077362019763803
Q9H3N1	ppi	1	0.6931471805599453	1.234174304621336
Q9H3Q1	ppi	1	0.6931471805599453	1.1418121430525314
Q9H3U1	ppi	1	2.3978952727983707	1.873271960006246
Q9H479	ppi	1	0.6931471805599453	1.33879688444537
Q9H4F8	ppi	1	0.6931471805599453	0.9175850824236379
Q9H4G0	ppi	1	2.0794415416798357	1.5354422794836995
Q9H4I2	ppi	1	0.6931471805599453	1.4234908810662916
Q9H501	ppi	1	1.6094379124341003	1.4350225240906491
Q9H582	ppi	1	0.6931471805599453	1.2283495713312922
Q9H5L6	ppi	1	0.6931471805599453	1.0741765988101117
Q9H668	ppi	1	0.6931471805599453	1.2123347099519366
Q9H6E4	ppi	1	0.6931471805599453	1.4613821563470133
Q9H6K4	ppi	1	0.6931471805599453	1.2348508065653192
Q9H7B2	ppi	1	1.0986122886681096	1.7318684297448752
Q9H7D0	ppi	1	1.3862943611198906	0.9393307873653064
Q9H7Z6	ppi	1	2.0794415416798357	1.4599902845876733
Q9H7Z7	ppi	1	1.0986122886681096	1.1726250463929495
Q9H832	ppi	1	1.3862943611198906	1.3084638937727613
Q9H845	ppi	1	2.5649493574615367	1.3554675604633972
Q9H8G1	ppi	1	0.6931471805599453	0.9988196649844179
Q9H936	ppi	1	1.6094379124341003	1.9504411440308274
Q9H9J2	ppi	1	1.3862943611198906	1.3873166266157189
Q9HAB8	ppi	1	1.6094379124341003	0.7207499501936563
Q9HAS0	ppi	1	0.6931471805599453	1.3419506751982926
Q9HAT0	ppi	1	0.6931471805599453	0.9466239148453738
Q9HB07	ppi	1	1.791759469228055	1.6827370012221439
Q9HB19	ppi	1	1.0986122886681096	1.2147566022132965
Q9HB90	ppi	1	0.6931471805599453	1.0808903545063342
Q9HBE1	ppi	1	1.3862943611198906	1.4264436182921716
Q9HBM1	ppi	1	1.0986122886681096	1.1332434421151976
Q9HBU6	ppi	1	1.0986122886681096	0.8541883477167392
Q9HBZ2	ppi	1	0.6931471805599453	1.1309370660606144
Q9HC44	ppi	1	0.6931471805599453	1.0232573132533291
Q9HCC0	ppi	1	2.3025850929940455	1.9551036682091996
Q9HCE3	ppi	1	1.6094379124341003	1.6356907855362768
Q9HCH0	ppi	1	0.6931471805599453	0.956414761013635
Q9HCK8	ppi	1	2.0794415416798357	1.5380970400364267
Q9HD20	ppi	1	1.3862943611198906	1.2383261425866006
Q9HD23	ppi	1	0.6931471805599453	0.7929513968014387
Q9HD33	ppi	1	1.0986122886681096	1.3871543374841158
Q9NNW7	ppi	1	2.4849066497880004	1.7157407648365464
Q9NPF4	ppi	1	1.0986122886681096	1.3263533211409722
Q9NPI1	ppi	1	1.0986122886681096	1.5324097166283595
Q9NPJ3	ppi	1	1.9459101490553132	1.3802894028053612
Q9NQ66	ppi	1	1.0986122886681096	0.9434800037968317
Q9NQR4	ppi	1	2.197224577336219	1.8456172208717843
Q9NQX7	ppi	1	0.6931471805599453	1.1819629208756384
Q9NR31	ppi	1	1.6094379124341003	1.5792545829584188
Q9NR50	ppi	1	1.791759469228055	1.3600147308396104
Q9NR64	ppi	1	0.6931471805599453	1.1436498159215476
Q9NRC1	ppi	1	0.6931471805599453	0.7999343178499344
Q9NRL3	ppi	1	1.6094379124341003	1.2229487540254125
Q9NRX1	ppi	1	1.0986122886681096	1.5392904017968214
Q9NT62	ppi	1	1.3862943611198906	0.9846324107812141
Q9NTM9	ppi	1	0.6931471805599453	0.8368752920145841
Q9NU19	ppi	1	0.6931471805599453	0.9871441079644202
Q9NU22	ppi	1	2.4849066497880004	1.9044936481637127
Q9NV31	ppi	1	1.0986122886681096	1.5855351433699556
Q9NVA1	ppi	1	0.6931471805599453	1.1761416124046187
Q9NVA2	ppi	1	2.70805020110221	1.6878860919116763
Q9NVM9	ppi	1	1.0986122886681096	1.7371610035306575
Q9NVT9	ppi	1	0.6931471805599453	1.2775298770482109
Q9NVX0	ppi	1	0.6931471805599453	1.2264138171777648
Q9NW13	ppi	1	1.791759469228055	1.6003873376432998
Q9NWU1	ppi	1	1.9459101490553132	1.479393266904648
Q9NX08	ppi	1	1.0986122886681096	1.0797708040280005
Q9NX46	ppi	1	1.3862943611198906	1.5817401166656393
Q9NXE4	ppi	1	1.0986122886681096	1.343044217822126
Q9NXF8	ppi	1	0.6931471805599453	0.6083577830864151
Q9NXR1	ppi	1	0.6931471805599453	1.144146261494189
Q9NY61	ppi	1	1.9459101490553132	1.3452823786456984
Q9NYB0	ppi	1	1.791759469228055	1.2727129530646346
Q9NYK1	ppi	1	0.6931471805599453	1.1665618440263987
Q9NZB8	ppi	1	1.0986122886681096	0.7019209928496066
Q9NZJ4	ppi	1	1.791759469228055	1.6236389409777938
Q9NZJ6	ppi	1	0.6931471805599453	0.9674343031805053
Q9NZJ9	ppi	1	0.6931471805599453	1.2666478376875498
Q9NZL9	ppi	1	1.6094379124341003	1.5379991462647948
Q9NZM1	ppi	1	2.833213344056216	2.145528668046925
Q9NZM5	ppi	1	0.6931471805599453	1.6968309290152022
Q9NZR1	ppi	1	1.3862943611198906	1.9567717385454841
Q9NZW5	ppi	1	1.9459101490553132	1.0809186117281446
Q9P013	ppi	1	1.6094379124341003	1.5545051705805453
Q9P035	ppi	1	1.3862943611198906	1.6323441175053142
Q9P0M6	ppi	1	2.197224577336219	1.881151094126273
Q9P1V8	ppi	1	0.6931471805599453	0.934700662582598
Q9P270	ppi	1	1.3862943611198906	1.2112739336603338
Q9P299	ppi	1	0.6931471805599453	1.459835664509159
Q9P2I0	ppi	1	2.0794415416798357	1.4833151422455
Q9P2K1	ppi	1	0.6931471805599453	0.8404034991674654
Q9P2M7	ppi	1	0.6931471805599453	1.280232053023746
Q9P2R3	ppi	1	2.0794415416798357	1.5666873448814365
Q9UBK8	ppi	1	1.3862943611198906	1.1737175729832716
Q9UBP0	ppi	1	1.0986122886681096	1.1624086699294107
Q9UBQ7	ppi	1	1.3862943611198906	1.5477901085854215
Q9UBT7	ppi	1	0.6931471805599453	1.3611100103514553
Q9UDT6	ppi	1	2.0794415416798357	1.445453735873957
Q9UEE5	ppi	1	0.6931471805599453	1.2062006896074855
Q9UEE9	ppi	1	2.4849066497880004	1.788549903242517
Q9UGP5	ppi	1	0.6931471805599453	1.4037710725220789
Q9UGU0	ppi	1	2.6390573296152584	1.6475898578668187
Q9UHA3	ppi	1	0.6931471805599453	1.6427026919447387
Q9UHD8	ppi	1	2.4849066497880004	1.8894593971075113
Q9UHN1	ppi	1	1.3862943611198906	1.3906169998446596
Q9UHR4	ppi	1	1.9459101490553132	1.5402556602323312
Q9UI09	ppi	1	1.6094379124341003	1.01247681027968
Q9UI43	ppi	1	0.6931471805599453	1.2591825910633652
Q9UI95	ppi	1	0.6931471805599453	1.0228462381494596
Q9UIS9	ppi	1	1.3862943611198906	1.383281787651666
Q9UIU6	ppi	1	1.0986122886681096	1.0882918207632022
Q9UJ83	ppi	1	2.0794415416798357	1.6200450294989408
Q9UJT0	ppi	1	0.6931471805599453	0.9733562764259712
Q9UJU2	ppi	1	1.6094379124341003	1.2155503069193305
Q9UJU6	ppi	1	1.9459101490553132	1.4003132059375014
Q9UJX3	ppi	1	1.9459101490553132	1.3933778938105223
Q9UJY5	ppi	1	1.3862943611198906	1.0950697664665814
Q9UK39	ppi	1	0.6931471805599453	0.8922316093993394
Q9UK76	ppi	1	1.9459101490553132	2.024603872020607
Q9UKA1	ppi	1	0.6931471805599453	1.2649403379626165
Q9UKI2	ppi	1	1.0986122886681096	0.9890548122007864
Q9UKI8	ppi	1	0.6931471805599453	1.4805461582965427
Q9UKK3	ppi	1	0.6931471805599453	1.467371972890013
Q9UKT4	ppi	1	1.0986122886681096	1.058660020245004
Q9UKT8	ppi	1	0.6931471805599453	1.0975164252202276
Q9UL16	ppi	1	1.3862943611198906	1.2203723669211688
Q9UL46	ppi	1	2.197224577336219	1.9146177954752839
Q9UL68	ppi	1	1.0986122886681096	1.142573719129036
Q9ULC4	ppi	1	2.197224577336219	1.5710389372097764
Q9ULF5	ppi	1	0.6931471805599453	0.7955337737478214
Q9ULZ3	ppi	1	1.0986122886681096	1.0351918410438095
Q9UMN6	ppi	1	1.9459101490553132	1.4998716598530788
Q9UMX5	ppi	1	0.6931471805599453	2.0222366831611827
Q9UN36	ppi	1	0.6931471805599453	1.5272674776742003
Q9UN70	ppi	1	1.0986122886681096	0.6800297715982238
Q9UNE7	ppi	1	1.791759469228055	1.4638006989896155
Q9UNI6	ppi	1	1.3862943611198906	1.5486759939101031
Q9UNL4	ppi	1	2.3025850929940455	1.6115988408066986
Q9UNQ2	ppi	1	0.6931471805599453	1.5827898011004669
Q9UNS1	ppi	1	1.0986122886681096	1.4704789241111087
Q9UNZ2	ppi	1	2.197224577336219	1.2513363899553875
Q9UNZ5	ppi	1	1.6094379124341003	2.170862389111125
Q9UPN7	ppi	1	0.6931471805599453	1.0788681495668497
Q9UPP1	ppi	1	1.6094379124341003	1.5346040371916048
Q9UPS6	ppi	1	1.0986122886681096	1.3798081316961603
Q9Y224	ppi	1	2.0794415416798357	2.0247343209502002
Q9Y232	ppi	1	1.0986122886681096	1.3865810548505897
Q9Y263	ppi	1	1.6094379124341003	1.3620799532476247
Q9Y266	ppi	1	2.9444389791664403	1.9871408837931877
Q9Y276	ppi	1	0.6931471805599453	1.1358471412554454
Q9Y281	ppi	1	1.6094379124341003	2.026990335977998
Q9Y289	ppi	1	0.6931471805599453	1.0918288241036311
Q9Y291	ppi	1	0.6931471805599453	1.1355442846683799
Q9Y2G1	ppi	1	0.6931471805599453	0.9508407603702701
Q9Y2H6	ppi	1	1.791759469228055	0.7450513493476394
Q9Y2I1	ppi	1	0.6931471805599453	1.3054147622376109
Q9Y2J2	ppi	1	2.4849066497880004	1.6710871418050268
Q9Y2K1	ppi	1	1.3862943611198906	1.2594780411033506
Q9Y2Q3	ppi	1	2.0794415416798357	1.8103602025643584
Q9Y2Q9	ppi	1	0.6931471805599453	1.450947397156756
Q9Y2S7	ppi	1	1.3862943611198906	1.8657163027215786
Q9Y2U8	ppi	1	1.0986122886681096	1.430420874991502
Q9Y2V2	ppi	1	1.3862943611198906	1.417890274327683
Q9Y333	ppi	1	1.0986122886681096	1.5324732616130703
Q9Y3A2	ppi	1	1.3862943611198906	1.386502549133636
Q9Y3A3	ppi	1	1.0986122886681096	0.9790952584740994
Q9Y3D2	ppi	1	1.3862943611198906	1.2579173633445417
Q9Y3S2	ppi	1	0.6931471805599453	1.0160070975821809
Q9Y3T9	ppi	1	1.6094379124341003	1.6023140590720668
Q9Y3V2	ppi	1	0.6931471805599453	1.720639895020377
Q9Y3Z3	ppi	1	2.995732273553991	1.7748874645330315
Q9Y446	ppi	1	1.0986122886681096	1.8766264224920524
Q9Y448	ppi	1	1.3862943611198906	1.4157018699879251
Q9Y490	ppi	1	4.174387269895637	1.6560592227666637
Q9Y4B4	ppi	1	1.6094379124341003	1.4027634269314533
Q9Y4B5	ppi	1	1.0986122886681096	1.1890348384672782
Q9Y4C8	ppi	1	1.3862943611198906	1.3763199556338968
Q9Y4E6	ppi	1	0.6931471805599453	1.0836209869669782
Q9Y4P1	ppi	1	0.6931471805599453	1.2624400613890523
Q9Y4W6	ppi	1	2.995732273553991	1.4831888176455172
Q9Y520	ppi	1	3.1354942159291497	1.8918161025531277
Q9Y5A9	ppi	1	2.0794415416798357	1.5550462531852185
Q9Y5B0	ppi	1	0.6931471805599453	1.2352524165620717
Q9Y5B6	ppi	1	1.9459101490553132	1.3917072087571138
Q9Y5B9	ppi	1	3.4657359027997265	1.8473283971083334
Q9Y5J1	ppi	1	1.3862943611198906	1.5464646664674129
Q9Y5Q9	ppi	1	1.0986122886681096	1.5707417419373837
Q9Y5S9	ppi	1	0.6931471805599453	1.7722308813465946
Q9Y5V0	ppi	1	1.791759469228055	1.7522979994971943
Q9Y600	ppi	1	0.6931471805599453	1.2852827947991252
Q9Y624	ppi	1	0.6931471805599453	0.9609025177782433
Q9Y676	ppi	1	1.3862943611198906	1.370427313437081
Q9Y678	ppi	1	2.4849066497880004	1.7390529665238956
Q9Y6B6	ppi	1	0.6931471805599453	1.4385093998273857
Q9Y6E0	ppi	1	2.0794415416798357	1.1934097525015868
Q9Y6G3	ppi	1	0.6931471805599453	1.3502583729677062
Q9Y6M9	ppi	1	1.6094379124341003	1.1127689840495052
Q9Y6U3	ppi	1	1.6094379124341003	2.0822410445946313
Q9Y6X9	ppi	1	1.3862943611198906	1.9366035328418794
Q9Y6Y8	ppi	1	1.9459101490553132	1.2904692736175851
A0A1B0GUJ8	ppi	2	0.6931471805599453	1.1912058315673253
A0AUZ9	ppi	2	1.9459101490553132	1.5564846532920826
A0AVT1	ppi	2	2.4849066497880004	1.54077912750203
A1L0T0	ppi	2	0.6931471805599453	1.6851695302379328
A2RUR9	ppi	2	0.6931471805599453	1.2211633887406783
A3KMH1	ppi	2	2.6390573296152584	1.6036624344379444
A7XYQ1	ppi	2	0.6931471805599453	1.6258284193569583
A8MXV4	ppi	2	0.6931471805599453	1.580033121056817
A8MYZ6	ppi	2	0.6931471805599453	1.451172991527952
C9J069	ppi	2	0.6931471805599453	1.1916591199469093
E0CX11	ppi	2	0.6931471805599453	1.7057114594740739
O00159	ppi	2	2.70805020110221	1.8611427376901402
O00192	ppi	2	0.6931471805599453	1.34274358174155
O00193	ppi	2	2.197224577336219	1.97397487301084
O00194	ppi	2	0.6931471805599453	1.3190119836298384
O00213	ppi	2	0.6931471805599453	1.3570946211941606
O00244	ppi	2	1.9459101490553132	1.3547292199025074
O00311	ppi	2	0.6931471805599453	1.540668619175749
O00327	ppi	2	1.0986122886681096	1.5418310340777346
O00401	ppi	2	1.0986122886681096	1.4608085957263204
O00423	ppi	2	1.0986122886681096	1.405153466124965
O00472	ppi	2	0.6931471805599453	1.3791041774262731
O00499	ppi	2	2.197224577336219	1.6989210660286724
O00515	ppi	2	1.3862943611198906	1.9690181619941347
O00762	ppi	2	0.6931471805599453	1.3548759134050024
O00764	ppi	2	1.9459101490553132	1.8845569581003954
O14617	ppi	2	2.0794415416798357	1.5579829869409703
O14745	ppi	2	2.0794415416798357	1.1170787498883605
O14776	ppi	2	2.6390573296152584	1.7503308033565719
O14787	ppi	2	1.3862943611198906	1.4721784624440435
O14841	ppi	2	0.6931471805599453	1.2079875517992078
O14874	ppi	2	2.0794415416798357	1.5936651214727542
O14880	ppi	2	1.3862943611198906	0.921173667175837
O14907	ppi	2	0.6931471805599453	1.5375878063785469
O14965	ppi	2	1.6094379124341003	1.1263949581903696
O14967	ppi	2	1.0986122886681096	1.439589799267383
O14979	ppi	2	2.5649493574615367	1.99537871406707
O14994	ppi	2	0.6931471805599453	1.0470758837932377
O15020	ppi	2	1.6094379124341003	1.9059123126789657
O15062	ppi	2	0.6931471805599453	1.3397154839381455
O15111	ppi	2	1.3862943611198906	1.247737686617463
O15119	ppi	2	1.3862943611198906	1.6500939653057554
O15156	ppi	2	1.0986122886681096	1.5236950688195952
O15164	ppi	2	1.3862943611198906	1.7994648049261317
O15169	ppi	2	0.6931471805599453	1.1271576357858295
O15212	ppi	2	2.197224577336219	1.446502446193899
O15228	ppi	2	2.0794415416798357	1.1468491698802747
O15229	ppi	2	0.6931471805599453	1.0681223050157154
O15234	ppi	2	0.6931471805599453	1.6131963401111877
O15240	ppi	2	0.6931471805599453	1.6939351610132227
O15318	ppi	2	0.6931471805599453	1.012276127971174
O15321	ppi	2	0.6931471805599453	1.15269350645042
O15382	ppi	2	2.0794415416798357	1.487083966132693
O15400	ppi	2	1.0986122886681096	0.9975747597207665
O15479	ppi	2	1.791759469228055	1.4379662682148648
O15541	ppi	2	1.791759469228055	1.663285912619165
O15550	ppi	2	1.791759469228055	1.546888362850157
O43150	ppi	2	0.6931471805599453	1.2980273570976848
O43237	ppi	2	2.197224577336219	1.4275020567915302
O43242	ppi	2	2.4849066497880004	1.9003034109428578
O43252	ppi	2	1.9459101490553132	1.4230789747236399
O43303	ppi	2	0.6931471805599453	1.1369188857820132
O43318	ppi	2	0.6931471805599453	1.163775273812126
O43324	ppi	2	1.6094379124341003	2.2034092792895126
O43396	ppi	2	1.791759469228055	1.571637861085089
O43399	ppi	2	1.9459101490553132	1.6964953543583927
O43464	ppi	2	0.6931471805599453	1.36581091329022
O43502	ppi	2	0.6931471805599453	1.3287382420831981
O43583	ppi	2	1.6094379124341003	1.355435695764855
O43592	ppi	2	1.0986122886681096	1.8672677258816897
O43665	ppi	2	1.0986122886681096	1.2089663886296187
O43670	ppi	2	2.197224577336219	2.3303996528916224
O43676	ppi	2	1.0986122886681096	1.0492567009668345
O43684	ppi	2	1.791759469228055	1.6673451670622272
O43715	ppi	2	1.0986122886681096	1.115154128427284
O43765	ppi	2	2.0794415416798357	1.6709366271986672
O43818	ppi	2	1.791759469228055	1.5967816648465107
O43829	ppi	2	1.3862943611198906	0.8831878469411643
O43852	ppi	2	2.3025850929940455	1.785529565680921
O43854	ppi	2	0.6931471805599453	1.590091718774381
O43866	ppi	2	0.6931471805599453	1.2370366193792526
O43903	ppi	2	0.6931471805599453	1.5923853489653288
O43924	ppi	2	0.6931471805599453	0.9581124229752014
O60216	ppi	2	2.0794415416798357	1.804663451929481
O60218	ppi	2	1.9459101490553132	1.8198159005302714
O60232	ppi	2	0.6931471805599453	1.4126650437555566
O60234	ppi	2	1.3862943611198906	1.4346520490299624
O60294	ppi	2	0.6931471805599453	1.3433318604846696
O60313	ppi	2	2.772588722239781	1.7951227818042081
O60315	ppi	2	1.0986122886681096	1.1539876762793073
O60337	ppi	2	0.6931471805599453	0.7917642331613468
O60502	ppi	2	1.6094379124341003	1.5216905006005124
O60565	ppi	2	0.6931471805599453	1.1304437439376303
O60566	ppi	2	1.9459101490553132	1.3368727297935357
O60573	ppi	2	1.6094379124341003	1.4766486601930873
O60613	ppi	2	0.6931471805599453	1.7927067418948566
O60664	ppi	2	2.3025850929940455	1.6658267832138203
O60673	ppi	2	0.6931471805599453	1.3068185178203438
O60678	ppi	2	0.6931471805599453	1.9374562621283749
O60682	ppi	2	0.6931471805599453	1.1059930296610836
O60711	ppi	2	1.0986122886681096	1.3141656635824306
O60716	ppi	2	2.3025850929940455	1.5053454358920708
O60828	ppi	2	0.6931471805599453	1.5713180286193982
O60870	ppi	2	1.6094379124341003	1.8130862563015735
O75030	ppi	2	1.0986122886681096	1.2585485687645745
O75054	ppi	2	0.6931471805599453	0.7025796707909449
O75061	ppi	2	0.6931471805599453	1.596345319943752
O75083	ppi	2	3.044522437723423	2.05337205588375
O75143	ppi	2	0.6931471805599453	0.9697933137523933
O75157	ppi	2	0.6931471805599453	1.2217580303820825
O75167	ppi	2	0.6931471805599453	1.802463596330399
O75173	ppi	2	0.6931471805599453	1.3012489644792382
O75192	ppi	2	0.6931471805599453	1.1426056964167735
O75330	ppi	2	0.6931471805599453	1.3226363960906973
O75352	ppi	2	1.0986122886681096	1.7561589635259633
O75380	ppi	2	0.6931471805599453	1.2803354274580816
O75390	ppi	2	2.772588722239781	2.2451620275784867
O75396	ppi	2	1.3862943611198906	1.5275230650369949
O75494	ppi	2	1.3862943611198906	1.754961770622692
O75531	ppi	2	1.791759469228055	2.0298296838408896
O75717	ppi	2	2.6390573296152584	1.4684433878880394
O75808	ppi	2	0.6931471805599453	1.2491009485413727
O75884	ppi	2	1.0986122886681096	1.2504148282379917
O75909	ppi	2	0.6931471805599453	1.2783399920975496
O75925	ppi	2	0.6931471805599453	1.5348458444928987
O75937	ppi	2	2.5649493574615367	1.9357303964472816
O75955	ppi	2	1.6094379124341003	1.6724916249694823
O75970	ppi	2	0.6931471805599453	0.9475344208111247
O76003	ppi	2	2.197224577336219	1.4530198912482066
O76021	ppi	2	3.044522437723423	1.7193848639860243
O76070	ppi	2	1.9459101490553132	1.6088796113389667
O94804	ppi	2	1.0986122886681096	0.9625832200713896
O94832	ppi	2	1.791759469228055	1.9208206067183888
O94842	ppi	2	1.791759469228055	1.4810689070966205
O94856	ppi	2	1.3862943611198906	1.5342899160466055
O94876	ppi	2	1.0986122886681096	0.8502040254761346
O95081	ppi	2	1.3862943611198906	0.6789104047092336
O95197	ppi	2	1.6094379124341003	0.9017764417548119
O95208	ppi	2	0.6931471805599453	1.2619464702522547
O95243	ppi	2	1.3862943611198906	1.4691029502540427
O95295	ppi	2	0.6931471805599453	0.9198993759586431
O95336	ppi	2	1.791759469228055	1.5458838385155569
O95352	ppi	2	0.6931471805599453	1.538711359179135
O95372	ppi	2	1.3862943611198906	1.40181724118946
O95390	ppi	2	0.6931471805599453	0.9226124072890187
O95391	ppi	2	1.6094379124341003	1.7316874053114382
O95394	ppi	2	2.3978952727983707	1.800792401567422
O95396	ppi	2	0.6931471805599453	1.0997794897533009
O95429	ppi	2	0.6931471805599453	1.3244056391015901
O95445	ppi	2	0.6931471805599453	1.216860113364457
O95487	ppi	2	0.6931471805599453	1.4114572878806055
O95503	ppi	2	0.6931471805599453	1.3504730200872204
O95563	ppi	2	0.6931471805599453	1.3793916333924963
O95613	ppi	2	1.6094379124341003	1.0949837444127604
O95625	ppi	2	1.0986122886681096	1.4347781384164322
O95639	ppi	2	2.0794415416798357	1.42837759787692
O95671	ppi	2	1.0986122886681096	0.3343175790694328
O95696	ppi	2	3.0910424533583156	1.2341685959032134
O95749	ppi	2	2.197224577336219	1.194753316217361
O95863	ppi	2	0.6931471805599453	1.361942202192735
O95864	ppi	2	1.3862943611198906	1.4753902471246845
O95905	ppi	2	0.6931471805599453	1.5812422215412547
O95926	ppi	2	0.6931471805599453	1.4821271173317176
O95936	ppi	2	1.3862943611198906	1.157901135453139
O95999	ppi	2	1.0986122886681096	0.9980765740325925
O96014	ppi	2	0.6931471805599453	0.5677637415349746
O96019	ppi	2	1.6094379124341003	1.7068830866904179
O96028	ppi	2	2.4849066497880004	1.590030857588756
P00488	ppi	2	2.197224577336219	1.9869143082213125
P00505	ppi	2	3.2188758248682006	1.8567751390775618
P00738	ppi	2	2.833213344056216	1.8373359380671268
P00751	ppi	2	2.3025850929940455	1.5046728076316291
P00915	ppi	2	2.6390573296152584	1.5387692250156706
P00973	ppi	2	0.6931471805599453	1.687955369337421
P01019	ppi	2	1.3862943611198906	1.6059213247053428
P01111	ppi	2	0.6931471805599453	0.923279196117421
P02652	ppi	2	1.791759469228055	1.3206158187596542
P02679	ppi	2	2.772588722239781	1.7316648904507477
P02730	ppi	2	1.3862943611198906	1.4416202422330449
P02743	ppi	2	1.9459101490553132	1.7085474215741074
P02771	ppi	2	0.6931471805599453	1.7736575493945503
P02786	ppi	2	2.772588722239781	1.576067241961708
P02790	ppi	2	2.4849066497880004	1.6044608388061654
P02795	ppi	2	1.791759469228055	1.252910512827639
P03372	ppi	2	0.6931471805599453	1.3723700038318
P04049	ppi	2	1.0986122886681096	1.3538201646406072
P04114	ppi	2	3.6888794541139363	1.4957612639886084
P04196	ppi	2	1.0986122886681096	1.6030577684042155
P04264	ppi	2	2.4849066497880004	1.95777609868196
P04792	ppi	2	1.791759469228055	2.2480476771559905
P05060	ppi	2	1.791759469228055	2.0999582361207056
P05155	ppi	2	1.9459101490553132	1.2767310564559398
P05204	ppi	2	2.5649493574615367	1.7022207885203327
P05771	ppi	2	1.3862943611198906	1.4669337446494353
P05783	ppi	2	2.8903717578961645	1.6791876791536633
P05787	ppi	2	3.3672958299864737	1.9356035722772997
P06241	ppi	2	0.6931471805599453	1.4011507058976869
P06280	ppi	2	0.6931471805599453	1.287305374366151
P06454	ppi	2	1.9459101490553132	1.9429637758380154
P06493	ppi	2	2.197224577336219	1.32498682520209
P06576	ppi	2	2.6390573296152584	2.1248682941842385
P06730	ppi	2	1.9459101490553132	1.6559353404753467
P06746	ppi	2	1.791759469228055	1.7175923558997326
P06756	ppi	2	0.6931471805599453	1.394195090074465
P07148	ppi	2	0.6931471805599453	1.5846999768992165
P07196	ppi	2	2.8903717578961645	1.4045256951643823
P07205	ppi	2	1.6094379124341003	1.6665899174990246
P07225	ppi	2	0.6931471805599453	1.6239695383718165
P07305	ppi	2	2.3025850929940455	1.8639031797235261
P07307	ppi	2	0.6931471805599453	1.11212680939905
P07339	ppi	2	2.3025850929940455	1.8965490384174677
P07358	ppi	2	0.6931471805599453	1.4609504065189753
P07359	ppi	2	0.6931471805599453	1.4308190435240233
P07738	ppi	2	1.6094379124341003	1.5570601376445017
P07858	ppi	2	1.6094379124341003	1.6766320106660944
P07947	ppi	2	1.3862943611198906	1.4673936036546187
P08069	ppi	2	0.6931471805599453	1.3811424288198084
P08123	ppi	2	1.3862943611198906	1.455089912222001
P08133	ppi	2	3.5553480614894135	2.0052364079672684
P08134	ppi	2	1.3862943611198906	1.0981587148336374
P08311	ppi	2	0.6931471805599453	1.5001535180270968
P08397	ppi	2	2.197224577336219	1.56368845659095
P08651	ppi	2	1.6094379124341003	1.1730604136171825
P08754	ppi	2	0.6931471805599453	1.4290049837626966
P09001	ppi	2	1.0986122886681096	1.3260499973422086
P09012	ppi	2	2.3025850929940455	1.6333234085713149
P09104	ppi	2	2.3025850929940455	2.1992227812350165
P09132	ppi	2	0.6931471805599453	1.6606364853379383
P09467	ppi	2	2.3025850929940455	1.4211844883424
P09496	ppi	2	1.3862943611198906	1.3367163151297943
P09497	ppi	2	1.6094379124341003	1.4102659298789506
P09651	ppi	2	2.3978952727983707	1.850975167561181
P09668	ppi	2	1.0986122886681096	1.8135102566903318
P09913	ppi	2	1.3862943611198906	1.548048029990545
P09972	ppi	2	2.0794415416798357	2.2652903125206123
P0C7P0	ppi	2	1.3862943611198906	1.0030982320254127
P0CB47	ppi	2	0.6931471805599453	-0.6526496180156678
P0CG30	ppi	2	0.6931471805599453	1.744834801925812
P0CG38	ppi	2	0.6931471805599453	1.5146927843490237
P0DMV9	ppi	2	3.332204510175204	2.0880256862548072
P0DPA2	ppi	2	0.6931471805599453	1.2252164622451123
P0DPI2	ppi	2	2.5649493574615367	1.7602691848917105
P10070	ppi	2	1.0986122886681096	1.3434223973979005
P10155	ppi	2	2.70805020110221	2.2428489010698662
P10242	ppi	2	2.197224577336219	1.39717359502509
P10243	ppi	2	1.791759469228055	1.171310147061947
P10275	ppi	2	0.6931471805599453	1.5507503389100692
P10643	ppi	2	0.6931471805599453	1.62246383454814
P10909	ppi	2	2.6390573296152584	1.4204961737925332
P10915	ppi	2	1.0986122886681096	1.7247081805624749
P11171	ppi	2	2.3025850929940455	1.48333055233604
P11177	ppi	2	2.0794415416798357	2.14012528740295
P11388	ppi	2	3.4339872044851463	1.7529067308836948
P11717	ppi	2	1.9459101490553132	1.4037169524954267
P12004	ppi	2	2.3978952727983707	1.47485293346491
P12036	ppi	2	1.6094379124341003	1.8280488998456472
P12081	ppi	2	2.6390573296152584	2.2732392934171464
P12107	ppi	2	0.6931471805599453	1.3500194762603146
P12259	ppi	2	0.6931471805599453	1.5418060677436443
P12429	ppi	2	2.6390573296152584	1.8460150564891742
P12645	ppi	2	0.6931471805599453	0.6647785831645137
P12694	ppi	2	1.791759469228055	1.87033900864269
P12821	ppi	2	1.0986122886681096	1.1358600100590652
P12830	ppi	2	1.0986122886681096	1.4124183681360056
P12882	ppi	2	2.6390573296152584	1.6708035583426626
P12883	ppi	2	3.9702919135521215	1.724540184097977
P13196	ppi	2	0.6931471805599453	1.5988880530940943
P13797	ppi	2	2.8903717578961645	2.4174863431412037
P13804	ppi	2	2.8903717578961645	1.9492814635379518
P14174	ppi	2	0.6931471805599453	2.0133737119360964
P14209	ppi	2	0.6931471805599453	1.0114013967267141
P14598	ppi	2	0.6931471805599453	1.2853352025308054
P14735	ppi	2	2.4849066497880004	1.5312463864024541
P15336	ppi	2	1.0986122886681096	1.3966831420352084
P15923	ppi	2	1.0986122886681096	1.2830709275270935
P16070	ppi	2	0.6931471805599453	1.5201513378872695
P16104	ppi	2	1.791759469228055	1.6163944251459483
P16152	ppi	2	2.3025850929940455	2.030746854380056
P16157	ppi	2	2.9444389791664403	1.4788321557668247
P16401	ppi	2	2.772588722239781	1.8983384764212605
P16885	ppi	2	1.6094379124341003	0.9534904130007721
P17010	ppi	2	1.6094379124341003	1.4016727630775105
P17014	ppi	2	1.3862943611198906	1.4754637061277311
P17017	ppi	2	1.3862943611198906	1.2550652245722496
P17252	ppi	2	2.4849066497880004	1.1870126451994933
P17301	ppi	2	0.6931471805599453	1.4415220610708883
P17677	ppi	2	2.0794415416798357	1.3604307987979765
P17844	ppi	2	2.833213344056216	1.9463154948627777
P17931	ppi	2	1.791759469228055	1.4727995510444205
P18077	ppi	2	2.0794415416798357	1.8237996642989895
P18206	ppi	2	3.828641396489095	1.801524449804987
P18615	ppi	2	1.791759469228055	1.7922163405090767
P18846	ppi	2	1.0986122886681096	0.9942372500644558
P18887	ppi	2	2.3978952727983707	1.7109653524383441
P19013	ppi	2	0.6931471805599453	1.7985108768519251
P19338	ppi	2	3.9318256327243257	1.9478626752848553
P19440	ppi	2	1.0986122886681096	0.8025444286836134
P19784	ppi	2	1.6094379124341003	1.4986970376325268
P20073	ppi	2	1.6094379124341003	1.65777619771417
P20336	ppi	2	0.6931471805599453	1.1197237325265093
P20340	ppi	2	0.6931471805599453	1.1769892323020739
P20648	ppi	2	0.6931471805599453	1.4916860812188837
P20839	ppi	2	0.6931471805599453	1.5045023051361157
P21128	ppi	2	0.6931471805599453	1.5429335988308985
P21359	ppi	2	1.6094379124341003	1.319498520747756
P21695	ppi	2	2.197224577336219	1.7601985663028827
P21810	ppi	2	2.772588722239781	1.07349089321764
P21912	ppi	2	1.6094379124341003	1.9250035107358598
P21980	ppi	2	2.4849066497880004	1.8917782100772045
P22059	ppi	2	1.6094379124341003	1.1433830629334896
P22090	ppi	2	0.6931471805599453	1.6585479910062253
P22415	ppi	2	0.6931471805599453	1.7473180307617278
P23025	ppi	2	0.6931471805599453	1.4110123686422236
P23284	ppi	2	2.4849066497880004	1.9437040215447963
P23526	ppi	2	2.5649493574615367	2.3743250614555413
P23634	ppi	2	1.9459101490553132	1.3043677720739688
P23743	ppi	2	1.791759469228055	1.2091942626506749
P24310	ppi	2	0.6931471805599453	1.2897495703982065
P24468	ppi	2	0.6931471805599453	1.3532916307955158
P24666	ppi	2	1.0986122886681096	1.6970896260457466
P24821	ppi	2	2.9444389791664403	1.4739950880280903
P25205	ppi	2	2.8903717578961645	1.756679255517494
P25208	ppi	2	0.6931471805599453	1.2401223022126076
P25445	ppi	2	0.6931471805599453	0.9754486287630948
P25686	ppi	2	1.0986122886681096	1.3966071604679164
P26572	ppi	2	1.3862943611198906	0.7496392460551073
P27540	ppi	2	1.791759469228055	1.444956242363656
P27816	ppi	2	3.6635616461296463	2.4529078779187254
P27986	ppi	2	1.3862943611198906	1.3046908608724817
P28072	ppi	2	0.6931471805599453	1.7623431486716195
P28161	ppi	2	1.3862943611198906	1.774107398713748
P28288	ppi	2	1.791759469228055	1.585961489761916
P29218	ppi	2	2.0794415416798357	1.541355124543951
P29400	ppi	2	0.6931471805599453	1.2245054015194667
P29590	ppi	2	1.9459101490553132	1.48414230753145
P30048	ppi	2	1.6094379124341003	2.169396157393979
P30086	ppi	2	2.0794415416798357	1.8263293658210786
P30101	ppi	2	3.1780538303479453	2.040491140039849
P30153	ppi	2	2.6390573296152584	1.5222895733105075
P30307	ppi	2	1.0986122886681096	1.2288991342852331
P30419	ppi	2	2.4849066497880004	1.5243178489329012
P30626	ppi	2	1.3862943611198906	1.706511327343937
P31146	ppi	2	2.0794415416798357	1.5820927155485727
P31151	ppi	2	1.6094379124341003	1.9541526432505592
P31270	ppi	2	1.3862943611198906	1.2910024252898213
P31274	ppi	2	0.6931471805599453	1.2305902773565565
P31415	ppi	2	1.3862943611198906	1.4408131740334689
P32189	ppi	2	0.6931471805599453	1.3228243771556352
P32320	ppi	2	1.6094379124341003	1.0395600938182337
P33778	ppi	2	2.197224577336219	1.7791898014347542
P33992	ppi	2	2.833213344056216	1.7589409493952095
P35247	ppi	2	0.6931471805599453	1.3576534646934042
P35249	ppi	2	1.9459101490553132	1.6341444698895111
P35442	ppi	2	1.0986122886681096	1.057267583742369
P35453	ppi	2	0.6931471805599453	0.8459755642727431
P35555	ppi	2	2.3025850929940455	1.1586941563261104
P35606	ppi	2	2.6390573296152584	1.911992053326569
P35612	ppi	2	1.0986122886681096	1.5881355738369693
P35716	ppi	2	1.9459101490553132	1.3424004856185454
P37108	ppi	2	1.6094379124341003	1.8559029211965314
P37235	ppi	2	1.3862943611198906	1.231587386019839
P37837	ppi	2	3.0910424533583156	1.998733325309277
P38117	ppi	2	2.3978952727983707	1.8095025812759284
P38435	ppi	2	0.6931471805599453	1.462604682334161
P38606	ppi	2	2.3025850929940455	1.6051539032086306
P39687	ppi	2	1.6094379124341003	1.8548351672731767
P40222	ppi	2	2.3025850929940455	1.5241968125943621
P40424	ppi	2	0.6931471805599453	1.2066495240324149
P40616	ppi	2	0.6931471805599453	1.110010550808587
P40692	ppi	2	1.6094379124341003	1.5963839567574716
P40763	ppi	2	2.3978952727983707	1.490038840313982
P40926	ppi	2	3.044522437723423	2.67680204299449
P40937	ppi	2	1.3862943611198906	1.6914048423923533
P41252	ppi	2	2.8903717578961645	2.292940914909961
P42224	ppi	2	2.6390573296152584	1.6088078537677393
P42229	ppi	2	1.6094379124341003	1.540859671187704
P42285	ppi	2	2.9444389791664403	1.6122449219309662
P42336	ppi	2	0.6931471805599453	1.1514629401073329
P42574	ppi	2	1.6094379124341003	1.6872090980494763
P42695	ppi	2	0.6931471805599453	1.7333690433911093
P42766	ppi	2	2.197224577336219	1.8032623453400947
P42768	ppi	2	0.6931471805599453	1.3788225535915346
P43246	ppi	2	2.833213344056216	1.744174125201887
P43308	ppi	2	1.0986122886681096	1.2203249127161748
P43699	ppi	2	1.0986122886681096	1.3287840509108115
P43897	ppi	2	1.6094379124341003	1.7897715691692642
P46109	ppi	2	1.0986122886681096	1.4158541960857143
P46199	ppi	2	1.3862943611198906	1.4413979922865001
P47712	ppi	2	2.0794415416798357	1.6199475228658915
P47813	ppi	2	1.9459101490553132	1.640263548911709
P47897	ppi	2	2.772588722239781	1.9613078946304305
P48147	ppi	2	1.791759469228055	1.5190944094580252
P48200	ppi	2	0.6931471805599453	1.2297251102441278
P48556	ppi	2	1.6094379124341003	1.5585874145132157
P49189	ppi	2	2.772588722239781	1.7373440712929271
P49327	ppi	2	3.951243718581427	2.342505223213152
P49354	ppi	2	0.6931471805599453	1.0074633286410442
P49419	ppi	2	2.5649493574615367	1.7475733742453885
P49441	ppi	2	0.6931471805599453	1.0443121341401205
P49588	ppi	2	2.995732273553991	2.076207450138439
P49589	ppi	2	2.3978952727983707	2.2059164779620284
P49711	ppi	2	1.9459101490553132	1.4524375255624884
P49715	ppi	2	0.6931471805599453	1.2577798744285615
P49756	ppi	2	2.833213344056216	1.791024939107642
P49789	ppi	2	0.6931471805599453	1.0878023500263663
P49790	ppi	2	3.1354942159291497	1.7386441478695
P49821	ppi	2	1.791759469228055	1.3485758058655068
P49848	ppi	2	1.791759469228055	1.41706071493477
P49959	ppi	2	2.197224577336219	1.4464123236426358
P50148	ppi	2	1.0986122886681096	1.1647859581997493
P50395	ppi	2	3.1354942159291497	1.7008620732719641
P50479	ppi	2	0.6931471805599453	1.5155802741598374
P50570	ppi	2	2.197224577336219	1.5270114379552235
P50748	ppi	2	1.0986122886681096	1.4495023077651452
P50851	ppi	2	1.791759469228055	1.3902440134554153
P51531	ppi	2	2.3978952727983707	1.6905781356586378
P51553	ppi	2	2.0794415416798357	2.1706596811279866
P51665	ppi	2	2.3025850929940455	1.8083251907924995
P51692	ppi	2	0.6931471805599453	1.3528178608722503
P51784	ppi	2	1.0986122886681096	1.474905101116993
P51790	ppi	2	0.6931471805599453	1.170419324852773
P51825	ppi	2	2.0794415416798357	1.699843971929052
P51826	ppi	2	1.0986122886681096	1.4927168273412295
P51854	ppi	2	0.6931471805599453	1.6062415420357106
P51911	ppi	2	2.3025850929940455	1.3470436369702097
P52209	ppi	2	2.5649493574615367	2.4998208105830955
P52434	ppi	2	0.6931471805599453	1.471250517003646
P52569	ppi	2	0.6931471805599453	0.7162121875331928
P52732	ppi	2	2.3978952727983707	1.606933377825806
P52790	ppi	2	0.6931471805599453	1.2146059107627767
P52895	ppi	2	0.6931471805599453	1.4139502459719833
P53007	ppi	2	1.9459101490553132	1.9883546415548476
P53350	ppi	2	1.6094379124341003	1.247433987437619
P53367	ppi	2	1.0986122886681096	1.339593964315403
P53582	ppi	2	1.3862943611198906	1.7700839245009368
P53618	ppi	2	2.9444389791664403	1.708418433449085
P53621	ppi	2	3.526360524616161	1.8314473619065
P53804	ppi	2	0.6931471805599453	1.3311311023307797
P53999	ppi	2	1.9459101490553132	2.139746909746565
P54105	ppi	2	0.6931471805599453	1.8996757172010286
P54252	ppi	2	1.0986122886681096	1.2601341747946693
P54277	ppi	2	0.6931471805599453	1.400888039774844
P54578	ppi	2	2.8903717578961645	1.6746419204540886
P54619	ppi	2	1.3862943611198906	1.2634539401867722
P54753	ppi	2	0.6931471805599453	1.1190703638820834
P54819	ppi	2	2.3025850929940455	1.5285238061356756
P55084	ppi	2	2.8903717578961645	2.4873555688705413
P55212	ppi	2	0.6931471805599453	1.5473862601210973
P55263	ppi	2	2.5649493574615367	2.031761899225088
P55268	ppi	2	2.70805020110221	1.610159032140424
P55735	ppi	2	1.3862943611198906	1.4396371709419806
P55854	ppi	2	1.791759469228055	1.4879707042656294
P56159	ppi	2	1.0986122886681096	0.8401910332766287
P56851	ppi	2	0.6931471805599453	1.369374660758242
P57076	ppi	2	1.0986122886681096	1.408325029818602
P57103	ppi	2	0.6931471805599453	0.35882203357321774
P57723	ppi	2	0.6931471805599453	1.8936014767923421
P58546	ppi	2	1.9459101490553132	1.7904813447418457
P59998	ppi	2	2.197224577336219	1.6184383627366317
P60002	ppi	2	1.0986122886681096	1.2721702536451511
P60228	ppi	2	2.3978952727983707	1.7803819634031475
P60604	ppi	2	0.6931471805599453	1.4149734397321094
P60763	ppi	2	0.6931471805599453	1.0755114560010677
P61018	ppi	2	0.6931471805599453	1.0871362831037246
P61019	ppi	2	1.3862943611198906	1.4498861372531795
P61247	ppi	2	2.9444389791664403	1.808718018212609
P61764	ppi	2	2.772588722239781	1.1907885352864382
P62081	ppi	2	2.70805020110221	1.7873960803221929
P62495	ppi	2	1.791759469228055	1.5791362290429902
P62753	ppi	2	2.833213344056216	1.6567840877605515
P62861	ppi	2	1.0986122886681096	1.4115139470582245
P62877	ppi	2	1.0986122886681096	1.1285374947334548
P62906	ppi	2	2.3978952727983707	1.842586991426231
P62979	ppi	2	2.3025850929940455	1.4532482658319699
P62995	ppi	2	1.3862943611198906	1.875674539719669
P63165	ppi	2	1.9459101490553132	1.230105676183994
P63261	ppi	2	2.70805020110221	1.803351608890279
P68104	ppi	2	1.3862943611198906	2.028750709849051
P68402	ppi	2	1.3862943611198906	1.5481660465214389
P69849	ppi	2	1.0986122886681096	2.167875335739243
P69891	ppi	2	2.0794415416798357	1.4688152348378116
P78332	ppi	2	1.3862943611198906	1.816883297641281
P78345	ppi	2	0.6931471805599453	1.477808851273333
P78362	ppi	2	1.3862943611198906	1.1546911243267381
P78537	ppi	2	0.6931471805599453	0.9998525928309232
P78563	ppi	2	0.6931471805599453	1.5440623019256916
P81133	ppi	2	0.6931471805599453	1.2540541229096973
P82094	ppi	2	0.6931471805599453	0.9612297099669023
P82663	ppi	2	0.6931471805599453	1.3163495996205077
P83436	ppi	2	0.6931471805599453	0.9711593089347494
P83731	ppi	2	2.4849066497880004	1.8463412272611894
P84243	ppi	2	1.9459101490553132	1.5965832920830116
P98082	ppi	2	1.6094379124341003	1.5326020096153925
Q00059	ppi	2	1.6094379124341003	1.62734617640404
Q00341	ppi	2	3.2580965380214817	1.8423012120040485
Q00534	ppi	2	1.6094379124341003	1.1184187529279874
Q00536	ppi	2	1.3862943611198906	0.9461403236353472
Q01469	ppi	2	2.197224577336219	2.197861685897309
Q01518	ppi	2	3.1780538303479453	2.1366962187530025
Q01523	ppi	2	0.6931471805599453	0.854780097162762
Q01538	ppi	2	0.6931471805599453	1.1892832623595806
Q01658	ppi	2	1.0986122886681096	1.3366118960597924
Q01831	ppi	2	1.9459101490553132	1.658537520321484
Q01844	ppi	2	2.0794415416798357	1.8029534029870231
Q02388	ppi	2	0.6931471805599453	1.2613435418494534
Q02543	ppi	2	2.4849066497880004	1.7866154200842177
Q02750	ppi	2	2.0794415416798357	1.475973381137742
Q02809	ppi	2	0.6931471805599453	1.6610966697993876
Q02880	ppi	2	3.2188758248682006	2.056554184358826
Q02952	ppi	2	2.6390573296152584	1.2771922003145253
Q03111	ppi	2	2.0794415416798357	1.6771687134780915
Q03252	ppi	2	3.332204510175204	1.9156282300557579
Q03393	ppi	2	1.0986122886681096	1.3105995275968056
Q03692	ppi	2	0.6931471805599453	1.5003171212200572
Q03933	ppi	2	1.0986122886681096	1.3119340576618914
Q04323	ppi	2	1.791759469228055	1.1330638449702497
Q04446	ppi	2	1.791759469228055	1.296370657000543
Q04759	ppi	2	1.0986122886681096	1.0254753134201526
Q04828	ppi	2	2.4849066497880004	1.20840321587023
Q05193	ppi	2	1.9459101490553132	1.4020122133827062
Q05329	ppi	2	1.0986122886681096	1.0588222747799114
Q05655	ppi	2	1.0986122886681096	1.397248322283617
Q05DH4	ppi	2	0.6931471805599453	0.6901121636002953
Q06481	ppi	2	0.6931471805599453	1.230088612063436
Q06732	ppi	2	0.6931471805599453	0.929538314610978
Q07065	ppi	2	2.3025850929940455	1.8461874879010085
Q07812	ppi	2	1.0986122886681096	1.2947134558201492
Q07889	ppi	2	0.6931471805599453	1.2247700574711573
Q08170	ppi	2	1.6094379124341003	1.7918085269460111
Q08209	ppi	2	1.9459101490553132	1.2140189717749932
Q08722	ppi	2	1.3862943611198906	1.4113678109795884
Q08881	ppi	2	0.6931471805599453	1.185267320811303
Q0VGL1	ppi	2	0.6931471805599453	0.8584961193248946
Q10713	ppi	2	1.9459101490553132	1.4332398950683394
Q12778	ppi	2	1.3862943611198906	1.336612011157774
Q12802	ppi	2	0.6931471805599453	1.1790486973412972
Q12805	ppi	2	1.3862943611198906	1.2896642271435343
Q12846	ppi	2	0.6931471805599453	1.2357185870731033
Q12857	ppi	2	1.3862943611198906	1.249988406891446
Q12872	ppi	2	1.6094379124341003	1.8493088790978451
Q12946	ppi	2	0.6931471805599453	1.0666667974253783
Q12974	ppi	2	1.0986122886681096	0.8195654831814597
Q13017	ppi	2	1.0986122886681096	1.14372408302083
Q13043	ppi	2	0.6931471805599453	1.1804100304649179
Q13049	ppi	2	1.6094379124341003	1.2548246385022797
Q13131	ppi	2	1.6094379124341003	1.3968779273995224
Q13155	ppi	2	1.6094379124341003	2.110818932750418
Q13164	ppi	2	1.3862943611198906	1.1915936277124481
Q13257	ppi	2	1.3862943611198906	1.3469015661643484
Q13263	ppi	2	3.2188758248682006	1.0147565121797084
Q13309	ppi	2	1.0986122886681096	1.1708597294337904
Q13330	ppi	2	1.6094379124341003	1.6600894955210266
Q13395	ppi	2	0.6931471805599453	1.4252305592471421
Q13416	ppi	2	1.3862943611198906	1.5033061105054042
Q13421	ppi	2	1.791759469228055	1.6652056312715589
Q13425	ppi	2	1.3862943611198906	1.2742873810399722
Q13435	ppi	2	2.8903717578961645	1.8910285848987258
Q13449	ppi	2	0.6931471805599453	1.872712993738661
Q13469	ppi	2	1.0986122886681096	1.2464071850296534
Q13480	ppi	2	0.6931471805599453	1.0838751745870567
Q13506	ppi	2	0.6931471805599453	0.9417373491972294
Q13509	ppi	2	1.6094379124341003	1.9786783274974309
Q13526	ppi	2	1.6094379124341003	1.3272747053115914
Q13546	ppi	2	1.0986122886681096	1.0911643695703348
Q13554	ppi	2	1.6094379124341003	1.2898725984030373
Q13595	ppi	2	1.0986122886681096	1.587354451584008
Q13601	ppi	2	0.6931471805599453	1.7165423481367412
Q13642	ppi	2	3.044522437723423	1.8518604135584855
Q13643	ppi	2	1.3862943611198906	0.9191596412347638
Q13740	ppi	2	1.0986122886681096	1.138112502667545
Q13751	ppi	2	2.0794415416798357	1.5590559526146712
Q13761	ppi	2	1.0986122886681096	1.449667454287202
Q13769	ppi	2	1.3862943611198906	1.7376387407028362
Q13823	ppi	2	1.9459101490553132	1.772038057040593
Q13838	ppi	2	2.4849066497880004	1.8536474528579823
Q13867	ppi	2	2.0794415416798357	1.7213569490499254
Q14106	ppi	2	0.6931471805599453	1.1254590063550896
Q14116	ppi	2	1.6094379124341003	0.9191096240112513
Q14117	ppi	2	0.6931471805599453	1.409628531560396
Q14119	ppi	2	2.197224577336219	1.378157628679148
Q14134	ppi	2	1.9459101490553132	1.5105534759059993
Q14141	ppi	2	2.4849066497880004	1.491754246292962
Q14165	ppi	2	1.3862943611198906	1.474518175406516
Q14191	ppi	2	1.6094379124341003	1.491292799908317
Q14204	ppi	2	4.304065093204169	1.7021974269150673
Q14314	ppi	2	0.6931471805599453	1.295500281236089
Q14331	ppi	2	1.791759469228055	1.8433782816415252
Q14376	ppi	2	1.6094379124341003	2.0416519702163214
Q14520	ppi	2	1.0986122886681096	1.103341945932749
Q14527	ppi	2	1.3862943611198906	1.6949102551029551
Q14533	ppi	2	1.0986122886681096	1.6035451049313711
Q14554	ppi	2	1.0986122886681096	1.4183796423748427
Q14566	ppi	2	2.8903717578961645	1.8613288053054544
Q14576	ppi	2	0.6931471805599453	1.8230437339365468
Q14653	ppi	2	0.6931471805599453	1.424890243903524
Q14671	ppi	2	2.0794415416798357	1.0948258084627707
Q14676	ppi	2	3.044522437723423	1.7721719166873058
Q14677	ppi	2	2.5649493574615367	1.346140674866372
Q14684	ppi	2	2.3025850929940455	1.5008677495908058
Q14690	ppi	2	2.70805020110221	1.658299903895622
Q14694	ppi	2	2.0794415416798357	1.8467437342069075
Q14738	ppi	2	2.3025850929940455	1.037815548852252
Q14739	ppi	2	1.9459101490553132	1.78409321948672
Q14789	ppi	2	2.197224577336219	1.611388783839112
Q147X3	ppi	2	1.0986122886681096	1.3741506004822694
Q14938	ppi	2	1.6094379124341003	1.1046341484298385
Q14966	ppi	2	3.2188758248682006	1.6134417882857386
Q14997	ppi	2	1.791759469228055	1.6862833280574663
Q14CZ8	ppi	2	0.6931471805599453	1.4305894057230657
Q15005	ppi	2	1.791759469228055	1.1700498721992212
Q15021	ppi	2	2.0794415416798357	2.029094417782854
Q15041	ppi	2	1.0986122886681096	1.42353032012063
Q15063	ppi	2	3.8066624897703196	1.1470930666041768
Q15072	ppi	2	1.0986122886681096	1.6428464256826318
Q15075	ppi	2	3.4339872044851463	1.424069081560389
Q15102	ppi	2	0.6931471805599453	1.073484173041088
Q15125	ppi	2	0.6931471805599453	1.26187034957639
Q15208	ppi	2	0.6931471805599453	1.9772331504708345
Q15293	ppi	2	1.791759469228055	1.8298024832354098
Q15361	ppi	2	1.0986122886681096	1.3033457275561493
Q15386	ppi	2	1.3862943611198906	1.8987868738052782
Q15388	ppi	2	1.0986122886681096	1.1631232037704182
Q15404	ppi	2	1.9459101490553132	1.6866004825798098
Q15418	ppi	2	1.9459101490553132	1.2842445337640689
Q15424	ppi	2	2.9444389791664403	2.130486241447985
Q15428	ppi	2	1.6094379124341003	1.7951451048181615
Q15438	ppi	2	0.6931471805599453	1.1383027529022478
Q15633	ppi	2	1.3862943611198906	1.346765769451639
Q15649	ppi	2	0.6931471805599453	1.3656852495312521
Q15650	ppi	2	0.6931471805599453	1.5519266248037678
Q15738	ppi	2	1.3862943611198906	1.508406758965337
Q15746	ppi	2	2.833213344056216	1.5891632778552505
Q15751	ppi	2	1.3862943611198906	1.462406786844193
Q15771	ppi	2	0.6931471805599453	1.1224828305842154
Q15811	ppi	2	1.3862943611198906	0.927922500542134
Q15818	ppi	2	0.6931471805599453	1.269051884502177
Q15907	ppi	2	1.0986122886681096	1.2712830911621864
Q16623	ppi	2	1.3862943611198906	1.1488403514864698
Q16630	ppi	2	1.6094379124341003	1.719892046863988
Q16637	ppi	2	1.9459101490553132	1.5859220524763997
Q16644	ppi	2	1.3862943611198906	1.2084548346924286
Q16658	ppi	2	2.5649493574615367	1.7507170572411472
Q16695	ppi	2	1.791759469228055	1.588576656909123
Q16777	ppi	2	1.0986122886681096	1.6603887935439943
Q16787	ppi	2	3.332204510175204	1.4790058674462174
Q16795	ppi	2	2.0794415416798357	1.4275218589110636
Q16881	ppi	2	3.044522437723423	2.0113497163154497
Q1ED39	ppi	2	1.0986122886681096	1.7429473206342294
Q2NKJ3	ppi	2	0.6931471805599453	1.187904992409029
Q2TBE0	ppi	2	1.3862943611198906	1.5552026558025827
Q32NB8	ppi	2	0.6931471805599453	1.213790768722507
Q3B7T1	ppi	2	0.6931471805599453	1.1188762767909521
Q3B820	ppi	2	0.6931471805599453	1.2539446653357353
Q3KQV9	ppi	2	0.6931471805599453	1.6157217652516607
Q3SY69	ppi	2	2.833213344056216	1.505594136225294
Q3SYG4	ppi	2	0.6931471805599453	0.8726526659864321
Q3T8J9	ppi	2	1.6094379124341003	1.3065635398323052
Q3V6T2	ppi	2	2.0794415416798357	1.3194955070885044
Q3YEC7	ppi	2	1.0986122886681096	1.1460978009764355
Q4FZB7	ppi	2	1.791759469228055	1.8057131849448171
Q4V321	ppi	2	0.6931471805599453	1.5654325443181885
Q4VCS5	ppi	2	1.791759469228055	1.065799931736282
Q504T8	ppi	2	0.6931471805599453	1.248476725404689
Q52LR7	ppi	2	1.6094379124341003	1.4283281414991635
Q53GQ0	ppi	2	1.9459101490553132	1.35349899052608
Q53H12	ppi	2	1.0986122886681096	1.6831430136063195
Q53T94	ppi	2	0.6931471805599453	1.5713350370612784
Q53TQ3	ppi	2	1.6094379124341003	1.6764668999602932
Q5BKX8	ppi	2	0.6931471805599453	2.0211542576251773
Q5FBB7	ppi	2	0.6931471805599453	1.4284077619896915
Q5FWF4	ppi	2	0.6931471805599453	0.7861624464614045
Q5FYB1	ppi	2	1.0986122886681096	1.2818046859829335
Q5JSH3	ppi	2	1.0986122886681096	0.8449885989707013
Q5JTH9	ppi	2	2.4849066497880004	1.844064326974286
Q5JTZ5	ppi	2	0.6931471805599453	1.2114142902811926
Q5SRE7	ppi	2	0.6931471805599453	1.4735260644885289
Q5SYE7	ppi	2	0.6931471805599453	1.1443316152332021
Q5T0F9	ppi	2	1.9459101490553132	1.2707084101847061
Q5T160	ppi	2	1.6094379124341003	1.8464737423770787
Q5T280	ppi	2	0.6931471805599453	1.3701884140576737
Q5T5U3	ppi	2	0.6931471805599453	1.25877144398738
Q5T655	ppi	2	1.3862943611198906	1.5697114381843487
Q5T6C5	ppi	2	1.0986122886681096	1.1638361702895161
Q5T6V5	ppi	2	1.0986122886681096	1.690803056640344
Q5T7N2	ppi	2	0.6931471805599453	1.605726319595557
Q5T9L3	ppi	2	1.0986122886681096	0.7606293895351371
Q5TAP6	ppi	2	1.0986122886681096	1.357367923743584
Q5TBB1	ppi	2	2.0794415416798357	1.2988169623531176
Q5TD94	ppi	2	0.6931471805599453	1.1317283914125955
Q5TGY3	ppi	2	2.197224577336219	0.957476513555291
Q5TGZ0	ppi	2	0.6931471805599453	1.16997826188727
Q5THR3	ppi	2	0.6931471805599453	1.1922551399544663
Q5UIP0	ppi	2	2.6390573296152584	1.6132302258243068
Q5VIR6	ppi	2	1.6094379124341003	1.008807092553793
Q5VUG0	ppi	2	0.6931471805599453	1.3956369019849437
Q5VUM1	ppi	2	0.6931471805599453	1.5140622822103147
Q5VV52	ppi	2	1.3862943611198906	1.1919865048870046
Q5VWG9	ppi	2	2.3978952727983707	1.3499951068426976
Q5VWN6	ppi	2	2.197224577336219	1.2207205912837562
Q5VZ89	ppi	2	0.6931471805599453	1.309561632042189
Q5VZE5	ppi	2	1.0986122886681096	1.4503336533436904
Q5XKE5	ppi	2	0.6931471805599453	1.9639917286177941
Q68CQ4	ppi	2	0.6931471805599453	1.497790610768284
Q68DH5	ppi	2	0.6931471805599453	0.7060423887995608
Q69YH5	ppi	2	1.6094379124341003	1.2640563126080762
Q69YQ0	ppi	2	1.9459101490553132	1.8693073396232893
Q6DD88	ppi	2	1.9459101490553132	1.3276236395441674
Q6DKI1	ppi	2	1.3862943611198906	1.6866371512954603
Q6KCM7	ppi	2	0.6931471805599453	1.2210327699260088
Q6N043	ppi	2	0.6931471805599453	1.3384732948885365
Q6N069	ppi	2	1.0986122886681096	1.3831198001683234
Q6NS38	ppi	2	1.0986122886681096	1.2729472405050621
Q6NSJ5	ppi	2	1.0986122886681096	0.9861090215334336
Q6NX49	ppi	2	1.0986122886681096	0.8107056408451252
Q6P1J9	ppi	2	1.3862943611198906	1.5950071738080815
Q6P1K2	ppi	2	0.6931471805599453	0.8301153196657209
Q6P1X5	ppi	2	1.6094379124341003	1.4233152874123451
Q6P2E9	ppi	2	1.3862943611198906	1.8669484124756903
Q6P3X3	ppi	2	1.0986122886681096	1.475321139787664
Q6P4F7	ppi	2	0.6931471805599453	1.7853840998015265
Q6P4I2	ppi	2	0.6931471805599453	1.5166031606492736
Q6P5R6	ppi	2	1.3862943611198906	1.487623973033455
Q6P656	ppi	2	0.6931471805599453	1.2123121647633546
Q6PI98	ppi	2	0.6931471805599453	1.659976846945903
Q6PII3	ppi	2	0.6931471805599453	1.400411549300843
Q6PKG0	ppi	2	2.3025850929940455	2.1449350825690523
Q6STE5	ppi	2	1.0986122886681096	1.616337361425039
Q6UB98	ppi	2	0.6931471805599453	1.108496036253087
Q6UN15	ppi	2	1.6094379124341003	1.7906926336898767
Q6UUV7	ppi	2	1.3862943611198906	0.9735918323339897
Q6UWE0	ppi	2	0.6931471805599453	1.225558312245801
Q6UX04	ppi	2	0.6931471805599453	1.7015285879592064
Q6UX06	ppi	2	1.9459101490553132	0.7214103113614055
Q6VMQ6	ppi	2	1.0986122886681096	1.4149204799159785
Q6XZF7	ppi	2	1.6094379124341003	1.672331496823691
Q6YHK3	ppi	2	0.6931471805599453	1.9490213208691185
Q6ZNE5	ppi	2	1.0986122886681096	1.0063852577661458
Q6ZNX1	ppi	2	0.6931471805599453	0.7412574376184082
Q6ZQR2	ppi	2	0.6931471805599453	1.0540255128009395
Q70IA6	ppi	2	0.6931471805599453	1.6531787722815652
Q70SY1	ppi	2	1.0986122886681096	1.017324141604865
Q712K3	ppi	2	1.0986122886681096	1.2712065635907384
Q7L0Y3	ppi	2	2.4849066497880004	1.541403110583381
Q7L266	ppi	2	1.6094379124341003	1.428512004413867
Q7L3T8	ppi	2	1.0986122886681096	1.6808059292157864
Q7L5Y1	ppi	2	0.6931471805599453	0.4002448593252115
Q7L5Y9	ppi	2	1.6094379124341003	1.4392684426163695
Q7RTP6	ppi	2	1.0986122886681096	1.3388276146368006
Q7Z3B3	ppi	2	1.9459101490553132	1.666844855329852
Q7Z4G1	ppi	2	1.0986122886681096	1.1497603106921837
Q7Z5G4	ppi	2	0.6931471805599453	1.071459475262083
Q7Z5V6	ppi	2	0.6931471805599453	1.6146499034816753
Q7Z6L0	ppi	2	0.6931471805599453	0.8668558927712116
Q7Z6M1	ppi	2	1.0986122886681096	1.0877675368513589
Q7Z745	ppi	2	1.0986122886681096	1.7247186765694633
Q7Z7B0	ppi	2	0.6931471805599453	1.7708354577527392
Q7Z7C7	ppi	2	0.6931471805599453	1.0365070211506655
Q7Z7E8	ppi	2	1.3862943611198906	1.2911964214276381
Q7Z7K6	ppi	2	1.9459101490553132	2.2614112533687196
Q86T03	ppi	2	0.6931471805599453	0.8041953417679276
Q86TB9	ppi	2	0.6931471805599453	1.4658322542192044
Q86TM6	ppi	2	0.6931471805599453	1.3884718686920858
Q86TS9	ppi	2	0.6931471805599453	1.3282650435128633
Q86U70	ppi	2	0.6931471805599453	1.0309762409979137
Q86UE8	ppi	2	1.6094379124341003	1.0354254782885506
Q86UP2	ppi	2	3.3672958299864737	1.7130313729748436
Q86UV5	ppi	2	0.6931471805599453	1.7215779625921876
Q86UW9	ppi	2	0.6931471805599453	1.4823840963640174
Q86UY8	ppi	2	1.3862943611198906	1.442359711063787
Q86V85	ppi	2	0.6931471805599453	1.4967051453543472
Q86VP3	ppi	2	1.0986122886681096	0.870463387527567
Q86VP6	ppi	2	3.044522437723423	1.4254100018363405
Q86VS8	ppi	2	1.3862943611198906	0.8031815403996891
Q86WA6	ppi	2	2.3025850929940455	1.5984418473820894
Q86WX3	ppi	2	1.6094379124341003	1.529586849412709
Q86Y46	ppi	2	0.6931471805599453	2.044733766522735
Q86YM7	ppi	2	0.6931471805599453	1.0477603831870563
Q86YW9	ppi	2	1.0986122886681096	1.379181171747378
Q8IUR6	ppi	2	1.6094379124341003	1.0023165182280138
Q8IV56	ppi	2	0.6931471805599453	1.411463879622007
Q8IVM0	ppi	2	1.0986122886681096	1.6814786408706102
Q8IVN3	ppi	2	1.0986122886681096	1.037199145382812
Q8IW35	ppi	2	1.3862943611198906	1.0380053993784528
Q8IWB7	ppi	2	0.6931471805599453	1.2001785710881863
Q8IWF6	ppi	2	0.6931471805599453	0.70230071752161
Q8IWZ6	ppi	2	0.6931471805599453	0.9466727118266229
Q8IY31	ppi	2	0.6931471805599453	1.0497429221177255
Q8IY37	ppi	2	1.0986122886681096	1.5779101576777237
Q8IYA6	ppi	2	1.3862943611198906	1.5456318812478216
Q8IYB7	ppi	2	1.3862943611198906	1.4932382771921733
Q8IYD1	ppi	2	1.0986122886681096	1.7549908971094959
Q8IYH5	ppi	2	1.3862943611198906	1.4094322170363554
Q8IYS1	ppi	2	1.0986122886681096	1.3475697155464188
Q8IZ73	ppi	2	1.0986122886681096	1.3665945004826612
Q8IZD4	ppi	2	0.6931471805599453	1.4512143293995063
Q8N0T1	ppi	2	1.0986122886681096	1.980085685918469
Q8N0U4	ppi	2	1.6094379124341003	1.453667312233539
Q8N0W3	ppi	2	0.6931471805599453	1.1294730701724975
Q8N122	ppi	2	1.3862943611198906	1.1642750094313814
Q8N129	ppi	2	0.6931471805599453	0.667693367046662
Q8N135	ppi	2	0.6931471805599453	0.8474439784233289
Q8N1G2	ppi	2	1.791759469228055	1.9935828468922026
Q8N1V2	ppi	2	1.0986122886681096	1.1691022202778367
Q8N257	ppi	2	1.791759469228055	1.6961280750361623
Q8N2H3	ppi	2	0.6931471805599453	1.1902607895987638
Q8N2M8	ppi	2	0.6931471805599453	1.299594987675467
Q8N2N9	ppi	2	0.6931471805599453	1.4932345794050028
Q8N392	ppi	2	1.9459101490553132	1.4209579164586217
Q8N465	ppi	2	1.3862943611198906	1.235244344471171
Q8N4T0	ppi	2	0.6931471805599453	0.9219147045829933
Q8N543	ppi	2	1.3862943611198906	1.5826227466556788
Q8N568	ppi	2	1.0986122886681096	1.3454602177960793
Q8N5C7	ppi	2	1.0986122886681096	0.8034629139357018
Q8N5I9	ppi	2	0.6931471805599453	1.5349988551880307
Q8N5K1	ppi	2	1.3862943611198906	1.0842727710949287
Q8N6H7	ppi	2	1.791759469228055	1.3876712935141442
Q8N6M9	ppi	2	0.6931471805599453	1.6893572808862785
Q8N6T3	ppi	2	1.791759469228055	1.514966017013682
Q8N766	ppi	2	1.0986122886681096	1.5406591813654902
Q8N7J2	ppi	2	1.0986122886681096	1.1036770380043865
Q8N8R7	ppi	2	0.6931471805599453	1.156501475277664
Q8N8U2	ppi	2	0.6931471805599453	1.7769727565553488
Q8N960	ppi	2	0.6931471805599453	0.9159402328354365
Q8N9F7	ppi	2	1.0986122886681096	1.40371309480317
Q8N9L9	ppi	2	1.3862943611198906	1.4561215172250528
Q8NA42	ppi	2	0.6931471805599453	1.2993091802913792
Q8NB91	ppi	2	0.6931471805599453	1.1795858419100713
Q8NBS9	ppi	2	2.0794415416798357	1.749700489251873
Q8NBU5	ppi	2	1.3862943611198906	1.783675387066037
Q8NC56	ppi	2	1.0986122886681096	1.5679841357498314
Q8NC96	ppi	2	0.6931471805599453	1.3759683063890067
Q8NCD3	ppi	2	1.3862943611198906	1.287172235401242
Q8NDD1	ppi	2	1.791759469228055	1.7026141588304535
Q8NDX9	ppi	2	0.6931471805599453	1.1890789243044848
Q8NEU8	ppi	2	0.6931471805599453	1.0919668403168723
Q8NEZ4	ppi	2	3.7612001156935624	1.4046639704978678
Q8NFD5	ppi	2	2.772588722239781	1.597849524219348
Q8NFG4	ppi	2	0.6931471805599453	0.9207497740491366
Q8NHU0	ppi	2	0.6931471805599453	1.534505626478238
Q8NI08	ppi	2	1.791759469228055	1.3235384837649535
Q8TB22	ppi	2	1.3862943611198906	1.3405408330255753
Q8TB72	ppi	2	1.9459101490553132	0.999363913698568
Q8TB92	ppi	2	0.6931471805599453	1.4531769847147418
Q8TC71	ppi	2	0.6931471805599453	0.678701935517292
Q8TCD5	ppi	2	1.0986122886681096	1.4418120016368174
Q8TCG1	ppi	2	0.6931471805599453	1.487709405034186
Q8TCT9	ppi	2	0.6931471805599453	1.4954189247740648
Q8TD30	ppi	2	0.6931471805599453	1.5150434128989307
Q8TDC3	ppi	2	0.6931471805599453	1.9239521785584777
Q8TDM6	ppi	2	0.6931471805599453	1.1700917413117669
Q8TDY2	ppi	2	1.6094379124341003	1.134577505572682
Q8TED0	ppi	2	1.3862943611198906	1.5596002877545143
Q8TEP8	ppi	2	1.791759469228055	0.9683976033831916
Q8TEQ6	ppi	2	2.3978952727983707	1.7866330788563491
Q8WU90	ppi	2	2.3025850929940455	1.7300808325731911
Q8WUA2	ppi	2	2.0794415416798357	1.7466932569803162
Q8WUR7	ppi	2	0.6931471805599453	1.5766782516695605
Q8WV16	ppi	2	0.6931471805599453	1.204612451750084
Q8WVC0	ppi	2	1.0986122886681096	1.4482561992355905
Q8WVX9	ppi	2	0.6931471805599453	1.5865553523587845
Q8WVY7	ppi	2	1.9459101490553132	1.5743782723212432
Q8WW14	ppi	2	1.0986122886681096	0.9756262739029662
Q8WWY8	ppi	2	0.6931471805599453	0.6943648985113267
Q8WXH0	ppi	2	3.1780538303479453	1.7094023113878904
Q8WXI4	ppi	2	1.6094379124341003	0.8137646160822343
Q8WXI9	ppi	2	1.9459101490553132	1.9587059419483606
Q8WXW3	ppi	2	0.6931471805599453	1.2361302946833512
Q8WXX7	ppi	2	1.6094379124341003	1.0146790097192686
Q8WYA6	ppi	2	2.3025850929940455	1.673551738433478
Q8WYQ5	ppi	2	1.3862943611198906	1.4377568816349995
Q92466	ppi	2	1.0986122886681096	1.4762908321019783
Q92481	ppi	2	0.6931471805599453	1.170505848134326
Q92538	ppi	2	1.9459101490553132	1.26140466643354
Q92556	ppi	2	1.9459101490553132	0.9525779031801521
Q92576	ppi	2	2.8903717578961645	1.7515712144212001
Q92615	ppi	2	1.3862943611198906	1.6943573799218083
Q92619	ppi	2	1.0986122886681096	1.0444132211170754
Q92626	ppi	2	0.6931471805599453	1.5417956374408184
Q92629	ppi	2	0.6931471805599453	1.3559863712696612
Q92688	ppi	2	1.791759469228055	2.1907384417954185
Q92698	ppi	2	0.6931471805599453	1.0760164800822176
Q92733	ppi	2	1.6094379124341003	1.643456484470811
Q92820	ppi	2	1.0986122886681096	1.7862365152293385
Q92831	ppi	2	1.3862943611198906	1.3806305127557
Q92889	ppi	2	0.6931471805599453	1.435748208014827
Q92890	ppi	2	1.3862943611198906	1.3676810265708126
Q92908	ppi	2	0.6931471805599453	1.3891901279119223
Q92947	ppi	2	1.3862943611198906	1.8248411763156394
Q92974	ppi	2	1.3862943611198906	1.541226284925516
Q93034	ppi	2	2.3025850929940455	1.4932687681391252
Q93073	ppi	2	0.6931471805599453	1.0873268405153835
Q93074	ppi	2	2.0794415416798357	1.5079148443790598
Q93077	ppi	2	1.0986122886681096	1.6911091009974621
Q93100	ppi	2	0.6931471805599453	1.1157054664603883
Q969U7	ppi	2	0.6931471805599453	1.7486135640967633
Q969X6	ppi	2	1.6094379124341003	1.3501433103665033
Q96A33	ppi	2	1.791759469228055	1.5880412628392977
Q96A49	ppi	2	2.0794415416798357	1.4043902504396202
Q96A61	ppi	2	0.6931471805599453	1.856402365578417
Q96AY2	ppi	2	1.0986122886681096	1.2129089117601468
Q96B23	ppi	2	0.6931471805599453	1.3009363869456254
Q96BA8	ppi	2	0.6931471805599453	1.0782431637244518
Q96BP3	ppi	2	1.9459101490553132	1.7656400849858644
Q96BR5	ppi	2	1.791759469228055	1.2737823692634693
Q96BX8	ppi	2	0.6931471805599453	1.0910305697128568
Q96C23	ppi	2	1.3862943611198906	0.9639207683699498
Q96C86	ppi	2	1.791759469228055	1.240334460262034
Q96CG3	ppi	2	0.6931471805599453	0.9119488413218433
Q96CN9	ppi	2	0.6931471805599453	1.2537508947267795
Q96CV9	ppi	2	1.0986122886681096	1.0528988118988185
Q96DC8	ppi	2	0.6931471805599453	1.79705556332307
Q96DI7	ppi	2	1.791759469228055	1.526982709652605
Q96DT6	ppi	2	0.6931471805599453	1.3416755760545651
Q96EA4	ppi	2	0.6931471805599453	1.5775563843472316
Q96EP5	ppi	2	1.791759469228055	1.6911761095100173
Q96EV2	ppi	2	2.3025850929940455	1.3934401329069261
Q96EY1	ppi	2	1.6094379124341003	2.0224471370537866
Q96EY8	ppi	2	1.6094379124341003	1.2519368321163589
Q96F10	ppi	2	1.0986122886681096	1.2718347901012494
Q96FQ6	ppi	2	1.0986122886681096	1.8482137366364975
Q96FW1	ppi	2	1.3862943611198906	1.5934317774396702
Q96G23	ppi	2	0.6931471805599453	0.9062804486515407
Q96G46	ppi	2	1.3862943611198906	1.8282906552200453
Q96GD4	ppi	2	1.0986122886681096	1.2719723862105468
Q96GK7	ppi	2	1.6094379124341003	1.7946684870696374
Q96GM5	ppi	2	1.3862943611198906	1.5576651783202438
Q96GN5	ppi	2	1.3862943611198906	1.1973843283195478
Q96GW9	ppi	2	0.6931471805599453	1.992408740336318
Q96HC4	ppi	2	1.6094379124341003	1.4632600554410022
Q96HE7	ppi	2	1.6094379124341003	1.9979340486027546
Q96HY6	ppi	2	0.6931471805599453	1.4863245712036672
Q96IG2	ppi	2	0.6931471805599453	0.7698572587103663
Q96IZ6	ppi	2	0.6931471805599453	1.1762316589526862
Q96J01	ppi	2	1.3862943611198906	1.7322895580223663
Q96JG6	ppi	2	0.6931471805599453	1.2011574313964681
Q96JG9	ppi	2	1.6094379124341003	1.379812849510559
Q96JH7	ppi	2	1.6094379124341003	0.8979757675103022
Q96K21	ppi	2	1.3862943611198906	1.4543990840414462
Q96K83	ppi	2	0.6931471805599453	1.2417876415274576
Q96KN1	ppi	2	0.6931471805599453	0.9801370601422283
Q96LD1	ppi	2	0.6931471805599453	1.3434024448837054
Q96M29	ppi	2	1.6094379124341003	1.3285485883847048
Q96MC2	ppi	2	0.6931471805599453	0.8281273176681798
Q96ME7	ppi	2	2.0794415416798357	1.5902074121333647
Q96MX6	ppi	2	1.791759469228055	1.2335924841967483
Q96N67	ppi	2	2.197224577336219	1.5921468560485437
Q96P48	ppi	2	0.6931471805599453	1.5192785080070939
Q96PB1	ppi	2	1.0986122886681096	0.8795694643374562
Q96PE7	ppi	2	1.3862943611198906	0.9438388258026733
Q96PK6	ppi	2	2.197224577336219	2.203877312293029
Q96PZ0	ppi	2	2.3978952727983707	1.3517773805026978
Q96QU8	ppi	2	0.6931471805599453	1.2407342253528573
Q96QV6	ppi	2	1.0986122886681096	1.9081215335513746
Q96RD7	ppi	2	0.6931471805599453	1.1970576786102751
Q96RU2	ppi	2	1.0986122886681096	1.6157366259286352
Q96RU8	ppi	2	0.6931471805599453	1.0190676702748287
Q96RW7	ppi	2	0.6931471805599453	1.206108578660511
Q96S38	ppi	2	0.6931471805599453	0.7196121447288713
Q96S99	ppi	2	0.6931471805599453	1.4601069227695167
Q96SB8	ppi	2	2.3025850929940455	1.405909425145453
Q96SI9	ppi	2	1.0986122886681096	1.6792523058351996
Q96ST2	ppi	2	1.0986122886681096	1.55468498795652
Q96ST3	ppi	2	2.6390573296152584	1.5641220194182923
Q96SW2	ppi	2	1.0986122886681096	1.1763785696610285
Q96SY0	ppi	2	1.0986122886681096	1.5127152765779297
Q96SZ6	ppi	2	0.6931471805599453	1.4186349116997583
Q96T17	ppi	2	0.6931471805599453	1.4506875914304964
Q96T60	ppi	2	1.0986122886681096	1.6073282893749765
Q96TA2	ppi	2	1.3862943611198906	1.335261865963659
Q99471	ppi	2	2.197224577336219	1.4947674607643346
Q99496	ppi	2	0.6931471805599453	1.431915684646053
Q99570	ppi	2	1.3862943611198906	1.32638284702028
Q99584	ppi	2	1.6094379124341003	1.4186152457603154
Q99590	ppi	2	2.197224577336219	1.534498018567895
Q99623	ppi	2	2.5649493574615367	1.6775287433226613
Q99638	ppi	2	1.0986122886681096	1.5404353606909285
Q99661	ppi	2	1.791759469228055	1.2856178911310077
Q99715	ppi	2	2.833213344056216	1.417673376530035
Q99747	ppi	2	2.0794415416798357	0.9969472704405093
Q99757	ppi	2	1.6094379124341003	1.9787164533955859
Q99759	ppi	2	0.6931471805599453	1.0839290395061172
Q99805	ppi	2	1.9459101490553132	1.4155219455403436
Q99877	ppi	2	2.6390573296152584	1.8428120949758708
Q99880	ppi	2	1.9459101490553132	1.7089196700171954
Q9BPZ7	ppi	2	0.6931471805599453	1.221634856752843
Q9BQ04	ppi	2	1.0986122886681096	1.5680022915783287
Q9BQ48	ppi	2	0.6931471805599453	1.4604835319452574
Q9BQ52	ppi	2	1.791759469228055	1.817401150666186
Q9BQG2	ppi	2	1.3862943611198906	1.2277467804810729
Q9BRV8	ppi	2	1.0986122886681096	1.297050595471285
Q9BRX5	ppi	2	0.6931471805599453	1.502776933597858
Q9BSH4	ppi	2	1.3862943611198906	1.5434441779335908
Q9BST9	ppi	2	0.6931471805599453	1.2062532205486516
Q9BTM1	ppi	2	1.0986122886681096	1.5695605383880267
Q9BTV4	ppi	2	1.6094379124341003	1.360777843644983
Q9BUB7	ppi	2	0.6931471805599453	1.0379408777105912
Q9BUE6	ppi	2	1.0986122886681096	1.0908165718641651
Q9BUL9	ppi	2	1.0986122886681096	1.4346931374167593
Q9BV57	ppi	2	1.9459101490553132	1.4163246812854884
Q9BV81	ppi	2	0.6931471805599453	1.4392989512653773
Q9BV86	ppi	2	0.6931471805599453	1.7736253522932561
Q9BVG4	ppi	2	1.3862943611198906	2.3040930911792783
Q9BVI4	ppi	2	1.0986122886681096	1.4804961512906556
Q9BVL2	ppi	2	1.6094379124341003	1.3635159209174268
Q9BW27	ppi	2	0.6931471805599453	1.5936713331339525
Q9BW92	ppi	2	0.6931471805599453	1.837810342766647
Q9BWJ5	ppi	2	1.0986122886681096	1.6741606917555347
Q9BXF9	ppi	2	2.0794415416798357	1.1889521643829848
Q9BXJ4	ppi	2	0.6931471805599453	1.2722524398229738
Q9BXN1	ppi	2	3.295836866004329	1.1587938793209422
Q9BXS5	ppi	2	1.6094379124341003	1.1733295181168484
Q9BXV9	ppi	2	1.0986122886681096	1.0983208012966739
Q9BXY0	ppi	2	1.3862943611198906	1.4969148501534106
Q9BY12	ppi	2	0.6931471805599453	1.5020919885069184
Q9BY32	ppi	2	1.9459101490553132	1.8563030237119376
Q9BY44	ppi	2	2.5649493574615367	1.6514307591344146
Q9BYT3	ppi	2	0.6931471805599453	1.7999104452573362
Q9BZE2	ppi	2	0.6931471805599453	1.0969040674786654
Q9BZE9	ppi	2	0.6931471805599453	1.0523071122295609
Q9BZH6	ppi	2	0.6931471805599453	1.1802351540627267
Q9BZK7	ppi	2	1.0986122886681096	1.3504244693268315
Q9BZL1	ppi	2	1.0986122886681096	1.6320344230712065
Q9BZQ6	ppi	2	0.6931471805599453	1.411737488183136
Q9BZR9	ppi	2	0.6931471805599453	1.0813185695431151
Q9C010	ppi	2	0.6931471805599453	1.1998061935317799
Q9C026	ppi	2	0.6931471805599453	0.9314724125225506
Q9C0I3	ppi	2	1.3862943611198906	1.3769475821654713
Q9GZR2	ppi	2	1.6094379124341003	1.3115966756543653
Q9H081	ppi	2	1.0986122886681096	1.4452938207095047
Q9H0D6	ppi	2	2.3025850929940455	1.8571469590185279
Q9H0R8	ppi	2	1.0986122886681096	1.0431551091231461
Q9H0U4	ppi	2	1.0986122886681096	1.4823807272424703
Q9H1U9	ppi	2	1.0986122886681096	0.4884238022438494
Q9H223	ppi	2	1.9459101490553132	1.573077896281487
Q9H2D6	ppi	2	0.6931471805599453	1.6008362738647448
Q9H2G2	ppi	2	2.833213344056216	1.2527060132978016
Q9H2K8	ppi	2	1.9459101490553132	1.26163846590451
Q9H2M9	ppi	2	1.0986122886681096	0.890009887706672
Q9H361	ppi	2	0.6931471805599453	1.734572154593987
Q9H3K6	ppi	2	1.0986122886681096	1.4963379225252764
Q9H3M7	ppi	2	0.6931471805599453	1.5802064191834817
Q9H410	ppi	2	0.6931471805599453	1.3105824816240805
Q9H4A3	ppi	2	1.3862943611198906	1.0615686707163003
Q9H4A4	ppi	2	1.9459101490553132	2.3198821255077218
Q9H4Z2	ppi	2	0.6931471805599453	1.6289743870417874
Q9H6D7	ppi	2	1.0986122886681096	1.1914664599165896
Q9H6P5	ppi	2	0.6931471805599453	1.2069229719786085
Q9H6R0	ppi	2	0.6931471805599453	1.3699180709057612
Q9H6R3	ppi	2	2.0794415416798357	2.130293467415306
Q9H6Z4	ppi	2	1.9459101490553132	1.4378241039440844
Q9H7B4	ppi	2	1.0986122886681096	1.1595514845956272
Q9H7N4	ppi	2	1.9459101490553132	1.4051421510617819
Q9H7X3	ppi	2	0.6931471805599453	0.7565939254158084
Q9H8H2	ppi	2	1.0986122886681096	1.5215652443633791
Q9H8L6	ppi	2	0.6931471805599453	1.4277591715040756
Q9H8Y8	ppi	2	1.791759469228055	1.3301266510961443
Q9H993	ppi	2	1.9459101490553132	1.43701622453077
Q9H9F9	ppi	2	0.6931471805599453	1.4785844078996564
Q9H9L4	ppi	2	1.0986122886681096	1.3412896737528264
Q9H9P8	ppi	2	1.791759469228055	1.5487433943402864
Q9H9T3	ppi	2	1.6094379124341003	1.207467999860918
Q9HA77	ppi	2	2.0794415416798357	1.8396814881161898
Q9HAV4	ppi	2	2.0794415416798357	1.853244633153889
Q9HBI1	ppi	2	1.3862943611198906	1.7790886637445547
Q9HBK9	ppi	2	0.6931471805599453	1.4259583866499852
Q9HBL7	ppi	2	0.6931471805599453	1.5506472009339392
Q9HC35	ppi	2	1.9459101490553132	1.6958957435330355
Q9HC36	ppi	2	1.3862943611198906	1.31890936629285
Q9HCE5	ppi	2	1.0986122886681096	1.8567019645417893
Q9HCI7	ppi	2	1.6094379124341003	1.6267158768179626
Q9HCJ6	ppi	2	0.6931471805599453	1.5942493719827522
Q9HCN4	ppi	2	0.6931471805599453	1.3784451878092663
Q9HCU5	ppi	2	0.6931471805599453	1.214426963200297
Q9HD26	ppi	2	0.6931471805599453	1.1962671673344918
Q9NP58	ppi	2	0.6931471805599453	1.5447718231431955
Q9NP61	ppi	2	1.9459101490553132	1.245693650899781
Q9NP77	ppi	2	1.3862943611198906	1.6632870665014823
Q9NP80	ppi	2	1.3862943611198906	1.3981751826881141
Q9NPC7	ppi	2	0.6931471805599453	1.8407536360179813
Q9NPF5	ppi	2	1.9459101490553132	1.5334084870010336
Q9NQ48	ppi	2	0.6931471805599453	1.1747884646319064
Q9NQT8	ppi	2	0.6931471805599453	1.2203931852285343
Q9NQW6	ppi	2	2.5649493574615367	1.3902353772964475
Q9NQZ2	ppi	2	1.6094379124341003	1.4924908453421497
Q9NR19	ppi	2	1.6094379124341003	1.9430899019794763
Q9NR45	ppi	2	2.4849066497880004	1.89656853199056
Q9NR46	ppi	2	1.3862943611198906	1.1609993724394931
Q9NR48	ppi	2	2.197224577336219	1.795656035715722
Q9NRG4	ppi	2	0.6931471805599453	1.4886773329044563
Q9NRP0	ppi	2	0.6931471805599453	1.2148311169951127
Q9NRR8	ppi	2	0.6931471805599453	1.3313197554859328
Q9NS18	ppi	2	0.6931471805599453	1.5432362097395986
Q9NSI2	ppi	2	0.6931471805599453	1.4384344547007717
Q9NTI5	ppi	2	3.2188758248682006	1.912246555175934
Q9NTJ4	ppi	2	0.6931471805599453	1.365615483651883
Q9NTX5	ppi	2	1.791759469228055	1.7045774318327824
Q9NTX9	ppi	2	0.6931471805599453	0.9982434675631829
Q9NUA8	ppi	2	0.6931471805599453	0.7632931462932468
Q9NUI1	ppi	2	1.791759469228055	1.5373629222113703
Q9NUM4	ppi	2	0.6931471805599453	0.9570714747364676
Q9NUQ3	ppi	2	0.6931471805599453	1.5336089125875143
Q9NV56	ppi	2	1.791759469228055	1.6390343838233714
Q9NV66	ppi	2	0.6931471805599453	0.8435893707965854
Q9NVH1	ppi	2	1.6094379124341003	1.4445846808532008
Q9NVH2	ppi	2	1.0986122886681096	1.371336355143947
Q9NVS2	ppi	2	1.0986122886681096	1.3086043870939732
Q9NVU7	ppi	2	1.6094379124341003	1.7625320396385797
Q9NW64	ppi	2	2.0794415416798357	1.6356463770434961
Q9NW68	ppi	2	0.6931471805599453	0.9866717386103157
Q9NWB6	ppi	2	1.6094379124341003	1.7324238782204873
Q9NWM8	ppi	2	0.6931471805599453	0.9885487657853664
Q9NWX6	ppi	2	1.0986122886681096	1.8001347688879572
Q9NX05	ppi	2	0.6931471805599453	0.9822966881480023
Q9NX18	ppi	2	1.3862943611198906	1.7330312270333823
Q9NX20	ppi	2	0.6931471805599453	1.3177827089809202
Q9NX55	ppi	2	0.6931471805599453	1.5388898185524453
Q9NXR5	ppi	2	0.6931471805599453	1.3682131197225236
Q9NXU5	ppi	2	0.6931471805599453	0.5309075224609209
Q9NY12	ppi	2	1.3862943611198906	1.534326493924432
Q9NY15	ppi	2	0.6931471805599453	1.6692164686769722
Q9NY27	ppi	2	1.0986122886681096	1.443239292810647
Q9NY93	ppi	2	1.0986122886681096	1.7838417845385304
Q9NYD6	ppi	2	0.6931471805599453	1.7391666521028675
Q9NYF3	ppi	2	0.6931471805599453	1.1657163534874821
Q9NYP9	ppi	2	0.6931471805599453	1.2371742594881323
Q9NYU1	ppi	2	1.0986122886681096	1.6562600429842302
Q9NYV4	ppi	2	2.8903717578961645	1.3146224819424113
Q9NZA1	ppi	2	2.0794415416798357	1.700438276592918
Q9NZC4	ppi	2	0.6931471805599453	1.0671751529075522
Q9NZC9	ppi	2	1.6094379124341003	1.4821622101477476
Q9NZD2	ppi	2	1.6094379124341003	1.0304604317147144
Q9NZI7	ppi	2	0.6931471805599453	2.0638958636455955
Q9NZZ3	ppi	2	1.6094379124341003	1.0553259400754051
Q9P015	ppi	2	1.6094379124341003	1.286675973941858
Q9P021	ppi	2	1.0986122886681096	1.5993994282605475
Q9P086	ppi	2	1.0986122886681096	1.4282001549294714
Q9P0K8	ppi	2	0.6931471805599453	0.6426753737958688
Q9P0V3	ppi	2	1.3862943611198906	1.0127308282795573
Q9P107	ppi	2	0.6931471805599453	0.8939812649268007
Q9P260	ppi	2	0.6931471805599453	0.938019452179523
Q9P2E9	ppi	2	3.295836866004329	2.0546883237587537
Q9P2F9	ppi	2	0.6931471805599453	1.5244719447993098
Q9P2R7	ppi	2	2.3978952727983707	1.9056245191595085
Q9UBF2	ppi	2	1.6094379124341003	1.7630202021049954
Q9UBI1	ppi	2	0.6931471805599453	1.070161364317424
Q9UBL3	ppi	2	1.791759469228055	1.52430575557736
Q9UBP6	ppi	2	0.6931471805599453	1.5064849378365757
Q9UBR2	ppi	2	1.3862943611198906	1.2422632562369507
Q9UBS4	ppi	2	0.6931471805599453	1.6584114431605534
Q9UBW7	ppi	2	1.791759469228055	1.5848739271368057
Q9UDV6	ppi	2	0.6931471805599453	1.1474453451067335
Q9UDY2	ppi	2	1.791759469228055	1.3043071497751646
Q9UEG4	ppi	2	2.197224577336219	1.2725744508896668
Q9UET6	ppi	2	0.6931471805599453	1.5910281594127849
Q9UEU0	ppi	2	0.6931471805599453	0.9005538496074383
Q9UEW8	ppi	2	1.6094379124341003	0.9411883405167814
Q9UFC0	ppi	2	1.3862943611198906	1.294236184570624
Q9UFW8	ppi	2	0.6931471805599453	1.7830241146236046
Q9UGM5	ppi	2	0.6931471805599453	1.5035572214054385
Q9UGN5	ppi	2	0.6931471805599453	1.5534227470607298
Q9UGP4	ppi	2	0.6931471805599453	1.1126033412685294
Q9UHB6	ppi	2	2.833213344056216	2.2245229698480986
Q9UHB7	ppi	2	3.044522437723423	1.5693805494686384
Q9UHD9	ppi	2	0.6931471805599453	1.7849825249600781
Q9UHQ9	ppi	2	2.0794415416798357	1.31215163193123
Q9UHV7	ppi	2	1.6094379124341003	1.2534913101229295
Q9UHX1	ppi	2	1.9459101490553132	1.8795944087625598
Q9UI08	ppi	2	1.6094379124341003	1.527208132428836
Q9UI30	ppi	2	0.6931471805599453	1.5709451348877674
Q9UIF8	ppi	2	1.791759469228055	1.7439563825186517
Q9UIF9	ppi	2	1.9459101490553132	1.6802821304288804
Q9UII4	ppi	2	0.6931471805599453	1.5128119103703657
Q9UJA5	ppi	2	1.0986122886681096	1.6979600481485255
Q9UJU5	ppi	2	0.6931471805599453	0.9314325651170731
Q9UJX5	ppi	2	1.0986122886681096	1.2640000831502904
Q9UK45	ppi	2	0.6931471805599453	1.4942407376745277
Q9UK59	ppi	2	1.6094379124341003	1.9987095106918802
Q9UKA9	ppi	2	1.6094379124341003	1.9518946364161642
Q9UKD2	ppi	2	1.6094379124341003	1.645319457241973
Q9UKL0	ppi	2	0.6931471805599453	1.4666427264795672
Q9UKU7	ppi	2	1.3862943611198906	1.420343407014255
Q9UL40	ppi	2	0.6931471805599453	1.8133554756918833
Q9ULD2	ppi	2	1.0986122886681096	1.0091390117816004
Q9ULD5	ppi	2	0.6931471805599453	1.257094112917799
Q9ULH7	ppi	2	2.4849066497880004	1.4942121775555361
Q9ULI0	ppi	2	1.3862943611198906	1.8904054180617447
Q9ULJ3	ppi	2	1.6094379124341003	1.2069645059892744
Q9ULK2	ppi	2	1.9459101490553132	1.0804461961045462
Q9ULM3	ppi	2	2.5649493574615367	1.3162241981762226
Q9ULT8	ppi	2	1.0986122886681096	1.521647707009642
Q9ULX3	ppi	2	0.6931471805599453	1.5529983463839636
Q9ULX6	ppi	2	2.0794415416798357	1.7834408587979964
Q9ULZ2	ppi	2	0.6931471805599453	1.1756310506184717
Q9UM47	ppi	2	0.6931471805599453	1.2873246215717244
Q9UN79	ppi	2	0.6931471805599453	0.869008952706749
Q9UNP9	ppi	2	1.6094379124341003	1.746335898796524
Q9UPS8	ppi	2	0.6931471805599453	1.0404363150150384
Q9UQ13	ppi	2	1.0986122886681096	1.1565040057381122
Q9UQ80	ppi	2	2.3978952727983707	1.8265749728789356
Q9UQB3	ppi	2	0.6931471805599453	1.2234730092403918
Q9UQL6	ppi	2	0.6931471805599453	1.6449230561145765
Q9Y223	ppi	2	1.6094379124341003	1.2187667435101102
Q9Y228	ppi	2	0.6931471805599453	1.1983530654537096
Q9Y265	ppi	2	2.6390573296152584	1.686473643958565
Q9Y277	ppi	2	2.772588722239781	1.5777710487767653
Q9Y2K7	ppi	2	1.9459101490553132	1.6789581088330063
Q9Y2R4	ppi	2	1.3862943611198906	1.734991265337472
Q9Y2T2	ppi	2	1.3862943611198906	1.2492415414510438
Q9Y2V7	ppi	2	0.6931471805599453	0.8995540772639921
Q9Y2W6	ppi	2	0.6931471805599453	1.0968653815057017
Q9Y305	ppi	2	2.6390573296152584	1.4821012602233263
Q9Y312	ppi	2	1.0986122886681096	1.4127066216145123
Q9Y315	ppi	2	1.0986122886681096	1.5501808767315148
Q9Y376	ppi	2	2.3025850929940455	1.2640113882259079
Q9Y394	ppi	2	0.6931471805599453	0.964293191604352
Q9Y3A4	ppi	2	0.6931471805599453	1.5130811859207882
Q9Y3B7	ppi	2	1.3862943611198906	1.452707906782114
Q9Y3C1	ppi	2	1.3862943611198906	1.9144684608286062
Q9Y3D5	ppi	2	0.6931471805599453	1.2030181440812482
Q9Y3D9	ppi	2	1.791759469228055	1.257720389610804
Q9Y3E7	ppi	2	1.0986122886681096	1.403311866148557
Q9Y3L3	ppi	2	1.0986122886681096	1.459403103862883
Q9Y3U8	ppi	2	1.3862943611198906	1.8519888485259237
Q9Y421	ppi	2	0.6931471805599453	1.7800512231570411
Q9Y450	ppi	2	2.3978952727983707	1.619649159812761
Q9Y487	ppi	2	0.6931471805599453	1.0833813077175065
Q9Y4B6	ppi	2	1.6094379124341003	1.3025351283173283
Q9Y4C4	ppi	2	0.6931471805599453	1.1854879973447403
Q9Y4E1	ppi	2	1.791759469228055	1.4620288475718102
Q9Y4E5	ppi	2	0.6931471805599453	1.508820363886395
Q9Y508	ppi	2	1.3862943611198906	1.2417515750836252
Q9Y546	ppi	2	1.3862943611198906	1.422473245096137
Q9Y5A7	ppi	2	1.3862943611198906	1.5719642856728158
Q9Y5P3	ppi	2	0.6931471805599453	1.2461120464934539
Q9Y5Q8	ppi	2	1.0986122886681096	1.373898306911153
Q9Y666	ppi	2	0.6931471805599453	1.0416969121372335
Q9Y679	ppi	2	0.6931471805599453	1.3499580746597393
Q9Y680	ppi	2	1.0986122886681096	1.6805762636358599
Q9Y697	ppi	2	2.0794415416798357	1.5308306456818521
Q9Y6G5	ppi	2	0.6931471805599453	1.1474440280728486
Q9Y6G9	ppi	2	2.3978952727983707	1.4165951900120617
Q9Y6J9	ppi	2	0.6931471805599453	1.2324551287217527
Q9Y6K5	ppi	2	1.3862943611198906	1.5867808018831668
Q9Y6M7	ppi	2	0.6931471805599453	1.071034468879708
Q9Y6N5	ppi	2	2.6390573296152584	1.7703198556334443
Q9Y6Q1	ppi	2	0.6931471805599453	1.5347760915591167
Q9Y6Q5	ppi	2	0.6931471805599453	1.3955556195283656
Q9Y6Q9	ppi	2	2.6390573296152584	1.3966387120981447
Q9Y6R1	ppi	2	1.0986122886681096	1.7654271673990054
Q9Y6V7	ppi	2	1.3862943611198906	1.510896183001568
A0FGR8	ppi	3	1.3862943611198906	1.4343660664617188
A1L390	ppi	3	0.6931471805599453	1.6263793107916287
A2A368	ppi	3	0.6931471805599453	1.1409932830917169
A4D1E9	ppi	3	0.6931471805599453	1.2089140151798756
A6NDG6	ppi	3	1.791759469228055	1.7443838817093087
A6NDU8	ppi	3	0.6931471805599453	0.9673731474324492
A8MTZ0	ppi	3	1.0986122886681096	0.6780361984284521
A8MU93	ppi	3	0.6931471805599453	1.380339003644047
E7ETH6	ppi	3	0.6931471805599453	1.1961638680070041
E9PRG8	ppi	3	1.0986122886681096	2.1432866434849966
L0R819	ppi	3	1.0986122886681096	1.7437118104729175
O00148	ppi	3	2.4849066497880004	0.6977315428523511
O00231	ppi	3	2.4849066497880004	1.9014856112483736
O00233	ppi	3	1.0986122886681096	1.5972642750220607
O00257	ppi	3	2.197224577336219	1.2627496989042422
O00268	ppi	3	1.6094379124341003	1.3759204585785705
O00273	ppi	3	1.3862943611198906	1.9410300595869683
O00291	ppi	3	1.3862943611198906	1.741531275943469
O00338	ppi	3	0.6931471805599453	1.6052185602173301
O00399	ppi	3	0.6931471805599453	1.4370897294730995
O00443	ppi	3	1.6094379124341003	1.3275142985206614
O00461	ppi	3	0.6931471805599453	0.9026524303497152
O00479	ppi	3	1.791759469228055	1.4375532503350736
O00483	ppi	3	1.6094379124341003	1.3801904202644564
O00487	ppi	3	1.9459101490553132	1.668011580717935
O00505	ppi	3	0.6931471805599453	1.8104322661324481
O00506	ppi	3	0.6931471805599453	1.1147873871273075
O00571	ppi	3	2.4849066497880004	1.8441666575905182
O00592	ppi	3	1.0986122886681096	1.2005327928073195
O00743	ppi	3	1.3862943611198906	1.448374319431442
O00750	ppi	3	0.6931471805599453	1.0290950897783147
O14530	ppi	3	1.3862943611198906	1.374855699508317
O14545	ppi	3	1.3862943611198906	1.2778440761984704
O14562	ppi	3	1.6094379124341003	1.4521762312002358
O14686	ppi	3	3.5553480614894135	1.508373322867814
O14802	ppi	3	1.791759469228055	1.477025523717512
O14810	ppi	3	0.6931471805599453	1.3026700330250365
O14867	ppi	3	1.0986122886681096	0.9358321554913749
O14879	ppi	3	0.6931471805599453	1.658795841943792
O14929	ppi	3	1.9459101490553132	2.0509139886063634
O14974	ppi	3	1.791759469228055	1.9485064180419363
O14981	ppi	3	1.3862943611198906	1.4424238242419705
O15027	ppi	3	1.6094379124341003	1.4955826291594077
O15047	ppi	3	1.3862943611198906	1.6599494646124802
O15083	ppi	3	1.0986122886681096	1.263190002168697
O15213	ppi	3	0.6931471805599453	1.4179691439127409
O15235	ppi	3	1.0986122886681096	1.33417706722768
O15344	ppi	3	1.3862943611198906	1.120700737132785
O15347	ppi	3	2.5649493574615367	2.283421948866101
O15357	ppi	3	1.0986122886681096	1.1292913951190284
O15371	ppi	3	2.3025850929940455	1.6428255778233
O15417	ppi	3	2.197224577336219	1.2711275441563712
O15446	ppi	3	0.6931471805599453	1.6205819022373418
O15525	ppi	3	1.3862943611198906	1.209296019430008
O15530	ppi	3	0.6931471805599453	1.1382109137437124
O15534	ppi	3	0.6931471805599453	1.1074611486588513
O43143	ppi	3	2.833213344056216	1.7539167292033147
O43151	ppi	3	1.0986122886681096	1.2566565639350793
O43159	ppi	3	1.6094379124341003	1.5181094327312465
O43272	ppi	3	0.6931471805599453	1.5582819482011308
O43353	ppi	3	0.6931471805599453	1.0197567472410047
O43390	ppi	3	2.8903717578961645	1.9004224019444624
O43422	ppi	3	1.0986122886681096	1.0266600443275946
O43427	ppi	3	0.6931471805599453	1.006143722659655
O43447	ppi	3	1.3862943611198906	1.72415895170905
O43491	ppi	3	2.3025850929940455	1.9191895754468886
O43524	ppi	3	1.0986122886681096	1.4143360132632627
O43615	ppi	3	1.6094379124341003	1.8828582265590392
O43657	ppi	3	0.6931471805599453	0.4764114211741185
O43660	ppi	3	2.0794415416798357	1.6887732937946156
O43681	ppi	3	1.3862943611198906	1.6419843369336617
O43719	ppi	3	2.70805020110221	1.8031797966589376
O43747	ppi	3	2.3978952727983707	1.2252118124037814
O43776	ppi	3	2.0794415416798357	1.8462849927567988
O43865	ppi	3	2.6390573296152584	1.5738840049092127
O43889	ppi	3	0.6931471805599453	0.9551372839299825
O43896	ppi	3	0.6931471805599453	1.208572436848684
O60231	ppi	3	1.791759469228055	1.6996002388805906
O60237	ppi	3	1.3862943611198906	1.6168981898878552
O60244	ppi	3	1.0986122886681096	1.2693267574206375
O60262	ppi	3	0.6931471805599453	0.8963328323599877
O60281	ppi	3	2.4849066497880004	1.260883736166405
O60347	ppi	3	0.6931471805599453	1.5114268664617783
O60356	ppi	3	0.6931471805599453	1.5981711357809136
O60423	ppi	3	1.0986122886681096	0.44164740154879234
O60563	ppi	3	2.0794415416798357	1.6189530037306765
O60583	ppi	3	0.6931471805599453	1.4894589707720904
O60610	ppi	3	2.4849066497880004	1.6003190766209836
O60645	ppi	3	1.3862943611198906	1.3678111422025108
O60701	ppi	3	2.4849066497880004	1.5659668591424345
O60783	ppi	3	0.6931471805599453	1.3612193439566063
O60812	ppi	3	0.6931471805599453	1.8107107945637022
O60825	ppi	3	1.0986122886681096	1.5054579792352691
O60841	ppi	3	3.2188758248682006	1.6271099682178456
O60879	ppi	3	1.0986122886681096	1.5669355116253807
O75037	ppi	3	0.6931471805599453	1.1248559421044377
O75044	ppi	3	0.6931471805599453	1.4897317746082146
O75170	ppi	3	1.0986122886681096	1.1286683174172982
O75175	ppi	3	1.3862943611198906	1.0963725364157795
O75223	ppi	3	2.197224577336219	1.8799265710851174
O75312	ppi	3	0.6931471805599453	1.3606782291126827
O75347	ppi	3	2.0794415416798357	1.66202117470212
O75351	ppi	3	2.0794415416798357	1.151931908225058
O75394	ppi	3	0.6931471805599453	1.4288979539640887
O75439	ppi	3	1.791759469228055	1.5552193687511304
O75446	ppi	3	0.6931471805599453	1.5206255575608942
O75475	ppi	3	3.044522437723423	1.7869739715623223
O75489	ppi	3	1.6094379124341003	1.3789881746384096
O75506	ppi	3	0.6931471805599453	1.3082102836928373
O75569	ppi	3	1.9459101490553132	1.4401007781465471
O75674	ppi	3	0.6931471805599453	1.1457326506109258
O75791	ppi	3	0.6931471805599453	0.857081533546121
O75845	ppi	3	0.6931471805599453	0.7861108385379437
O75874	ppi	3	2.995732273553991	2.0845977303193
O75891	ppi	3	2.6390573296152584	1.3243800253746478
O75964	ppi	3	1.791759469228055	1.4489958174183002
O75995	ppi	3	0.6931471805599453	0.9962466670539704
O76061	ppi	3	1.0986122886681096	1.5879977314048153
O76080	ppi	3	0.6931471805599453	1.0996492392085815
O94760	ppi	3	2.197224577336219	1.3939138156761717
O94763	ppi	3	0.6931471805599453	1.5436159065144537
O94769	ppi	3	0.6931471805599453	1.5455638422060223
O94811	ppi	3	1.0986122886681096	1.1619975726050895
O94817	ppi	3	0.6931471805599453	1.0547508802381573
O94916	ppi	3	1.9459101490553132	1.3080089016489285
O94921	ppi	3	1.0986122886681096	1.219250379608984
O95067	ppi	3	0.6931471805599453	1.3175557572667644
O95084	ppi	3	0.6931471805599453	1.1184609798130896
O95171	ppi	3	0.6931471805599453	1.446229556999018
O95182	ppi	3	1.3862943611198906	1.2836948067414098
O95201	ppi	3	0.6931471805599453	1.4264639353613646
O95251	ppi	3	2.3978952727983707	1.6081212168016732
O95294	ppi	3	0.6931471805599453	1.0532292110219017
O95299	ppi	3	2.197224577336219	1.4827784103702584
O95347	ppi	3	3.6635616461296463	2.137922565832128
O95361	ppi	3	1.0986122886681096	1.3162099466931392
O95365	ppi	3	2.0794415416798357	1.4522307263404586
O95486	ppi	3	0.6931471805599453	1.354202621996203
O95497	ppi	3	0.6931471805599453	0.546235578023269
O95571	ppi	3	1.0986122886681096	2.007698233625094
O95619	ppi	3	1.0986122886681096	1.3772342984048467
O95684	ppi	3	1.0986122886681096	1.1827487903595815
O95714	ppi	3	0.6931471805599453	1.2132397159742543
O95721	ppi	3	0.6931471805599453	0.9406131595268459
O95747	ppi	3	1.6094379124341003	1.292908394809714
O95834	ppi	3	1.791759469228055	1.3208820806217392
O95865	ppi	3	1.791759469228055	1.671711100891323
O95870	ppi	3	1.3862943611198906	1.4481580982213227
O95969	ppi	3	1.0986122886681096	0.905539409696622
O95985	ppi	3	1.3862943611198906	1.5291132963726943
O95994	ppi	3	1.3862943611198906	1.8143991023950679
O95997	ppi	3	1.6094379124341003	1.232349561937022
O96004	ppi	3	0.6931471805599453	1.0087684109662933
O96009	ppi	3	1.3862943611198906	1.8862958579231954
P00367	ppi	3	3.2580965380214817	1.8373585876339202
P00480	ppi	3	0.6931471805599453	1.5080385568301222
P00492	ppi	3	2.0794415416798357	1.9171430357246697
P00533	ppi	3	2.0794415416798357	1.2094026655343366
P00558	ppi	3	3.6109179126442243	2.203869450244531
P00734	ppi	3	2.0794415416798357	1.6008993187610716
P00747	ppi	3	2.0794415416798357	1.7220036128896448
P00966	ppi	3	2.3978952727983707	2.2057559074948463
P01023	ppi	3	3.6109179126442243	1.5278334963155291
P01040	ppi	3	1.0986122886681096	1.4822625817942918
P01137	ppi	3	0.6931471805599453	1.3441226764027825
P02042	ppi	3	2.3978952727983707	1.815503552990859
P02144	ppi	3	1.9459101490553132	1.4332287914963744
P02511	ppi	3	1.9459101490553132	1.3776638907092877
P02533	ppi	3	1.791759469228055	1.8939029863989785
P02545	ppi	3	3.5553480614894135	1.996325731441495
P02549	ppi	3	3.4965075614664802	1.7893043372182356
P02748	ppi	3	2.0794415416798357	1.4928773151231576
P02749	ppi	3	2.3978952727983707	1.4785401635373454
P02794	ppi	3	1.3862943611198906	1.5120744667116968
P03950	ppi	3	0.6931471805599453	1.411056896140459
P04216	ppi	3	0.6931471805599453	1.6603999038821977
P04217	ppi	3	1.0986122886681096	1.038430830213561
P04350	ppi	3	1.6094379124341003	1.9740569485426602
P04626	ppi	3	0.6931471805599453	1.1173891235295697
P04637	ppi	3	2.3025850929940455	1.3880226649444898
P05164	ppi	3	0.6931471805599453	1.4576392701870984
P05166	ppi	3	1.3862943611198906	1.8786247936602056
P05386	ppi	3	1.0986122886681096	1.8073423119926353
P05388	ppi	3	1.9459101490553132	1.8514217192076983
P05452	ppi	3	1.791759469228055	1.6423547407756114
P05546	ppi	3	1.3862943611198906	1.6760479634355099
P05937	ppi	3	1.0986122886681096	0.874008431472152
P06400	ppi	3	2.6390573296152584	1.3833483960438082
P06702	ppi	3	2.0794415416798357	1.9796971605762788
P07099	ppi	3	1.6094379124341003	1.5255735119509055
P07437	ppi	3	1.9459101490553132	1.8690832955363899
P07602	ppi	3	1.9459101490553132	1.6077735663574069
P07686	ppi	3	1.791759469228055	0.8356040992387406
P07814	ppi	3	3.9318256327243257	1.9274114370788906
P07992	ppi	3	1.0986122886681096	1.3744249042542394
P08047	ppi	3	1.6094379124341003	1.5031875971897397
P08263	ppi	3	0.6931471805599453	1.3603497193264773
P08473	ppi	3	0.6931471805599453	1.2587170404877888
P08621	ppi	3	1.791759469228055	1.6984775115708257
P08670	ppi	3	3.044522437723423	2.071083066634594
P08758	ppi	3	2.6390573296152584	2.257842715458943
P08962	ppi	3	0.6931471805599453	1.2468075714361782
P09211	ppi	3	2.3978952727983707	2.045160893657952
P09234	ppi	3	1.0986122886681096	1.5647854578874987
P09237	ppi	3	1.0986122886681096	1.1659229468589591
P09417	ppi	3	1.6094379124341003	1.390643022744869
P09525	ppi	3	2.5649493574615367	1.8570856534176687
P09543	ppi	3	3.1354942159291497	1.9123938425946
P0C0L5	ppi	3	0.6931471805599453	1.4978544012319521
P0C0S5	ppi	3	1.9459101490553132	1.561073995321675
P0CB38	ppi	3	0.6931471805599453	1.5874077693711006
P0CG35	ppi	3	1.3862943611198906	1.1026816881134556
P10124	ppi	3	0.6931471805599453	1.3200981511057301
P10244	ppi	3	1.791759469228055	1.2676292512917002
P11047	ppi	3	3.1780538303479453	1.5272009953417702
P11142	ppi	3	3.5553480614894135	1.8625158245670754
P11166	ppi	3	0.6931471805599453	1.5955617402247826
P11277	ppi	3	3.332204510175204	1.6694977982501642
P11387	ppi	3	3.0910424533583156	2.0544346670392475
P11532	ppi	3	0.6931471805599453	1.6759204603778866
P12270	ppi	3	4.23410650459726	1.7498003386197922
P12273	ppi	3	1.791759469228055	1.8847611520258614
P12757	ppi	3	0.6931471805599453	1.4858109089004212
P12814	ppi	3	3.044522437723423	2.085093866297182
P13010	ppi	3	3.2188758248682006	1.9799214996829706
P13284	ppi	3	1.0986122886681096	1.1470798347133462
P13645	ppi	3	1.791759469228055	1.889217728913533
P13716	ppi	3	1.0986122886681096	1.3530990681345505
P13805	ppi	3	0.6931471805599453	1.5495289585635679
P14317	ppi	3	2.0794415416798357	1.5782697540747221
P14543	ppi	3	1.6094379124341003	1.6109905566647316
P14550	ppi	3	2.6390573296152584	2.2035965142045044
P14635	ppi	3	1.6094379124341003	1.2327048687825735
P14678	ppi	3	1.6094379124341003	1.5944117729846292
P14868	ppi	3	2.5649493574615367	2.3131343072724393
P15090	ppi	3	2.197224577336219	1.8615475944882343
P15170	ppi	3	2.5649493574615367	1.6355913254374572
P15259	ppi	3	2.3978952727983707	1.9049788528816096
P15311	ppi	3	2.9444389791664403	1.7732233256458856
P15374	ppi	3	1.0986122886681096	1.6243499147010416
P15428	ppi	3	1.3862943611198906	1.6987878399401632
P15822	ppi	3	1.3862943611198906	0.9707243329005677
P15924	ppi	3	3.951243718581427	1.8900198497682161
P15927	ppi	3	1.3862943611198906	1.5434816990693436
P15954	ppi	3	1.0986122886681096	1.1382954278929607
P16083	ppi	3	1.0986122886681096	0.9377130426638166
P16403	ppi	3	2.6390573296152584	2.271395633653137
P16591	ppi	3	1.6094379124341003	1.1854632896901047
P16930	ppi	3	1.791759469228055	1.8220308666129879
P17020	ppi	3	0.6931471805599453	1.3957365306239857
P17022	ppi	3	1.0986122886681096	0.7290925615483592
P17026	ppi	3	1.0986122886681096	1.4952920853045033
P17040	ppi	3	0.6931471805599453	1.145581467883613
P17066	ppi	3	1.0986122886681096	2.0238949781579163
P17174	ppi	3	2.0794415416798357	1.7832823102896382
P17661	ppi	3	2.5649493574615367	1.7883715725046163
P17900	ppi	3	0.6931471805599453	1.276868255101463
P18621	ppi	3	2.70805020110221	1.7836516199374342
P19174	ppi	3	1.0986122886681096	1.3147388155483968
P19404	ppi	3	1.9459101490553132	1.3254092150080323
P19419	ppi	3	0.6931471805599453	1.5402014292292414
P19447	ppi	3	1.6094379124341003	1.298624230369433
P19623	ppi	3	1.3862943611198906	1.9761146102167428
P19652	ppi	3	1.6094379124341003	1.7807387335448828
P19793	ppi	3	0.6931471805599453	1.3434285286559882
P20132	ppi	3	0.6931471805599453	0.7566642114138071
P20265	ppi	3	0.6931471805599453	1.1868597919349508
P20290	ppi	3	1.6094379124341003	1.533258870618054
P20618	ppi	3	1.791759469228055	1.6535181145210105
P20674	ppi	3	1.3862943611198906	1.3697984009293684
P20774	ppi	3	2.3978952727983707	1.4764087361992464
P20916	ppi	3	0.6931471805599453	1.074427012181409
P20933	ppi	3	1.0986122886681096	1.1812646498858141
P20936	ppi	3	0.6931471805599453	1.1775345751152013
P21675	ppi	3	2.0794415416798357	1.3017412914491975
P21741	ppi	3	0.6931471805599453	1.291303377672494
P21796	ppi	3	2.833213344056216	1.6361469031918339
P21964	ppi	3	1.6094379124341003	1.8041776283513724
P22102	ppi	3	2.772588722239781	2.0187637268853704
P22392	ppi	3	2.3025850929940455	1.7956537568056425
P22492	ppi	3	0.6931471805599453	1.5677940808928728
P22626	ppi	3	2.5649493574615367	1.9833590876220542
P22695	ppi	3	2.3978952727983707	1.7518602290532257
P22830	ppi	3	1.6094379124341003	1.639454364375127
P23141	ppi	3	1.791759469228055	1.273920932434534
P23297	ppi	3	0.6931471805599453	1.5342354292419502
P23381	ppi	3	2.6390573296152584	1.9282322169713682
P23396	ppi	3	2.6390573296152584	1.905355473717274
P23527	ppi	3	1.0986122886681096	1.6476889074304402
P23528	ppi	3	2.995732273553991	2.318088296687595
P25398	ppi	3	2.197224577336219	1.6570256207192846
P25942	ppi	3	0.6931471805599453	1.153821326736996
P26006	ppi	3	1.3862943611198906	1.428976539955523
P26232	ppi	3	1.3862943611198906	1.3977769452437698
P26639	ppi	3	3.1780538303479453	2.1166887649069848
P26640	ppi	3	2.5649493574615367	1.9446817099937337
P27482	ppi	3	1.0986122886681096	1.366486216921421
P27708	ppi	3	2.70805020110221	2.3910085819397504
P28290	ppi	3	1.6094379124341003	1.6509434183148008
P28482	ppi	3	1.0986122886681096	1.4329905443039423
P29728	ppi	3	1.6094379124341003	1.582330304639226
P29762	ppi	3	0.6931471805599453	1.1139728806592637
P29803	ppi	3	2.3025850929940455	1.9386061557901848
P29992	ppi	3	1.0986122886681096	1.4720689503360491
P30040	ppi	3	2.0794415416798357	1.7011105864933764
P30049	ppi	3	1.0986122886681096	1.6995132296338997
P30050	ppi	3	2.0794415416798357	1.8714836240730226
P30405	ppi	3	2.0794415416798357	1.5851277990469799
P30622	ppi	3	2.3978952727983707	1.5402226405037103
P30876	ppi	3	2.0794415416798357	1.3954945849874287
P31321	ppi	3	1.3862943611198906	1.4839799675257894
P31629	ppi	3	0.6931471805599453	1.1112254884973822
P31749	ppi	3	1.3862943611198906	1.258472477899145
P31751	ppi	3	0.6931471805599453	1.193991765667465
P31939	ppi	3	2.70805020110221	1.9594183780760588
P31942	ppi	3	1.3862943611198906	2.1698813430898083
P32119	ppi	3	2.197224577336219	2.0805914964483434
P32121	ppi	3	1.6094379124341003	1.2391422033832122
P32321	ppi	3	1.0986122886681096	1.3903195848994754
P32322	ppi	3	2.0794415416798357	1.9305115348557869
P32929	ppi	3	1.9459101490553132	1.7075344694433323
P32969	ppi	3	2.197224577336219	1.7560184520148567
P33121	ppi	3	2.6390573296152584	2.0066086550195177
P33176	ppi	3	3.4657359027997265	1.7526833772756643
P33764	ppi	3	0.6931471805599453	1.5707565089636044
P33981	ppi	3	1.0986122886681096	1.3502537105466792
P34910	ppi	3	0.6931471805599453	1.1382721553618853
P34913	ppi	3	1.3862943611198906	1.704998080481737
P34931	ppi	3	1.9459101490553132	1.9860173270321873
P35221	ppi	3	3.044522437723423	1.5825125910845252
P35227	ppi	3	0.6931471805599453	1.344490601512314
P35241	ppi	3	2.70805020110221	1.6399425263672467
P35475	ppi	3	0.6931471805599453	1.1307243992827316
P35527	ppi	3	1.3862943611198906	1.9306618349961095
P35613	ppi	3	1.0986122886681096	1.7950548239379307
P35637	ppi	3	2.0794415416798357	1.7153395801370226
P35658	ppi	3	1.791759469228055	1.7297654618266036
P35998	ppi	3	2.70805020110221	1.8533428826856606
P36404	ppi	3	1.0986122886681096	1.2052879696856786
P36507	ppi	3	1.9459101490553132	1.5045186689162169
P36543	ppi	3	2.3025850929940455	1.4292775960945234
P36776	ppi	3	2.772588722239781	1.7813371688227835
P36871	ppi	3	2.6390573296152584	2.083825109751473
P36955	ppi	3	1.9459101490553132	1.566855254181709
P37198	ppi	3	1.9459101490553132	1.487445921889511
P39748	ppi	3	2.3978952727983707	1.7726720215630847
P39900	ppi	3	1.3862943611198906	1.3513586300925913
P40121	ppi	3	1.791759469228055	1.7870249294949914
P40425	ppi	3	0.6931471805599453	0.7715137805145554
P40426	ppi	3	0.6931471805599453	0.3990042002117584
P40939	ppi	3	3.8712010109078907	2.4179012691324404
P41182	ppi	3	0.6931471805599453	1.128909389832872
P41218	ppi	3	2.3978952727983707	1.4056611690337364
P42166	ppi	3	2.70805020110221	1.7064030968578041
P42226	ppi	3	1.3862943611198906	1.3627578071720028
P42345	ppi	3	1.6094379124341003	1.3549270070238326
P42765	ppi	3	2.8903717578961645	2.08252267112462
P43034	ppi	3	2.3025850929940455	1.1959991811697244
P43121	ppi	3	0.6931471805599453	1.13747163315024
P45880	ppi	3	2.197224577336219	1.7867243434713471
P45974	ppi	3	2.4849066497880004	1.6783281771088459
P45983	ppi	3	0.6931471805599453	1.1718826300299818
P46087	ppi	3	2.772588722239781	1.8624054402139212
P46100	ppi	3	2.833213344056216	1.609727098001739
P46108	ppi	3	0.6931471805599453	1.1875574918981222
P46776	ppi	3	1.9459101490553132	1.8371383218065802
P46778	ppi	3	2.3025850929940455	1.7942986593923207
P46782	ppi	3	1.9459101490553132	1.7266440788036155
P46926	ppi	3	1.9459101490553132	1.9163047602934054
P46937	ppi	3	1.6094379124341003	1.1212190849562096
P48059	ppi	3	2.0794415416798357	1.667066222885253
P48444	ppi	3	3.044522437723423	1.6939953336401954
P48594	ppi	3	0.6931471805599453	1.3857603503541123
P48643	ppi	3	3.1780538303479453	1.7156380445720778
P48739	ppi	3	2.3978952727983707	1.8367565267263932
P49321	ppi	3	3.0910424533583156	1.9164702568134384
P49336	ppi	3	0.6931471805599453	1.4244329371778148
P49356	ppi	3	0.6931471805599453	0.8694510619295259
P49407	ppi	3	1.6094379124341003	1.367043509175416
P49411	ppi	3	2.995732273553991	1.839768521924114
P49418	ppi	3	1.3862943611198906	1.4637069111364518
P49643	ppi	3	0.6931471805599453	1.2813501766437412
P49720	ppi	3	1.6094379124341003	1.781681613664177
P49750	ppi	3	2.6390573296152584	1.9442430747881605
P49840	ppi	3	0.6931471805599453	1.111572283349222
P49901	ppi	3	1.3862943611198906	0.7347819361857911
P49903	ppi	3	1.791759469228055	1.4999179171627688
P49914	ppi	3	1.3862943611198906	1.1905652873976762
P49916	ppi	3	2.70805020110221	1.929543909576363
P50135	ppi	3	1.3862943611198906	1.652543823675463
P50502	ppi	3	2.4849066497880004	1.7807711355444813
P50548	ppi	3	1.0986122886681096	0.5863726628421494
P50552	ppi	3	1.6094379124341003	1.6701834338709955
P50583	ppi	3	1.0986122886681096	1.4950411946817448
P50990	ppi	3	3.0910424533583156	1.7533509974451156
P50995	ppi	3	2.3978952727983707	1.7768240134141933
P51114	ppi	3	1.6094379124341003	1.811861853689701
P51148	ppi	3	1.6094379124341003	1.6701607520415422
P51151	ppi	3	0.6931471805599453	0.8577428447944391
P51157	ppi	3	0.6931471805599453	1.0663425624364304
P51570	ppi	3	0.6931471805599453	1.5282755802221104
P51648	ppi	3	1.0986122886681096	1.623234619103722
P51857	ppi	3	0.6931471805599453	1.0770284231394462
P51858	ppi	3	2.772588722239781	1.8476554015027193
P51948	ppi	3	1.0986122886681096	1.2513647036124107
P51965	ppi	3	1.0986122886681096	1.2053235868902659
P52566	ppi	3	2.833213344056216	1.0066684042036793
P52594	ppi	3	2.197224577336219	1.2117435158983736
P52735	ppi	3	2.4849066497880004	1.2599909663882278
P52758	ppi	3	1.791759469228055	1.419580833215427
P52907	ppi	3	1.791759469228055	1.76621378374215
P52948	ppi	3	2.4849066497880004	1.6194896920062902
P53609	ppi	3	0.6931471805599453	0.6171964119172484
P53675	ppi	3	1.0986122886681096	1.4607214846442822
P54107	ppi	3	0.6931471805599453	1.0964436621914597
P54278	ppi	3	1.791759469228055	1.620725368994725
P54296	ppi	3	1.0986122886681096	1.3936496930583058
P54727	ppi	3	2.5649493574615367	1.5882055284218168
P55001	ppi	3	0.6931471805599453	1.6195270761521283
P55008	ppi	3	1.3862943611198906	1.3090073561547
P55010	ppi	3	2.0794415416798357	1.6129665122070675
P55039	ppi	3	1.6094379124341003	1.5836412979528622
P55081	ppi	3	2.0794415416798357	1.6855897376125695
P55211	ppi	3	1.0986122886681096	1.2856574771419889
P55265	ppi	3	3.0910424533583156	2.1003289487935106
P55327	ppi	3	2.3025850929940455	1.4742020721897304
P55786	ppi	3	2.995732273553991	2.010548920897567
P55884	ppi	3	2.995732273553991	1.861577779409427
P56182	ppi	3	1.3862943611198906	1.6390217684411883
P56199	ppi	3	1.0986122886681096	1.5788477821759979
P56277	ppi	3	1.0986122886681096	1.4231751734798028
P56589	ppi	3	1.0986122886681096	1.138593100411217
P57081	ppi	3	1.0986122886681096	1.1173479079113733
P57088	ppi	3	0.6931471805599453	1.9930605881241341
P57730	ppi	3	0.6931471805599453	0.9853785975823726
P57772	ppi	3	1.9459101490553132	1.4941415489821004
P58107	ppi	3	2.772588722239781	2.3445647318985077
P58876	ppi	3	1.791759469228055	1.729019617688647
P60484	ppi	3	1.3862943611198906	1.2657017472321943
P60510	ppi	3	0.6931471805599453	1.7106012502544323
P60520	ppi	3	1.6094379124341003	1.0705410325290543
P60981	ppi	3	2.4849066497880004	2.067869110235036
P60983	ppi	3	1.6094379124341003	1.7133628868912614
P61011	ppi	3	2.3025850929940455	1.6379063995012462
P61086	ppi	3	1.0986122886681096	1.2403362624640397
P61088	ppi	3	1.791759469228055	1.4777614376292076
P61201	ppi	3	2.3978952727983707	1.277561869981356
P61244	ppi	3	0.6931471805599453	1.7060319153886891
P61266	ppi	3	1.6094379124341003	1.135972080009221
P61326	ppi	3	1.3862943611198906	1.6580624806323039
P61353	ppi	3	2.0794415416798357	1.9200157457353175
P61513	ppi	3	1.0986122886681096	1.71157616982591
P61758	ppi	3	1.9459101490553132	1.6476523046627478
P61769	ppi	3	0.6931471805599453	1.1854811333608477
P61964	ppi	3	2.3978952727983707	1.6332804531197276
P61966	ppi	3	0.6931471805599453	1.216087556937893
P62140	ppi	3	1.9459101490553132	1.5990944557304583
P62244	ppi	3	1.9459101490553132	1.728258202986256
P62277	ppi	3	1.9459101490553132	1.6234309193913838
P62280	ppi	3	2.5649493574615367	1.6343991561678792
P62306	ppi	3	0.6931471805599453	1.5778652141815996
P62330	ppi	3	1.6094379124341003	1.3457893018915776
P62487	ppi	3	1.0986122886681096	1.24372735996764
P62847	ppi	3	2.3025850929940455	1.771113112439456
P62899	ppi	3	1.791759469228055	1.7816095404980818
P62987	ppi	3	1.6094379124341003	1.4996360872116503
P63000	ppi	3	1.9459101490553132	1.2339263715360507
P63104	ppi	3	2.6390573296152584	1.521873781870638
P63151	ppi	3	2.3025850929940455	1.8172947899259264
P63162	ppi	3	0.6931471805599453	1.5719792832709563
P63208	ppi	3	1.6094379124341003	1.2584407728841638
P63313	ppi	3	1.9459101490553132	1.8239309980991878
P67809	ppi	3	1.791759469228055	1.8204780153710174
P67812	ppi	3	1.0986122886681096	1.4850235377318484
P68032	ppi	3	1.6094379124341003	2.1064532406739565
P68133	ppi	3	1.0986122886681096	1.8585471923954942
P68363	ppi	3	2.6390573296152584	1.9315530027980992
P68871	ppi	3	2.197224577336219	1.830941168846282
P78312	ppi	3	0.6931471805599453	1.0596261290188447
P78314	ppi	3	0.6931471805599453	1.3554609419910981
P78352	ppi	3	1.3862943611198906	0.903346535433103
P78356	ppi	3	1.9459101490553132	1.2953392126405623
P78411	ppi	3	0.6931471805599453	0.6392630498085239
P78559	ppi	3	2.0794415416798357	1.3942967564793052
P80297	ppi	3	1.3862943611198906	1.3841247354238464
P80303	ppi	3	1.791759469228055	1.475222634690954
P80404	ppi	3	2.4849066497880004	1.6733281544650498
P80511	ppi	3	1.6094379124341003	1.4575767182785035
P81605	ppi	3	1.9459101490553132	1.9670126052233665
P84095	ppi	3	1.3862943611198906	1.1527640311573948
P85037	ppi	3	1.3862943611198906	1.3428139984967724
P98088	ppi	3	1.3862943611198906	1.5744003168082092
P98175	ppi	3	2.0794415416798357	1.8936549695338147
Q00013	ppi	3	1.6094379124341003	1.4386098091528707
Q00169	ppi	3	2.3978952727983707	1.439414821469187
Q00325	ppi	3	2.4849066497880004	1.9970697621902447
Q00403	ppi	3	0.6931471805599453	1.1608737385711785
Q00535	ppi	3	1.791759469228055	1.3767929370499354
Q00613	ppi	3	1.3862943611198906	1.5096371339045194
Q00839	ppi	3	3.6109179126442243	1.8755504059530268
Q01082	ppi	3	4.07753744390572	2.1513602637170486
Q01105	ppi	3	2.4849066497880004	1.9273301296654595
Q01167	ppi	3	1.6094379124341003	1.3343349213969071
Q01543	ppi	3	1.0986122886681096	1.6574307996155733
Q01814	ppi	3	1.6094379124341003	1.0782356685296082
Q02078	ppi	3	1.3862943611198906	1.2462675183835985
Q02224	ppi	3	0.6931471805599453	1.5180347237074847
Q02241	ppi	3	0.6931471805599453	1.293317852808473
Q02978	ppi	3	1.3862943611198906	2.0035064740668607
Q03135	ppi	3	1.3862943611198906	1.2943963673303407
Q03169	ppi	3	0.6931471805599453	1.317813107804573
Q03188	ppi	3	0.6931471805599453	1.199885357217961
Q04726	ppi	3	2.3978952727983707	1.207836852385419
Q04741	ppi	3	0.6931471805599453	0.8836224574394381
Q04917	ppi	3	2.197224577336219	1.213092206014153
Q05086	ppi	3	1.9459101490553132	1.5521298589145862
Q05209	ppi	3	1.0986122886681096	1.3143616661910162
Q05639	ppi	3	2.197224577336219	2.3952103951178287
Q07666	ppi	3	2.4849066497880004	1.7228104150525376
Q07864	ppi	3	0.6931471805599453	1.2948997584587323
Q07890	ppi	3	0.6931471805599453	1.3560092390265344
Q07960	ppi	3	1.791759469228055	1.4985823607065234
Q08426	ppi	3	3.044522437723423	1.53319351901556
Q08AM6	ppi	3	1.0986122886681096	1.2334092544061155
Q08J23	ppi	3	2.772588722239781	1.8849987686866527
Q10567	ppi	3	2.197224577336219	1.3974603192779689
Q12772	ppi	3	0.6931471805599453	1.2484889474285805
Q12874	ppi	3	2.3978952727983707	1.9389033558574842
Q12907	ppi	3	0.6931471805599453	1.369805936778947
Q12929	ppi	3	0.6931471805599453	1.5189208943629042
Q12968	ppi	3	1.0986122886681096	1.3721365565566994
Q12972	ppi	3	1.6094379124341003	1.9270442058122712
Q12996	ppi	3	2.197224577336219	1.6000399731947328
Q13085	ppi	3	2.9444389791664403	1.8832391383439457
Q13098	ppi	3	2.0794415416798357	1.253303715397673
Q13118	ppi	3	0.6931471805599453	1.343968357859972
Q13136	ppi	3	0.6931471805599453	1.247996465474884
Q13137	ppi	3	0.6931471805599453	1.2394045979469421
Q13162	ppi	3	1.791759469228055	2.3695710031943094
Q13163	ppi	3	0.6931471805599453	1.2277048598082572
Q13177	ppi	3	2.6390573296152584	1.2028289350840216
Q13190	ppi	3	0.6931471805599453	0.9637887159862304
Q13237	ppi	3	0.6931471805599453	1.257747563804926
Q13283	ppi	3	1.9459101490553132	1.6784806849810723
Q13287	ppi	3	1.0986122886681096	1.3753351363147006
Q13296	ppi	3	0.6931471805599453	0.7375905632479393
Q13310	ppi	3	2.4849066497880004	1.8937134950379177
Q13315	ppi	3	1.791759469228055	1.537896104316673
Q13409	ppi	3	1.3862943611198906	1.5162571405256302
Q13439	ppi	3	1.9459101490553132	1.1864079407332468
Q13485	ppi	3	1.9459101490553132	1.3922515736025567
Q13501	ppi	3	0.6931471805599453	1.415161997112278
Q13596	ppi	3	1.6094379124341003	1.5337047474112355
Q13617	ppi	3	2.3978952727983707	1.330540467682301
Q13825	ppi	3	2.3025850929940455	1.3963282950252411
Q13868	ppi	3	1.6094379124341003	1.9219955294633828
Q13888	ppi	3	0.6931471805599453	1.253689428747024
Q13907	ppi	3	1.791759469228055	1.411021527020839
Q13950	ppi	3	1.0986122886681096	1.2338460731869738
Q13952	ppi	3	0.6931471805599453	1.4561867292581807
Q14088	ppi	3	0.6931471805599453	0.9914336220189022
Q14103	ppi	3	2.995732273553991	1.9777004074996996
Q14145	ppi	3	0.6931471805599453	1.3918243566754362
Q14160	ppi	3	1.6094379124341003	1.1215154654728643
Q14181	ppi	3	1.0986122886681096	1.2921034219283625
Q14202	ppi	3	2.197224577336219	1.4615477626324815
Q14207	ppi	3	3.332204510175204	1.5344210381452024
Q14232	ppi	3	1.3862943611198906	1.39876826736905
Q14416	ppi	3	0.6931471805599453	1.1098850345041034
Q14444	ppi	3	1.9459101490553132	1.9814838338877914
Q14451	ppi	3	1.0986122886681096	1.47214853801693
Q14517	ppi	3	1.0986122886681096	1.1158339049936887
Q14573	ppi	3	2.3025850929940455	1.3799730051941377
Q14651	ppi	3	1.3862943611198906	1.7143641712980684
Q14680	ppi	3	0.6931471805599453	1.001727547822758
Q14681	ppi	3	0.6931471805599453	1.2415937711652254
Q14693	ppi	3	0.6931471805599453	1.2114720304610092
Q14697	ppi	3	2.0794415416798357	1.7227778480100984
Q14839	ppi	3	3.1354942159291497	1.4115637590380123
Q14847	ppi	3	2.5649493574615367	1.5904143942217228
Q14865	ppi	3	1.0986122886681096	1.241622363914382
Q14914	ppi	3	2.197224577336219	2.4603476515803804
Q14974	ppi	3	2.6390573296152584	1.859466972894405
Q14978	ppi	3	3.5553480614894135	1.6645209813227835
Q14BN4	ppi	3	1.3862943611198906	1.2137862969957478
Q14CX7	ppi	3	2.3025850929940455	1.5213457571387132
Q15018	ppi	3	1.0986122886681096	1.3770581047673356
Q15025	ppi	3	0.6931471805599453	0.8379896239633837
Q15032	ppi	3	0.6931471805599453	1.1130384722747677
Q15047	ppi	3	1.0986122886681096	1.2372725058049117
Q15052	ppi	3	0.6931471805599453	1.150287454296555
Q15056	ppi	3	1.6094379124341003	1.5429988863347672
Q15120	ppi	3	1.791759469228055	1.693711215269459
Q15124	ppi	3	2.0794415416798357	1.5873520259343494
Q15166	ppi	3	1.0986122886681096	1.0208275206639572
Q15181	ppi	3	2.833213344056216	2.3594900572422457
Q15269	ppi	3	1.0986122886681096	1.4399259272306357
Q15291	ppi	3	2.0794415416798357	1.570701194071122
Q15392	ppi	3	1.3862943611198906	1.7954294620430529
Q15397	ppi	3	2.0794415416798357	1.6266588536401265
Q15434	ppi	3	1.0986122886681096	1.3319507230158485
Q15437	ppi	3	1.3862943611198906	1.4337213957721293
Q15477	ppi	3	1.791759469228055	1.7074271757371597
Q15527	ppi	3	1.3862943611198906	1.4682879453231472
Q15532	ppi	3	0.6931471805599453	1.493506281621049
Q15645	ppi	3	0.6931471805599453	1.4976805825989663
Q15661	ppi	3	1.6094379124341003	1.2271969068215254
Q15697	ppi	3	0.6931471805599453	0.8050753801470134
Q15742	ppi	3	1.6094379124341003	1.4806924548471092
Q15785	ppi	3	2.0794415416798357	1.8376925998861267
Q15937	ppi	3	1.0986122886681096	1.0441193212964328
Q16204	ppi	3	1.9459101490553132	1.3286188855867127
Q16514	ppi	3	1.0986122886681096	1.232178592906584
Q16543	ppi	3	2.772588722239781	1.642818863627268
Q16595	ppi	3	1.0986122886681096	1.4924125337033742
Q16629	ppi	3	1.3862943611198906	1.9429107687678253
Q16650	ppi	3	1.0986122886681096	1.633387289087884
Q16666	ppi	3	3.2188758248682006	1.3951702599128302
Q16798	ppi	3	1.9459101490553132	1.4957716438698276
Q16850	ppi	3	0.6931471805599453	1.3801789243107745
Q16853	ppi	3	1.6094379124341003	1.2565438437630565
Q17R89	ppi	3	0.6931471805599453	1.0776148126545626
Q1KMD3	ppi	3	2.5649493574615367	2.1838836058453204
Q27J81	ppi	3	1.6094379124341003	1.9797340780757142
Q32P28	ppi	3	1.0986122886681096	1.4797875831381946
Q38SD2	ppi	3	0.6931471805599453	1.2127198328703541
Q3MHD2	ppi	3	1.9459101490553132	1.908885515633536
Q460N5	ppi	3	1.3862943611198906	1.51145332011869
Q49AR2	ppi	3	1.0986122886681096	1.4978678005156238
Q4G0N4	ppi	3	2.197224577336219	1.7745159138719662
Q4V328	ppi	3	1.3862943611198906	1.0183324776821887
Q4VC31	ppi	3	1.6094379124341003	1.44387949775768
Q52LJ0	ppi	3	1.3862943611198906	1.8787423237354939
Q53FA7	ppi	3	2.0794415416798357	1.7391840198921522
Q53GS7	ppi	3	1.0986122886681096	1.213407681596477
Q53LP3	ppi	3	0.6931471805599453	1.5009346713516818
Q53QZ3	ppi	3	0.6931471805599453	1.1824220135533263
Q56VL3	ppi	3	1.6094379124341003	1.9065996471791116
Q5BJF6	ppi	3	1.791759469228055	0.9726154172007981
Q5C9Z4	ppi	3	1.0986122886681096	1.5716700371086285
Q5DX21	ppi	3	0.6931471805599453	0.8637129574106375
Q5FVE4	ppi	3	0.6931471805599453	0.9487644079696036
Q5FWF5	ppi	3	1.6094379124341003	1.3604898842832327
Q5H9M0	ppi	3	0.6931471805599453	1.1932252735791473
Q5H9R7	ppi	3	1.791759469228055	1.6359143636103193
Q5HYI8	ppi	3	1.0986122886681096	1.1916663156542937
Q5HYJ3	ppi	3	0.6931471805599453	1.0087979817927273
Q5HYW2	ppi	3	0.6931471805599453	1.2333628587704495
Q5JPB2	ppi	3	0.6931471805599453	1.250528702228948
Q5JSL3	ppi	3	0.6931471805599453	1.2418120378642958
Q5JTD0	ppi	3	0.6931471805599453	1.173054451480622
Q5JU00	ppi	3	0.6931471805599453	0.6945519733744214
Q5M9N0	ppi	3	1.0986122886681096	0.6927484327167984
Q5MCW4	ppi	3	1.0986122886681096	1.131479881899936
Q5MNZ9	ppi	3	1.3862943611198906	1.2927975021441214
Q5RL73	ppi	3	0.6931471805599453	1.5280444323841325
Q5T1V6	ppi	3	1.791759469228055	1.423465910222317
Q5T4S7	ppi	3	2.8903717578961645	1.672371138639777
Q5TCQ9	ppi	3	1.6094379124341003	0.9551036025710787
Q5TCZ1	ppi	3	0.6931471805599453	1.2480205133730813
Q5TFE4	ppi	3	1.3862943611198906	1.9721253271574644
Q5TH69	ppi	3	0.6931471805599453	1.003011827503212
Q5TKA1	ppi	3	0.6931471805599453	1.3255407161185613
Q5VTL8	ppi	3	1.9459101490553132	1.7060877782377704
Q5VW32	ppi	3	2.3978952727983707	1.664232219629873
Q5VWQ8	ppi	3	0.6931471805599453	0.6435778455102907
Q5W0B1	ppi	3	1.791759469228055	1.1567170079737044
Q5W0Q7	ppi	3	1.3862943611198906	1.6633423008570722
Q66K64	ppi	3	0.6931471805599453	1.3001412505840442
Q66K74	ppi	3	0.6931471805599453	1.2609164770158654
Q68CP9	ppi	3	1.791759469228055	1.4787504161150178
Q68D10	ppi	3	1.9459101490553132	1.578030022476109
Q68E01	ppi	3	1.3862943611198906	1.2169133708993327
Q6AI39	ppi	3	1.6094379124341003	1.345993786192844
Q6BCY4	ppi	3	1.0986122886681096	1.2695935327822896
Q6DD87	ppi	3	1.3862943611198906	1.1444751486103355
Q6GMV2	ppi	3	1.3862943611198906	1.5968168336825999
Q6GMV3	ppi	3	1.0986122886681096	1.50487271704967
Q6IN85	ppi	3	1.791759469228055	1.7380568395255513
Q6N021	ppi	3	1.3862943611198906	1.5989595763078701
Q6NVY1	ppi	3	2.6390573296152584	1.3829134449773643
Q6NW29	ppi	3	1.0986122886681096	1.0438310670395894
Q6NZI2	ppi	3	2.833213344056216	1.6555957898675187
Q6P1A2	ppi	3	0.6931471805599453	0.6824680976957929
Q6P1N0	ppi	3	1.6094379124341003	1.6073263031258846
Q6P2P2	ppi	3	0.6931471805599453	1.0963451351600917
Q6P4A7	ppi	3	0.6931471805599453	1.6909689735739377
Q6P4A8	ppi	3	1.0986122886681096	1.4136876343915374
Q6P4Q7	ppi	3	1.0986122886681096	0.7518972282175456
Q6P587	ppi	3	1.6094379124341003	1.6207397895000277
Q6PJT7	ppi	3	2.772588722239781	1.435282836796842
Q6PL18	ppi	3	1.9459101490553132	1.552153791884969
Q6PML9	ppi	3	0.6931471805599453	0.6686014408897989
Q6Q0C0	ppi	3	0.6931471805599453	1.1762285467495883
Q6UVJ0	ppi	3	1.0986122886681096	1.0852425665365706
Q6UWZ7	ppi	3	1.0986122886681096	1.796914106724061
Q6UXH8	ppi	3	0.6931471805599453	1.10615841580569
Q6W2J9	ppi	3	2.772588722239781	1.2154058169791377
Q6WCQ1	ppi	3	1.791759469228055	1.7808943941175635
Q6WKZ4	ppi	3	0.6931471805599453	0.7886172459708638
Q6Y2X3	ppi	3	0.6931471805599453	1.3496770173702433
Q6ZMG9	ppi	3	0.6931471805599453	0.7254289136885925
Q6ZMI0	ppi	3	1.3862943611198906	1.0387803794238344
Q6ZMP0	ppi	3	1.0986122886681096	0.9445759605058055
Q6ZMW3	ppi	3	0.6931471805599453	1.1273849990104698
Q6ZRS2	ppi	3	1.3862943611198906	1.6427709407148003
Q6ZS81	ppi	3	1.0986122886681096	1.1588694915061564
Q70CQ2	ppi	3	1.6094379124341003	1.2903198809829812
Q70EK9	ppi	3	0.6931471805599453	1.0538388904696618
Q71F23	ppi	3	1.3862943611198906	1.2919897622409122
Q71SY5	ppi	3	1.0986122886681096	1.2446638124946792
Q76L83	ppi	3	1.791759469228055	1.3427505988288633
Q7KZF4	ppi	3	2.4849066497880004	1.962957778683529
Q7KZI7	ppi	3	0.6931471805599453	1.1215543131955426
Q7L099	ppi	3	1.6094379124341003	0.955855605474919
Q7L0J3	ppi	3	0.6931471805599453	1.0968620077055782
Q7L1W4	ppi	3	1.3862943611198906	0.7527467803466599
Q7L4P6	ppi	3	0.6931471805599453	1.332142184938508
Q7L5N1	ppi	3	1.9459101490553132	1.2963105758507962
Q7Z2K6	ppi	3	0.6931471805599453	0.9211913488439026
Q7Z2W4	ppi	3	1.6094379124341003	1.8225220172101935
Q7Z2Z1	ppi	3	1.791759469228055	1.553086143999258
Q7Z309	ppi	3	1.0986122886681096	1.134191325960568
Q7Z3B4	ppi	3	0.6931471805599453	1.4032978657937714
Q7Z422	ppi	3	1.0986122886681096	1.5339128850352066
Q7Z4H3	ppi	3	0.6931471805599453	1.608978419266378
Q7Z4Q2	ppi	3	1.0986122886681096	1.6797014582484104
Q7Z589	ppi	3	1.6094379124341003	1.4434482203610386
Q7Z5R6	ppi	3	0.6931471805599453	1.3906244187351287
Q7Z6I8	ppi	3	1.3862943611198906	0.6683188418205475
Q7Z6K5	ppi	3	1.3862943611198906	1.2294485812747165
Q7Z6R9	ppi	3	1.0986122886681096	1.302574191387525
Q7Z6Z7	ppi	3	2.8903717578961645	1.7560670868866748
Q86SE5	ppi	3	1.6094379124341003	1.6426434129951342
Q86SF2	ppi	3	1.0986122886681096	1.1785571468609253
Q86T82	ppi	3	1.3862943611198906	1.3995374446833464
Q86U38	ppi	3	0.6931471805599453	1.2379257107912638
Q86U42	ppi	3	1.0986122886681096	1.751093318213312
Q86U86	ppi	3	2.4849066497880004	1.6648731263183645
Q86VP1	ppi	3	0.6931471805599453	1.0885001364129985
Q86VQ3	ppi	3	1.0986122886681096	1.8936002274623727
Q86VV8	ppi	3	0.6931471805599453	1.4027186565003107
Q86WR0	ppi	3	1.6094379124341003	2.00018728308081
Q86WZ6	ppi	3	0.6931471805599453	0.8695111310809023
Q86X76	ppi	3	0.6931471805599453	1.1209603648368909
Q86XE5	ppi	3	0.6931471805599453	1.0946021169716689
Q86XL3	ppi	3	0.6931471805599453	1.602800345839988
Q86XP3	ppi	3	2.6390573296152584	1.841619079386353
Q86YC2	ppi	3	0.6931471805599453	1.5990746946099197
Q86YT6	ppi	3	0.6931471805599453	1.1640098485115364
Q8IU81	ppi	3	1.0986122886681096	1.547170433171652
Q8IUF8	ppi	3	1.6094379124341003	1.6798140465089784
Q8IUI8	ppi	3	0.6931471805599453	1.2523720824395908
Q8IUX7	ppi	3	1.791759469228055	1.0012025721750812
Q8IV08	ppi	3	0.6931471805599453	1.0194155511735428
Q8IV38	ppi	3	0.6931471805599453	1.179528671502209
Q8IV63	ppi	3	1.0986122886681096	1.4657724274487465
Q8IW45	ppi	3	0.6931471805599453	1.2873917652370965
Q8IWR0	ppi	3	1.3862943611198906	1.2437291769534697
Q8IWR1	ppi	3	0.6931471805599453	1.1205972604220886
Q8IWS0	ppi	3	2.6390573296152584	2.074992400055909
Q8IWX8	ppi	3	2.0794415416798357	1.8403942150056936
Q8IWZ8	ppi	3	1.791759469228055	1.9266584990924869
Q8IX12	ppi	3	2.3978952727983707	1.9683381448517627
Q8IXK0	ppi	3	1.0986122886681096	1.3578297860487543
Q8IXM2	ppi	3	1.791759469228055	1.7187450801946678
Q8IXQ3	ppi	3	0.6931471805599453	1.2626826368380586
Q8IXQ4	ppi	3	1.3862943611198906	0.9796631949137924
Q8IXQ6	ppi	3	0.6931471805599453	1.3993474127290764
Q8IY17	ppi	3	0.6931471805599453	1.2187380356856086
Q8IY21	ppi	3	1.3862943611198906	1.6163109892800633
Q8IYB3	ppi	3	2.3978952727983707	1.9372297967369447
Q8IYB5	ppi	3	1.791759469228055	1.3864947375562522
Q8IYB8	ppi	3	2.4849066497880004	1.5861591156724466
Q8IYM9	ppi	3	0.6931471805599453	1.2405152725909405
Q8IYT2	ppi	3	1.0986122886681096	1.2905557654726905
Q8IYW5	ppi	3	0.6931471805599453	1.6213584845274127
Q8IZM8	ppi	3	0.6931471805599453	0.9316858623334697
Q8IZV5	ppi	3	0.6931471805599453	1.2148897550802091
Q8N0U7	ppi	3	1.3862943611198906	1.4363537080719018
Q8N126	ppi	3	1.0986122886681096	0.7755464431717565
Q8N163	ppi	3	2.5649493574615367	1.9250552989690028
Q8N335	ppi	3	1.6094379124341003	1.9184172945242823
Q8N3F0	ppi	3	0.6931471805599453	0.9519921066662073
Q8N3L3	ppi	3	0.6931471805599453	1.2499710171851715
Q8N4L2	ppi	3	0.6931471805599453	0.8011778723232184
Q8N4P3	ppi	3	1.791759469228055	1.3370702276194943
Q8N5M4	ppi	3	0.6931471805599453	1.6578939043095176
Q8N5P1	ppi	3	0.6931471805599453	1.5412150129460014
Q8N5X7	ppi	3	0.6931471805599453	1.4059689847420929
Q8N684	ppi	3	1.0986122886681096	1.7373915949304015
Q8N6N3	ppi	3	1.6094379124341003	1.1139103077163135
Q8N7H5	ppi	3	2.3978952727983707	1.6825285921267181
Q8N7U6	ppi	3	1.0986122886681096	1.2954272090982328
Q8N806	ppi	3	1.6094379124341003	2.03370750445421
Q8N8A2	ppi	3	1.0986122886681096	1.0994656715158153
Q8NAV1	ppi	3	0.6931471805599453	1.675917557811105
Q8NB50	ppi	3	2.0794415416798357	1.5112216498394735
Q8NB78	ppi	3	1.0986122886681096	1.4276766365678681
Q8NCE0	ppi	3	0.6931471805599453	0.9072523316427448
Q8NCM8	ppi	3	0.6931471805599453	1.4799807824749536
Q8ND56	ppi	3	1.6094379124341003	1.6335414344835633
Q8ND82	ppi	3	1.6094379124341003	1.5953437027958748
Q8NDM7	ppi	3	0.6931471805599453	1.8683754563218273
Q8NDV3	ppi	3	1.0986122886681096	1.7374397340067542
Q8NDX6	ppi	3	1.9459101490553132	1.137961128152933
Q8NE86	ppi	3	1.9459101490553132	0.9721233177232617
Q8NEF9	ppi	3	1.3862943611198906	1.1946493519031907
Q8NEP3	ppi	3	0.6931471805599453	1.1181705812846379
Q8NES3	ppi	3	0.6931471805599453	1.365001495764482
Q8NEY1	ppi	3	0.6931471805599453	1.3733677810667477
Q8NF64	ppi	3	0.6931471805599453	1.4523263301529366
Q8NFJ5	ppi	3	0.6931471805599453	1.8836247520553306
Q8NFU3	ppi	3	0.6931471805599453	1.3333864210739432
Q8NFU7	ppi	3	1.0986122886681096	1.3825096103547168
Q8NFX7	ppi	3	1.6094379124341003	1.1495395281866814
Q8NG31	ppi	3	2.8903717578961645	1.3068830913909668
Q8NHY0	ppi	3	0.6931471805599453	1.176321702973945
Q8NHZ8	ppi	3	0.6931471805599453	1.1685125816754214
Q8NI27	ppi	3	2.8903717578961645	1.5999347174785317
Q8TAA9	ppi	3	0.6931471805599453	0.8353443450690082
Q8TAD8	ppi	3	1.3862943611198906	1.5087673075709342
Q8TAF3	ppi	3	1.791759469228055	1.2976992957686555
Q8TB36	ppi	3	1.791759469228055	1.1640608598243767
Q8TB45	ppi	3	0.6931471805599453	1.2370426293747943
Q8TBC4	ppi	3	1.6094379124341003	1.3816375092009274
Q8TBG4	ppi	3	0.6931471805599453	1.1613640179710085
Q8TBM8	ppi	3	0.6931471805599453	1.7621333381284405
Q8TBY8	ppi	3	0.6931471805599453	0.955590949966079
Q8TCN5	ppi	3	1.0986122886681096	1.015115153842515
Q8TD19	ppi	3	2.197224577336219	0.9166893339617659
Q8TDX7	ppi	3	1.3862943611198906	1.0315266974384676
Q8TF01	ppi	3	1.791759469228055	2.0251857192269247
Q8TF46	ppi	3	0.6931471805599453	1.727151854866332
Q8TF74	ppi	3	1.0986122886681096	1.405206276297048
Q8WTV0	ppi	3	0.6931471805599453	1.2761192340647232
Q8WTW3	ppi	3	0.6931471805599453	0.9670958681077945
Q8WU79	ppi	3	0.6931471805599453	0.957829705778708
Q8WUQ7	ppi	3	1.0986122886681096	1.7628259621949716
Q8WUW1	ppi	3	0.6931471805599453	1.1341295852972826
Q8WV60	ppi	3	0.6931471805599453	1.4735604604204815
Q8WV93	ppi	3	0.6931471805599453	1.0051196856985598
Q8WVC6	ppi	3	1.0986122886681096	1.166670107005476
Q8WVJ9	ppi	3	0.6931471805599453	1.176566703907222
Q8WVM0	ppi	3	0.6931471805599453	1.3706899032858777
Q8WVV9	ppi	3	1.791759469228055	1.2177749442299244
Q8WW12	ppi	3	2.772588722239781	1.6546748787109622
Q8WWI5	ppi	3	0.6931471805599453	0.21702378023063496
Q8WWK9	ppi	3	2.4849066497880004	1.8246037609391315
Q8WWY3	ppi	3	2.0794415416798357	1.7445090830299288
Q8WX93	ppi	3	1.9459101490553132	1.8009323948903664
Q8WXA9	ppi	3	0.6931471805599453	1.6867540052099852
Q8WXD2	ppi	3	0.6931471805599453	1.604649287753106
Q8WXD9	ppi	3	0.6931471805599453	1.065834799258508
Q8WXE0	ppi	3	0.6931471805599453	1.416835040030635
Q8WY91	ppi	3	1.3862943611198906	1.2711987370334312
Q8WYB5	ppi	3	3.1780538303479453	1.513218636712878
Q8WYP5	ppi	3	2.4849066497880004	1.5634349511297396
Q92499	ppi	3	3.1354942159291497	1.9716831275764861
Q92506	ppi	3	0.6931471805599453	1.374876294951686
Q92520	ppi	3	1.3862943611198906	0.5883634682978549
Q92564	ppi	3	0.6931471805599453	1.0853719644099007
Q92597	ppi	3	1.0986122886681096	1.8101279340054928
Q92598	ppi	3	3.332204510175204	2.1287256151307865
Q92599	ppi	3	1.791759469228055	1.7505784594644789
Q92600	ppi	3	1.3862943611198906	0.993458433476728
Q92604	ppi	3	0.6931471805599453	1.038555773368362
Q92734	ppi	3	1.6094379124341003	1.6080925159138588
Q92747	ppi	3	1.6094379124341003	1.6858151668861627
Q92752	ppi	3	0.6931471805599453	1.500131342599222
Q92783	ppi	3	1.6094379124341003	1.400229401088601
Q92786	ppi	3	0.6931471805599453	1.5820479971913541
Q92793	ppi	3	3.9318256327243257	1.2747045589535195
Q92794	ppi	3	2.8903717578961645	1.3912892057700224
Q92900	ppi	3	2.772588722239781	1.6434441913912088
Q92901	ppi	3	0.6931471805599453	1.5772207959701394
Q92925	ppi	3	1.791759469228055	1.6922834435606466
Q92934	ppi	3	1.0986122886681096	1.2049783662905733
Q92945	ppi	3	2.8903717578961645	2.0131212720825573
Q92979	ppi	3	1.791759469228055	1.5020508208346048
Q93062	ppi	3	1.0986122886681096	1.0322212585919537
Q93099	ppi	3	0.6931471805599453	1.2371266827051228
Q969E4	ppi	3	1.791759469228055	-0.48043974730579597
Q969I3	ppi	3	1.3862943611198906	0.9687260303286774
Q969T7	ppi	3	0.6931471805599453	1.2855191115553855
Q96A05	ppi	3	0.6931471805599453	1.367303265293928
Q96A19	ppi	3	1.3862943611198906	0.7687945442990335
Q96A26	ppi	3	1.0986122886681096	1.5427611773219128
Q96AE4	ppi	3	2.8903717578961645	1.9215125256287662
Q96AP4	ppi	3	0.6931471805599453	1.3702974029341128
Q96AY4	ppi	3	1.0986122886681096	1.3368868229131963
Q96AZ6	ppi	3	0.6931471805599453	0.993746236266474
Q96BK5	ppi	3	0.6931471805599453	1.6806260867007852
Q96BN8	ppi	3	1.791759469228055	1.1508135272721132
Q96BW5	ppi	3	1.0986122886681096	0.8897359875178372
Q96CB9	ppi	3	0.6931471805599453	1.2409659386644123
Q96CP2	ppi	3	1.791759469228055	1.116536642440379
Q96CX3	ppi	3	0.6931471805599453	1.2970812335841424
Q96D71	ppi	3	1.0986122886681096	1.4379749961311254
Q96DF8	ppi	3	1.791759469228055	1.6223826071138985
Q96EB6	ppi	3	1.6094379124341003	1.6226093272941289
Q96FK6	ppi	3	0.6931471805599453	1.804838279021574
Q96FV9	ppi	3	1.791759469228055	1.6614201604390086
Q96FX7	ppi	3	0.6931471805599453	1.5523249150066036
Q96G74	ppi	3	0.6931471805599453	1.3474444369180165
Q96GM8	ppi	3	1.0986122886681096	1.7267807666956076
Q96GQ5	ppi	3	0.6931471805599453	1.2762279440804725
Q96GW7	ppi	3	0.6931471805599453	1.4636480614092344
Q96GX5	ppi	3	1.791759469228055	2.047230811382114
Q96GY0	ppi	3	1.0986122886681096	1.4701088521386527
Q96GY3	ppi	3	0.6931471805599453	1.251420204795202
Q96HN2	ppi	3	1.9459101490553132	1.254735739916206
Q96HR8	ppi	3	0.6931471805599453	1.2702463869293703
Q96HS1	ppi	3	2.0794415416798357	2.103999747535919
Q96HW7	ppi	3	1.3862943611198906	1.4024775805731535
Q96HY7	ppi	3	2.3025850929940455	1.9393846026778685
Q96I59	ppi	3	1.9459101490553132	1.4924883037223031
Q96IJ6	ppi	3	0.6931471805599453	1.6397174233714864
Q96IY4	ppi	3	0.6931471805599453	1.4056450822876083
Q96JC9	ppi	3	1.0986122886681096	1.2351354289105856
Q96JM3	ppi	3	2.772588722239781	1.697433141739878
Q96JN2	ppi	3	0.6931471805599453	1.2593759568590164
Q96JP5	ppi	3	0.6931471805599453	1.2402505218355555
Q96KB5	ppi	3	1.9459101490553132	1.3156779344794767
Q96KP4	ppi	3	2.772588722239781	1.3754459117990403
Q96KR1	ppi	3	2.70805020110221	2.0172297500877288
Q96LT9	ppi	3	0.6931471805599453	1.5468328233508588
Q96LW9	ppi	3	0.6931471805599453	1.2147142787025393
Q96M27	ppi	3	1.0986122886681096	1.4388923885398062
Q96M63	ppi	3	0.6931471805599453	1.0186315848217973
Q96M96	ppi	3	0.6931471805599453	0.8985163358839066
Q96MD7	ppi	3	0.6931471805599453	1.367341590753263
Q96N66	ppi	3	0.6931471805599453	0.890013015946786
Q96NL3	ppi	3	0.6931471805599453	1.0020471185186617
Q96P11	ppi	3	1.0986122886681096	1.580817581224554
Q96PC5	ppi	3	1.3862943611198906	0.8996370317135162
Q96PU8	ppi	3	1.3862943611198906	1.4772940493013516
Q96PU9	ppi	3	0.6931471805599453	0.9007290793978129
Q96PV6	ppi	3	1.6094379124341003	1.6531847660191517
Q96Q15	ppi	3	1.3862943611198906	1.4201501879036618
Q96QD8	ppi	3	0.6931471805599453	1.0766139092026066
Q96R06	ppi	3	0.6931471805599453	1.3392752518229134
Q96RE7	ppi	3	1.3862943611198906	1.4302767162594527
Q96RP9	ppi	3	2.0794415416798357	1.6118212115195054
Q96RT8	ppi	3	0.6931471805599453	1.308920625484678
Q96RY5	ppi	3	1.3862943611198906	1.0033948643565473
Q96T23	ppi	3	3.4657359027997265	1.9713613181789476
Q96T37	ppi	3	1.3862943611198906	1.498241992377714
Q96TA1	ppi	3	2.3978952727983707	1.9715220992087046
Q99417	ppi	3	1.791759469228055	1.352756818781276
Q99442	ppi	3	1.6094379124341003	1.0490332006221776
Q99550	ppi	3	0.6931471805599453	0.8997119585028572
Q99676	ppi	3	1.0986122886681096	1.196658944176756
Q99697	ppi	3	0.6931471805599453	1.2534245491552254
Q99742	ppi	3	0.6931471805599453	0.9265862046457655
Q99755	ppi	3	0.6931471805599453	1.3514160278788891
Q99807	ppi	3	0.6931471805599453	1.1052398874038185
Q99961	ppi	3	2.3978952727983707	1.386601508721274
Q99963	ppi	3	0.6931471805599453	1.1436746940819762
Q99986	ppi	3	2.3978952727983707	1.7749016991729694
Q9BQ13	ppi	3	0.6931471805599453	1.241833575066031
Q9BQ67	ppi	3	0.6931471805599453	1.6164204799673403
Q9BQI9	ppi	3	1.0986122886681096	1.5126998417843929
Q9BR39	ppi	3	1.0986122886681096	1.146930513943413
Q9BRJ6	ppi	3	1.0986122886681096	1.807832215554604
Q9BRT6	ppi	3	1.3862943611198906	1.608457627206236
Q9BRT8	ppi	3	0.6931471805599453	1.2196342955476327
Q9BS26	ppi	3	1.3862943611198906	1.7368498062196327
Q9BSE5	ppi	3	0.6931471805599453	1.3839644571724135
Q9BSL1	ppi	3	1.0986122886681096	0.9204746489694515
Q9BT09	ppi	3	1.3862943611198906	0.8365671129773792
Q9BTE6	ppi	3	1.6094379124341003	1.6432275888552124
Q9BTT4	ppi	3	0.6931471805599453	1.2935037299071321
Q9BTW9	ppi	3	0.6931471805599453	1.4302659751768232
Q9BUE0	ppi	3	1.0986122886681096	1.2741292095864838
Q9BUF5	ppi	3	1.0986122886681096	1.982045048291633
Q9BUH6	ppi	3	1.0986122886681096	1.6498181862196475
Q9BUR4	ppi	3	0.6931471805599453	1.5440031266710352
Q9BV20	ppi	3	0.6931471805599453	1.173777141851145
Q9BV44	ppi	3	1.6094379124341003	1.1320029667685494
Q9BVG8	ppi	3	0.6931471805599453	1.046052056091197
Q9BVJ7	ppi	3	0.6931471805599453	1.9585629624557395
Q9BVS4	ppi	3	0.6931471805599453	1.4417082757970614
Q9BW19	ppi	3	2.0794415416798357	1.400232390492215
Q9BW30	ppi	3	2.0794415416798357	1.2297426708066923
Q9BW91	ppi	3	2.0794415416798357	1.2741452005535547
Q9BWD1	ppi	3	2.3025850929940455	1.8866695358293883
Q9BWH6	ppi	3	0.6931471805599453	1.2283826186313962
Q9BWT3	ppi	3	0.6931471805599453	1.3158773830142907
Q9BX68	ppi	3	1.0986122886681096	1.1434019734500223
Q9BXJ9	ppi	3	3.4011973816621555	1.8114921101758488
Q9BXL5	ppi	3	0.6931471805599453	1.5132144295099754
Q9BY41	ppi	3	0.6931471805599453	1.4972764809935313
Q9BY49	ppi	3	1.3862943611198906	1.6651502527123596
Q9BYB4	ppi	3	0.6931471805599453	1.3792281403265017
Q9BYD6	ppi	3	1.6094379124341003	1.4390147285017245
Q9BYG5	ppi	3	1.3862943611198906	0.7379355047252634
Q9BYN8	ppi	3	0.6931471805599453	1.4019197683349187
Q9BYT8	ppi	3	1.9459101490553132	1.443157093246824
Q9BYZ2	ppi	3	1.3862943611198906	1.9433651489476684
Q9BZF3	ppi	3	0.6931471805599453	0.7032535228731782
Q9BZF9	ppi	3	1.0986122886681096	1.7932231130981542
Q9BZJ0	ppi	3	1.3862943611198906	1.6249682979914333
Q9BZW7	ppi	3	2.0794415416798357	1.409512863761666
Q9BZX2	ppi	3	0.6931471805599453	1.6335260835090653
Q9C0B1	ppi	3	1.6094379124341003	1.375708532599051
Q9C0C6	ppi	3	0.6931471805599453	0.7143391804578669
Q9C0F1	ppi	3	1.6094379124341003	0.9272068317539433
Q9C0G6	ppi	3	0.6931471805599453	0.9023846574380083
Q9C0I1	ppi	3	1.3862943611198906	1.2208659061223222
Q9GZP4	ppi	3	1.0986122886681096	1.100023724339185
Q9GZP8	ppi	3	1.3862943611198906	1.441265801848698
Q9GZQ8	ppi	3	1.0986122886681096	1.1850090488693028
Q9GZR1	ppi	3	0.6931471805599453	1.3878018818339208
Q9GZT3	ppi	3	1.791759469228055	1.8361022225341859
Q9GZT8	ppi	3	1.791759469228055	0.987664250817508
Q9GZU2	ppi	3	1.0986122886681096	1.5813264278110342
Q9GZV4	ppi	3	1.6094379124341003	1.51356327354368
Q9GZZ1	ppi	3	2.3025850929940455	1.5993588418248865
Q9H008	ppi	3	1.6094379124341003	1.7615511637561514
Q9H009	ppi	3	0.6931471805599453	1.8116896089558518
Q9H0A0	ppi	3	2.3978952727983707	1.593713979181328
Q9H0B6	ppi	3	1.3862943611198906	1.1806378334402314
Q9H0E2	ppi	3	1.0986122886681096	1.0630218521087262
Q9H0E3	ppi	3	0.6931471805599453	1.4857545871696478
Q9H0L4	ppi	3	0.6931471805599453	1.319932330217597
Q9H0U9	ppi	3	1.0986122886681096	1.424847642267093
Q9H147	ppi	3	1.0986122886681096	1.4658003497266936
Q9H165	ppi	3	1.0986122886681096	1.7990837125310821
Q9H1J1	ppi	3	0.6931471805599453	1.5514148938184529
Q9H1K0	ppi	3	1.0986122886681096	0.8839909199040181
Q9H2F5	ppi	3	1.791759469228055	1.5102654916378988
Q9H2P9	ppi	3	0.6931471805599453	1.5441345028322544
Q9H2U2	ppi	3	2.995732273553991	1.9571498596644186
Q9H3H9	ppi	3	1.0986122886681096	1.3252227610920289
Q9H3S7	ppi	3	1.6094379124341003	1.3447791184397302
Q9H3U7	ppi	3	0.6931471805599453	0.9203169865787797
Q9H446	ppi	3	1.0986122886681096	1.8573056154138359
Q9H4L4	ppi	3	1.3862943611198906	1.6807515200050305
Q9H4L7	ppi	3	1.6094379124341003	1.3572002303012545
Q9H5J0	ppi	3	0.6931471805599453	1.0877251083666561
Q9H5V7	ppi	3	1.0986122886681096	0.9666132898789686
Q9H5Z6	ppi	3	1.0986122886681096	1.1794040525681948
Q9H6R4	ppi	3	0.6931471805599453	1.4434500362723235
Q9H6T3	ppi	3	1.6094379124341003	1.5095369007014983
Q9H772	ppi	3	1.9459101490553132	0.9415658343764804
Q9H792	ppi	3	1.0986122886681096	0.9513136937026538
Q9H7F4	ppi	3	0.6931471805599453	0.9257814964325494
Q9H7Z3	ppi	3	0.6931471805599453	1.29369260243192
Q9H857	ppi	3	1.0986122886681096	1.4581290302854548
Q9H875	ppi	3	1.3862943611198906	1.5890578950740692
Q9H8M7	ppi	3	0.6931471805599453	0.969132571928984
Q9H8T0	ppi	3	0.6931471805599453	1.0899576671658364
Q9H8V3	ppi	3	0.6931471805599453	1.268503895693641
Q9H900	ppi	3	1.0986122886681096	1.5915983050080635
Q9H939	ppi	3	0.6931471805599453	1.2296123928081326
Q9H974	ppi	3	0.6931471805599453	1.3213925892387244
Q9H981	ppi	3	1.0986122886681096	1.6314164653448795
Q9H9Y6	ppi	3	1.3862943611198906	1.5011433724658385
Q9HA64	ppi	3	0.6931471805599453	1.635912744616601
Q9HAV0	ppi	3	0.6931471805599453	1.2277280552124967
Q9HAW4	ppi	3	2.3025850929940455	1.2805275930269595
Q9HB58	ppi	3	1.3862943611198906	1.2711005301811888
Q9HBU1	ppi	3	0.6931471805599453	1.2898468021715326
Q9HC38	ppi	3	1.791759469228055	2.1030559670127333
Q9HC52	ppi	3	1.6094379124341003	1.3350328797185735
Q9HD15	ppi	3	0.6931471805599453	1.0483898734332238
Q9HD45	ppi	3	1.0986122886681096	1.3435301119073941
Q9NNX1	ppi	3	1.0986122886681096	1.0842173025041577
Q9NP81	ppi	3	1.6094379124341003	1.8880689663279826
Q9NPE3	ppi	3	1.0986122886681096	1.3727167463051315
Q9NPH2	ppi	3	0.6931471805599453	2.014789479406682
Q9NQ50	ppi	3	0.6931471805599453	1.3557725832372567
Q9NQ79	ppi	3	0.6931471805599453	0.9112791340793701
Q9NQB0	ppi	3	1.0986122886681096	1.1284571130643117
Q9NQS7	ppi	3	1.6094379124341003	1.60698352940948
Q9NQT5	ppi	3	1.6094379124341003	1.621153694928916
Q9NQX3	ppi	3	1.0986122886681096	1.0896661510269272
Q9NR09	ppi	3	2.0794415416798357	1.519343381712821
Q9NR12	ppi	3	1.6094379124341003	1.4916997980475029
Q9NRF8	ppi	3	1.6094379124341003	1.625341603751436
Q9NRF9	ppi	3	0.6931471805599453	1.3887352505533122
Q9NRL2	ppi	3	2.6390573296152584	2.033060389865655
Q9NRN7	ppi	3	1.3862943611198906	2.1760602524545516
Q9NRN9	ppi	3	1.3862943611198906	1.220645330604867
Q9NS56	ppi	3	0.6931471805599453	1.3604309630523759
Q9NS73	ppi	3	1.0986122886681096	1.2379671852990837
Q9NS86	ppi	3	0.6931471805599453	1.6447725408574652
Q9NS87	ppi	3	2.197224577336219	1.2689652210189288
Q9NSB4	ppi	3	0.6931471805599453	1.709585520425558
Q9NSC5	ppi	3	0.6931471805599453	1.142361984780454
Q9NSD9	ppi	3	2.9444389791664403	1.8802206849382936
Q9NSK0	ppi	3	0.6931471805599453	1.336819003974824
Q9NUB1	ppi	3	1.6094379124341003	1.9056674339051034
Q9NUP7	ppi	3	1.3862943611198906	1.4895219916100728
Q9NUP9	ppi	3	1.0986122886681096	0.730535478410969
Q9NUQ7	ppi	3	0.6931471805599453	0.810649879780044
Q9NV79	ppi	3	0.6931471805599453	1.6319390096352602
Q9NVD7	ppi	3	2.0794415416798357	1.391337972900846
Q9NVN8	ppi	3	1.3862943611198906	1.6835609885993212
Q9NVR5	ppi	3	0.6931471805599453	1.4297976342362464
Q9NVR7	ppi	3	0.6931471805599453	0.8511429290488236
Q9NVS9	ppi	3	0.6931471805599453	1.7054611407855504
Q9NVX2	ppi	3	0.6931471805599453	1.7478262027308078
Q9NW82	ppi	3	2.0794415416798357	1.4941072193578462
Q9NWH9	ppi	3	2.833213344056216	2.01960874018813
Q9NWR8	ppi	3	1.791759469228055	0.8138019749737766
Q9NWZ5	ppi	3	0.6931471805599453	1.0918557024171676
Q9NX07	ppi	3	0.6931471805599453	1.6864571763490337
Q9NX40	ppi	3	1.3862943611198906	1.2314351691921424
Q9NXF1	ppi	3	1.3862943611198906	1.9522368007746627
Q9NXR8	ppi	3	1.9459101490553132	1.5557083332809178
Q9NY33	ppi	3	1.9459101490553132	2.036819028046965
Q9NYF8	ppi	3	2.9444389791664403	1.7110028735610685
Q9NYJ1	ppi	3	0.6931471805599453	1.3887687137255165
Q9NYK5	ppi	3	1.791759469228055	1.3239644963097388
Q9NYL9	ppi	3	2.197224577336219	2.110678605851927
Q9NYT6	ppi	3	0.6931471805599453	1.1518432025855019
Q9NYZ3	ppi	3	1.791759469228055	1.2934140323346959
Q9NZ09	ppi	3	1.0986122886681096	1.3453103757827907
Q9NZ63	ppi	3	1.3862943611198906	1.226845311965702
Q9NZE8	ppi	3	0.6931471805599453	1.1884561455761165
Q9NZL4	ppi	3	1.0986122886681096	1.589059626517836
Q9NZM3	ppi	3	0.6931471805599453	0.8280603303572437
Q9NZQ7	ppi	3	0.6931471805599453	1.0787991648012674
Q9NZR4	ppi	3	1.0986122886681096	1.3411200252504165
Q9P032	ppi	3	0.6931471805599453	1.2605621102756628
Q9P0J7	ppi	3	0.6931471805599453	1.3239217473234182
Q9P1Y5	ppi	3	1.0986122886681096	1.1999659340090665
Q9P1Y6	ppi	3	1.0986122886681096	1.6364276107498816
Q9P215	ppi	3	1.3862943611198906	0.9789613959567633
Q9P267	ppi	3	1.6094379124341003	1.3223100786518223
Q9P275	ppi	3	1.3862943611198906	1.3617841726654714
Q9P287	ppi	3	1.0986122886681096	1.4708903787180119
Q9P2B4	ppi	3	1.0986122886681096	1.2175530635211629
Q9P2B7	ppi	3	1.0986122886681096	1.4249708511436219
Q9P2D7	ppi	3	1.0986122886681096	1.1827112490499272
Q9P2K8	ppi	3	1.3862943611198906	1.723047040725459
Q9P2K9	ppi	3	0.6931471805599453	0.5946746525818176
Q9P2N6	ppi	3	1.6094379124341003	1.517273904248721
Q9P2P6	ppi	3	0.6931471805599453	1.7325184277758936
Q9UBB5	ppi	3	1.0986122886681096	1.4394595865919642
Q9UBC2	ppi	3	1.9459101490553132	1.1108292999893055
Q9UBF6	ppi	3	0.6931471805599453	1.3636642856090868
Q9UBN7	ppi	3	0.6931471805599453	1.4952547464540131
Q9UBQ5	ppi	3	0.6931471805599453	1.6262312786144926
Q9UBW8	ppi	3	1.6094379124341003	1.2185281983401273
Q9UDY4	ppi	3	1.791759469228055	1.4971315468854975
Q9UER7	ppi	3	1.6094379124341003	1.4450170710651482
Q9UGL1	ppi	3	0.6931471805599453	1.203845773189137
Q9UGM6	ppi	3	1.791759469228055	1.7157647805821747
Q9UGP8	ppi	3	1.791759469228055	1.0041718260750745
Q9UH62	ppi	3	0.6931471805599453	0.9278981148888946
Q9UHB9	ppi	3	2.3025850929940455	1.7290516722263831
Q9UHF7	ppi	3	2.3025850929940455	1.3045222026470469
Q9UHI6	ppi	3	1.3862943611198906	1.5901243481489333
Q9UHV2	ppi	3	1.0986122886681096	1.3858369747907922
Q9UHY7	ppi	3	0.6931471805599453	0.7367204650491612
Q9UI12	ppi	3	1.3862943611198906	1.350984356244144
Q9UI15	ppi	3	0.6931471805599453	1.6007748632846412
Q9UI26	ppi	3	0.6931471805599453	1.2084516942859187
Q9UI36	ppi	3	1.0986122886681096	1.1796971968212315
Q9UIC8	ppi	3	1.0986122886681096	1.3325789413116127
Q9UIF3	ppi	3	1.791759469228055	1.1658717930960592
Q9UIH9	ppi	3	1.0986122886681096	0.9007938892601993
Q9UII2	ppi	3	1.6094379124341003	1.658869302298732
Q9UJ70	ppi	3	1.0986122886681096	1.5341852326660148
Q9UJS0	ppi	3	1.9459101490553132	1.9710335371005536
Q9UJX2	ppi	3	1.3862943611198906	1.2345541707486591
Q9UJZ1	ppi	3	1.9459101490553132	1.8179082211860558
Q9UK58	ppi	3	1.0986122886681096	1.452430544530548
Q9UK61	ppi	3	1.0986122886681096	1.177008953914887
Q9UKA4	ppi	3	0.6931471805599453	1.289553679597487
Q9UKD1	ppi	3	0.6931471805599453	1.6262458663340897
Q9UKE5	ppi	3	0.6931471805599453	1.0956573807023187
Q9UKG1	ppi	3	1.3862943611198906	1.23076347331019
Q9UKG9	ppi	3	2.70805020110221	1.5917362967918605
Q9UKM9	ppi	3	2.3025850929940455	1.9152738147831707
Q9UKV5	ppi	3	1.0986122886681096	1.3473479297042645
Q9UKY7	ppi	3	2.197224577336219	1.9598578836251594
Q9ULC3	ppi	3	1.0986122886681096	0.8380133878640772
Q9ULG1	ppi	3	1.0986122886681096	1.630021526329113
Q9ULQ0	ppi	3	0.6931471805599453	1.1576432270253387
Q9ULW0	ppi	3	2.8903717578961645	1.6354933536090848
Q9ULW8	ppi	3	0.6931471805599453	1.6335906543681662
Q9UM00	ppi	3	0.6931471805599453	1.607532072019759
Q9UNF1	ppi	3	2.4849066497880004	1.8024904030181492
Q9UNH6	ppi	3	1.6094379124341003	1.292777674686157
Q9UNN5	ppi	3	1.0986122886681096	1.2349340916606886
Q9UPT9	ppi	3	2.197224577336219	1.431184685190807
Q9UPW0	ppi	3	1.0986122886681096	1.555965213379723
Q9UPZ3	ppi	3	0.6931471805599453	1.1622231859313206
Q9UQ90	ppi	3	0.6931471805599453	1.1947278374923138
Q9Y237	ppi	3	1.9459101490553132	1.6516697592868685
Q9Y262	ppi	3	2.5649493574615367	1.8004494194807388
Q9Y285	ppi	3	2.3025850929940455	2.161899598769663
Q9Y2A7	ppi	3	2.0794415416798357	1.2128501146457111
Q9Y2C4	ppi	3	1.3862943611198906	0.8209091997339051
Q9Y2D5	ppi	3	1.3862943611198906	2.1658107694267423
Q9Y2E4	ppi	3	0.6931471805599453	1.2747722791325666
Q9Y2L1	ppi	3	2.8903717578961645	1.8661389930003027
Q9Y2P8	ppi	3	1.3862943611198906	1.695755502819933
Q9Y2Q0	ppi	3	0.6931471805599453	0.5789042938582531
Q9Y2S2	ppi	3	0.6931471805599453	1.542853381737963
Q9Y2S6	ppi	3	1.9459101490553132	2.0326709816949453
Q9Y2T3	ppi	3	1.791759469228055	1.8000433061652303
Q9Y2X0	ppi	3	1.3862943611198906	1.2533294542183695
Q9Y2X3	ppi	3	3.0910424533583156	1.5527624693439774
Q9Y2Z4	ppi	3	1.791759469228055	1.7822045190915992
Q9Y320	ppi	3	0.6931471805599453	1.1635123252170363
Q9Y365	ppi	3	1.9459101490553132	1.042841755201966
Q9Y3D7	ppi	3	0.6931471805599453	1.3499252604248628
Q9Y3D8	ppi	3	0.6931471805599453	1.7934612705572193
Q9Y3E1	ppi	3	1.6094379124341003	1.2535912078134341
Q9Y3I0	ppi	3	2.3978952727983707	2.203967444892415
Q9Y3I1	ppi	3	1.0986122886681096	0.7252969641675537
Q9Y3S1	ppi	3	0.6931471805599453	1.147161344158518
Q9Y3Y2	ppi	3	1.6094379124341003	1.8045723779002965
Q9Y4C1	ppi	3	1.0986122886681096	1.2098773333493356
Q9Y4C2	ppi	3	0.6931471805599453	1.6008083519444722
Q9Y4I5	ppi	3	0.6931471805599453	1.2800688860011582
Q9Y4P3	ppi	3	1.6094379124341003	2.069798133475395
Q9Y4X0	ppi	3	0.6931471805599453	0.9121214078294588
Q9Y4X5	ppi	3	1.6094379124341003	0.8840665150552236
Q9Y4Z0	ppi	3	0.6931471805599453	1.651490110636871
Q9Y512	ppi	3	0.6931471805599453	1.1862937607666173
Q9Y535	ppi	3	0.6931471805599453	1.3886903506323622
Q9Y536	ppi	3	0.6931471805599453	1.692353392541396
Q9Y5A6	ppi	3	1.6094379124341003	0.943661369255771
Q9Y5L0	ppi	3	2.0794415416798357	1.5472320325897833
Q9Y5M8	ppi	3	1.6094379124341003	1.669909582885527
Q9Y5R8	ppi	3	0.6931471805599453	1.0900366578932479
Q9Y5S2	ppi	3	1.791759469228055	1.3071148309907754
Q9Y5V3	ppi	3	1.6094379124341003	1.0180427351930113
Q9Y5X2	ppi	3	0.6931471805599453	1.4735998338866478
Q9Y5X3	ppi	3	2.6390573296152584	1.3423505369597994
Q9Y5Z4	ppi	3	1.3862943611198906	0.9891129092074447
Q9Y5Z7	ppi	3	0.6931471805599453	1.3344588059923939
Q9Y608	ppi	3	1.0986122886681096	1.9561893952837939
Q9Y613	ppi	3	0.6931471805599453	1.4159104918945928
Q9Y618	ppi	3	2.833213344056216	1.2940343881887786
Q9Y620	ppi	3	0.6931471805599453	1.0074026593848395
Q9Y673	ppi	3	1.6094379124341003	0.8969465747738351
Q9Y692	ppi	3	0.6931471805599453	1.1883301506489665
Q9Y696	ppi	3	2.5649493574615367	1.9104976760073291
Q9Y6A4	ppi	3	0.6931471805599453	1.4494080724765135
Q9Y6D9	ppi	3	2.0794415416798357	1.5847698386251363
Q9Y6J0	ppi	3	1.9459101490553132	1.5361630574078677
Q9Y6K1	ppi	3	0.6931471805599453	1.4168622205247607
Q9Y6X0	ppi	3	1.6094379124341003	1.3678729610610552
A0A0B4J2A2	ppi	4	0.6931471805599453	1.0544523548812847
A0JNW5	ppi	4	0.6931471805599453	0.4846386176766315
A5D8W1	ppi	4	0.6931471805599453	0.9230627604946176
A5YKK6	ppi	4	1.0986122886681096	1.346457175794736
A6H8Y1	ppi	4	0.6931471805599453	1.3129446840016628
A6NFI3	ppi	4	1.791759469228055	0.7595994580844954
A6NKT7	ppi	4	0.6931471805599453	1.5279802927463677
O00116	ppi	4	2.0794415416798357	1.7823135981433675
O00154	ppi	4	2.5649493574615367	1.143899765067395
O00160	ppi	4	1.3862943611198906	1.798604510532661
O00161	ppi	4	0.6931471805599453	1.4980113556572239
O00232	ppi	4	2.6390573296152584	1.7378111110047614
O00264	ppi	4	1.3862943611198906	1.6342127418829016
O00267	ppi	4	2.3025850929940455	1.4832663867120623
O00299	ppi	4	2.6390573296152584	2.436603088019516
O00410	ppi	4	2.5649493574615367	1.9724702130003757
O00411	ppi	4	1.6094379124341003	1.6475582634382873
O00429	ppi	4	1.6094379124341003	1.6307422311210262
O00442	ppi	4	1.3862943611198906	1.4779403171300591
O00468	ppi	4	2.197224577336219	1.797935471193353
O00507	ppi	4	0.6931471805599453	1.752760863298156
O00534	ppi	4	1.3862943611198906	0.46535529173508494
O00541	ppi	4	2.4849066497880004	1.6580068333944518
O00587	ppi	4	1.0986122886681096	1.0169396457996096
O00622	ppi	4	0.6931471805599453	1.5219762626786388
O00635	ppi	4	0.6931471805599453	0.8821329185207077
O00712	ppi	4	1.6094379124341003	1.1291066089339992
O00757	ppi	4	1.3862943611198906	1.444206266154272
O14497	ppi	4	3.1780538303479453	1.6814132113594584
O14576	ppi	4	1.0986122886681096	1.3393863942992899
O14628	ppi	4	1.0986122886681096	0.9312521820495483
O14646	ppi	4	2.3978952727983707	1.969963328168238
O14657	ppi	4	0.6931471805599453	0.9899961429538988
O14734	ppi	4	1.6094379124341003	1.424162833308141
O14753	ppi	4	0.6931471805599453	1.179273221896554
O14773	ppi	4	0.6931471805599453	1.4076721008290094
O14786	ppi	4	0.6931471805599453	1.1333129535825903
O14832	ppi	4	1.9459101490553132	1.3062751638313097
O14896	ppi	4	0.6931471805599453	1.4283203966251974
O14904	ppi	4	0.6931471805599453	0.5746847462309628
O14920	ppi	4	1.3862943611198906	1.1665256595093956
O14936	ppi	4	1.6094379124341003	1.236368131061037
O14980	ppi	4	2.995732273553991	1.6554559895101566
O14983	ppi	4	0.6931471805599453	1.7062207272971328
O15013	ppi	4	0.6931471805599453	0.990367808821603
O15042	ppi	4	3.2188758248682006	2.2449398434991945
O15054	ppi	4	0.6931471805599453	1.6733974434523788
O15066	ppi	4	1.3862943611198906	1.1821978734714123
O15067	ppi	4	0.6931471805599453	1.9795015453555618
O15084	ppi	4	0.6931471805599453	1.2314611382236222
O15131	ppi	4	0.6931471805599453	1.72495950383306
O15145	ppi	4	2.0794415416798357	1.5023745022080202
O15230	ppi	4	2.9444389791664403	1.5668051034874864
O15231	ppi	4	0.6931471805599453	1.3568814236355806
O15265	ppi	4	2.0794415416798357	1.4491236703475574
O15372	ppi	4	2.197224577336219	1.8390368466366875
O15511	ppi	4	1.791759469228055	1.4947295759170383
O43148	ppi	4	2.3978952727983707	1.4821771848225296
O43164	ppi	4	0.6931471805599453	1.1471498013113848
O43166	ppi	4	1.0986122886681096	1.3810400037708148
O43172	ppi	4	1.791759469228055	1.748311027929038
O43264	ppi	4	1.791759469228055	1.663772721062472
O43402	ppi	4	1.0986122886681096	1.5412630982472577
O43623	ppi	4	0.6931471805599453	1.3501144007368897
O43663	ppi	4	1.0986122886681096	1.1646082654449172
O43680	ppi	4	0.6931471805599453	0.7974055006761467
O43707	ppi	4	3.4011973816621555	2.0352506963324517
O43772	ppi	4	0.6931471805599453	0.5447125178475805
O43815	ppi	4	1.6094379124341003	1.3836093953574615
O43918	ppi	4	0.6931471805599453	1.649943185716691
O43920	ppi	4	0.6931471805599453	1.0328936776714581
O60256	ppi	4	1.791759469228055	2.1211411681565755
O60264	ppi	4	3.1780538303479453	1.9943864654212673
O60331	ppi	4	1.0986122886681096	1.2703443123403504
O60443	ppi	4	0.6931471805599453	0.6987749142464094
O60493	ppi	4	1.0986122886681096	1.8127200335378704
O60503	ppi	4	0.6931471805599453	0.7374796737049423
O60518	ppi	4	0.6931471805599453	1.3639338064781084
O60519	ppi	4	0.6931471805599453	1.202168516026984
O60663	ppi	4	1.0986122886681096	0.8869845639348807
O60684	ppi	4	1.0986122886681096	1.7761670024787375
O60687	ppi	4	1.0986122886681096	1.7519747899994313
O60763	ppi	4	2.5649493574615367	1.3899917039569794
O60814	ppi	4	0.6931471805599453	1.7111894029228132
O60832	ppi	4	2.70805020110221	1.4097093589834513
O60885	ppi	4	3.044522437723423	1.7065942978887123
O60927	ppi	4	1.3862943611198906	1.1130209163087152
O60928	ppi	4	0.6931471805599453	0.7054323365221384
O60930	ppi	4	0.6931471805599453	1.59251700341607
O75116	ppi	4	3.332204510175204	1.6304577555299133
O75151	ppi	4	2.3025850929940455	1.5393175619734958
O75362	ppi	4	1.791759469228055	1.4406695069209268
O75368	ppi	4	1.791759469228055	2.0141226829678525
O75391	ppi	4	1.6094379124341003	1.4953004527106089
O75420	ppi	4	0.6931471805599453	1.3123437477219424
O75436	ppi	4	1.791759469228055	1.386738034428088
O75530	ppi	4	1.0986122886681096	1.2887143474719918
O75533	ppi	4	3.1780538303479453	1.8236241232166628
O75648	ppi	4	0.6931471805599453	1.1685842703744382
O75683	ppi	4	1.6094379124341003	1.6600273811406683
O75691	ppi	4	1.791759469228055	1.3634372926699403
O75781	ppi	4	1.0986122886681096	0.8793303475048115
O75828	ppi	4	1.0986122886681096	1.9249326753035456
O75914	ppi	4	0.6931471805599453	1.2567540060696931
O75923	ppi	4	1.3862943611198906	1.8675966377808488
O75935	ppi	4	0.6931471805599453	1.1467080258944686
O75940	ppi	4	1.6094379124341003	2.065867751431699
O75969	ppi	4	1.3862943611198906	0.9387212804391901
O76024	ppi	4	1.0986122886681096	1.2785179144574217
O76031	ppi	4	1.9459101490553132	1.625369614141594
O76062	ppi	4	0.6931471805599453	1.7086105355857277
O94772	ppi	4	0.6931471805599453	1.2174053024037579
O94776	ppi	4	2.5649493574615367	1.8476657624558854
O94782	ppi	4	1.0986122886681096	1.4240179991934931
O94819	ppi	4	0.6931471805599453	1.0179813847036006
O94822	ppi	4	1.3862943611198906	1.2916205671851926
O94830	ppi	4	0.6931471805599453	0.7632257704734391
O94855	ppi	4	2.0794415416798357	1.0887723502751077
O94880	ppi	4	1.791759469228055	1.6496505925240932
O94900	ppi	4	0.6931471805599453	0.7243900739910931
O94901	ppi	4	0.6931471805599453	1.3817020948251937
O94903	ppi	4	2.0794415416798357	1.7774601955378748
O94973	ppi	4	1.0986122886681096	1.4971190020393146
O95104	ppi	4	0.6931471805599453	1.4044805511078216
O95140	ppi	4	0.6931471805599453	1.2060838935699218
O95163	ppi	4	1.791759469228055	1.4398626553591172
O95202	ppi	4	2.4849066497880004	1.7793016189983022
O95219	ppi	4	1.0986122886681096	1.2692209554171392
O95239	ppi	4	2.3025850929940455	1.4994726147148454
O95248	ppi	4	0.6931471805599453	1.293773715244582
O95298	ppi	4	1.0986122886681096	0.9140690568733327
O95302	ppi	4	1.3862943611198906	1.3644406387742907
O95425	ppi	4	1.0986122886681096	1.907656282104359
O95456	ppi	4	2.0794415416798357	1.4627605931187395
O95466	ppi	4	0.6931471805599453	1.3449720183735425
O95470	ppi	4	1.6094379124341003	1.3168122941532714
O95476	ppi	4	0.6931471805599453	0.7908948496258683
O95551	ppi	4	0.6931471805599453	1.3749562922190157
O95602	ppi	4	1.3862943611198906	1.4782740181917096
O95644	ppi	4	1.6094379124341003	1.472250287130593
O95793	ppi	4	1.0986122886681096	1.596936293309677
O95810	ppi	4	2.197224577336219	1.8756037385340303
O95817	ppi	4	1.0986122886681096	1.2776906545545845
O95822	ppi	4	0.6931471805599453	1.4134688404409301
O95831	ppi	4	2.197224577336219	1.7293794088336325
O95833	ppi	4	0.6931471805599453	0.5978202249064152
O95858	ppi	4	0.6931471805599453	0.7813009586014896
O95861	ppi	4	2.0794415416798357	1.1916978937609815
O95989	ppi	4	0.6931471805599453	1.1578135312185764
O95995	ppi	4	1.0986122886681096	0.7969745386838982
O95996	ppi	4	0.6931471805599453	1.2617518773908
O96008	ppi	4	1.0986122886681096	1.4371646172209083
O96017	ppi	4	0.6931471805599453	1.6146045643799203
P00325	ppi	4	3.0910424533583156	1.7591133178676093
P00326	ppi	4	1.0986122886681096	1.5647620059807872
P00450	ppi	4	2.5649493574615367	1.8219061955531681
P00748	ppi	4	0.6931471805599453	1.2139891130126153
P01008	ppi	4	2.0794415416798357	1.5850153351673764
P01009	ppi	4	3.295836866004329	1.4828918351367706
P01024	ppi	4	3.6109179126442243	1.264343718631042
P01034	ppi	4	0.6931471805599453	1.5112090757872112
P01100	ppi	4	1.0986122886681096	1.4083921157537078
P01106	ppi	4	1.6094379124341003	1.4178740137128567
P02452	ppi	4	2.0794415416798357	1.533188754713522
P02538	ppi	4	2.0794415416798357	1.5796106364848586
P02647	ppi	4	2.995732273553991	1.6085819663092185
P02654	ppi	4	1.6094379124341003	1.218149360659162
P02671	ppi	4	2.8903717578961645	1.746306502862852
P02686	ppi	4	2.0794415416798357	1.1803114811507793
P02747	ppi	4	1.0986122886681096	1.0279284743655686
P02768	ppi	4	4.04305126783455	1.5850075940674275
P02775	ppi	4	0.6931471805599453	1.362280597213366
P02787	ppi	4	3.5553480614894135	1.6710316835956196
P03928	ppi	4	1.3862943611198906	1.4276258554984573
P03952	ppi	4	0.6931471805599453	1.4193887444038409
P04083	ppi	4	3.1354942159291497	2.042451417470339
P04632	ppi	4	1.3862943611198906	1.5073820061361007
P04732	ppi	4	1.3862943611198906	1.1843836011546636
P04899	ppi	4	2.197224577336219	1.2971244222923166
P05114	ppi	4	2.197224577336219	1.7594281958782716
P05120	ppi	4	1.0986122886681096	1.4559260211132503
P05129	ppi	4	0.6931471805599453	1.7107932890447866
P05165	ppi	4	2.4849066497880004	1.775464613050001
P05198	ppi	4	2.3025850929940455	1.8939366208771695
P05455	ppi	4	3.2188758248682006	2.2086750397784307
P05556	ppi	4	2.70805020110221	1.4733330784831988
P05997	ppi	4	0.6931471805599453	1.4794041021570206
P06396	ppi	4	2.9444389791664403	2.0281424419387206
P06732	ppi	4	2.70805020110221	1.6625836571595094
P06753	ppi	4	2.833213344056216	2.22168845809657
P06899	ppi	4	0.6931471805599453	1.7369428310179724
P07197	ppi	4	3.1354942159291497	1.818939737228917
P07237	ppi	4	3.0910424533583156	1.922633194229402
P07288	ppi	4	1.0986122886681096	1.4555626126115297
P07327	ppi	4	1.0986122886681096	1.646009347475136
P07451	ppi	4	2.197224577336219	1.4498388323882287
P07585	ppi	4	2.8903717578961645	1.448480778045753
P07741	ppi	4	1.0986122886681096	2.400933134230992
P08579	ppi	4	2.0794415416798357	1.7302168219898542
P08603	ppi	4	2.4849066497880004	1.3443505036130672
P09038	ppi	4	0.6931471805599453	1.356249621293721
P09210	ppi	4	2.197224577336219	1.4242531579664728
P09238	ppi	4	0.6931471805599453	1.6849364167887588
P09471	ppi	4	2.197224577336219	1.1804668518297505
P09601	ppi	4	1.0986122886681096	0.8958936838649318
P0C0L4	ppi	4	2.9444389791664403	1.4561360996209955
P0C7T5	ppi	4	1.3862943611198906	1.0900995296049345
P0CJ78	ppi	4	0.6931471805599453	0.6766266858902283
P0DPB6	ppi	4	0.6931471805599453	1.1728866713248232
P0DPH8	ppi	4	1.0986122886681096	1.7467010573720976
P10746	ppi	4	1.6094379124341003	1.1608854980431045
P10809	ppi	4	3.8066624897703196	2.232336259577851
P11172	ppi	4	1.791759469228055	1.7225978302587392
P11233	ppi	4	0.6931471805599453	1.6981678391675157
P11308	ppi	4	1.0986122886681096	1.5291926953419979
P11908	ppi	4	1.3862943611198906	2.186811262100359
P11940	ppi	4	2.995732273553991	1.8101666233672133
P12109	ppi	4	2.70805020110221	1.2547722539018333
P12110	ppi	4	2.3978952727983707	1.330085342012972
P12235	ppi	4	2.197224577336219	1.7406465713451984
P12236	ppi	4	2.4849066497880004	2.108974467859715
P12955	ppi	4	1.0986122886681096	1.6138344341905115
P12956	ppi	4	3.4011973816621555	2.0090421939549046
P13378	ppi	4	0.6931471805599453	0.4975276461836875
P13611	ppi	4	2.3025850929940455	1.751976921130742
P13639	ppi	4	3.526360524616161	1.9932014407665655
P13647	ppi	4	1.791759469228055	1.9748126586047423
P13671	ppi	4	1.3862943611198906	1.2312289794019744
P13929	ppi	4	2.6390573296152584	2.2468527047199474
P13984	ppi	4	2.0794415416798357	1.30484796176564
P13995	ppi	4	1.9459101490553132	2.411963965901977
P14384	ppi	4	0.6931471805599453	1.6248377258005833
P14866	ppi	4	2.995732273553991	0.44862734538532156
P14921	ppi	4	1.791759469228055	1.412318289293666
P14923	ppi	4	1.3862943611198906	1.78217836739837
P15086	ppi	4	1.791759469228055	1.2465970179420858
P15121	ppi	4	2.70805020110221	2.1161589066563513
P15144	ppi	4	1.0986122886681096	1.5639955201559628
P15153	ppi	4	2.0794415416798357	0.9050097464183386
P15498	ppi	4	1.9459101490553132	1.1184746824852854
P15529	ppi	4	1.0986122886681096	1.2063413616473404
P15559	ppi	4	2.4849066497880004	1.6228234683455494
P16035	ppi	4	0.6931471805599453	1.5278952116430937
P16112	ppi	4	1.0986122886681096	1.514057996011442
P16383	ppi	4	0.6931471805599453	1.4240414094168619
P16402	ppi	4	1.791759469228055	2.407961963017977
P16949	ppi	4	2.833213344056216	1.9873694168167626
P17987	ppi	4	3.044522437723423	1.9581396494537768
P18065	ppi	4	0.6931471805599453	1.3441738324799801
P18283	ppi	4	0.6931471805599453	1.9360575922971055
P18847	ppi	4	0.6931471805599453	1.4533056582570352
P18848	ppi	4	2.0794415416798357	1.1349304133613591
P18850	ppi	4	0.6931471805599453	1.2754975318335804
P18858	ppi	4	1.3862943611198906	1.433748869275006
P19525	ppi	4	1.9459101490553132	1.8380486854848226
P19532	ppi	4	1.0986122886681096	1.3180535809014562
P19971	ppi	4	1.791759469228055	1.3583088482228944
P20042	ppi	4	2.833213344056216	1.8612290239920846
P20226	ppi	4	0.6931471805599453	1.339656230067642
P20591	ppi	4	1.3862943611198906	1.19421658193035
P20908	ppi	4	1.791759469228055	1.4529752692754458
P21246	ppi	4	1.6094379124341003	1.393093229136879
P21333	ppi	4	4.5217885770490405	2.129983368414491
P22003	ppi	4	1.0986122886681096	1.20972979049126
P22033	ppi	4	2.0794415416798357	1.2108833414122349
P22314	ppi	4	3.044522437723423	1.7204803321711288
P22694	ppi	4	1.6094379124341003	1.440068814777148
P22748	ppi	4	1.0986122886681096	1.7065243963996062
P23193	ppi	4	2.0794415416798357	1.475395478096507
P23219	ppi	4	0.6931471805599453	1.3494273026567414
P23229	ppi	4	1.3862943611198906	1.3773440065325246
P23378	ppi	4	1.6094379124341003	1.917114872638755
P23759	ppi	4	0.6931471805599453	1.4352790998360585
P23921	ppi	4	2.3025850929940455	1.5260526642060765
P24043	ppi	4	1.0986122886681096	1.397672600383959
P24539	ppi	4	2.4849066497880004	1.6200270638004135
P24752	ppi	4	3.044522437723423	2.239287655087322
P25054	ppi	4	0.6931471805599453	0.959489264346089
P25311	ppi	4	2.5649493574615367	2.2771508123839643
P25788	ppi	4	2.3025850929940455	1.6871418059336496
P26367	ppi	4	1.0986122886681096	1.2135216209434496
P26368	ppi	4	1.6094379124341003	1.819862423674489
P26447	ppi	4	2.0794415416798357	1.599730737747041
P26717	ppi	4	0.6931471805599453	0.8862293371778315
P27144	ppi	4	1.6094379124341003	1.716192385030117
P27338	ppi	4	1.3862943611198906	1.4526394103809752
P27658	ppi	4	1.0986122886681096	1.2926516168521085
P28065	ppi	4	1.0986122886681096	1.6544446159210835
P28074	ppi	4	1.0986122886681096	1.7851758118536754
P28328	ppi	4	0.6931471805599453	1.5694668922857016
P28347	ppi	4	1.3862943611198906	1.2449070385285639
P28799	ppi	4	0.6931471805599453	1.724354625118282
P28838	ppi	4	2.772588722239781	1.9651622898021759
P29374	ppi	4	1.6094379124341003	1.5578613926294265
P29508	ppi	4	1.791759469228055	1.7821128277425522
P29558	ppi	4	1.0986122886681096	1.4367474245476415
P30044	ppi	4	1.3862943611198906	2.234511572697513
P30085	ppi	4	1.791759469228055	2.3282718552205406
P30520	ppi	4	1.3862943611198906	1.9917241285155423
P30533	ppi	4	2.197224577336219	1.3789840076054591
P31153	ppi	4	2.0794415416798357	2.318025930959966
P31260	ppi	4	0.6931471805599453	1.4575711439474097
P31350	ppi	4	0.6931471805599453	1.1681438026643978
P31483	ppi	4	1.0986122886681096	1.6145342550152253
P31930	ppi	4	2.197224577336219	1.3511476766480817
P31946	ppi	4	2.3978952727983707	1.2774502870713735
P32455	ppi	4	2.3025850929940455	1.0423904068512817
P32780	ppi	4	1.791759469228055	1.2877754545659437
P33241	ppi	4	1.3862943611198906	1.254837141623116
P33316	ppi	4	1.6094379124341003	1.8093694109184577
P33552	ppi	4	0.6931471805599453	1.2920404651929411
P34096	ppi	4	1.0986122886681096	1.4018353712047165
P34932	ppi	4	3.737669618283368	1.7108146050893211
P34949	ppi	4	1.0986122886681096	1.8784510350568806
P35052	ppi	4	1.0986122886681096	2.0199681621582966
P35222	ppi	4	1.3862943611198906	1.4314996116226786
P35244	ppi	4	1.0986122886681096	1.5490022165990185
P35250	ppi	4	1.9459101490553132	1.754984549202931
P35270	ppi	4	1.9459101490553132	1.9279336369929534
P35573	ppi	4	2.5649493574615367	1.7009965455491505
P35580	ppi	4	4.174387269895637	2.1910335397046543
P35611	ppi	4	1.791759469228055	1.6235223459430186
P35790	ppi	4	0.6931471805599453	0.8323083197541423
P35858	ppi	4	1.0986122886681096	1.135429596184617
P35908	ppi	4	1.9459101490553132	1.925057084438816
P36542	ppi	4	2.70805020110221	1.957005685102514
P36578	ppi	4	3.2188758248682006	1.8109241326845724
P36956	ppi	4	1.0986122886681096	1.7332170772364595
P38398	ppi	4	2.0794415416798357	1.4008647151167928
P38935	ppi	4	1.0986122886681096	1.647455662331359
P39060	ppi	4	1.6094379124341003	1.358787570430273
P40227	ppi	4	2.995732273553991	1.8633209345501744
P40818	ppi	4	1.0986122886681096	1.337925499307173
P40855	ppi	4	1.6094379124341003	0.9647574972296189
P40938	ppi	4	2.0794415416798357	1.74453961184508
P41208	ppi	4	0.6931471805599453	1.396274369133921
P41223	ppi	4	1.6094379124341003	1.6502094707208854
P41229	ppi	4	1.6094379124341003	1.379578741176737
P42677	ppi	4	1.0986122886681096	1.7372128075273834
P42858	ppi	4	1.0986122886681096	1.444749381282826
P43003	ppi	4	1.0986122886681096	1.8652527041178102
P43146	ppi	4	0.6931471805599453	0.9868029051972725
P43155	ppi	4	2.6390573296152584	1.5215625988482386
P43686	ppi	4	1.6094379124341003	1.7536959475441818
P45378	ppi	4	0.6931471805599453	1.5886135069003893
P45381	ppi	4	0.6931471805599453	0.89887604350976
P45877	ppi	4	0.6931471805599453	1.5634985348003863
P45954	ppi	4	2.3978952727983707	1.8679793768113147
P46020	ppi	4	0.6931471805599453	1.4138782594766284
P46063	ppi	4	2.70805020110221	2.244773761718667
P46781	ppi	4	2.4849066497880004	1.7358258548572627
P46783	ppi	4	1.6094379124341003	1.9900796593107504
P47985	ppi	4	0.6931471805599453	1.3129529861869471
P48061	ppi	4	1.0986122886681096	1.2597679017040095
P48378	ppi	4	0.6931471805599453	0.5168705859548292
P48426	ppi	4	2.0794415416798357	1.6233050562070097
P48634	ppi	4	2.0794415416798357	1.7657205337887656
P48681	ppi	4	2.197224577336219	1.67146772954545
P48728	ppi	4	0.6931471805599453	1.7970230304048544
P49006	ppi	4	1.6094379124341003	1.4058220141910662
P49137	ppi	4	1.3862943611198906	1.435554766277824
P49207	ppi	4	2.0794415416798357	1.8316787567536377
P49221	ppi	4	0.6931471805599453	0.7222650772596331
P49406	ppi	4	1.3862943611198906	1.3352533925439911
P49454	ppi	4	2.6390573296152584	1.2738556457287606
P49642	ppi	4	0.6931471805599453	1.1250133238701174
P49736	ppi	4	2.833213344056216	1.9799303522404808
P49748	ppi	4	2.70805020110221	2.266061595784393
P49757	ppi	4	1.0986122886681096	1.4089195362418034
P49770	ppi	4	0.6931471805599453	1.385644056008082
P49773	ppi	4	1.791759469228055	2.2129366640991446
P49792	ppi	4	3.8066624897703196	1.6791083450533546
P49915	ppi	4	2.833213344056216	2.127412538120489
P50219	ppi	4	1.0986122886681096	1.4081641693257472
P50440	ppi	4	2.3025850929940455	1.6533949679165985
P50443	ppi	4	1.3862943611198906	0.9153943684123895
P50750	ppi	4	1.0986122886681096	1.6235835682360131
P50895	ppi	4	1.3862943611198906	1.3021983759280398
P51003	ppi	4	1.6094379124341003	1.6322749417591118
P51149	ppi	4	1.3862943611198906	1.5520374798139778
P51160	ppi	4	0.6931471805599453	0.9428200735403942
P51398	ppi	4	2.0794415416798357	1.3302515565934918
P51452	ppi	4	1.0986122886681096	1.1729266767113193
P51617	ppi	4	0.6931471805599453	1.1100305474365832
P51884	ppi	4	2.70805020110221	1.3463880386490912
P51888	ppi	4	2.3025850929940455	1.2991580657208686
P51970	ppi	4	1.791759469228055	1.018252792588997
P52306	ppi	4	2.3025850929940455	0.7485283147153585
P52597	ppi	4	2.0794415416798357	2.0010440211590197
P52655	ppi	4	0.6931471805599453	1.2041688361986715
P52701	ppi	4	2.5649493574615367	1.8393092945696266
P53041	ppi	4	2.197224577336219	1.7697869535800885
P53420	ppi	4	0.6931471805599453	1.4010269203600654
P53567	ppi	4	1.0986122886681096	1.4477885692869419
P53611	ppi	4	1.0986122886681096	0.984923091240999
P53801	ppi	4	0.6931471805599453	1.1597553234984574
P53985	ppi	4	0.6931471805599453	1.8284953215872117
P53992	ppi	4	1.6094379124341003	1.4577611061703184
P54198	ppi	4	1.791759469228055	1.4096041171807978
P54750	ppi	4	1.3862943611198906	1.4738149948644814
P54821	ppi	4	0.6931471805599453	1.088046945457049
P55060	ppi	4	2.9444389791664403	2.3133232122489664
P55072	ppi	4	3.295836866004329	1.4958432095049796
P55198	ppi	4	1.6094379124341003	1.827828772111145
P55201	ppi	4	2.3978952727983707	1.6259831738672879
P55795	ppi	4	0.6931471805599453	1.912589963069263
P55809	ppi	4	2.9444389791664403	1.9074872917827341
P56192	ppi	4	2.0794415416798357	2.310256330857806
P56270	ppi	4	1.791759469228055	1.9252466882270247
P56545	ppi	4	1.3862943611198906	1.2070741153582318
P56693	ppi	4	1.0986122886681096	0.9977498582335289
P57740	ppi	4	1.6094379124341003	1.7968548130540098
P59768	ppi	4	0.6931471805599453	1.0129426918614741
P60059	ppi	4	0.6931471805599453	1.1836716843414345
P60468	ppi	4	0.6931471805599453	1.39783513829805
P60709	ppi	4	0.6931471805599453	1.8458420672009999
P60866	ppi	4	1.791759469228055	1.8436178667698477
P61020	ppi	4	0.6931471805599453	1.3752642275789804
P61024	ppi	4	1.0986122886681096	1.0419500568738476
P61158	ppi	4	2.6390573296152584	1.9059390159590572
P61163	ppi	4	1.6094379124341003	1.815537066496526
P61204	ppi	4	1.3862943611198906	2.0058852966800926
P61289	ppi	4	2.0794415416798357	1.2458718818081518
P61923	ppi	4	1.0986122886681096	1.5983055769611003
P61927	ppi	4	1.6094379124341003	1.6739128098967202
P61970	ppi	4	1.0986122886681096	1.641164133539744
P62195	ppi	4	2.5649493574615367	1.6275742952518146
P62241	ppi	4	2.3978952727983707	1.8472647581153145
P62316	ppi	4	1.791759469228055	1.6711518766373397
P62328	ppi	4	2.0794415416798357	1.8998698934093392
P62491	ppi	4	1.0986122886681096	1.3866046894369901
P62745	ppi	4	1.0986122886681096	1.0813375676751624
P62805	ppi	4	2.3025850929940455	1.4533364261004604
P62834	ppi	4	1.0986122886681096	1.3830737084388587
P62854	ppi	4	1.3862943611198906	1.8307135509130388
P62857	ppi	4	0.6931471805599453	1.7853710699147525
P62873	ppi	4	1.791759469228055	1.1701617327105298
P62910	ppi	4	2.0794415416798357	1.9237188198190793
P62913	ppi	4	2.3025850929940455	1.8067156392895063
P62942	ppi	4	1.791759469228055	1.3195800560221131
P62993	ppi	4	2.3025850929940455	1.2470728809655778
P63010	ppi	4	2.4849066497880004	1.5874337301715133
P63146	ppi	4	0.6931471805599453	1.422967324289187
P63220	ppi	4	1.791759469228055	1.7815502126523006
P63241	ppi	4	1.791759469228055	1.60884312108937
P63279	ppi	4	1.791759469228055	1.6087719084384027
P68036	ppi	4	2.197224577336219	1.498255098521354
P68366	ppi	4	1.3862943611198906	2.0297672190640443
P68371	ppi	4	2.0794415416798357	2.1205159344650344
P78318	ppi	4	1.6094379124341003	1.7203708000556786
P78330	ppi	4	1.3862943611198906	1.56780715990059
P78364	ppi	4	0.6931471805599453	1.3596721797282465
P78417	ppi	4	2.833213344056216	1.4618590796749074
P78539	ppi	4	1.791759469228055	1.505200554366703
P78545	ppi	4	1.3862943611198906	1.1903661566765924
P78549	ppi	4	0.6931471805599453	1.5182485109472244
P82673	ppi	4	1.0986122886681096	1.5121426216683183
P82921	ppi	4	0.6931471805599453	1.3253080417517058
P82932	ppi	4	1.3862943611198906	1.4355867426650442
P82987	ppi	4	0.6931471805599453	1.1023807041352145
P83916	ppi	4	2.0794415416798357	1.7248074188288565
P84022	ppi	4	1.0986122886681096	1.4783052794450777
P84090	ppi	4	1.6094379124341003	1.881013426998357
P84098	ppi	4	2.4849066497880004	1.865987650388647
P84101	ppi	4	1.3862943611198906	1.2894560895944953
P98194	ppi	4	0.6931471805599453	1.9662735999492122
Q00526	ppi	4	0.6931471805599453	1.2576362597067927
Q00577	ppi	4	2.3025850929940455	1.7179769963159988
Q00765	ppi	4	1.6094379124341003	0.8823728070295176
Q01085	ppi	4	1.3862943611198906	1.6183078137948088
Q01130	ppi	4	1.6094379124341003	1.8483249046578625
Q01432	ppi	4	1.0986122886681096	1.353722981764124
Q01484	ppi	4	2.6390573296152584	1.5650721457327235
Q01546	ppi	4	0.6931471805599453	1.9399750934249125
Q01650	ppi	4	0.6931471805599453	1.8237509518265347
Q01780	ppi	4	2.197224577336219	1.8267712007739536
Q01968	ppi	4	1.0986122886681096	1.0310053692513872
Q02040	ppi	4	1.0986122886681096	1.9797739513594288
Q02252	ppi	4	2.8903717578961645	1.7940730243974228
Q02447	ppi	4	1.0986122886681096	1.1533846621949304
Q02539	ppi	4	1.3862943611198906	1.569768116557242
Q02818	ppi	4	2.0794415416798357	1.6996506901069428
Q03518	ppi	4	1.0986122886681096	1.6641324592369908
Q03701	ppi	4	1.791759469228055	1.331668745355051
Q03989	ppi	4	0.6931471805599453	1.1057331722000396
Q04206	ppi	4	2.0794415416798357	1.4150976145236693
Q04637	ppi	4	3.1354942159291497	1.7937827172323724
Q04721	ppi	4	0.6931471805599453	1.3801700225253883
Q04724	ppi	4	1.9459101490553132	0.9336250667419073
Q04760	ppi	4	1.6094379124341003	1.925359807311675
Q04864	ppi	4	0.6931471805599453	1.186876019895195
Q05084	ppi	4	1.0986122886681096	1.1401948216311049
Q05397	ppi	4	1.0986122886681096	1.294109033631832
Q05682	ppi	4	3.044522437723423	2.031099515228172
Q06136	ppi	4	0.6931471805599453	1.0210487498081386
Q06265	ppi	4	1.9459101490553132	1.84160840278475
Q06330	ppi	4	0.6931471805599453	1.1902494617730375
Q06546	ppi	4	1.3862943611198906	1.1310267407548733
Q06710	ppi	4	0.6931471805599453	0.9550918997773632
Q06787	ppi	4	1.791759469228055	1.560185685485305
Q06828	ppi	4	1.0986122886681096	1.0995565227922741
Q06830	ppi	4	2.70805020110221	2.3615457530305894
Q07507	ppi	4	1.0986122886681096	1.1552425490611393
Q07954	ppi	4	1.791759469228055	1.6551751642793084
Q08752	ppi	4	2.6390573296152584	1.7187707727706125
Q08AF3	ppi	4	1.791759469228055	1.4091314294273518
Q0IIM8	ppi	4	1.0986122886681096	1.1518295247840211
Q0VFZ6	ppi	4	1.3862943611198906	1.159653366134352
Q0ZGT2	ppi	4	1.3862943611198906	1.718060010305679
Q10471	ppi	4	1.6094379124341003	1.250052607325253
Q10570	ppi	4	1.6094379124341003	1.200263353838555
Q10571	ppi	4	1.6094379124341003	1.0184685604758261
Q12765	ppi	4	1.6094379124341003	0.8782150751189863
Q12788	ppi	4	1.791759469228055	1.53831632742108
Q12792	ppi	4	1.791759469228055	2.026081459989574
Q12797	ppi	4	1.791759469228055	1.6714393841422537
Q12830	ppi	4	2.4849066497880004	2.0925630755538736
Q12955	ppi	4	1.791759469228055	1.3633958412210025
Q12959	ppi	4	1.0986122886681096	1.04144811939224
Q13029	ppi	4	1.6094379124341003	1.2819605509636507
Q13107	ppi	4	1.0986122886681096	1.2472963795416498
Q13111	ppi	4	1.3862943611198906	1.6161145058155966
Q13129	ppi	4	0.6931471805599453	1.2241714382154958
Q13151	ppi	4	2.197224577336219	2.2716412256283416
Q13188	ppi	4	1.0986122886681096	1.1537920985418522
Q13200	ppi	4	2.5649493574615367	1.955813505506864
Q13207	ppi	4	0.6931471805599453	1.3001368529391693
Q13217	ppi	4	1.791759469228055	1.4069853221509672
Q13227	ppi	4	1.0986122886681096	1.114399640085634
Q13232	ppi	4	1.0986122886681096	1.2664954624202913
Q13247	ppi	4	1.6094379124341003	1.983283861477544
Q13275	ppi	4	0.6931471805599453	1.140084096761039
Q13362	ppi	4	1.6094379124341003	1.1443313046057846
Q13363	ppi	4	1.0986122886681096	1.2403778946333714
Q13367	ppi	4	0.6931471805599453	1.213972136595999
Q13423	ppi	4	3.1780538303479453	1.456758329650533
Q13426	ppi	4	1.0986122886681096	1.5284164803322386
Q13428	ppi	4	3.828641396489095	2.09514542033643
Q13451	ppi	4	2.6390573296152584	1.3592435081995118
Q13459	ppi	4	1.791759469228055	1.420691755789055
Q13495	ppi	4	0.6931471805599453	1.3689074885622736
Q13505	ppi	4	1.0986122886681096	0.9673697420028136
Q13510	ppi	4	2.0794415416798357	0.5564279237272559
Q13516	ppi	4	1.0986122886681096	0.6294831297090762
Q13547	ppi	4	2.5649493574615367	1.4004693722785453
Q13576	ppi	4	1.6094379124341003	1.5130603479139544
Q13615	ppi	4	0.6931471805599453	1.1671035421718539
Q13618	ppi	4	2.6390573296152584	1.179031369658266
Q13619	ppi	4	2.3978952727983707	1.4471085441622766
Q13753	ppi	4	2.70805020110221	1.3676006391214115
Q13835	ppi	4	0.6931471805599453	1.6113465534094433
Q13884	ppi	4	0.6931471805599453	1.4562641495402002
Q13885	ppi	4	1.6094379124341003	2.122744391350216
Q13887	ppi	4	1.3862943611198906	1.6053000543054792
Q13895	ppi	4	1.0986122886681096	1.4690165747667976
Q14012	ppi	4	1.6094379124341003	1.2253069310392113
Q14061	ppi	4	1.791759469228055	1.2273764748144422
Q14135	ppi	4	0.6931471805599453	0.8345175956829922
Q14140	ppi	4	1.0986122886681096	1.098929555605634
Q14157	ppi	4	2.3978952727983707	1.3868593506194626
Q14161	ppi	4	0.6931471805599453	1.0499545901725813
Q14188	ppi	4	1.0986122886681096	1.4003477162077933
Q14315	ppi	4	3.8918202981106265	1.8823879092449283
Q14344	ppi	4	0.6931471805599453	1.40236440509936
Q14409	ppi	4	0.6931471805599453	1.6648999997600331
Q14508	ppi	4	1.3862943611198906	1.4545178163171026
Q14558	ppi	4	1.3862943611198906	2.1595788854993314
Q14571	ppi	4	2.0794415416798357	1.4251606960358438
Q14588	ppi	4	0.6931471805599453	1.3459623383069277
Q14669	ppi	4	2.197224577336219	1.6577977191148554
Q14691	ppi	4	1.0986122886681096	1.4842582083380098
Q14696	ppi	4	0.6931471805599453	1.4472069707242217
Q14764	ppi	4	2.3978952727983707	1.8207312434348628
Q14767	ppi	4	0.6931471805599453	1.2407696110493376
Q14807	ppi	4	0.6931471805599453	1.4132255834705734
Q14CZ7	ppi	4	1.3862943611198906	2.0356367269040927
Q15004	ppi	4	1.6094379124341003	1.611768341777987
Q15008	ppi	4	1.3862943611198906	1.7528674724797415
Q15020	ppi	4	2.5649493574615367	1.8050816391740736
Q15058	ppi	4	1.0986122886681096	1.0311423141849088
Q15059	ppi	4	2.3025850929940455	1.4404529263469796
Q15067	ppi	4	2.995732273553991	1.6930797001269149
Q15084	ppi	4	2.197224577336219	2.1969903152503947
Q15109	ppi	4	1.791759469228055	1.4104054126645353
Q15131	ppi	4	0.6931471805599453	1.5460582968876362
Q15165	ppi	4	1.0986122886681096	1.3269022550145373
Q15276	ppi	4	1.0986122886681096	0.9297590475679237
Q15286	ppi	4	1.0986122886681096	1.4373586149116255
Q15287	ppi	4	1.9459101490553132	1.6781312350280313
Q15306	ppi	4	0.6931471805599453	1.3796623629240352
Q15345	ppi	4	1.0986122886681096	1.2191178934692404
Q15365	ppi	4	1.9459101490553132	2.159660542630223
Q15369	ppi	4	0.6931471805599453	1.4235907224797475
Q15393	ppi	4	2.5649493574615367	1.9493174368192472
Q15459	ppi	4	2.8903717578961645	1.9050915464579963
Q15544	ppi	4	0.6931471805599453	1.3691190379269143
Q15554	ppi	4	1.3862943611198906	1.2350155510188974
Q15723	ppi	4	0.6931471805599453	0.8064167809872322
Q15788	ppi	4	2.3025850929940455	1.2588538268875162
Q15819	ppi	4	1.6094379124341003	1.5496815954727405
Q15915	ppi	4	1.0986122886681096	1.3296166134173928
Q16254	ppi	4	0.6931471805599453	1.3067720363534976
Q16527	ppi	4	1.9459101490553132	2.0141063927983143
Q16537	ppi	4	1.3862943611198906	0.9644016773761801
Q16568	ppi	4	0.6931471805599453	1.9746321929366892
Q16625	ppi	4	0.6931471805599453	1.3536214240422906
Q16649	ppi	4	1.0986122886681096	1.1528692185097575
Q16665	ppi	4	1.3862943611198906	1.5040419734300212
Q16670	ppi	4	0.6931471805599453	0.917251964068194
Q16698	ppi	4	2.197224577336219	2.175234521486218
Q16762	ppi	4	1.6094379124341003	2.1495532902515437
Q16763	ppi	4	1.0986122886681096	1.4547931069375775
Q16774	ppi	4	1.3862943611198906	1.1593663185508072
Q16799	ppi	4	1.3862943611198906	1.023664551507917
Q16831	ppi	4	1.0986122886681096	1.6584628710111367
Q16851	ppi	4	2.772588722239781	1.7929348358578316
Q17RW2	ppi	4	0.6931471805599453	1.211940643589159
Q1RMZ1	ppi	4	0.6931471805599453	0.480699935003956
Q2M1Z3	ppi	4	0.6931471805599453	0.9756513396854621
Q2M2I8	ppi	4	0.6931471805599453	1.3586825425761313
Q2NL82	ppi	4	1.3862943611198906	1.6605224534818461
Q2TAL8	ppi	4	0.6931471805599453	1.498001961286615
Q32M78	ppi	4	0.6931471805599453	1.5294228235346972
Q3KQU3	ppi	4	0.6931471805599453	1.848847261267381
Q3KQZ1	ppi	4	0.6931471805599453	0.7865964711109162
Q4G0X9	ppi	4	0.6931471805599453	0.9985482152035877
Q4G176	ppi	4	1.3862943611198906	1.1380535276277028
Q4L180	ppi	4	1.3862943611198906	0.9924896297729757
Q4L235	ppi	4	0.6931471805599453	1.0171716900128271
Q4LE39	ppi	4	2.197224577336219	1.712107879348429
Q53EZ4	ppi	4	0.6931471805599453	1.2767217950943253
Q53F19	ppi	4	1.0986122886681096	1.6055689536865305
Q53GA4	ppi	4	0.6931471805599453	1.6423743667028259
Q53H82	ppi	4	1.9459101490553132	1.1048666073244648
Q53HL2	ppi	4	0.6931471805599453	2.001536721080148
Q53R41	ppi	4	1.6094379124341003	1.3652997497037418
Q53T59	ppi	4	0.6931471805599453	1.1378306334977846
Q562R1	ppi	4	0.6931471805599453	1.9178232254357463
Q5EB52	ppi	4	1.0986122886681096	1.1043961319320799
Q5HY92	ppi	4	1.0986122886681096	0.8718920258628249
Q5JQC9	ppi	4	1.9459101490553132	1.3685009601107396
Q5JST6	ppi	4	2.0794415416798357	1.058176867135434
Q5JTZ9	ppi	4	0.6931471805599453	1.7426192863110739
Q5JVG2	ppi	4	0.6931471805599453	1.4005357512284644
Q5K651	ppi	4	1.791759469228055	1.981660955422504
Q5KU26	ppi	4	1.0986122886681096	0.9812737691840216
Q5M775	ppi	4	1.3862943611198906	1.6540821989772954
Q5QJ74	ppi	4	1.3862943611198906	0.9652153613508336
Q5QJE6	ppi	4	1.6094379124341003	1.5153720401594204
Q5SQI0	ppi	4	1.9459101490553132	1.0194460986361014
Q5SWX8	ppi	4	1.0986122886681096	1.2498856174604258
Q5SXH7	ppi	4	0.6931471805599453	1.1375725402202002
Q5SXM2	ppi	4	0.6931471805599453	1.2589884544641992
Q5SY16	ppi	4	1.6094379124341003	1.847633618681535
Q5T1C6	ppi	4	1.0986122886681096	0.9795893924085346
Q5T1M5	ppi	4	1.9459101490553132	1.3158561070022863
Q5T1R4	ppi	4	0.6931471805599453	1.400628571526776
Q5T447	ppi	4	0.6931471805599453	1.1650973892803789
Q5T4F7	ppi	4	1.0986122886681096	0.9094062294277794
Q5T5C0	ppi	4	0.6931471805599453	1.1440648013820016
Q5T5X7	ppi	4	1.6094379124341003	1.3126974804160856
Q5T6F0	ppi	4	0.6931471805599453	1.0635402832453615
Q5TAQ9	ppi	4	1.3862943611198906	1.3213286972066862
Q5TAX3	ppi	4	1.6094379124341003	1.0364106528027035
Q5TBA9	ppi	4	0.6931471805599453	1.5250562315976952
Q5TDH0	ppi	4	0.6931471805599453	1.51391727897773
Q5TF21	ppi	4	0.6931471805599453	0.659809538628295
Q5THK1	ppi	4	1.3862943611198906	1.1660648309511077
Q5U5X0	ppi	4	1.0986122886681096	1.292642580986262
Q5VT66	ppi	4	1.0986122886681096	1.1384507960914565
Q5VTR2	ppi	4	2.6390573296152584	1.5999979679706828
Q5VV41	ppi	4	0.6931471805599453	0.9019371445716978
Q5VW36	ppi	4	1.791759469228055	1.343442430188377
Q5VZF2	ppi	4	1.0986122886681096	1.3455849546693976
Q5VZK9	ppi	4	1.3862943611198906	1.3099920752001972
Q641Q2	ppi	4	0.6931471805599453	1.4882845781826175
Q658L1	ppi	4	1.3862943611198906	1.2740078639988834
Q658P3	ppi	4	1.0986122886681096	0.6474309450845006
Q66GS9	ppi	4	1.0986122886681096	0.900172152323057
Q66K14	ppi	4	0.6931471805599453	0.9559518761536686
Q684P5	ppi	4	0.6931471805599453	1.149047342636511
Q68DQ2	ppi	4	0.6931471805599453	1.5697004401205992
Q69YN2	ppi	4	1.3862943611198906	1.7480377680471468
Q69YN4	ppi	4	1.3862943611198906	0.6500957800033014
Q6AI08	ppi	4	0.6931471805599453	0.9938966629526631
Q6DN90	ppi	4	1.0986122886681096	1.670913775288283
Q6GPH4	ppi	4	0.6931471805599453	1.2456998393584064
Q6IAA8	ppi	4	0.6931471805599453	0.8057697821258518
Q6IBW4	ppi	4	1.0986122886681096	1.6829289360615989
Q6IE81	ppi	4	2.0794415416798357	1.5470393880487237
Q6IV72	ppi	4	0.6931471805599453	1.0884478817266108
Q6JQN1	ppi	4	0.6931471805599453	1.128302225421855
Q6KC79	ppi	4	3.3672958299864737	1.9809313705586393
Q6MZP7	ppi	4	2.3025850929940455	1.4013090280645497
Q6NSI4	ppi	4	0.6931471805599453	1.8631935848736694
Q6NT76	ppi	4	0.6931471805599453	0.9515422469808903
Q6NUK1	ppi	4	2.4849066497880004	1.0616517921809936
Q6NUM9	ppi	4	1.3862943611198906	0.8934890872730383
Q6NV74	ppi	4	0.6931471805599453	1.5741413913846347
Q6NZY4	ppi	4	1.0986122886681096	1.7607635991815362
Q6P1L8	ppi	4	0.6931471805599453	1.384454634852261
Q6P1R4	ppi	4	0.6931471805599453	1.0748636343664857
Q6P2C8	ppi	4	1.0986122886681096	1.0486679347273995
Q6P4R8	ppi	4	2.0794415416798357	1.4898903075832273
Q6P996	ppi	4	2.3978952727983707	1.2141786415869096
Q6P9F7	ppi	4	1.0986122886681096	0.6684509588887912
Q6PCE3	ppi	4	1.6094379124341003	2.046992113008826
Q6PGP7	ppi	4	1.791759469228055	1.772839035260455
Q6PJ69	ppi	4	0.6931471805599453	1.4956866804936804
Q6PUV4	ppi	4	1.0986122886681096	0.8125602689879948
Q6RFH5	ppi	4	0.6931471805599453	1.457913562375645
Q6URK8	ppi	4	1.0986122886681096	1.386473919328177
Q6UW63	ppi	4	1.0986122886681096	0.8852986127629714
Q6UWP7	ppi	4	1.3862943611198906	0.5245746642372526
Q6UXI9	ppi	4	1.3862943611198906	1.4506992487811656
Q6VN20	ppi	4	1.3862943611198906	1.6073515019542954
Q6ZSB9	ppi	4	0.6931471805599453	0.7104561038021486
Q6ZSZ5	ppi	4	1.0986122886681096	1.0862412372044894
Q6ZU65	ppi	4	2.6390573296152584	1.4247449934990524
Q6ZW49	ppi	4	1.3862943611198906	1.5608180616686393
Q709F0	ppi	4	1.3862943611198906	1.0861078349563582
Q70J99	ppi	4	0.6931471805599453	1.6882722802897567
Q70Z53	ppi	4	1.3862943611198906	1.6202716462548619
Q71F56	ppi	4	1.9459101490553132	1.2114641009953184
Q71RC2	ppi	4	1.3862943611198906	1.807434806969933
Q76N32	ppi	4	0.6931471805599453	0.9852379683305919
Q7KZ85	ppi	4	2.3978952727983707	1.5157299056236326
Q7L2E3	ppi	4	2.3025850929940455	2.2535700425536627
Q7L592	ppi	4	0.6931471805599453	0.9692456275401133
Q7Z2T5	ppi	4	1.791759469228055	2.0114749443800153
Q7Z2Z2	ppi	4	1.791759469228055	1.3488481410888853
Q7Z3K6	ppi	4	0.6931471805599453	1.4237413772268943
Q7Z3U7	ppi	4	1.0986122886681096	0.9276613726496588
Q7Z417	ppi	4	1.9459101490553132	2.0082243080996944
Q7Z4H7	ppi	4	1.3862943611198906	1.1490270940954215
Q7Z5K2	ppi	4	2.9444389791664403	1.7722625682727664
Q7Z6G8	ppi	4	0.6931471805599453	0.8631449594952512
Q7Z7G0	ppi	4	1.791759469228055	1.5749522878954023
Q7Z7H5	ppi	4	1.0986122886681096	1.3520014808665881
Q7Z7K0	ppi	4	0.6931471805599453	1.1994994603538822
Q86TC9	ppi	4	0.6931471805599453	1.3810794626705614
Q86TI2	ppi	4	1.6094379124341003	1.2382524279743676
Q86TU7	ppi	4	0.6931471805599453	1.5099038785347767
Q86UE4	ppi	4	2.197224577336219	2.0556688900686475
Q86UL8	ppi	4	1.0986122886681096	0.8043562837123254
Q86UP3	ppi	4	1.0986122886681096	1.401013011319367
Q86UQ0	ppi	4	0.6931471805599453	0.9665497077461596
Q86UR5	ppi	4	0.6931471805599453	1.2034746042595776
Q86UT6	ppi	4	1.0986122886681096	0.8411196555340951
Q86UU0	ppi	4	2.3978952727983707	1.180394776123203
Q86V59	ppi	4	0.6931471805599453	0.8016064742263387
Q86VK4	ppi	4	1.0986122886681096	0.9457213323576581
Q86W56	ppi	4	1.3862943611198906	2.0155409054007825
Q86WB0	ppi	4	1.6094379124341003	1.1483983834158495
Q86WG3	ppi	4	0.6931471805599453	1.381635811308612
Q86X95	ppi	4	1.0986122886681096	1.2529984732742225
Q86XK2	ppi	4	0.6931471805599453	0.7981668358312626
Q86XK3	ppi	4	1.0986122886681096	1.0298012284889002
Q86XN7	ppi	4	1.3862943611198906	1.8105449924944108
Q86XP1	ppi	4	1.6094379124341003	0.6789923279974489
Q86XZ4	ppi	4	0.6931471805599453	1.1684069883562649
Q86Y79	ppi	4	0.6931471805599453	1.249739715840791
Q86YA3	ppi	4	1.3862943611198906	1.3630146986241138
Q86YP4	ppi	4	1.9459101490553132	1.662621592673463
Q8IUE6	ppi	4	0.6931471805599453	1.8446160218056498
Q8IUQ0	ppi	4	0.6931471805599453	1.6439905165476876
Q8IUW5	ppi	4	0.6931471805599453	0.7671326390206671
Q8IVF2	ppi	4	2.70805020110221	1.7958745069011712
Q8IVF7	ppi	4	0.6931471805599453	1.5363273214964515
Q8IVN8	ppi	4	0.6931471805599453	1.184577365958245
Q8IWC1	ppi	4	1.0986122886681096	1.707998827469404
Q8IWI9	ppi	4	2.833213344056216	1.5661216391871138
Q8IWT6	ppi	4	0.6931471805599453	1.23643072243223
Q8IX04	ppi	4	0.6931471805599453	1.2248759669689397
Q8IX07	ppi	4	0.6931471805599453	1.3069747727442642
Q8IXL7	ppi	4	1.0986122886681096	1.4941052028892379
Q8IXW5	ppi	4	0.6931471805599453	1.2987186110933073
Q8IY63	ppi	4	0.6931471805599453	0.8817605197770105
Q8IYB4	ppi	4	0.6931471805599453	1.310618090016078
Q8IYX7	ppi	4	1.3862943611198906	1.4168800694943997
Q8IZL2	ppi	4	1.6094379124341003	1.3068129875685328
Q8IZQ8	ppi	4	1.3862943611198906	1.1846912304290127
Q8N0X4	ppi	4	1.6094379124341003	1.0671837606705963
Q8N0X7	ppi	4	1.791759469228055	1.8181193466876682
Q8N1F7	ppi	4	2.0794415416798357	1.9287217871958413
Q8N1G1	ppi	4	1.791759469228055	0.8275974992543916
Q8N1K5	ppi	4	1.0986122886681096	1.4527561719253288
Q8N1L9	ppi	4	0.6931471805599453	0.9448613412314952
Q8N2C7	ppi	4	0.6931471805599453	1.620286050230387
Q8N302	ppi	4	1.3862943611198906	1.3398025133366585
Q8N3E9	ppi	4	0.6931471805599453	1.2987237572077
Q8N3J9	ppi	4	0.6931471805599453	1.023417645749661
Q8N3P4	ppi	4	1.0986122886681096	0.8396971965255409
Q8N3U4	ppi	4	1.9459101490553132	1.9766252988851032
Q8N3X1	ppi	4	1.791759469228055	1.254507572062026
Q8N3Z6	ppi	4	0.6931471805599453	1.4734121796709143
Q8N4H5	ppi	4	0.6931471805599453	1.248176583641814
Q8N4Q0	ppi	4	0.6931471805599453	1.661869334252788
Q8N4V1	ppi	4	1.0986122886681096	1.3882883537191393
Q8N584	ppi	4	0.6931471805599453	1.7510194433705006
Q8N5C6	ppi	4	1.0986122886681096	1.4761353346464792
Q8N5C8	ppi	4	0.6931471805599453	1.0776968308658563
Q8N5N7	ppi	4	1.0986122886681096	1.251312484580596
Q8N5Y2	ppi	4	1.6094379124341003	1.3877435421884445
Q8N668	ppi	4	0.6931471805599453	1.240071224365697
Q8N9N5	ppi	4	1.0986122886681096	0.9968933233124083
Q8N9N7	ppi	4	1.0986122886681096	0.5834213637843225
Q8N9R8	ppi	4	1.791759469228055	1.391684673071554
Q8NB16	ppi	4	1.6094379124341003	1.5446151704863782
Q8NB90	ppi	4	1.0986122886681096	1.4348920154968123
Q8NBF2	ppi	4	1.0986122886681096	1.3701422851434466
Q8NBQ5	ppi	4	1.9459101490553132	1.587610671810847
Q8NC51	ppi	4	2.6390573296152584	1.635200249444765
Q8NCN4	ppi	4	1.0986122886681096	1.4061591893660288
Q8NCU4	ppi	4	0.6931471805599453	1.164354957852776
Q8ND24	ppi	4	2.197224577336219	1.0397074958456025
Q8NDH2	ppi	4	0.6931471805599453	1.328321867522728
Q8NDT2	ppi	4	1.6094379124341003	1.4795792346096972
Q8NDX5	ppi	4	1.3862943611198906	1.114734041157732
Q8NEB7	ppi	4	0.6931471805599453	0.3729007736548102
Q8NEC7	ppi	4	0.6931471805599453	1.154320009831173
Q8NEZ3	ppi	4	0.6931471805599453	1.0107521543978444
Q8NF50	ppi	4	0.6931471805599453	1.2443632864280536
Q8NFF5	ppi	4	1.0986122886681096	1.1844968837428365
Q8NFZ5	ppi	4	0.6931471805599453	0.7551650141827357
Q8NHQ9	ppi	4	1.3862943611198906	1.5604536945280039
Q8TAE8	ppi	4	0.6931471805599453	1.353878939444856
Q8TB03	ppi	4	0.6931471805599453	1.447157645746052
Q8TC12	ppi	4	0.6931471805599453	1.221782545498693
Q8TCG5	ppi	4	0.6931471805599453	0.9776196912371022
Q8TCU6	ppi	4	1.0986122886681096	1.3031408687840964
Q8TD26	ppi	4	0.6931471805599453	1.469530147652342
Q8TD43	ppi	4	0.6931471805599453	1.4019311098967373
Q8TDJ6	ppi	4	1.6094379124341003	1.0544480808123153
Q8TDL5	ppi	4	1.0986122886681096	1.1993178382633698
Q8TDW0	ppi	4	1.0986122886681096	1.0080770100731478
Q8TED1	ppi	4	0.6931471805599453	1.8155786227108293
Q8TEK3	ppi	4	1.6094379124341003	1.7230224530260765
Q8TEW8	ppi	4	0.6931471805599453	0.82015822396447
Q8TEX9	ppi	4	1.0986122886681096	2.1745874570666555
Q8TF40	ppi	4	0.6931471805599453	1.2167072690184007
Q8TF68	ppi	4	0.6931471805599453	1.4974436690914963
Q8WUA4	ppi	4	0.6931471805599453	1.2668214049258215
Q8WUK0	ppi	4	0.6931471805599453	1.2956599320693554
Q8WV28	ppi	4	0.6931471805599453	0.9544616421019672
Q8WVR3	ppi	4	0.6931471805599453	0.7809448791744718
Q8WW24	ppi	4	1.6094379124341003	1.3140353550561115
Q8WW33	ppi	4	0.6931471805599453	0.7431276576780041
Q8WW59	ppi	4	1.791759469228055	2.035519089459458
Q8WWB3	ppi	4	0.6931471805599453	1.4758762985268765
Q8WWU7	ppi	4	0.6931471805599453	1.4501256880928075
Q8WY36	ppi	4	0.6931471805599453	0.9988773254836802
Q8WZ64	ppi	4	0.6931471805599453	1.3093240166424065
Q92504	ppi	4	0.6931471805599453	1.81950240285046
Q92551	ppi	4	0.6931471805599453	1.0825467580890986
Q92585	ppi	4	2.70805020110221	1.45133791401439
Q92608	ppi	4	2.197224577336219	0.9184405642613013
Q92609	ppi	4	1.0986122886681096	1.4018988759274813
Q92613	ppi	4	3.044522437723423	1.3478059636198954
Q92623	ppi	4	0.6931471805599453	1.0158073640363678
Q92625	ppi	4	0.6931471805599453	0.8363390067020183
Q92736	ppi	4	0.6931471805599453	1.2149865480652529
Q92743	ppi	4	2.197224577336219	1.3020508067757899
Q92777	ppi	4	1.3862943611198906	1.4563089739571473
Q92802	ppi	4	1.0986122886681096	1.1555662746893556
Q92804	ppi	4	1.6094379124341003	1.902514616483687
Q92833	ppi	4	1.0986122886681096	1.2250210750335335
Q92888	ppi	4	1.0986122886681096	1.311425490535456
Q92905	ppi	4	1.791759469228055	1.3267536961927557
Q92922	ppi	4	3.1354942159291497	1.8656004948281617
Q92954	ppi	4	0.6931471805599453	1.986723632180239
Q93050	ppi	4	1.0986122886681096	1.2422256975526942
Q93079	ppi	4	1.0986122886681096	1.860559988878936
Q969G3	ppi	4	2.197224577336219	1.7246296088046469
Q969G6	ppi	4	0.6931471805599453	0.9772895515133626
Q969H0	ppi	4	1.0986122886681096	1.2163447768162357
Q969H8	ppi	4	1.6094379124341003	1.6174906198491847
Q969M7	ppi	4	1.0986122886681096	1.2457164582982536
Q969S9	ppi	4	1.0986122886681096	1.4547324146597382
Q969V4	ppi	4	1.3862943611198906	1.2503758063284727
Q96A72	ppi	4	1.6094379124341003	1.6177609006525726
Q96AP7	ppi	4	0.6931471805599453	1.1412993028626575
Q96AQ8	ppi	4	1.3862943611198906	0.85239238687711
Q96AT9	ppi	4	0.6931471805599453	1.1810100808255242
Q96B01	ppi	4	1.3862943611198906	1.0979462229992172
Q96B36	ppi	4	0.6931471805599453	1.177921942623458
Q96BJ3	ppi	4	0.6931471805599453	0.7336389393610669
Q96BM9	ppi	4	0.6931471805599453	1.043141984562311
Q96BN2	ppi	4	0.6931471805599453	1.2550636308297531
Q96BW9	ppi	4	0.6931471805599453	1.4100496176588124
Q96C90	ppi	4	1.0986122886681096	1.71629225279497
Q96CB8	ppi	4	2.4849066497880004	1.5047169675449126
Q96CW5	ppi	4	0.6931471805599453	1.2360143624318152
Q96CW6	ppi	4	0.6931471805599453	1.2125338932928347
Q96DA2	ppi	4	1.0986122886681096	0.9610817757695596
Q96DB5	ppi	4	1.3862943611198906	1.5190132314227156
Q96E11	ppi	4	1.3862943611198906	1.3303231945158618
Q96E29	ppi	4	0.6931471805599453	0.9909993335235694
Q96E39	ppi	4	1.0986122886681096	2.4294492782797437
Q96EK6	ppi	4	2.197224577336219	1.7508564095612629
Q96EL3	ppi	4	1.6094379124341003	1.11515429319464
Q96EN8	ppi	4	0.6931471805599453	1.8132871618623032
Q96ER9	ppi	4	1.3862943611198906	1.3947165316676873
Q96EW2	ppi	4	0.6931471805599453	1.4833460588830534
Q96F63	ppi	4	1.0986122886681096	1.6272887537798062
Q96F85	ppi	4	1.3862943611198906	1.248787183354532
Q96F86	ppi	4	1.0986122886681096	1.1596042657013526
Q96FZ2	ppi	4	1.0986122886681096	1.5319856617081864
Q96G03	ppi	4	2.70805020110221	2.3073016361653984
Q96G25	ppi	4	1.3862943611198906	1.3799797249620769
Q96G75	ppi	4	0.6931471805599453	1.203520748426035
Q96GA3	ppi	4	0.6931471805599453	1.7154910495912752
Q96HJ9	ppi	4	0.6931471805599453	1.272469835903436
Q96HR3	ppi	4	1.0986122886681096	1.307873993984396
Q96I99	ppi	4	2.9444389791664403	1.6997594396307942
Q96IX5	ppi	4	1.0986122886681096	1.765648592638089
Q96JB5	ppi	4	1.3862943611198906	1.4816449476533384
Q96JI7	ppi	4	1.0986122886681096	1.0975699442569982
Q96KC8	ppi	4	0.6931471805599453	1.5355092958336238
Q96L91	ppi	4	3.1354942159291497	1.8033336561231579
Q96LI5	ppi	4	0.6931471805599453	0.925303005170763
Q96LM6	ppi	4	0.6931471805599453	0.45226382680563537
Q96LP2	ppi	4	0.6931471805599453	1.0168251459719828
Q96LR5	ppi	4	1.3862943611198906	1.1020705288215278
Q96MX3	ppi	4	1.3862943611198906	1.3211124811497175
Q96NY7	ppi	4	1.9459101490553132	1.6474054029579297
Q96PP9	ppi	4	0.6931471805599453	1.237751447737032
Q96PU4	ppi	4	1.0986122886681096	1.2158449698397225
Q96Q11	ppi	4	2.197224577336219	1.6380279199506682
Q96Q83	ppi	4	0.6931471805599453	1.5631988235624492
Q96Q89	ppi	4	1.6094379124341003	1.2574437764364874
Q96QC0	ppi	4	2.5649493574615367	1.6970983298345392
Q96QG7	ppi	4	0.6931471805599453	0.7456277124276782
Q96QK1	ppi	4	2.772588722239781	1.4628398623815273
Q96QR8	ppi	4	1.791759469228055	1.767563017900745
Q96RG2	ppi	4	0.6931471805599453	1.1240026199939823
Q96RK4	ppi	4	0.6931471805599453	0.9351881332364532
Q96RP7	ppi	4	1.3862943611198906	1.539110295394638
Q96RS6	ppi	4	0.6931471805599453	1.182864074234923
Q96S55	ppi	4	1.791759469228055	1.4167453324325818
Q96S59	ppi	4	1.3862943611198906	1.6746820038569947
Q96SK2	ppi	4	1.0986122886681096	1.3441312050690954
Q96T58	ppi	4	2.5649493574615367	1.4688188401688531
Q96T76	ppi	4	1.3862943611198906	1.0478476594259787
Q99436	ppi	4	1.9459101490553132	1.8812408668748106
Q99536	ppi	4	1.6094379124341003	2.39776849994195
Q99538	ppi	4	1.0986122886681096	1.7692391485046277
Q99541	ppi	4	0.6931471805599453	1.2883861943886306
Q99592	ppi	4	1.0986122886681096	1.5219557670993047
Q99598	ppi	4	2.197224577336219	0.8049659421065137
Q99611	ppi	4	0.6931471805599453	1.3166321904035097
Q99612	ppi	4	0.6931471805599453	1.3106027142520602
Q99622	ppi	4	1.0986122886681096	0.8206154057055131
Q99700	ppi	4	1.6094379124341003	1.7569733099852891
Q99873	ppi	4	2.197224577336219	1.6571674905146627
Q99933	ppi	4	1.9459101490553132	1.6734732864253326
Q9BPX3	ppi	4	1.6094379124341003	1.9485421965608982
Q9BPZ2	ppi	4	0.6931471805599453	1.8141694920693938
Q9BQ15	ppi	4	0.6931471805599453	1.3117924033955437
Q9BQ39	ppi	4	1.3862943611198906	2.0942953050251063
Q9BQ95	ppi	4	0.6931471805599453	1.2613720426157455
Q9BQI0	ppi	4	1.6094379124341003	1.8842461574752056
Q9BQQ3	ppi	4	0.6931471805599453	1.105469348827858
Q9BQT8	ppi	4	0.6931471805599453	1.121814624750987
Q9BR76	ppi	4	1.6094379124341003	2.223492027955011
Q9BRQ6	ppi	4	1.0986122886681096	1.091903953150061
Q9BRR8	ppi	4	1.0986122886681096	1.3411868767280128
Q9BRT9	ppi	4	0.6931471805599453	1.491633031216551
Q9BRU9	ppi	4	1.3862943611198906	1.3787579960746843
Q9BSJ5	ppi	4	0.6931471805599453	1.6722848080295831
Q9BT23	ppi	4	1.3862943611198906	2.4460470109619057
Q9BT73	ppi	4	0.6931471805599453	1.040748125431838
Q9BUJ2	ppi	4	2.197224577336219	1.9951812431910185
Q9BUL5	ppi	4	1.0986122886681096	1.7248764623972102
Q9BUT9	ppi	4	0.6931471805599453	1.377778686478503
Q9BV19	ppi	4	0.6931471805599453	1.4778611207615948
Q9BVA1	ppi	4	0.6931471805599453	1.7689584903010476
Q9BVC5	ppi	4	1.0986122886681096	1.7208064876620512
Q9BVI0	ppi	4	2.0794415416798357	1.5358915592805908
Q9BVJ6	ppi	4	1.791759469228055	1.523673443955664
Q9BVW5	ppi	4	1.0986122886681096	1.5016102071332653
Q9BW61	ppi	4	0.6931471805599453	1.3070496374661604
Q9BW71	ppi	4	1.6094379124341003	2.050650952305792
Q9BW83	ppi	4	0.6931471805599453	0.8840480924139889
Q9BWT1	ppi	4	1.0986122886681096	1.5361680009004002
Q9BX66	ppi	4	1.0986122886681096	1.7101716799700502
Q9BXS6	ppi	4	2.197224577336219	1.878828858284464
Q9BXT8	ppi	4	0.6931471805599453	1.1914433081236728
Q9BXX0	ppi	4	0.6931471805599453	0.4943969671456384
Q9BYC9	ppi	4	0.6931471805599453	1.3458703195129653
Q9BYN7	ppi	4	0.6931471805599453	0.8328834400252777
Q9BYV1	ppi	4	0.6931471805599453	1.3281714970078373
Q9BYW2	ppi	4	2.0794415416798357	1.6788165755741262
Q9BZF1	ppi	4	0.6931471805599453	1.5898099762640119
Q9BZI1	ppi	4	0.6931471805599453	1.0072899077493769
Q9BZQ8	ppi	4	1.9459101490553132	1.597816047005685
Q9BZX4	ppi	4	0.6931471805599453	0.6587852962642348
Q9C040	ppi	4	1.6094379124341003	0.8991573022789936
Q9C0H9	ppi	4	0.6931471805599453	1.4460321829632936
Q9C0J8	ppi	4	1.791759469228055	1.5429969245733919
Q9C0J9	ppi	4	0.6931471805599453	1.366888350918668
Q9GZT6	ppi	4	1.3862943611198906	1.3359204985297746
Q9GZT9	ppi	4	1.0986122886681096	1.0685067424690802
Q9H078	ppi	4	1.9459101490553132	1.4733699789162304
Q9H089	ppi	4	0.6931471805599453	1.5559756138932657
Q9H098	ppi	4	2.0794415416798357	1.3056199460195024
Q9H0C2	ppi	4	1.0986122886681096	1.638520985077643
Q9H0G5	ppi	4	2.4849066497880004	1.9088520595398246
Q9H0H5	ppi	4	1.0986122886681096	1.5619992708536912
Q9H0N5	ppi	4	1.6094379124341003	1.2471374629713605
Q9H1A4	ppi	4	1.0986122886681096	1.3262121859090925
Q9H1A7	ppi	4	0.6931471805599453	1.0118168872032156
Q9H204	ppi	4	1.6094379124341003	1.293333410466052
Q9H239	ppi	4	1.6094379124341003	1.6741621562784288
Q9H2A2	ppi	4	0.6931471805599453	1.6124579961775467
Q9H2K0	ppi	4	0.6931471805599453	0.8684689835881769
Q9H2Y7	ppi	4	1.0986122886681096	1.454061441666014
Q9H444	ppi	4	2.4849066497880004	1.332587655330595
Q9H4A6	ppi	4	1.6094379124341003	1.0727930253525229
Q9H553	ppi	4	0.6931471805599453	1.0574063555465294
Q9H5H4	ppi	4	0.6931471805599453	1.885202430106576
Q9H5N1	ppi	4	1.0986122886681096	1.449943429871688
Q9H5Q4	ppi	4	1.6094379124341003	1.4194006677744946
Q9H5U6	ppi	4	0.6931471805599453	1.444698303864203
Q9H6F5	ppi	4	2.0794415416798357	2.077015216812911
Q9H6U6	ppi	4	1.3862943611198906	1.228336979700671
Q9H777	ppi	4	0.6931471805599453	1.660014124913701
Q9H7H0	ppi	4	0.6931471805599453	1.0707371955046503
Q9H7S9	ppi	4	1.9459101490553132	0.8876700381544899
Q9H814	ppi	4	1.9459101490553132	1.7312282071934413
Q9H871	ppi	4	1.0986122886681096	1.4361503829022897
Q9H8E8	ppi	4	1.3862943611198906	1.27746233645535
Q9H8H0	ppi	4	1.3862943611198906	1.5051736843188566
Q9H8H3	ppi	4	1.3862943611198906	1.5057414414835815
Q9H8M2	ppi	4	2.197224577336219	1.6311378345162164
Q9H8Y5	ppi	4	1.3862943611198906	1.735293837501121
Q9H910	ppi	4	1.791759469228055	2.1307507916801165
Q9H944	ppi	4	0.6931471805599453	1.2461495176087183
Q9H967	ppi	4	1.6094379124341003	1.8681839101093933
Q9H9A5	ppi	4	1.3862943611198906	1.1691330045477646
Q9HA47	ppi	4	0.6931471805599453	1.178422811257636
Q9HAF1	ppi	4	2.3025850929940455	1.4185877760543695
Q9HAU0	ppi	4	0.6931471805599453	0.9688664255856079
Q9HAU5	ppi	4	1.0986122886681096	1.8277061456371473
Q9HAV7	ppi	4	2.70805020110221	1.5308097903025946
Q9HBG6	ppi	4	0.6931471805599453	1.0963824774094908
Q9HBH1	ppi	4	0.6931471805599453	1.4520277175804395
Q9HBM6	ppi	4	1.3862943611198906	1.3215146419082524
Q9HC84	ppi	4	1.6094379124341003	1.4512904329029577
Q9HCM7	ppi	4	0.6931471805599453	1.1412955070945132
Q9HCN8	ppi	4	0.6931471805599453	1.7673854447510196
Q9HCS4	ppi	4	0.6931471805599453	1.1529840136156195
Q9HCS7	ppi	4	1.6094379124341003	1.6640179755674025
Q9NP72	ppi	4	1.0986122886681096	1.4394971957299794
Q9NP79	ppi	4	1.9459101490553132	1.4943384798582295
Q9NPA8	ppi	4	1.6094379124341003	1.5208972142842325
Q9NPD8	ppi	4	1.0986122886681096	1.4960960568164094
Q9NPG3	ppi	4	3.0910424533583156	1.602377197357478
Q9NPQ8	ppi	4	0.6931471805599453	1.6158972931383415
Q9NQ29	ppi	4	1.6094379124341003	1.4792273882703892
Q9NQ55	ppi	4	1.3862943611198906	1.5982328013042404
Q9NQC7	ppi	4	1.0986122886681096	1.099720551414053
Q9NQG5	ppi	4	1.0986122886681096	1.783437216668141
Q9NQH7	ppi	4	0.6931471805599453	1.8285307034057556
Q9NQV6	ppi	4	0.6931471805599453	1.4321334913456842
Q9NQW7	ppi	4	2.0794415416798357	1.9576152998143757
Q9NQY0	ppi	4	1.3862943611198906	1.1584804082943996
Q9NR30	ppi	4	3.2188758248682006	2.020269834101824
Q9NR33	ppi	4	0.6931471805599453	1.38548513917162
Q9NR99	ppi	4	0.6931471805599453	1.1122204364912975
Q9NRA8	ppi	4	1.3862943611198906	1.3099808996838722
Q9NRG0	ppi	4	1.0986122886681096	1.3567346457184801
Q9NRK6	ppi	4	1.0986122886681096	1.58152565435825
Q9NRN5	ppi	4	0.6931471805599453	1.001079764240608
Q9NRX2	ppi	4	0.6931471805599453	1.240168483718836
Q9NRX4	ppi	4	1.791759469228055	1.7929487013489558
Q9NRY4	ppi	4	1.3862943611198906	1.3469627481177109
Q9NS15	ppi	4	0.6931471805599453	1.2584358094296941
Q9NS37	ppi	4	1.791759469228055	1.1198853653145704
Q9NTK5	ppi	4	2.9444389791664403	2.463633900315675
Q9NUK0	ppi	4	0.6931471805599453	1.8031065836266507
Q9NUQ8	ppi	4	1.6094379124341003	1.4911036723651407
Q9NV35	ppi	4	0.6931471805599453	0.8849289552919348
Q9NV70	ppi	4	1.9459101490553132	1.0298565894810245
Q9NV88	ppi	4	1.0986122886681096	1.3485960057174566
Q9NVC6	ppi	4	1.791759469228055	1.1065423829110612
Q9NVH6	ppi	4	2.0794415416798357	1.4360373620443583
Q9NVI1	ppi	4	1.6094379124341003	1.4441104615051081
Q9NVI7	ppi	4	2.833213344056216	1.507737352335555
Q9NVK5	ppi	4	0.6931471805599453	1.0491710828936336
Q9NVM6	ppi	4	1.3862943611198906	1.6462433987502538
Q9NVP1	ppi	4	2.6390573296152584	1.6594889552533054
Q9NVR0	ppi	4	0.6931471805599453	0.6957554241085342
Q9NVV4	ppi	4	1.791759469228055	1.2317392198788144
Q9NVZ3	ppi	4	1.0986122886681096	1.3766144590888911
Q9NWF9	ppi	4	1.6094379124341003	1.0617641742939101
Q9NWQ8	ppi	4	0.6931471805599453	1.2165097438152146
Q9NWS8	ppi	4	1.0986122886681096	1.068231802875294
Q9NWT1	ppi	4	1.6094379124341003	1.698097876551314
Q9NWU5	ppi	4	0.6931471805599453	1.2463647424043431
Q9NWV8	ppi	4	0.6931471805599453	1.4425385084641948
Q9NWY4	ppi	4	2.197224577336219	1.6695091764822612
Q9NXA8	ppi	4	0.6931471805599453	1.867863575090737
Q9NXG2	ppi	4	2.5649493574615367	1.7055463484085256
Q9NXR7	ppi	4	1.3862943611198906	1.4007884153471915
Q9NXV2	ppi	4	0.6931471805599453	1.2264592082036219
Q9NXV6	ppi	4	2.3025850929940455	1.600934625083423
Q9NY74	ppi	4	0.6931471805599453	1.0319753470278175
Q9NYH9	ppi	4	1.0986122886681096	1.4259756336586267
Q9NYL2	ppi	4	1.0986122886681096	0.9154801177600793
Q9NYU2	ppi	4	1.9459101490553132	2.3073590706642912
Q9NZ01	ppi	4	2.3978952727983707	1.4892457185751566
Q9NZB2	ppi	4	1.791759469228055	1.6357770093955335
Q9NZI5	ppi	4	1.3862943611198906	1.0996081407648224
Q9NZJ0	ppi	4	0.6931471805599453	1.0766319517887533
Q9NZK5	ppi	4	1.0986122886681096	1.236670210468481
Q9NZM4	ppi	4	1.6094379124341003	1.545909709781435
Q9NZN3	ppi	4	0.6931471805599453	1.1675333094670775
Q9NZN5	ppi	4	1.0986122886681096	0.9483912007433991
Q9NZT1	ppi	4	1.0986122886681096	1.4601948858953513
Q9NZT2	ppi	4	1.0986122886681096	1.3558178680824484
Q9P000	ppi	4	0.6931471805599453	1.1046759967994193
Q9P003	ppi	4	0.6931471805599453	1.5351266891585074
Q9P016	ppi	4	2.3978952727983707	1.473277608264205
Q9P0I2	ppi	4	1.0986122886681096	1.3469401864758126
Q9P0K7	ppi	4	2.0794415416798357	1.981597220604164
Q9P0L0	ppi	4	2.197224577336219	1.2178484703340717
Q9P0U4	ppi	4	1.0986122886681096	1.5152149949085616
Q9P0W2	ppi	4	1.6094379124341003	1.4401210857836093
Q9P0Z9	ppi	4	1.3862943611198906	1.5545726399981143
Q9P121	ppi	4	0.6931471805599453	1.3767665062883283
Q9P1F3	ppi	4	1.3862943611198906	1.4014078408734294
Q9P1Z0	ppi	4	1.0986122886681096	1.353669507052021
Q9P212	ppi	4	0.6931471805599453	1.2549505396436385
Q9P253	ppi	4	1.0986122886681096	0.9813442855535506
Q9P258	ppi	4	2.6390573296152584	2.453994661966803
Q9P278	ppi	4	0.6931471805599453	0.8326829706003972
Q9P289	ppi	4	1.6094379124341003	1.3460386979022467
Q9P2F8	ppi	4	1.3862943611198906	0.9275856436856611
Q9P2N5	ppi	4	2.70805020110221	1.7827291539892065
Q9UBB9	ppi	4	2.4849066497880004	1.143024307792875
Q9UBD5	ppi	4	1.791759469228055	1.977669005185389
Q9UBS3	ppi	4	0.6931471805599453	0.8787909538326346
Q9UBT2	ppi	4	2.9444389791664403	1.6084736001197033
Q9UBU7	ppi	4	0.6931471805599453	1.9828525732687101
Q9UBU8	ppi	4	1.3862943611198906	1.5290412045262882
Q9UBU9	ppi	4	1.0986122886681096	1.617717192767331
Q9UDR5	ppi	4	2.5649493574615367	1.7167624538038044
Q9UF56	ppi	4	1.0986122886681096	0.8458734689390095
Q9UFB7	ppi	4	0.6931471805599453	1.048579145779034
Q9UFH2	ppi	4	1.0986122886681096	1.0366727603363532
Q9UFN0	ppi	4	1.9459101490553132	1.4326891681368257
Q9UGI8	ppi	4	2.70805020110221	1.4529963445805707
Q9UH73	ppi	4	0.6931471805599453	1.0413331538679667
Q9UHD1	ppi	4	1.9459101490553132	2.2469779146499604
Q9UHD2	ppi	4	1.0986122886681096	1.2259424836113944
Q9UHG3	ppi	4	1.6094379124341003	1.1854328656662525
Q9UHK0	ppi	4	0.6931471805599453	1.5212671624978849
Q9UHQ1	ppi	4	0.6931471805599453	1.615776702352148
Q9UHV9	ppi	4	1.3862943611198906	1.5391425073041407
Q9UIA9	ppi	4	1.9459101490553132	1.4370973578706778
Q9UIG0	ppi	4	2.9444389791664403	1.9785088972368985
Q9UJ68	ppi	4	0.6931471805599453	1.3677647879180448
Q9UJV3	ppi	4	0.6931471805599453	0.9753280034951006
Q9UJV9	ppi	4	0.6931471805599453	1.8074244072054368
Q9UJY1	ppi	4	0.6931471805599453	1.5494088535275259
Q9UKF6	ppi	4	1.791759469228055	1.607429904432364
Q9UKN8	ppi	4	1.791759469228055	1.711166280753973
Q9UKS7	ppi	4	1.3862943611198906	1.4947126911680764
Q9UKU9	ppi	4	0.6931471805599453	1.8594127360196477
Q9UKV3	ppi	4	2.772588722239781	1.9861880917877537
Q9UL03	ppi	4	1.0986122886681096	1.2036068468140761
Q9UL18	ppi	4	1.6094379124341003	1.2984322376026705
Q9UL63	ppi	4	1.3862943611198906	1.161168288484389
Q9ULD4	ppi	4	2.3025850929940455	1.4411018753115912
Q9ULD9	ppi	4	1.791759469228055	1.2361989702144605
Q9ULJ6	ppi	4	1.6094379124341003	1.1270106989453827
Q9ULP9	ppi	4	1.9459101490553132	1.1292467921270393
Q9ULR0	ppi	4	1.6094379124341003	1.6204828959888657
Q9ULT0	ppi	4	0.6931471805599453	1.2677865425769153
Q9ULU4	ppi	4	2.197224577336219	1.503019378292352
Q9ULU8	ppi	4	1.0986122886681096	0.9624921694088673
Q9UM13	ppi	4	0.6931471805599453	1.1525199551798095
Q9UM54	ppi	4	2.5649493574615367	1.480483294294273
Q9UM82	ppi	4	0.6931471805599453	0.8621067760338388
Q9UMS4	ppi	4	2.3025850929940455	1.7078790171205236
Q9UMX1	ppi	4	0.6931471805599453	1.1259212409387875
Q9UMY4	ppi	4	1.0986122886681096	1.9670563457010384
Q9UNX4	ppi	4	2.0794415416798357	1.515412864544477
Q9UPN3	ppi	4	1.9459101490553132	2.0053583937931636
Q9UPN9	ppi	4	2.197224577336219	1.6898549114559833
Q9UPR0	ppi	4	1.0986122886681096	0.5811281445167567
Q9UPT8	ppi	4	2.3025850929940455	1.4689691777062612
Q9UPU5	ppi	4	0.6931471805599453	1.5710060052155426
Q9UQ16	ppi	4	0.6931471805599453	1.1501868185645319
Q9UQ84	ppi	4	0.6931471805599453	1.3553493736804323
Q9UQE7	ppi	4	3.58351893845611	1.9307671685077428
Q9UQR1	ppi	4	2.6390573296152584	1.4505663473288826
Q9Y221	ppi	4	1.9459101490553132	1.5653362756178157
Q9Y230	ppi	4	2.3025850929940455	1.8905350543978632
Q9Y282	ppi	4	1.0986122886681096	0.5744639542073954
Q9Y295	ppi	4	1.9459101490553132	1.8817520029263932
Q9Y2D0	ppi	4	1.3862943611198906	1.669641240821544
Q9Y2D9	ppi	4	1.791759469228055	1.090632269502104
Q9Y2H0	ppi	4	1.0986122886681096	0.9553477200330821
Q9Y2I8	ppi	4	0.6931471805599453	1.376962907975243
Q9Y2J8	ppi	4	1.0986122886681096	1.7129877220614984
Q9Y2W1	ppi	4	3.0910424533583156	1.8958794661309586
Q9Y2W2	ppi	4	2.3978952727983707	1.8173478161015137
Q9Y2X7	ppi	4	1.6094379124341003	0.9439217000277045
Q9Y2X9	ppi	4	2.0794415416798357	1.5337570316324167
Q9Y2Z0	ppi	4	2.197224577336219	1.2207636944390652
Q9Y324	ppi	4	0.6931471805599453	1.529211292493946
Q9Y388	ppi	4	0.6931471805599453	1.6017000750463821
Q9Y3C4	ppi	4	1.3862943611198906	0.9359003086592486
Q9Y3C6	ppi	4	1.3862943611198906	1.646931743432677
Q9Y3C8	ppi	4	1.791759469228055	1.5547065085874112
Q9Y3D6	ppi	4	0.6931471805599453	1.229716604695064
Q9Y3P9	ppi	4	2.0794415416798357	1.3499652092240395
Q9Y3X0	ppi	4	0.6931471805599453	1.6156210334803367
Q9Y3Y4	ppi	4	1.3862943611198906	1.5799306520041665
Q9Y4A5	ppi	4	2.3978952727983707	1.3500381994319925
Q9Y4E8	ppi	4	1.6094379124341003	1.5493082699384844
Q9Y4F3	ppi	4	0.6931471805599453	1.1490210918719688
Q9Y4I1	ppi	4	2.0794415416798357	1.4461010858190257
Q9Y4K3	ppi	4	0.6931471805599453	1.1601863796087777
Q9Y4P8	ppi	4	1.3862943611198906	1.145986650320203
Q9Y4W2	ppi	4	1.3862943611198906	1.6626205265512402
Q9Y4Y9	ppi	4	1.3862943611198906	1.3988677730013417
Q9Y534	ppi	4	0.6931471805599453	1.2235908576992511
Q9Y5N6	ppi	4	0.6931471805599453	1.600229315238526
Q9Y5P4	ppi	4	1.0986122886681096	0.8763610192216067
Q9Y5T5	ppi	4	1.0986122886681096	1.3499068856920273
Q9Y5X1	ppi	4	2.0794415416798357	1.7421050235312787
Q9Y606	ppi	4	1.6094379124341003	1.6331983855801968
Q9Y623	ppi	4	0.6931471805599453	1.8097434866897446
Q9Y639	ppi	4	0.6931471805599453	1.0815248270025246
Q9Y657	ppi	4	1.791759469228055	1.927445548709549
Q9Y6A5	ppi	4	1.6094379124341003	1.191103018416244
Q9Y6A9	ppi	4	0.6931471805599453	1.1299095716765368
Q9Y6B7	ppi	4	0.6931471805599453	1.1214982079504814
Q9Y6D5	ppi	4	1.0986122886681096	1.2686588145344107
Q9Y6D6	ppi	4	1.0986122886681096	1.0148000991788944
Q9Y6E2	ppi	4	1.9459101490553132	1.309140480135676
Q9Y6F1	ppi	4	0.6931471805599453	1.6168046022092746
Q9Y6K9	ppi	4	1.3862943611198906	1.0785972210454393
Q9Y6M5	ppi	4	0.6931471805599453	0.7384277061722833
Q9Y6Q3	ppi	4	1.0986122886681096	1.1573103988645461
Q9Y6X8	ppi	4	0.6931471805599453	1.4098944810319072
A0A0U1RQE8	esm	0	0.6931471805599453	1.0922844359458863
A0AV96	esm	0	0.6931471805599453	1.7405656677738044
A0MZ66	esm	0	2.772588722239781	1.5126918013026993
A1X283	esm	0	1.791759469228055	1.4191341281710614
A2RRD8	esm	0	1.0986122886681096	0.9325156898170142
A2RRP1	esm	0	1.791759469228055	1.3764237649136402
A4D1P6	esm	0	1.3862943611198906	1.2157576981362266
A6NHQ2	esm	0	1.6094379124341003	1.684522355769748
A6NHR9	esm	0	3.1354942159291497	1.9438687369092538
A6NKN8	esm	0	0.6931471805599453	1.6252117150723318
A6NNY8	esm	0	0.6931471805599453	0.9111090057505775
A8MU46	esm	0	1.3862943611198906	2.014134558759759
A8MV65	esm	0	0.6931471805599453	0.8502388111309205
B0I1T2	esm	0	2.0794415416798357	1.5216401995613076
O00151	esm	0	2.197224577336219	1.3417803625246871
O00178	esm	0	1.3862943611198906	1.2956523319765325
O00186	esm	0	1.791759469228055	2.043017303008945
O00203	esm	0	1.9459101490553132	1.8733524843099416
O00221	esm	0	0.6931471805599453	0.5015318173502779
O00391	esm	0	1.0986122886681096	0.9166418595110994
O00425	esm	0	1.6094379124341003	2.2612599584802986
O00512	esm	0	2.3978952727983707	2.3969898115494948
O00625	esm	0	1.6094379124341003	1.5899374396079573
O00629	esm	0	0.6931471805599453	1.495793149943578
O00755	esm	0	0.6931471805599453	1.1216648656570989
O00767	esm	0	0.6931471805599453	1.130990522932471
O14523	esm	0	0.6931471805599453	0.5618087136248381
O14524	esm	0	0.6931471805599453	0.6210175727787528
O14531	esm	0	1.6094379124341003	1.877651455535994
O14548	esm	0	0.6931471805599453	1.0608249257955025
O14556	esm	0	1.0986122886681096	2.1661743827821467
O14561	esm	0	1.6094379124341003	1.4328016975644613
O14578	esm	0	1.0986122886681096	1.5618572209891746
O14602	esm	0	0.6931471805599453	1.742929468334753
O14647	esm	0	0.6931471805599453	2.07052660456211
O14672	esm	0	1.0986122886681096	1.64568477986042
O14733	esm	0	1.0986122886681096	1.4214175757367429
O14737	esm	0	2.0794415416798357	1.3250266098069352
O14782	esm	0	0.6931471805599453	1.7011504191257705
O14791	esm	0	0.6931471805599453	0.7101129728155506
O14949	esm	0	0.6931471805599453	1.3386735620867978
O14964	esm	0	2.0794415416798357	1.638652834094072
O14975	esm	0	1.0986122886681096	1.7504394576357825
O14976	esm	0	1.3862943611198906	1.1516088222174545
O15014	esm	0	2.3025850929940455	2.0419684538794356
O15031	esm	0	1.791759469228055	1.444493531435748
O15060	esm	0	0.6931471805599453	1.0834675515812278
O15075	esm	0	2.0794415416798357	1.1415063939735586
O15090	esm	0	0.6931471805599453	1.610171700537548
O15143	esm	0	2.4849066497880004	1.5751659415976733
O15144	esm	0	2.4849066497880004	1.7735337162926736
O15160	esm	0	1.3862943611198906	2.1371995979383405
O15247	esm	0	1.0986122886681096	2.3233077424844453
O15269	esm	0	1.0986122886681096	1.626088871934233
O15305	esm	0	1.9459101490553132	1.7148078059231247
O15381	esm	0	1.3862943611198906	1.6149010025412593
O15460	esm	0	0.6931471805599453	1.3884709716452617
O15498	esm	0	0.6931471805599453	1.0648889910205463
O43149	esm	0	0.6931471805599453	1.1994661223879697
O43167	esm	0	0.6931471805599453	1.1870449312284923
O43169	esm	0	1.0986122886681096	0.8809464174064013
O43181	esm	0	0.6931471805599453	1.1457316736550751
O43236	esm	0	0.6931471805599453	1.6114217938317208
O43290	esm	0	2.4849066497880004	1.8719829896337354
O43379	esm	0	1.6094379124341003	1.0205633704502373
O43395	esm	0	2.0794415416798357	2.0490765485918696
O43414	esm	0	1.0986122886681096	0.7327416352571589
O43439	esm	0	1.3862943611198906	1.1203647705101614
O43513	esm	0	0.6931471805599453	1.1548574929361817
O43521	esm	0	0.6931471805599453	0.27172195109256836
O43598	esm	0	0.6931471805599453	0.9084978191875869
O43639	esm	0	0.6931471805599453	1.0623655503351312
O43808	esm	0	1.0986122886681096	1.3108688269190512
O43809	esm	0	1.791759469228055	1.3052426661153052
O43813	esm	0	1.791759469228055	1.0718623995639793
O43823	esm	0	2.3025850929940455	2.0138132930889303
O60271	esm	0	2.0794415416798357	1.3337621621112061
O60284	esm	0	0.6931471805599453	1.670899814707398
O60287	esm	0	1.3862943611198906	1.39304925368383
O60293	esm	0	1.0986122886681096	1.6063767819889674
O60333	esm	0	0.6931471805599453	1.1404176264343722
O60437	esm	0	2.772588722239781	2.5185924828201967
O60488	esm	0	1.791759469228055	1.9867021734992998
O60496	esm	0	0.6931471805599453	0.793397495823454
O60506	esm	0	2.70805020110221	2.3533707232704675
O60508	esm	0	1.6094379124341003	1.9192682303711308
O60524	esm	0	1.6094379124341003	1.8588042505045104
O60641	esm	0	1.0986122886681096	1.9322044282047084
O60749	esm	0	2.5649493574615367	1.7318884461317818
O60880	esm	0	0.6931471805599453	0.3870541985733529
O60884	esm	0	2.4849066497880004	1.6409711537138283
O60941	esm	0	0.6931471805599453	0.842540987861994
O60942	esm	0	0.6931471805599453	1.758172028762787
O75128	esm	0	0.6931471805599453	0.9904333687831368
O75132	esm	0	0.6931471805599453	1.399922161367414
O75140	esm	0	0.6931471805599453	1.01213855290262
O75146	esm	0	1.0986122886681096	1.9934729099201007
O75155	esm	0	1.3862943611198906	1.8622278415808293
O75208	esm	0	1.6094379124341003	0.991192183919761
O75323	esm	0	2.197224577336219	1.8832297725939855
O75340	esm	0	1.0986122886681096	1.113430674980058
O75365	esm	0	0.6931471805599453	1.449027364540389
O75367	esm	0	2.6390573296152584	1.9843122598822953
O75373	esm	0	0.6931471805599453	0.8585031196809118
O75381	esm	0	0.6931471805599453	1.1610016492074722
O75431	esm	0	0.6931471805599453	1.1206362151509672
O75496	esm	0	1.3862943611198906	0.899944307966944
O75508	esm	0	1.0986122886681096	0.4642994092620487
O75521	esm	0	2.70805020110221	1.7340926280755449
O75525	esm	0	1.3862943611198906	2.017574923046216
O75554	esm	0	1.3862943611198906	1.7030833183725198
O75564	esm	0	1.0986122886681096	1.2036250318029236
O75575	esm	0	0.6931471805599453	1.262698377778061
O75582	esm	0	1.0986122886681096	1.5266772210607267
O75592	esm	0	1.0986122886681096	1.3692335943651206
O75600	esm	0	1.6094379124341003	1.1174031989998063
O75608	esm	0	1.6094379124341003	1.3388104347388998
O75616	esm	0	0.6931471805599453	0.8859728013386995
O75665	esm	0	0.6931471805599453	1.3277019522936346
O75746	esm	0	1.3862943611198906	1.5498225522196984
O75815	esm	0	0.6931471805599453	0.8729793948311274
O75818	esm	0	0.6931471805599453	0.7848230537868446
O75821	esm	0	2.197224577336219	1.9668157730679967
O75822	esm	0	2.3025850929940455	2.088874895750819
O75915	esm	0	0.6931471805599453	0.2685421757578135
O75928	esm	0	1.0986122886681096	1.0793890325600113
O75952	esm	0	0.6931471805599453	1.7130368610400941
O75962	esm	0	1.3862943611198906	1.481774283581921
O76054	esm	0	1.6094379124341003	1.3503682243689357
O94762	esm	0	1.0986122886681096	1.5995124425586553
O94808	esm	0	1.0986122886681096	1.9181969682684958
O94874	esm	0	1.9459101490553132	2.121321619415266
O94906	esm	0	2.772588722239781	2.332549079921031
O94966	esm	0	0.6931471805599453	1.0487097042558629
O95070	esm	0	0.6931471805599453	0.5854954054220183
O95071	esm	0	1.0986122886681096	1.2225653652283093
O95229	esm	0	0.6931471805599453	1.2327158601801027
O95235	esm	0	0.6931471805599453	0.9936872838781071
O95340	esm	0	1.6094379124341003	2.0732452264544112
O95359	esm	0	1.3862943611198906	1.7718168658230473
O95373	esm	0	1.791759469228055	1.9569317549888448
O95379	esm	0	1.0986122886681096	1.3656036013378103
O95433	esm	0	2.197224577336219	1.707592005588469
O95453	esm	0	1.9459101490553132	1.4296300755538869
O95544	esm	0	0.6931471805599453	1.007325331178734
O95678	esm	0	1.0986122886681096	1.8039034269045002
O95757	esm	0	2.772588722239781	2.187945833460624
O95801	esm	0	1.0986122886681096	1.2285255122158643
O95816	esm	0	2.0794415416798357	0.8974651240060565
O95819	esm	0	1.791759469228055	1.5112909971865263
O95825	esm	0	1.6094379124341003	1.3992808300427537
O95983	esm	0	1.6094379124341003	1.2226525101166055
P00167	esm	0	1.791759469228055	1.0961610000957331
P00374	esm	0	1.791759469228055	1.4749246311420225
P00441	esm	0	2.3025850929940455	1.3206199049988794
P00491	esm	0	2.0794415416798357	1.2440545637268186
P00918	esm	0	2.8903717578961645	2.153413320745902
P01833	esm	0	2.8903717578961645	1.146827975294762
P02462	esm	0	1.3862943611198906	0.8904367812409206
P02649	esm	0	1.791759469228055	1.9803493397380443
P02655	esm	0	1.0986122886681096	1.1459817194055346
P02689	esm	0	1.6094379124341003	1.691163973692231
P02750	esm	0	1.0986122886681096	1.3310628722290025
P02760	esm	0	1.791759469228055	1.5835974896692766
P02763	esm	0	1.791759469228055	1.4211211020837164
P02788	esm	0	2.70805020110221	2.5491203473260367
P03973	esm	0	2.0794415416798357	1.176862387235288
P04004	esm	0	1.9459101490553132	1.2397920499926767
P04040	esm	0	2.6390573296152584	2.0085049705612734
P04075	esm	0	2.9444389791664403	2.19228165026549
P04150	esm	0	2.0794415416798357	1.3532502050185602
P04179	esm	0	2.3025850929940455	2.1164813812156225
P04181	esm	0	2.197224577336219	2.0548660223454007
P04198	esm	0	0.6931471805599453	1.3359112234837065
P04259	esm	0	1.0986122886681096	1.9268230011588405
P04279	esm	0	2.70805020110221	1.5918941913116154
P04406	esm	0	3.0910424533583156	2.734899037311026
P04733	esm	0	1.0986122886681096	1.317650022948939
P05023	esm	0	2.9444389791664403	1.7962943081602643
P05090	esm	0	1.9459101490553132	1.8046827105084762
P05187	esm	0	1.6094379124341003	1.321410793047521
P05387	esm	0	2.197224577336219	1.6775184635212934
P05412	esm	0	1.3862943611198906	1.0128239776957744
P05413	esm	0	1.0986122886681096	1.7955203999668203
P05423	esm	0	0.6931471805599453	1.742065268047633
P06703	esm	0	1.9459101490553132	1.1378863626720297
P06748	esm	0	3.0910424533583156	2.252915154114111
P07108	esm	0	2.4849066497880004	2.3201726563838188
P07355	esm	0	3.3672958299864737	2.654745816006966
P07384	esm	0	2.197224577336219	1.645526934985121
P07737	esm	0	2.0794415416798357	2.0853028959356084
P07864	esm	0	1.0986122886681096	1.7431611529427868
P07900	esm	0	3.9318256327243257	2.7210206708338305
P07910	esm	0	2.995732273553991	1.6354685988299829
P07919	esm	0	1.0986122886681096	1.430817121555219
P07942	esm	0	1.6094379124341003	2.151885408324269
P07951	esm	0	3.0910424533583156	2.8565735174111397
P08183	esm	0	0.6931471805599453	1.540094619640228
P08195	esm	0	2.6390573296152584	1.3550569685040388
P08238	esm	0	3.8066624897703196	2.6338635050973567
P08567	esm	0	1.791759469228055	1.1045383351236824
P08631	esm	0	0.6931471805599453	1.3532062814933483
P08729	esm	0	2.772588722239781	1.93612729187708
P09110	esm	0	2.3025850929940455	2.0253479165332395
P09429	esm	0	3.044522437723423	2.6578471403147788
P09488	esm	0	2.3978952727983707	1.8060047553181877
P09493	esm	0	3.2188758248682006	2.8298593482763668
P09619	esm	0	0.6931471805599453	0.5622459159835884
P09622	esm	0	3.2188758248682006	2.865875551408943
P09661	esm	0	2.0794415416798357	1.7810093494380261
P09960	esm	0	2.833213344056216	2.0293895423754185
P0CG39	esm	0	0.6931471805599453	1.2422974909510502
P0DJI8	esm	0	1.0986122886681096	1.5466504334110038
P10412	esm	0	2.0794415416798357	2.6914847674522884
P10599	esm	0	2.197224577336219	2.0068958703714967
P10768	esm	0	2.4849066497880004	1.603100765565978
P10916	esm	0	1.3862943611198906	1.4862196296060475
P11021	esm	0	3.0910424533583156	2.8669133488798226
P11137	esm	0	2.833213344056216	2.519674829789773
P11217	esm	0	2.197224577336219	2.3699030347760877
P11245	esm	0	0.6931471805599453	0.6961639099956992
P11498	esm	0	2.3978952727983707	2.4320410344425776
P11766	esm	0	2.6390573296152584	2.059139146654437
P11802	esm	0	0.6931471805599453	0.7844065042867676
P12111	esm	0	3.6375861597263857	1.9538959125124733
P12268	esm	0	2.5649493574615367	2.1249811540217647
P12277	esm	0	2.70805020110221	2.387367892617247
P12643	esm	0	0.6931471805599453	0.8986859913724414
P12755	esm	0	0.6931471805599453	1.438400242322579
P13051	esm	0	1.6094379124341003	1.3258696061542852
P13073	esm	0	2.197224577336219	1.8993133619302784
P13489	esm	0	2.0794415416798357	1.0392270569230462
P13533	esm	0	1.6094379124341003	3.054370453415026
P13637	esm	0	2.4849066497880004	1.9845962924266902
P13674	esm	0	2.0794415416798357	1.6574605838558847
P13796	esm	0	2.70805020110221	2.5222146719112075
P13987	esm	0	1.3862943611198906	0.6604742470474523
P14324	esm	0	1.3862943611198906	1.3867887562512238
P14555	esm	0	1.791759469228055	1.2814813559642602
P14854	esm	0	1.0986122886681096	1.0155163596732324
P15104	esm	0	1.791759469228055	1.343162891651267
P15531	esm	0	1.6094379124341003	1.7323525166414366
P15882	esm	0	0.6931471805599453	0.9638139507214126
P16220	esm	0	1.0986122886681096	1.151787947421012
P16422	esm	0	1.791759469228055	1.754451814297497
P17029	esm	0	1.3862943611198906	0.981444218240646
P17098	esm	0	1.0986122886681096	0.717746421947456
P17275	esm	0	1.791759469228055	0.8758476169301426
P17655	esm	0	2.3025850929940455	1.728915209264013
P17706	esm	0	1.6094379124341003	0.9756875105229084
P17812	esm	0	2.3025850929940455	1.6110325322649477
P18031	esm	0	1.9459101490553132	1.114728071993474
P18124	esm	0	2.6390573296152584	1.865839537481158
P19367	esm	0	2.995732273553991	2.033343560507604
P19474	esm	0	0.6931471805599453	0.9714263771813846
P19823	esm	0	2.197224577336219	1.8231977485553936
P19827	esm	0	1.9459101490553132	1.631252023344498
P19838	esm	0	1.9459101490553132	1.5410474690581868
P19957	esm	0	0.6931471805599453	0.8611630697686231
P20020	esm	0	2.772588722239781	1.7664872059713297
P20142	esm	0	1.0986122886681096	1.2019424415228457
P20963	esm	0	0.6931471805599453	0.6770314755940132
P21281	esm	0	1.3862943611198906	1.9150374817164266
P21283	esm	0	1.791759469228055	2.021481893421563
P21291	esm	0	2.833213344056216	1.9800664129431267
P21579	esm	0	1.3862943611198906	2.0252756841851665
P21580	esm	0	0.6931471805599453	1.0270084139010864
P21817	esm	0	0.6931471805599453	1.4674674138522186
P22087	esm	0	2.5649493574615367	1.8131111221900396
P22307	esm	0	3.1354942159291497	2.2853910917556206
P22692	esm	0	0.6931471805599453	0.8805926406446906
P23258	esm	0	0.6931471805599453	1.4624464302586149
P23368	esm	0	2.70805020110221	2.1540144130449717
P23497	esm	0	2.0794415416798357	1.56998851656296
P23511	esm	0	1.0986122886681096	1.1936934502609824
P23677	esm	0	0.6931471805599453	0.8506477704872883
P23769	esm	0	0.6931471805599453	1.249802257365129
P23919	esm	0	1.791759469228055	1.2818412982313812
P24941	esm	0	2.0794415416798357	1.0936934687219986
P25325	esm	0	1.3862943611198906	1.6274198822955812
P25440	esm	0	2.70805020110221	1.964409546940064
P25490	esm	0	1.9459101490553132	1.4751315483483414
P25685	esm	0	2.3978952727983707	1.6950237941340478
P25786	esm	0	1.9459101490553132	1.9209759967721827
P25789	esm	0	2.70805020110221	2.1324594748324532
P25815	esm	0	1.9459101490553132	1.2713081133258308
P26358	esm	0	2.995732273553991	1.8911918655978133
P27348	esm	0	2.4849066497880004	1.945214564760413
P27797	esm	0	2.995732273553991	2.308114324301104
P27824	esm	0	3.1780538303479453	2.167847869061657
P28356	esm	0	0.6931471805599453	0.901675682665338
P28676	esm	0	0.6931471805599453	0.7763873808425836
P28702	esm	0	0.6931471805599453	1.1344001398071786
P28715	esm	0	1.9459101490553132	1.548725050340946
P29084	esm	0	1.3862943611198906	1.71524626495149
P29317	esm	0	0.6931471805599453	1.176960287502483
P29350	esm	0	1.6094379124341003	1.616273692464022
P29353	esm	0	0.6931471805599453	0.8427584357193842
P29373	esm	0	2.197224577336219	1.4102075853478913
P29375	esm	0	1.0986122886681096	1.7242572050831895
P29536	esm	0	0.6931471805599453	2.041864129379158
P30046	esm	0	1.0986122886681096	0.6673710856206374
P30084	esm	0	2.3978952727983707	1.863284387813799
P30260	esm	0	1.3862943611198906	1.4012769654568253
P30566	esm	0	2.3978952727983707	1.8310245594946308
P30837	esm	0	2.3025850929940455	2.30095445897855
P31323	esm	0	1.0986122886681096	1.56426316388463
P31689	esm	0	2.70805020110221	1.6888394297424538
P31937	esm	0	2.3978952727983707	2.1762894645427253
P31943	esm	0	2.0794415416798357	1.720443317949822
P31948	esm	0	3.737669618283368	2.6056398289042626
P31949	esm	0	1.9459101490553132	0.9230556139725158
P32243	esm	0	0.6931471805599453	0.8867365594673351
P32456	esm	0	1.6094379124341003	1.9239536672126427
P32519	esm	0	1.9459101490553132	1.6675141034071574
P33527	esm	0	0.6931471805599453	1.3255954866187774
P34896	esm	0	2.0794415416798357	2.055668803313992
P34897	esm	0	2.772588722239781	1.8863077682596154
P35251	esm	0	2.70805020110221	2.319841631476052
P35269	esm	0	1.9459101490553132	2.168078273733081
P35542	esm	0	1.3862943611198906	1.2624459956336256
P35711	esm	0	0.6931471805599453	1.5840582924023607
P35749	esm	0	4.394449154672438	3.0061140506495687
P35754	esm	0	1.0986122886681096	1.5820992755476302
P35914	esm	0	2.197224577336219	1.685190211058803
P36873	esm	0	1.6094379124341003	1.6074216259839005
P36969	esm	0	2.3025850929940455	1.4068432643344688
P38159	esm	0	2.3025850929940455	1.8521806247254848
P38646	esm	0	3.6635616461296463	2.7544246652014768
P39059	esm	0	0.6931471805599453	0.6899177670755199
P39656	esm	0	1.0986122886681096	1.5315837328461883
P39880	esm	0	1.0986122886681096	1.5685147140439397
P40123	esm	0	0.6931471805599453	1.6532865794450908
P40429	esm	0	2.3978952727983707	1.3391966076218678
P41091	esm	0	2.833213344056216	1.8489437935564483
P41212	esm	0	1.0986122886681096	0.7764681637180845
P41214	esm	0	1.0986122886681096	1.4783562042596843
P41236	esm	0	1.6094379124341003	1.2516575777812007
P41240	esm	0	1.6094379124341003	1.3739508895800705
P41250	esm	0	3.0910424533583156	2.4735649642111803
P42338	esm	0	0.6931471805599453	1.2268062974506195
P42566	esm	0	1.3862943611198906	1.6591941737511444
P42568	esm	0	2.4849066497880004	1.8848714162218958
P42696	esm	0	1.6094379124341003	1.7744078204270401
P43004	esm	0	1.0986122886681096	1.0392861758614245
P43243	esm	0	3.332204510175204	2.162634732296816
P43304	esm	0	2.3025850929940455	1.8187143250111473
P43403	esm	0	2.197224577336219	1.1069639474903497
P43490	esm	0	2.995732273553991	2.327885824239818
P46013	esm	0	4.219507705176107	1.959276078880304
P46527	esm	0	1.0986122886681096	1.2548128136613226
P46734	esm	0	1.3862943611198906	1.4989007653361786
P46777	esm	0	2.5649493574615367	2.4893405986710797
P46821	esm	0	3.6635616461296463	2.330059321479534
P46977	esm	0	1.0986122886681096	1.3506522157958931
P47755	esm	0	1.9459101490553132	1.8624603314854142
P47895	esm	0	2.197224577336219	2.3679214589339312
P48163	esm	0	1.6094379124341003	2.1928983718440254
P48436	esm	0	1.0986122886681096	1.26630099206143
P48539	esm	0	1.0986122886681096	1.6592204016496654
P48637	esm	0	1.3862943611198906	1.7879132231162926
P48729	esm	0	1.6094379124341003	1.4297570580461672
P48735	esm	0	3.332204510175204	2.575072051970604
P49005	esm	0	1.0986122886681096	1.4931830275113511
P49023	esm	0	1.6094379124341003	1.514792801848935
P49257	esm	0	1.9459101490553132	1.7498290054511654
P49427	esm	0	0.6931471805599453	1.1532259313088662
P49448	esm	0	1.3862943611198906	2.4602613273115663
P49458	esm	0	2.197224577336219	1.179349517642138
P49459	esm	0	0.6931471805599453	1.2371812635564896
P49585	esm	0	1.9459101490553132	1.4355097764808644
P49716	esm	0	0.6931471805599453	0.9949117107154682
P49841	esm	0	1.3862943611198906	1.42954309334303
P49908	esm	0	0.6931471805599453	0.9514473163121911
P49910	esm	0	0.6931471805599453	0.8798434601594058
P49918	esm	0	1.0986122886681096	0.8850523438261371
P50226	esm	0	0.6931471805599453	0.9120097925959003
P50238	esm	0	1.791759469228055	1.9355398011958074
P50416	esm	0	1.0986122886681096	2.132737762201277
P50454	esm	0	2.5649493574615367	2.104577789598455
P50749	esm	0	1.0986122886681096	0.8265343172214643
P50897	esm	0	1.0986122886681096	1.41255421897391
P50993	esm	0	2.3025850929940455	1.932878465951038
P51116	esm	0	1.0986122886681096	1.597546606741909
P51449	esm	0	0.6931471805599453	0.8179465531217642
P51530	esm	0	1.0986122886681096	1.4261774434527137
P51532	esm	0	2.833213344056216	2.008711039679615
P51572	esm	0	2.6390573296152584	1.830823308215085
P51580	esm	0	1.3862943611198906	0.972846045077011
P51587	esm	0	0.6931471805599453	1.2383175107593476
P51608	esm	0	2.4849066497880004	2.0394933137047793
P51649	esm	0	2.5649493574615367	2.0146062972796734
P51812	esm	0	2.3025850929940455	1.3872355814396045
P51957	esm	0	0.6931471805599453	1.0417919196947802
P52292	esm	0	1.791759469228055	1.7040078733760338
P52298	esm	0	1.791759469228055	1.242694826074617
P52788	esm	0	1.0986122886681096	1.5638968595425908
P52943	esm	0	2.3978952727983707	2.0859781844925247
P53701	esm	0	1.0986122886681096	1.3321898911273984
P53816	esm	0	0.6931471805599453	0.875986489174189
P53990	esm	0	1.791759469228055	1.5920067743291073
P54108	esm	0	1.791759469228055	0.9631259027218848
P54132	esm	0	2.197224577336219	1.725956329722164
P54136	esm	0	2.8903717578961645	2.3306195488859736
P54652	esm	0	2.4849066497880004	2.904311407406606
P54725	esm	0	1.791759469228055	1.4037295375629024
P54851	esm	0	1.0986122886681096	0.5237363848837773
P54886	esm	0	2.70805020110221	1.6406706677285936
P54922	esm	0	0.6931471805599453	1.3466472799234857
P55011	esm	0	1.6094379124341003	1.504328252785772
P55083	esm	0	1.791759469228055	0.6732324524733049
P55160	esm	0	1.6094379124341003	1.4591187340070109
P55197	esm	0	1.6094379124341003	1.5783781529238379
P55259	esm	0	0.6931471805599453	0.8119977794633824
P55317	esm	0	1.3862943611198906	1.2491792832264677
P56381	esm	0	1.791759469228055	1.4654962385548547
P56385	esm	0	0.6931471805599453	1.0943580832854505
P56470	esm	0	1.3862943611198906	1.4562423512276224
P56597	esm	0	0.6931471805599453	1.040434363156689
P56937	esm	0	0.6931471805599453	0.9039276496000911
P56962	esm	0	1.0986122886681096	0.7101066384873733
P57682	esm	0	0.6931471805599453	1.102561608620586
P57768	esm	0	0.6931471805599453	0.8048697167574074
P60033	esm	0	0.6931471805599453	1.0767673960596857
P60174	esm	0	2.833213344056216	2.6084104680881506
P60842	esm	0	2.5649493574615367	1.5782888590140423
P60891	esm	0	2.197224577336219	1.6494867205587276
P60900	esm	0	2.4849066497880004	2.129675098177356
P61026	esm	0	1.0986122886681096	1.3520864351548771
P61081	esm	0	1.791759469228055	1.387021879553093
P61106	esm	0	1.791759469228055	1.2919367366352108
P61129	esm	0	0.6931471805599453	1.9054584932248964
P61221	esm	0	2.995732273553991	2.2825912637786203
P61224	esm	0	1.3862943611198906	1.1900373164486309
P61604	esm	0	2.4849066497880004	2.171241921779315
P61956	esm	0	1.6094379124341003	1.935963893083213
P61960	esm	0	1.3862943611198906	1.1551601281438963
P61981	esm	0	2.4849066497880004	1.8677206969557179
P62191	esm	0	2.3978952727983707	1.8693140475701127
P62263	esm	0	1.6094379124341003	1.862364064417091
P62269	esm	0	1.9459101490553132	2.0411340532349813
P62273	esm	0	1.0986122886681096	1.3435030464930624
P62318	esm	0	1.6094379124341003	1.5717217878004905
P62633	esm	0	2.0794415416798357	1.6775834143241046
P62701	esm	0	2.5649493574615367	2.0036590947475785
P62807	esm	0	1.9459101490553132	1.5643791287717599
P62829	esm	0	1.3862943611198906	1.7461134268854237
P62851	esm	0	2.3025850929940455	1.8752004775065272
P62917	esm	0	2.3978952727983707	1.7052543658121393
P62937	esm	0	2.5649493574615367	1.7443441459504094
P63167	esm	0	1.791759469228055	1.482221687780811
P63218	esm	0	0.6931471805599453	0.8301166146590186
P63244	esm	0	2.3025850929940455	1.5016647398292424
P63272	esm	0	0.6931471805599453	0.8686614315033084
P68400	esm	0	1.791759469228055	1.5183774132193915
P68431	esm	0	2.4849066497880004	1.4384801039255344
P69905	esm	0	2.3978952727983707	2.396572933317046
P78344	esm	0	2.8903717578961645	1.9124072167035968
P78346	esm	0	1.791759469228055	1.2401263715739765
P78527	esm	0	4.477336814478206	1.5247481465372976
P78562	esm	0	0.6931471805599453	1.404331437287936
P80723	esm	0	2.70805020110221	2.377059190345171
P82914	esm	0	1.6094379124341003	1.5358973209255358
P83105	esm	0	0.6931471805599453	1.292159844366114
P83111	esm	0	2.197224577336219	1.5572517611342334
P83876	esm	0	0.6931471805599453	1.3310784154413482
P84085	esm	0	0.6931471805599453	0.9732440207954439
P98171	esm	0	1.0986122886681096	0.7643715921452663
P98174	esm	0	0.6931471805599453	0.9881846642627725
P98177	esm	0	1.3862943611198906	1.195273787990163
P98196	esm	0	0.6931471805599453	1.2003794037865427
P99999	esm	0	2.0794415416798357	1.8993325211008925
Q00796	esm	0	2.0794415416798357	1.7667835835625927
Q00872	esm	0	1.0986122886681096	2.5066871386174254
Q01081	esm	0	0.6931471805599453	1.7371063501147312
Q01101	esm	0	0.6931471805599453	0.869539288725852
Q01196	esm	0	1.6094379124341003	0.9929128557588799
Q01415	esm	0	1.3862943611198906	1.7785623137489495
Q01581	esm	0	2.4849066497880004	2.0079978489445476
Q01955	esm	0	1.6094379124341003	0.572875966533622
Q02086	esm	0	0.6931471805599453	1.670140601428269
Q02338	esm	0	1.0986122886681096	1.425382020436273
Q02790	esm	0	2.833213344056216	1.999908623631331
Q03112	esm	0	1.0986122886681096	1.4229508702674558
Q03923	esm	0	0.6931471805599453	0.9793729253245339
Q04695	esm	0	2.4849066497880004	1.9770635141285633
Q05048	esm	0	1.6094379124341003	1.3723363536938993
Q05315	esm	0	1.3862943611198906	1.2520642788063892
Q05823	esm	0	1.0986122886681096	1.705304199834515
Q05BV3	esm	0	0.6931471805599453	1.630794284306337
Q06124	esm	0	2.5649493574615367	1.7810734315098733
Q06203	esm	0	2.4849066497880004	1.1636466328529844
Q06323	esm	0	2.5649493574615367	1.8367574099036799
Q06418	esm	0	0.6931471805599453	0.5738518826808676
Q06945	esm	0	1.9459101490553132	1.5364828954593868
Q07021	esm	0	1.6094379124341003	1.5714234046307776
Q07352	esm	0	0.6931471805599453	0.8110517293239261
Q07955	esm	0	1.6094379124341003	1.8192202543254825
Q08378	esm	0	1.3862943611198906	1.567202271582068
Q08379	esm	0	1.3862943611198906	1.6557531651368176
Q08431	esm	0	0.6931471805599453	0.729015691417094
Q08AD1	esm	0	1.0986122886681096	1.465145731266625
Q09028	esm	0	1.9459101490553132	1.9928442078015682
Q09666	esm	0	5.043425116919247	2.3823807690464847
Q09MP3	esm	0	0.6931471805599453	1.0141948608091824
Q0JRZ9	esm	0	0.6931471805599453	1.7884903186299046
Q0VDF9	esm	0	1.3862943611198906	1.861863491430369
Q0VDG4	esm	0	0.6931471805599453	1.2689126109824838
Q10586	esm	0	0.6931471805599453	0.9602529130749937
Q10587	esm	0	0.6931471805599453	1.4422930442962805
Q12789	esm	0	2.0794415416798357	1.3207568999182149
Q12800	esm	0	0.6931471805599453	0.9277597378145965
Q12834	esm	0	0.6931471805599453	0.8322893265065106
Q12873	esm	0	1.9459101490553132	1.9323573040662754
Q12882	esm	0	1.9459101490553132	1.8655860885465176
Q12888	esm	0	2.70805020110221	1.9296950602676
Q12905	esm	0	1.6094379124341003	1.6744286248920464
Q12931	esm	0	3.2580965380214817	2.1412927032586926
Q12947	esm	0	0.6931471805599453	0.7798162917795181
Q12962	esm	0	0.6931471805599453	1.0317619976898322
Q12986	esm	0	0.6931471805599453	1.29815601446912
Q13011	esm	0	2.3978952727983707	1.5840966303902009
Q13015	esm	0	1.0986122886681096	0.8720987007626096
Q13042	esm	0	1.0986122886681096	1.3045849003178822
Q13094	esm	0	0.6931471805599453	1.0940257297569345
Q13099	esm	0	0.6931471805599453	1.4708723134057091
Q13123	esm	0	1.9459101490553132	2.292889479233054
Q13126	esm	0	1.9459101490553132	1.4299912398355235
Q13144	esm	0	1.0986122886681096	1.232840569646506
Q13148	esm	0	1.9459101490553132	1.9682748721726289
Q13206	esm	0	0.6931471805599453	1.9513791297823326
Q13243	esm	0	1.3862943611198906	2.2488302160436113
Q13268	esm	0	1.6094379124341003	1.3978891052200781
Q13303	esm	0	1.6094379124341003	1.4915658142492603
Q13325	esm	0	1.3862943611198906	1.47028356380028
Q13342	esm	0	0.6931471805599453	1.1483540199562183
Q13361	esm	0	1.0986122886681096	0.6492672856002053
Q13404	esm	0	1.6094379124341003	1.132923659156016
Q13415	esm	0	1.6094379124341003	1.4415221258700845
Q13418	esm	0	2.3025850929940455	1.4061369504104813
Q13422	esm	0	1.9459101490553132	1.0192863315480443
Q13427	esm	0	2.197224577336219	1.9881446627196944
Q13443	esm	0	1.0986122886681096	1.2648539978880924
Q13464	esm	0	2.3025850929940455	2.1304502495574282
Q13496	esm	0	1.0986122886681096	1.3913507262955147
Q13610	esm	0	1.0986122886681096	1.6293916514551776
Q13616	esm	0	2.0794415416798357	2.401602617868356
Q13630	esm	0	1.3862943611198906	1.869105324346188
Q13875	esm	0	1.3862943611198906	1.786150842432253
Q13905	esm	0	0.6931471805599453	1.1492516976108473
Q13951	esm	0	1.3862943611198906	1.0679522819641925
Q13976	esm	0	1.3862943611198906	1.5477342947326367
Q14019	esm	0	2.197224577336219	2.2083086645061263
Q14108	esm	0	1.0986122886681096	0.8660485236325147
Q14151	esm	0	2.197224577336219	2.2206844340828864
Q14166	esm	0	0.6931471805599453	1.4084199715374273
Q14186	esm	0	0.6931471805599453	1.1319483214564494
Q14247	esm	0	3.4011973816621555	2.340783942715939
Q14254	esm	0	0.6931471805599453	2.5327480111250757
Q14318	esm	0	1.0986122886681096	1.118119351500591
Q14320	esm	0	1.6094379124341003	1.65540169836574
Q14410	esm	0	0.6931471805599453	1.199435228162287
Q14469	esm	0	0.6931471805599453	0.8587623447528964
Q14498	esm	0	2.3025850929940455	1.8554099972005966
Q14515	esm	0	0.6931471805599453	1.4508520114531676
Q14592	esm	0	1.0986122886681096	0.8105190292962652
Q14644	esm	0	0.6931471805599453	1.3837965965160712
Q14687	esm	0	1.3862943611198906	1.5916979271492198
Q14692	esm	0	1.791759469228055	1.7844969728557258
Q14814	esm	0	1.0986122886681096	1.3620394114107082
Q14894	esm	0	1.0986122886681096	1.4594244114903674
Q149N8	esm	0	1.0986122886681096	1.439133569968557
Q14C86	esm	0	1.9459101490553132	0.9356799701145817
Q15006	esm	0	1.0986122886681096	1.691770901749575
Q15007	esm	0	1.3862943611198906	1.1922259966964228
Q15019	esm	0	2.4849066497880004	1.8574122248306277
Q15022	esm	0	1.9459101490553132	1.689437166452275
Q15027	esm	0	1.9459101490553132	0.8703600535336655
Q15029	esm	0	1.6094379124341003	2.1815050578062385
Q15031	esm	0	1.791759469228055	1.9644365156778447
Q15036	esm	0	0.6931471805599453	1.0992179789556746
Q15046	esm	0	2.833213344056216	2.324302786323851
Q15050	esm	0	2.3978952727983707	1.5221819956182625
Q15054	esm	0	2.197224577336219	1.635715209024478
Q15118	esm	0	0.6931471805599453	1.4893987362273995
Q15147	esm	0	0.6931471805599453	1.817828240297162
Q15154	esm	0	2.0794415416798357	1.3718489674578904
Q15257	esm	0	1.9459101490553132	1.477023739454231
Q15303	esm	0	0.6931471805599453	1.041622822343828
Q15326	esm	0	0.6931471805599453	1.8388506557470794
Q15370	esm	0	1.0986122886681096	1.1577223234784138
Q15398	esm	0	1.3862943611198906	1.729253083760466
Q15464	esm	0	0.6931471805599453	0.9638928070775602
Q15468	esm	0	0.6931471805599453	0.937655487972725
Q15493	esm	0	1.0986122886681096	1.4879979037290096
Q15545	esm	0	1.0986122886681096	1.6839845190770073
Q15555	esm	0	2.197224577336219	1.573388471690794
Q15596	esm	0	3.0910424533583156	1.8937228306893454
Q15599	esm	0	0.6931471805599453	1.2687354284054315
Q15631	esm	0	1.6094379124341003	1.5163763458882307
Q15637	esm	0	2.4849066497880004	1.899508310465134
Q15643	esm	0	1.0986122886681096	1.926071165744366
Q15648	esm	0	3.332204510175204	2.028664730652153
Q15652	esm	0	2.3025850929940455	1.7830349431235235
Q15691	esm	0	2.3025850929940455	1.9090588521486271
Q15699	esm	0	0.6931471805599453	0.5833605920764944
Q15744	esm	0	0.6931471805599453	0.7848377532719208
Q15761	esm	0	0.6931471805599453	0.07625681071135237
Q15796	esm	0	1.6094379124341003	0.7973582879366836
Q15813	esm	0	1.3862943611198906	1.5639071966333695
Q15833	esm	0	0.6931471805599453	1.7605546916017802
Q15843	esm	0	1.6094379124341003	1.8887909828204332
Q15847	esm	0	1.791759469228055	1.8626190201672104
Q15910	esm	0	1.6094379124341003	1.4988960287686162
Q15935	esm	0	1.0986122886681096	0.6351003638949064
Q16134	esm	0	1.9459101490553132	2.1174503756832963
Q16143	esm	0	1.3862943611198906	1.6584406989049298
Q16363	esm	0	1.9459101490553132	1.9927976696336533
Q16513	esm	0	1.0986122886681096	1.0384388352546465
Q16531	esm	0	2.4849066497880004	1.6419916972764868
Q16576	esm	0	2.0794415416798357	1.8080747130710326
Q16643	esm	0	1.3862943611198906	1.4595427506790666
Q16775	esm	0	1.9459101490553132	1.9476474838557731
Q16778	esm	0	0.6931471805599453	1.5404940489141672
Q16836	esm	0	2.833213344056216	2.929708262903594
Q1W6H9	esm	0	0.6931471805599453	0.313035818048528
Q2TAA2	esm	0	0.6931471805599453	1.0473521874630505
Q2TAY7	esm	0	1.791759469228055	1.5894950516799644
Q2TB10	esm	0	1.6094379124341003	1.550716011429672
Q32P41	esm	0	1.3862943611198906	1.3375464882011512
Q3SXY8	esm	0	0.6931471805599453	1.2407832220397674
Q3SY84	esm	0	0.6931471805599453	1.6877568448329923
Q49A26	esm	0	1.9459101490553132	1.8580030137860386
Q4ADV7	esm	0	1.0986122886681096	0.8022959748779634
Q53EU6	esm	0	0.6931471805599453	1.1626966257983602
Q53FZ2	esm	0	0.6931471805599453	1.3707443112267
Q53GG5	esm	0	1.3862943611198906	1.191675116724196
Q53H47	esm	0	0.6931471805599453	0.9081017339068179
Q567U6	esm	0	1.0986122886681096	1.7290056673563698
Q5BKZ1	esm	0	2.197224577336219	1.9007152869447588
Q5F1R6	esm	0	0.6931471805599453	1.551138421468589
Q5JPH6	esm	0	1.0986122886681096	1.7918472374731773
Q5JRA6	esm	0	1.791759469228055	1.4797672041629415
Q5JRX3	esm	0	3.0910424533583156	2.289530652688021
Q5JWF2	esm	0	0.6931471805599453	1.5997988784150508
Q5S007	esm	0	0.6931471805599453	1.316109018301566
Q5SRE5	esm	0	1.791759469228055	1.604115884132361
Q5SW79	esm	0	2.197224577336219	1.6057212074129215
Q5T481	esm	0	1.0986122886681096	1.701503236466181
Q5T7W0	esm	0	1.0986122886681096	1.5922351220791495
Q5T870	esm	0	0.6931471805599453	1.6288275077468373
Q5T871	esm	0	1.0986122886681096	1.7971024636821773
Q5T8A7	esm	0	0.6931471805599453	1.3683548191838675
Q5T8I3	esm	0	1.0986122886681096	0.7913376041865507
Q5T9A4	esm	0	1.3862943611198906	1.8126820599914732
Q5UE93	esm	0	0.6931471805599453	0.626335857106231
Q5VSL9	esm	0	0.6931471805599453	1.168219869865212
Q5VT03	esm	0	1.6094379124341003	0.8730490214775302
Q5VT06	esm	0	1.3862943611198906	1.460345377927713
Q5VT52	esm	0	2.197224577336219	2.2506789691826823
Q5VT79	esm	0	1.791759469228055	2.385668875685901
Q5VTE6	esm	0	0.6931471805599453	1.1989315107902379
Q5VU43	esm	0	0.6931471805599453	0.8773690653552421
Q5VV67	esm	0	1.791759469228055	1.4982973471449879
Q5VWQ0	esm	0	1.3862943611198906	1.1241988550560134
Q5VWX1	esm	0	1.3862943611198906	1.960852047115511
Q5VWZ2	esm	0	0.6931471805599453	1.3021494106294251
Q5VYS8	esm	0	0.6931471805599453	1.3473170531883691
Q5XKR4	esm	0	0.6931471805599453	0.8616501939112725
Q63HQ2	esm	0	0.6931471805599453	1.4803773290591697
Q641Q3	esm	0	0.6931471805599453	0.9330991541205558
Q659A1	esm	0	1.0986122886681096	1.4131926994051067
Q68CJ9	esm	0	0.6931471805599453	0.9460823592707079
Q68CZ6	esm	0	1.0986122886681096	1.4407613705796403
Q68DU8	esm	0	0.6931471805599453	0.7692481618726537
Q68EM7	esm	0	1.6094379124341003	1.1869156316011136
Q6EEV6	esm	0	1.0986122886681096	1.8857311024363081
Q6FI81	esm	0	2.0794415416798357	1.60110443373004
Q6FIF0	esm	0	1.0986122886681096	0.8364766863039013
Q6I9Y2	esm	0	1.9459101490553132	0.9302460844112979
Q6IA86	esm	0	1.3862943611198906	1.1363947299365962
Q6IQ21	esm	0	0.6931471805599453	0.9256560945323992
Q6IQ32	esm	0	0.6931471805599453	1.235873712799547
Q6IQ49	esm	0	1.791759469228055	1.1957115883731844
Q6ISB3	esm	0	2.0794415416798357	1.3479042087728428
Q6J272	esm	0	1.3862943611198906	0.463292222419181
Q6JBY9	esm	0	0.6931471805599453	1.655622590336267
Q6L8Q7	esm	0	1.0986122886681096	1.6667191165743365
Q6NXE6	esm	0	0.6931471805599453	1.4656257348249127
Q6P0Q8	esm	0	0.6931471805599453	0.8443602361246398
Q6P2Q9	esm	0	3.295836866004329	1.711796746285993
Q6P6C2	esm	0	1.9459101490553132	1.540887372826751
Q6PCB5	esm	0	2.3978952727983707	1.4756596003614655
Q6PI26	esm	0	0.6931471805599453	0.9506606905071199
Q6PID6	esm	0	1.6094379124341003	1.0743218424614511
Q6PIJ6	esm	0	1.0986122886681096	1.4916582227320714
Q6PIW4	esm	0	0.6931471805599453	1.4220759743570937
Q6RI45	esm	0	1.0986122886681096	1.2952470773479194
Q6T4R5	esm	0	0.6931471805599453	0.8400180188075019
Q6U7Q0	esm	0	0.6931471805599453	0.6099468585889093
Q6UB99	esm	0	0.6931471805599453	2.0288115739684534
Q6UUV9	esm	0	1.3862943611198906	0.985433045058663
Q6UX53	esm	0	0.6931471805599453	0.4717236042335258
Q6UXH1	esm	0	1.0986122886681096	1.5342789520633957
Q6UXN9	esm	0	1.9459101490553132	1.220874888358332
Q6Y1H2	esm	0	0.6931471805599453	1.0244904560547732
Q6YP21	esm	0	1.6094379124341003	1.906053075065385
Q6ZN18	esm	0	0.6931471805599453	0.7915663492754526
Q6ZRP7	esm	0	0.6931471805599453	1.0801744362677814
Q6ZRQ5	esm	0	0.6931471805599453	1.3445692807310476
Q6ZU35	esm	0	0.6931471805599453	1.7732809612485665
Q70E73	esm	0	1.6094379124341003	1.3109870957443919
Q70UQ0	esm	0	0.6931471805599453	2.0710659955794455
Q71U36	esm	0	1.0986122886681096	1.574766652897375
Q71UI9	esm	0	1.791759469228055	1.159803114497918
Q75N03	esm	0	1.3862943611198906	1.3787376609575417
Q7L2J0	esm	0	1.3862943611198906	1.0590138679017456
Q7L523	esm	0	0.6931471805599453	1.2676063213891942
Q7L590	esm	0	1.3862943611198906	1.8905435048562227
Q7L5D6	esm	0	1.0986122886681096	1.132980060248623
Q7L7X3	esm	0	1.3862943611198906	1.4874494499928759
Q7L8L6	esm	0	1.0986122886681096	1.246963480693591
Q7L9B9	esm	0	0.6931471805599453	1.2013918509836894
Q7LFL8	esm	0	0.6931471805599453	1.1813490030548444
Q7RTS7	esm	0	0.6931471805599453	1.717570727131187
Q7RTV0	esm	0	1.9459101490553132	0.7342214932222362
Q7Z2K8	esm	0	1.9459101490553132	1.7036862491725344
Q7Z333	esm	0	1.6094379124341003	1.4990284871734814
Q7Z392	esm	0	1.3862943611198906	1.4260130673431684
Q7Z3D6	esm	0	1.0986122886681096	1.43969975112639
Q7Z3T8	esm	0	1.3862943611198906	1.2239274724424212
Q7Z434	esm	0	1.9459101490553132	1.035722859101758
Q7Z4V5	esm	0	2.70805020110221	2.3864241378111473
Q7Z4W1	esm	0	0.6931471805599453	1.3233069740919956
Q7Z569	esm	0	0.6931471805599453	1.193242711678899
Q7Z5L7	esm	0	1.6094379124341003	1.462658093177054
Q7Z6E9	esm	0	3.044522437723423	2.1208410306460395
Q7Z7A4	esm	0	0.6931471805599453	1.2427123234670634
Q7Z7F0	esm	0	2.0794415416798357	1.4876159021200188
Q7Z7L1	esm	0	0.6931471805599453	1.1463590562117136
Q86SQ0	esm	0	1.0986122886681096	0.9459215529568292
Q86SX6	esm	0	1.0986122886681096	1.7159283272855914
Q86TV6	esm	0	0.6931471805599453	1.172564869228716
Q86TX2	esm	0	1.6094379124341003	1.0857563587669685
Q86UL3	esm	0	0.6931471805599453	1.2575681315185168
Q86V15	esm	0	1.3862943611198906	1.7530098173873991
Q86V21	esm	0	1.791759469228055	1.6069469291505984
Q86V48	esm	0	1.6094379124341003	1.7352383803389813
Q86VB7	esm	0	0.6931471805599453	1.0621196171967928
Q86VN1	esm	0	1.3862943611198906	0.9695256515994091
Q86W50	esm	0	1.0986122886681096	1.2434592588580802
Q86WJ1	esm	0	1.9459101490553132	1.3828732966036152
Q86X27	esm	0	0.6931471805599453	0.7752240756400508
Q86X53	esm	0	0.6931471805599453	0.8898379044719197
Q86XI2	esm	0	1.6094379124341003	1.5285957230939595
Q86Y25	esm	0	0.6931471805599453	0.8222281994719035
Q86YQ8	esm	0	0.6931471805599453	1.5556280027195724
Q8IU85	esm	0	0.6931471805599453	1.1321143938863125
Q8IUD2	esm	0	2.3025850929940455	1.772449036887829
Q8IUR7	esm	0	0.6931471805599453	1.6095299154376341
Q8IVE3	esm	0	0.6931471805599453	0.9486791321711701
Q8IVI9	esm	0	0.6931471805599453	1.593142587783602
Q8IVL0	esm	0	1.0986122886681096	1.2372735747275485
Q8IVT2	esm	0	1.0986122886681096	0.9864396409555297
Q8IVW6	esm	0	1.3862943611198906	1.545079158488071
Q8IWE2	esm	0	1.3862943611198906	2.20672921111489
Q8IWJ2	esm	0	1.791759469228055	1.8288417209613015
Q8IXI1	esm	0	0.6931471805599453	0.9267286302261742
Q8IXI2	esm	0	1.6094379124341003	1.2034354847188655
Q8IXJ6	esm	0	1.0986122886681096	0.9424550741646303
Q8IXM3	esm	0	0.6931471805599453	1.1864069167531646
Q8IXS2	esm	0	1.0986122886681096	1.4329663781051714
Q8IXS8	esm	0	0.6931471805599453	0.816128700287841
Q8IXT5	esm	0	1.3862943611198906	1.5740948625425166
Q8IY47	esm	0	1.0986122886681096	0.5352498849626605
Q8IY81	esm	0	2.3978952727983707	1.7282426291936723
Q8IYE0	esm	0	0.6931471805599453	1.957385103924103
Q8IYT8	esm	0	0.6931471805599453	0.8044653371889783
Q8IZ81	esm	0	0.6931471805599453	0.8549913758400433
Q8IZ83	esm	0	1.3862943611198906	1.612482705575956
Q8IZH2	esm	0	1.0986122886681096	1.6726614406393296
Q8N0Z3	esm	0	1.0986122886681096	0.8695724303530985
Q8N2U0	esm	0	0.6931471805599453	0.39678569519163176
Q8N3C0	esm	0	1.791759469228055	1.7501513091330123
Q8N3Z0	esm	0	0.6931471805599453	1.4502679108672725
Q8N488	esm	0	0.6931471805599453	0.685778645617684
Q8N4C8	esm	0	0.6931471805599453	1.4663443583319438
Q8N4T8	esm	0	1.6094379124341003	1.4124259159926156
Q8N4W9	esm	0	1.0986122886681096	1.130027703723459
Q8N5L8	esm	0	1.0986122886681096	0.6631545108481087
Q8N5Z0	esm	0	0.6931471805599453	1.6042424423397308
Q8N6N6	esm	0	0.6931471805599453	1.1247483059525303
Q8N884	esm	0	1.3862943611198906	1.4060003300907087
Q8NBT0	esm	0	0.6931471805599453	1.0707749999473606
Q8NBT2	esm	0	0.6931471805599453	0.7100390115945286
Q8NCE2	esm	0	0.6931471805599453	0.5762185859309589
Q8NCR6	esm	0	1.3862943611198906	0.8166741684874093
Q8NCW5	esm	0	1.791759469228055	1.5617131297103488
Q8NDH3	esm	0	1.3862943611198906	1.7555198902894866
Q8NE62	esm	0	1.0986122886681096	1.548580729722275
Q8NE79	esm	0	0.6931471805599453	0.6824022839901482
Q8NEB9	esm	0	1.6094379124341003	1.3334272767538669
Q8NEG5	esm	0	0.6931471805599453	0.9430317814684347
Q8NET4	esm	0	1.0986122886681096	1.376899047032947
Q8NEY8	esm	0	1.9459101490553132	1.4404564170566698
Q8NEZ5	esm	0	1.0986122886681096	0.946707207266839
Q8NF91	esm	0	1.0986122886681096	2.195470383092876
Q8NFQ8	esm	0	0.6931471805599453	1.129119653071848
Q8NFW5	esm	0	0.6931471805599453	0.970721886358707
Q8NFW8	esm	0	2.3025850929940455	1.4478819728562262
Q8NG27	esm	0	1.0986122886681096	1.2534768300424812
Q8NHH9	esm	0	1.3862943611198906	1.549377580483573
Q8NI77	esm	0	0.6931471805599453	1.2373823689513501
Q8TA86	esm	0	1.3862943611198906	0.7270726148247569
Q8TA94	esm	0	0.6931471805599453	0.6554071709160165
Q8TAA5	esm	0	0.6931471805599453	1.0603936007807317
Q8TB61	esm	0	0.6931471805599453	0.4566737960472391
Q8TBX8	esm	0	1.9459101490553132	1.3980116538314253
Q8TC29	esm	0	0.6931471805599453	1.3317151320929497
Q8TCA0	esm	0	1.0986122886681096	1.3201667049601447
Q8TCC3	esm	0	1.0986122886681096	1.1430913112101453
Q8TCS8	esm	0	3.0910424533583156	2.1224881964426534
Q8TCU4	esm	0	2.6390573296152584	1.2075618335554665
Q8TEA1	esm	0	0.6931471805599453	1.2704998581619549
Q8TEH3	esm	0	0.6931471805599453	1.1249073015818851
Q8TEM1	esm	0	0.6931471805599453	1.0322336023475993
Q8TEU7	esm	0	1.0986122886681096	1.1685045713707436
Q8WTR2	esm	0	0.6931471805599453	0.678203826257809
Q8WTR7	esm	0	2.6390573296152584	0.9977814244518813
Q8WTT2	esm	0	2.3978952727983707	2.0984291304275295
Q8WTW4	esm	0	0.6931471805599453	1.3312303621948185
Q8WU39	esm	0	1.0986122886681096	0.6178054964504767
Q8WUB8	esm	0	0.6931471805599453	1.720074314469758
Q8WUF8	esm	0	0.6931471805599453	1.58407668330567
Q8WUJ0	esm	0	0.6931471805599453	0.7049268581623802
Q8WUM0	esm	0	2.0794415416798357	1.45320768630793
Q8WUM4	esm	0	3.2580965380214817	2.605009337344149
Q8WVM7	esm	0	0.6931471805599453	1.833746859270686
Q8WVT3	esm	0	0.6931471805599453	1.3567299534799213
Q8WW22	esm	0	1.0986122886681096	1.5510908661501084
Q8WWH5	esm	0	0.6931471805599453	1.642283649604919
Q8WWL7	esm	0	1.6094379124341003	1.503284764562503
Q8WWM7	esm	0	2.6390573296152584	1.4387983729468374
Q8WX92	esm	0	1.6094379124341003	1.72604438433786
Q8WXF1	esm	0	2.3025850929940455	2.1331211921670965
Q8WYA0	esm	0	0.6931471805599453	2.0047803280602636
Q8WYJ6	esm	0	0.6931471805599453	1.3749177046264769
Q92485	esm	0	0.6931471805599453	1.378286706043742
Q92522	esm	0	1.9459101490553132	2.1611962899873722
Q92526	esm	0	1.0986122886681096	2.7006074178046737
Q92536	esm	0	0.6931471805599453	0.6461578623596675
Q92540	esm	0	1.3862943611198906	1.665375163007035
Q92547	esm	0	1.791759469228055	1.6052010155640595
Q92560	esm	0	0.6931471805599453	1.247070384407713
Q92575	esm	0	0.6931471805599453	1.3147857045437585
Q92614	esm	0	1.6094379124341003	1.8936910800598545
Q92696	esm	0	0.6931471805599453	1.1605987714901962
Q92754	esm	0	1.3862943611198906	1.0328176341794182
Q92766	esm	0	1.791759469228055	1.645651853433786
Q92769	esm	0	2.3025850929940455	1.9072882170498702
Q92796	esm	0	1.0986122886681096	1.5112936178613927
Q92878	esm	0	3.6109179126442243	2.639160298595807
Q92882	esm	0	0.6931471805599453	1.8045684834397906
Q92973	esm	0	2.3025850929940455	1.9274921451893847
Q92990	esm	0	0.6931471805599453	1.2584306888086219
Q92993	esm	0	1.0986122886681096	1.3899977967752841
Q93075	esm	0	0.6931471805599453	1.311866024733721
Q93091	esm	0	0.6931471805599453	0.4378384055325013
Q969E8	esm	0	0.6931471805599453	1.007415259633226
Q969S3	esm	0	1.791759469228055	1.6798289859553224
Q969T4	esm	0	1.0986122886681096	1.2651047004923148
Q969T9	esm	0	0.6931471805599453	1.1498102810511786
Q96A08	esm	0	2.0794415416798357	1.2502441999767147
Q96A65	esm	0	1.6094379124341003	1.0741094322111935
Q96AB3	esm	0	1.6094379124341003	1.0310443664548614
Q96AG4	esm	0	2.5649493574615367	1.5858228983007887
Q96AJ9	esm	0	0.6931471805599453	0.9589534856997747
Q96AY3	esm	0	1.0986122886681096	1.2962441579680841
Q96B97	esm	0	1.9459101490553132	1.6703843482334637
Q96BT7	esm	0	0.6931471805599453	1.1336337405782633
Q96BU1	esm	0	0.6931471805599453	0.9263996694165085
Q96C19	esm	0	1.9459101490553132	1.4396544552825037
Q96C36	esm	0	1.6094379124341003	1.7941102363198416
Q96CT7	esm	0	1.9459101490553132	1.217329412780875
Q96CX2	esm	0	1.0986122886681096	0.4622291568554955
Q96D09	esm	0	0.6931471805599453	1.2339071374941764
Q96DC9	esm	0	0.6931471805599453	0.7937757543626175
Q96DG6	esm	0	2.197224577336219	1.3486253630067573
Q96DM3	esm	0	0.6931471805599453	1.3305608424027169
Q96E09	esm	0	0.6931471805599453	1.132972907912218
Q96E40	esm	0	1.0986122886681096	0.9239426927122673
Q96EI5	esm	0	0.6931471805599453	1.4013304561384015
Q96EQ0	esm	0	0.6931471805599453	1.0948980442426097
Q96ES7	esm	0	1.3862943611198906	1.474391768146814
Q96EV8	esm	0	0.6931471805599453	0.7315146551517178
Q96EY4	esm	0	0.6931471805599453	1.276175145059665
Q96EZ8	esm	0	2.3025850929940455	1.3914336878547338
Q96F15	esm	0	0.6931471805599453	0.8586344494799004
Q96FA3	esm	0	0.6931471805599453	0.9824100143834235
Q96FG2	esm	0	0.6931471805599453	0.21118643420224537
Q96FV2	esm	0	0.6931471805599453	0.8834198364208956
Q96FZ7	esm	0	0.6931471805599453	1.3548570907692206
Q96G61	esm	0	0.6931471805599453	1.1456217465959724
Q96GG9	esm	0	1.6094379124341003	1.8317427536552273
Q96GX2	esm	0	0.6931471805599453	0.6865434423575496
Q96GX9	esm	0	1.3862943611198906	2.089566160838947
Q96H20	esm	0	1.0986122886681096	1.2018728741558364
Q96H79	esm	0	1.3862943611198906	1.0078314260802568
Q96HI0	esm	0	0.6931471805599453	1.1513835255350502
Q96HP0	esm	0	0.6931471805599453	1.164719441678134
Q96IK1	esm	0	0.6931471805599453	1.528695968507164
Q96IR7	esm	0	0.6931471805599453	0.6711217770087331
Q96IY1	esm	0	1.0986122886681096	1.1606853833536819
Q96IZ0	esm	0	1.0986122886681096	1.111623066554439
Q96JF6	esm	0	1.0986122886681096	1.3448786187858095
Q96JK2	esm	0	1.3862943611198906	1.1292304775633633
Q96JK9	esm	0	2.3025850929940455	1.8002396273180354
Q96K17	esm	0	1.3862943611198906	1.6692579777326908
Q96K76	esm	0	2.3978952727983707	1.554068528991626
Q96KA5	esm	0	1.0986122886681096	1.0591977714945644
Q96KM6	esm	0	1.3862943611198906	1.940268653116599
Q96KP1	esm	0	1.6094379124341003	1.436626343138612
Q96M91	esm	0	0.6931471805599453	1.2812137235299699
Q96MW1	esm	0	0.6931471805599453	1.1727036190103268
Q96N06	esm	0	0.6931471805599453	0.6404678819803701
Q96ND0	esm	0	1.0986122886681096	1.2720965858934379
Q96P47	esm	0	0.6931471805599453	0.7999801159005848
Q96P70	esm	0	1.6094379124341003	1.5457642835581322
Q96QE3	esm	0	1.3862943611198906	1.6584187538736714
Q96RF0	esm	0	1.791759469228055	1.1449551334594055
Q96RN5	esm	0	0.6931471805599453	1.6394756418534788
Q96RT1	esm	0	1.0986122886681096	1.3040883762882867
Q96RU3	esm	0	2.3978952727983707	1.7807152297836277
Q96SB4	esm	0	0.6931471805599453	1.4508467879566975
Q96T51	esm	0	0.6931471805599453	1.2489413923866182
Q99259	esm	0	0.6931471805599453	1.5731220699062243
Q99426	esm	0	1.6094379124341003	1.3978976791714637
Q99460	esm	0	2.9444389791664403	2.2321133724050584
Q99487	esm	0	1.0986122886681096	0.7914118947090626
Q99504	esm	0	0.6931471805599453	1.4983528912385358
Q99525	esm	0	1.3862943611198906	0.882999192431297
Q99594	esm	0	0.6931471805599453	1.2741388498834678
Q99613	esm	0	2.3025850929940455	2.3802451592586387
Q99615	esm	0	2.9444389791664403	2.1139494286296405
Q99714	esm	0	2.0794415416798357	1.9038293619436728
Q99717	esm	0	1.0986122886681096	1.1842323529270595
Q99719	esm	0	1.791759469228055	1.7380174115515632
Q99797	esm	0	1.3862943611198906	1.4695775593132612
Q99816	esm	0	1.0986122886681096	1.418520438750877
Q99832	esm	0	2.9444389791664403	2.833398336634141
Q99871	esm	0	1.3862943611198906	0.8690862396323793
Q99879	esm	0	2.0794415416798357	1.4849928045026053
Q99966	esm	0	0.6931471805599453	1.0629454431194545
Q99973	esm	0	0.6931471805599453	1.279504571461725
Q9BPU6	esm	0	1.3862943611198906	1.8542590439595792
Q9BPZ3	esm	0	0.6931471805599453	0.632584875155828
Q9BQ61	esm	0	2.3025850929940455	1.2446661085713633
Q9BQ65	esm	0	0.6931471805599453	0.7406859550072697
Q9BQF6	esm	0	0.6931471805599453	1.297214373780704
Q9BQG0	esm	0	2.995732273553991	1.5796382618262952
Q9BRK0	esm	0	1.0986122886681096	1.1844412846347474
Q9BRP8	esm	0	0.6931471805599453	1.6188539681827887
Q9BRQ0	esm	0	1.6094379124341003	1.8118770708972112
Q9BRX8	esm	0	1.3862943611198906	1.6335498688280738
Q9BS40	esm	0	1.3862943611198906	0.9725886352465978
Q9BS86	esm	0	0.6931471805599453	0.49279077463681187
Q9BSC4	esm	0	1.791759469228055	1.6449499964104317
Q9BSJ2	esm	0	1.3862943611198906	1.3045464426040634
Q9BSJ8	esm	0	1.9459101490553132	0.977700877602653
Q9BSV6	esm	0	0.6931471805599453	1.166160329677237
Q9BT22	esm	0	0.6931471805599453	0.8917783920668751
Q9BTA9	esm	0	1.6094379124341003	1.7621253611862164
Q9BTC8	esm	0	0.6931471805599453	1.5649502349456517
Q9BTE1	esm	0	0.6931471805599453	0.6694659008860038
Q9BTE3	esm	0	1.6094379124341003	1.1589204538621836
Q9BTE7	esm	0	1.6094379124341003	1.2041416188938177
Q9BTF0	esm	0	0.6931471805599453	0.8531667772525714
Q9BTK6	esm	0	0.6931471805599453	1.2473508147953967
Q9BTT0	esm	0	1.791759469228055	1.527809284662513
Q9BU02	esm	0	0.6931471805599453	0.8912159051124948
Q9BUP0	esm	0	1.0986122886681096	1.2458462575662685
Q9BUP3	esm	0	1.0986122886681096	1.8520125540875583
Q9BV40	esm	0	0.6931471805599453	1.1230678395781253
Q9BVA0	esm	0	0.6931471805599453	1.3128240592764115
Q9BVL4	esm	0	0.6931471805599453	0.8774021480881582
Q9BW66	esm	0	0.6931471805599453	0.750192696230632
Q9BW85	esm	0	1.0986122886681096	1.2627429422927565
Q9BWE0	esm	0	1.791759469228055	1.0742672048895296
Q9BWF3	esm	0	2.197224577336219	1.6271637888953665
Q9BWN1	esm	0	0.6931471805599453	1.038514307141439
Q9BWS9	esm	0	1.0986122886681096	1.4795530979866922
Q9BX40	esm	0	1.0986122886681096	1.7254365140081886
Q9BXD5	esm	0	1.0986122886681096	1.398593967856802
Q9BXF6	esm	0	0.6931471805599453	0.7321130804085583
Q9BXM0	esm	0	1.0986122886681096	1.817069203329076
Q9BXS0	esm	0	0.6931471805599453	0.770268941055248
Q9BXW6	esm	0	0.6931471805599453	1.4546287916088718
Q9BY66	esm	0	1.0986122886681096	1.4366080965504442
Q9BY67	esm	0	0.6931471805599453	0.859876568575329
Q9BYD2	esm	0	1.6094379124341003	1.0876083459448285
Q9BYJ9	esm	0	1.0986122886681096	1.6076873647510472
Q9BYX2	esm	0	0.6931471805599453	0.687135229419476
Q9BZD4	esm	0	0.6931471805599453	1.2679464921732837
Q9BZE3	esm	0	1.0986122886681096	0.5317836896884212
Q9C0A1	esm	0	0.6931471805599453	1.223526673864256
Q9C0K0	esm	0	2.197224577336219	1.3861518841999176
Q9GZN1	esm	0	0.6931471805599453	1.2395978672980443
Q9GZN2	esm	0	0.6931471805599453	0.501407954652835
Q9GZN8	esm	0	1.3862943611198906	0.9624266988156638
Q9GZR7	esm	0	2.772588722239781	1.9152022094149563
Q9GZU8	esm	0	2.197224577336219	1.2465554603015938
Q9H000	esm	0	0.6931471805599453	1.0495499774034667
Q9H040	esm	0	0.6931471805599453	1.2936380281273439
Q9H0A8	esm	0	1.6094379124341003	0.5870788264735793
Q9H0C8	esm	0	2.0794415416798357	1.5858261467542745
Q9H0E9	esm	0	2.3025850929940455	1.7010956062360987
Q9H0F5	esm	0	0.6931471805599453	0.5081264023203417
Q9H0S4	esm	0	1.6094379124341003	1.855631833285897
Q9H0W9	esm	0	1.6094379124341003	1.1613491707950052
Q9H1H9	esm	0	0.6931471805599453	1.2682359022333367
Q9H254	esm	0	0.6931471805599453	1.9429022162619645
Q9H269	esm	0	1.0986122886681096	1.5295390166751157
Q9H2H8	esm	0	1.6094379124341003	1.4508177767135824
Q9H2P0	esm	0	2.5649493574615367	1.7170997801923062
Q9H2U1	esm	0	2.0794415416798357	1.8059992688846305
Q9H3H5	esm	0	1.0986122886681096	0.5091070614399473
Q9H3K2	esm	0	0.6931471805599453	0.9239863802101014
Q9H3L0	esm	0	0.6931471805599453	1.085567943012872
Q9H3P7	esm	0	1.6094379124341003	1.3226985436008118
Q9H3R5	esm	0	0.6931471805599453	0.8635299015516843
Q9H3Z4	esm	0	1.791759469228055	0.8043808278517326
Q9H467	esm	0	1.0986122886681096	0.7301685243441687
Q9H488	esm	0	0.6931471805599453	1.027862152660784
Q9H4B0	esm	0	0.6931471805599453	1.1705538756677314
Q9H4G4	esm	0	0.6931471805599453	1.5822223965025055
Q9H4K1	esm	0	1.0986122886681096	0.3066705625280908
Q9H4L5	esm	0	0.6931471805599453	0.8820802062640922
Q9H583	esm	0	2.197224577336219	1.6467413119841712
Q9H5I1	esm	0	0.6931471805599453	0.8939122369091341
Q9H5V9	esm	0	1.3862943611198906	1.1460488762161083
Q9H5Z1	esm	0	0.6931471805599453	1.7166624669926156
Q9H6S0	esm	0	0.6931471805599453	1.576754491184578
Q9H6S3	esm	0	0.6931471805599453	0.9946353645715732
Q9H788	esm	0	1.3862943611198906	0.9374709541780063
Q9H7E9	esm	0	0.6931471805599453	0.6539999578016933
Q9H7L9	esm	0	1.6094379124341003	1.157487682973442
Q9H8G2	esm	0	1.0986122886681096	1.3785938550728138
Q9H8M1	esm	0	0.6931471805599453	0.6409334114119852
Q9H8S9	esm	0	0.6931471805599453	0.9577520198048929
Q9H8W4	esm	0	1.0986122886681096	1.1772363265929684
Q9H930	esm	0	1.0986122886681096	1.1696318937805414
Q9H9A6	esm	0	1.0986122886681096	1.200191405301987
Q9H9B1	esm	0	1.0986122886681096	1.4870257842564605
Q9H9C1	esm	0	1.0986122886681096	1.447396000492397
Q9H9J4	esm	0	1.0986122886681096	1.6566783214343095
Q9H9L3	esm	0	1.0986122886681096	1.487001977238636
Q9H9Q4	esm	0	0.6931471805599453	0.6762832837879202
Q9HAP2	esm	0	0.6931471805599453	1.177203342441286
Q9HB71	esm	0	2.9444389791664403	2.0423751151982836
Q9HBL0	esm	0	1.3862943611198906	1.1074877406736379
Q9HBT8	esm	0	1.0986122886681096	0.9003001622548369
Q9HCD5	esm	0	1.0986122886681096	1.9622986225296684
Q9HCE0	esm	0	0.6931471805599453	1.2175545405605928
Q9HCE1	esm	0	1.791759469228055	1.5942516456473828
Q9HCG8	esm	0	2.3025850929940455	1.7340690348729728
Q9HCJ5	esm	0	0.6931471805599453	1.155886312503828
Q9HCK1	esm	0	2.4849066497880004	1.0643202853158091
Q9HCL2	esm	0	0.6931471805599453	1.1175824797783807
Q9HCM1	esm	0	2.3025850929940455	1.9388657733207066
Q9HD42	esm	0	1.3862943611198906	1.6426681465190387
Q9HDC9	esm	0	1.0986122886681096	0.8331601279127164
Q9NP74	esm	0	0.6931471805599453	1.2626102054808888
Q9NP97	esm	0	0.6931471805599453	1.6239870826898217
Q9NPI5	esm	0	0.6931471805599453	0.48104885941683073
Q9NPI6	esm	0	1.6094379124341003	1.2567234009601167
Q9NPJ6	esm	0	1.3862943611198906	1.2227819662490589
Q9NQ88	esm	0	1.3862943611198906	1.1708975934907242
Q9NQC3	esm	0	2.197224577336219	2.117843364489528
Q9NQG1	esm	0	0.6931471805599453	0.4460466988684677
Q9NQT4	esm	0	1.3862943611198906	0.8712768281759591
Q9NR56	esm	0	1.6094379124341003	1.4299661119220985
Q9NRD9	esm	0	0.6931471805599453	0.5277534315549048
Q9NRG7	esm	0	0.6931471805599453	1.3772816588676429
Q9NRG9	esm	0	0.6931471805599453	0.4831050055335935
Q9NRR5	esm	0	1.0986122886681096	0.9907246059272109
Q9NRV9	esm	0	1.9459101490553132	2.2111081791137677
Q9NRW7	esm	0	1.6094379124341003	1.547201684737907
Q9NRY2	esm	0	0.6931471805599453	0.8720393623443726
Q9NRY5	esm	0	1.0986122886681096	2.1767588393904482
Q9NSE4	esm	0	3.1780538303479453	2.0441881771737007
Q9NSI6	esm	0	1.3862943611198906	1.2715935810528824
Q9NSV4	esm	0	0.6931471805599453	1.4335824515529265
Q9NTJ3	esm	0	3.3672958299864737	2.938706376089093
Q9NTW7	esm	0	0.6931471805599453	1.4726252700369524
Q9NTZ6	esm	0	1.9459101490553132	2.1048781421309206
Q9NUJ1	esm	0	2.197224577336219	0.8317010707300854
Q9NUQ2	esm	0	0.6931471805599453	0.9901666791757318
Q9NUQ6	esm	0	1.0986122886681096	1.5851702544399524
Q9NUQ9	esm	0	2.0794415416798357	1.6964187772095682
Q9NUU7	esm	0	2.3978952727983707	2.0383865780824264
Q9NUW8	esm	0	1.0986122886681096	1.4232401233862415
Q9NUX5	esm	0	0.6931471805599453	0.8261292020863975
Q9NVA4	esm	0	0.6931471805599453	0.3737023115704692
Q9NVG8	esm	0	1.6094379124341003	0.5473863915934563
Q9NVR2	esm	0	1.9459101490553132	1.2982052424891941
Q9NW07	esm	0	0.6931471805599453	0.706079509342987
Q9NWV4	esm	0	1.3862943611198906	1.8277783805689656
Q9NX01	esm	0	0.6931471805599453	1.4156727163251588
Q9NX24	esm	0	1.3862943611198906	1.8733250436046585
Q9NX31	esm	0	0.6931471805599453	1.1388760458168892
Q9NX58	esm	0	2.4849066497880004	1.8123364564679263
Q9NXE8	esm	0	0.6931471805599453	1.3744433799151163
Q9NXH9	esm	0	1.3862943611198906	1.3984671174935668
Q9NYC9	esm	0	1.0986122886681096	2.1693474252752365
Q9NYR9	esm	0	0.6931471805599453	0.6949562363782619
Q9NYV6	esm	0	0.6931471805599453	1.29113239261973
Q9NYW8	esm	0	1.3862943611198906	0.7215255813644684
Q9NYY8	esm	0	0.6931471805599453	1.2213716165867967
Q9NZ45	esm	0	1.6094379124341003	1.4020815680399994
Q9NZI8	esm	0	2.197224577336219	2.4010379304012957
Q9NZJ5	esm	0	0.6931471805599453	0.6570561512639264
Q9NZN4	esm	0	2.4849066497880004	1.3368177486142527
Q9NZN8	esm	0	0.6931471805599453	1.6617897205546175
Q9NZU5	esm	0	1.3862943611198906	1.4266208198417174
Q9P031	esm	0	1.0986122886681096	0.7717739188792354
Q9P0J0	esm	0	0.6931471805599453	1.110927578151843
Q9P0J1	esm	0	0.6931471805599453	1.095452192183196
Q9P0K1	esm	0	0.6931471805599453	1.1969203928583674
Q9P0M9	esm	0	0.6931471805599453	1.2732947972046087
Q9P0U1	esm	0	0.6931471805599453	1.177514392272566
Q9P0U3	esm	0	1.0986122886681096	1.419345422220472
Q9P1U1	esm	0	1.0986122886681096	1.5914841131980955
Q9P242	esm	0	0.6931471805599453	0.9446441215359814
Q9P265	esm	0	1.3862943611198906	1.3213574554802632
Q9P2D0	esm	0	0.6931471805599453	1.0810575597792387
Q9P2D1	esm	0	1.3862943611198906	2.019557463906189
Q9P2D3	esm	0	0.6931471805599453	1.4505353613764318
Q9P2J5	esm	0	3.0910424533583156	2.4623105462191237
Q9P2K3	esm	0	0.6931471805599453	1.6986186868668405
Q9P2Q2	esm	0	0.6931471805599453	0.8459390048370201
Q9P2R6	esm	0	1.0986122886681096	1.8805430488940584
Q9P2W1	esm	0	1.6094379124341003	1.7064617154918948
Q9P2X3	esm	0	1.3862943611198906	0.8661702357411967
Q9P2Y5	esm	0	0.6931471805599453	0.8604549758621349
Q9UBB4	esm	0	1.791759469228055	1.4346099847934826
Q9UBE0	esm	0	2.3978952727983707	2.1611008107247467
Q9UBH6	esm	0	1.0986122886681096	1.0100629738365945
Q9UBK9	esm	0	0.6931471805599453	0.32422142887778493
Q9UBP9	esm	0	1.0986122886681096	1.5828892846769338
Q9UBX1	esm	0	1.3862943611198906	1.4048344767205716
Q9UBX5	esm	0	0.6931471805599453	1.2972818247840043
Q9UF11	esm	0	0.6931471805599453	0.38829261250583036
Q9UFE4	esm	0	0.6931471805599453	1.795771030424938
Q9UG63	esm	0	2.70805020110221	1.727170447479688
Q9UGR2	esm	0	0.6931471805599453	1.4716634693233863
Q9UGT4	esm	0	0.6931471805599453	0.7895862631397617
Q9UGU5	esm	0	0.6931471805599453	1.6360259892282234
Q9UGV2	esm	0	1.0986122886681096	1.0066639700610855
Q9UH65	esm	0	2.197224577336219	1.6753463858382764
Q9UHA4	esm	0	0.6931471805599453	1.3136845225108142
Q9UHA7	esm	0	0.6931471805599453	1.073607862625105
Q9UHK6	esm	0	1.3862943611198906	1.350428368797833
Q9UHR5	esm	0	1.791759469228055	1.7815867134376173
Q9UI14	esm	0	0.6931471805599453	0.6522676680069113
Q9UIJ7	esm	0	2.3025850929940455	1.7278581635710393
Q9UIQ6	esm	0	0.6931471805599453	1.3236032298515903
Q9UJ72	esm	0	0.6931471805599453	1.8358174104083256
Q9UJC3	esm	0	1.791759469228055	1.5528639766518217
Q9UJK0	esm	0	0.6931471805599453	0.787422139531626
Q9UJW0	esm	0	0.6931471805599453	1.3975325568015027
Q9UJW8	esm	0	0.6931471805599453	0.8788394063180748
Q9UK22	esm	0	0.6931471805599453	1.0819876959681176
Q9UK41	esm	0	1.3862943611198906	1.4570109329198975
Q9UKI9	esm	0	0.6931471805599453	1.0027168289790032
Q9UKJ3	esm	0	2.6390573296152584	1.5491149583894495
Q9UKK9	esm	0	2.0794415416798357	1.3605205762892816
Q9UKT9	esm	0	0.6931471805599453	1.0326632548419905
Q9UKU0	esm	0	0.6931471805599453	1.508989422829445
Q9UKV8	esm	0	1.791759469228055	1.9562655535418596
Q9UKX2	esm	0	3.6635616461296463	3.096717624861367
Q9UKX7	esm	0	2.70805020110221	2.323419135362143
Q9UL15	esm	0	1.3862943611198906	1.5548086601799116
Q9UL25	esm	0	1.0986122886681096	1.5081759274782804
Q9ULC5	esm	0	1.0986122886681096	1.6958558681224447
Q9ULD0	esm	0	1.0986122886681096	2.0563211445686704
Q9ULE0	esm	0	0.6931471805599453	0.6010867702403706
Q9ULH0	esm	0	1.0986122886681096	1.3504738836211512
Q9ULJ1	esm	0	0.6931471805599453	1.015493427009772
Q9ULK4	esm	0	1.0986122886681096	1.3778352501422675
Q9ULL5	esm	0	1.791759469228055	1.8818096831335025
Q9ULV4	esm	0	2.6390573296152584	2.097326283837094
Q9ULX9	esm	0	0.6931471805599453	0.6693815177386448
Q9UMX0	esm	0	1.0986122886681096	1.002896263293528
Q9UMY1	esm	0	1.791759469228055	1.1258829044683079
Q9UMZ2	esm	0	2.6390573296152584	1.6280648486050124
Q9UN37	esm	0	1.791759469228055	1.831506878195679
Q9UN86	esm	0	1.9459101490553132	1.8084659559610123
Q9UNF0	esm	0	1.9459101490553132	1.920446371673083
Q9UNM6	esm	0	2.0794415416798357	2.0789879111463287
Q9UNS2	esm	0	1.3862943611198906	2.015087283951885
Q9UNW1	esm	0	1.0986122886681096	1.2613874093333424
Q9UNW9	esm	0	0.6931471805599453	1.8333109826410856
Q9UP83	esm	0	0.6931471805599453	1.3560968566244644
Q9UPM8	esm	0	0.6931471805599453	1.2625506396626038
Q9UPN4	esm	0	0.6931471805599453	1.3082530903159142
Q9UPR5	esm	0	0.6931471805599453	1.1202688078169554
Q9UPY8	esm	0	1.0986122886681096	1.5520766161911945
Q9UQ03	esm	0	0.6931471805599453	1.6999437088822382
Q9UQ35	esm	0	2.3025850929940455	1.7612115716014956
Q9UQ88	esm	0	1.0986122886681096	1.703294213645389
Q9UQB8	esm	0	1.791759469228055	1.3813779265130934
Q9UQM7	esm	0	1.6094379124341003	1.0507727569058196
Q9UQN3	esm	0	1.791759469228055	2.0103993029617753
Q9UQR0	esm	0	1.6094379124341003	1.4482378412226913
Q9Y261	esm	0	0.6931471805599453	1.1097121993402865
Q9Y283	esm	0	0.6931471805599453	1.3420931217037027
Q9Y2F5	esm	0	2.3978952727983707	1.441273209023997
Q9Y2H1	esm	0	1.0986122886681096	1.287234590917358
Q9Y2K2	esm	0	1.0986122886681096	1.1365991865033767
Q9Y2L5	esm	0	1.3862943611198906	1.050449635069075
Q9Y2Q5	esm	0	0.6931471805599453	1.1737361389412129
Q9Y2R9	esm	0	1.9459101490553132	1.3344775464190053
Q9Y383	esm	0	2.197224577336219	1.574027814129229
Q9Y399	esm	0	1.0986122886681096	1.0601168716686047
Q9Y3A5	esm	0	2.197224577336219	2.4049804750112034
Q9Y3B2	esm	0	0.6931471805599453	1.1625823032182345
Q9Y3B4	esm	0	1.3862943611198906	1.3471238138034392
Q9Y3B9	esm	0	1.3862943611198906	1.7494368733489911
Q9Y3F4	esm	0	2.6390573296152584	2.0074214816677025
Q9Y467	esm	0	1.0986122886681096	1.4183557042626533
Q9Y483	esm	0	1.3862943611198906	1.4598183910258902
Q9Y4G6	esm	0	2.3978952727983707	2.6561970941985407
Q9Y4H2	esm	0	0.6931471805599453	0.39571151084085865
Q9Y4K4	esm	0	1.6094379124341003	1.1899765035052323
Q9Y4L1	esm	0	2.70805020110221	2.2656469611505523
Q9Y530	esm	0	1.3862943611198906	1.166915417399002
Q9Y570	esm	0	1.6094379124341003	1.5796054078619226
Q9Y576	esm	0	0.6931471805599453	0.5285661124930077
Q9Y5J5	esm	0	0.6931471805599453	0.6104530536564221
Q9Y5J7	esm	0	1.3862943611198906	1.3541576599878962
Q9Y5K6	esm	0	1.9459101490553132	1.7225172046221475
Q9Y5K8	esm	0	0.6931471805599453	1.7961079291605413
Q9Y5P6	esm	0	1.3862943611198906	0.931811540388062
Q9Y5U2	esm	0	1.0986122886681096	0.7128998444066583
Q9Y617	esm	0	2.5649493574615367	1.8728592103567603
Q9Y6C9	esm	0	1.3862943611198906	0.5486921676571428
Q9Y6I4	esm	0	1.3862943611198906	1.1208837677623047
Q9Y6I9	esm	0	0.6931471805599453	0.5458527892236175
Q9Y6W3	esm	0	1.0986122886681096	1.6906862653727266
Q9Y6X3	esm	0	0.6931471805599453	0.9940392565831211
A1L020	esm	1	0.6931471805599453	1.0540470259171841
A3KN83	esm	1	1.6094379124341003	2.1776487372468525
A5PLK6	esm	1	0.6931471805599453	1.0379464937873217
A5PLN9	esm	1	0.6931471805599453	1.184726555952504
A6NIH7	esm	1	0.6931471805599453	1.2906201516443707
A6NKD9	esm	1	0.6931471805599453	0.6342906567873572
A6NKP2	esm	1	0.6931471805599453	0.9944967368795575
A6NL82	esm	1	0.6931471805599453	0.8198784872658669
A6NM62	esm	1	0.6931471805599453	0.8749342724909689
A6NMZ7	esm	1	1.9459101490553132	1.6795612290604838
A8MW92	esm	1	2.0794415416798357	1.6372644045937603
A9UHW6	esm	1	0.6931471805599453	0.9253681807247492
E9PAV3	esm	1	1.3862943611198906	2.0791546889453487
O00139	esm	1	1.791759469228055	1.5761253974452145
O00170	esm	1	1.791759469228055	1.4509848145184276
O00303	esm	1	1.3862943611198906	1.7583485898176663
O00329	esm	1	0.6931471805599453	1.1412505453164579
O00330	esm	1	2.9444389791664403	1.9179449768219068
O00418	esm	1	0.6931471805599453	1.185066493634642
O00422	esm	1	1.6094379124341003	1.2820972464524252
O00471	esm	1	1.791759469228055	1.5150933387797378
O00566	esm	1	2.3978952727983707	2.123491163876287
O00567	esm	1	2.8903717578961645	1.8153188224045216
O00602	esm	1	0.6931471805599453	1.447828903882097
O14495	esm	1	0.6931471805599453	0.5925193383354725
O14709	esm	1	0.6931471805599453	1.1565297773872283
O14727	esm	1	1.3862943611198906	1.3723898607533103
O14730	esm	1	0.6931471805599453	1.2968531505633834
O14744	esm	1	1.6094379124341003	1.6486312292801764
O14818	esm	1	2.4849066497880004	2.260236653909401
O14933	esm	1	0.6931471805599453	1.1961629600671488
O14950	esm	1	1.0986122886681096	1.445299226176643
O14972	esm	1	0.6931471805599453	1.4206529683869304
O15015	esm	1	0.6931471805599453	1.0961022790428876
O15091	esm	1	0.6931471805599453	1.2873911403616893
O15117	esm	1	2.4849066497880004	1.7051149456675447
O15173	esm	1	0.6931471805599453	1.1083450024370878
O15226	esm	1	1.6094379124341003	1.9906924804677644
O15254	esm	1	1.6094379124341003	1.693385227454141
O15294	esm	1	1.791759469228055	1.2647638469947535
O15304	esm	1	0.6931471805599453	0.391586230298556
O15350	esm	1	1.0986122886681096	1.3113448629166746
O15355	esm	1	2.3978952727983707	1.5773303121183049
O15427	esm	1	1.3862943611198906	0.5062862712611246
O15533	esm	1	0.6931471805599453	0.7106434982174024
O15540	esm	1	1.6094379124341003	1.9586844341258565
O43175	esm	1	2.3025850929940455	2.1034838466041155
O43257	esm	1	1.3862943611198906	1.1523726571171022
O43294	esm	1	0.6931471805599453	1.3644178533049274
O43299	esm	1	0.6931471805599453	0.9139534024084105
O43312	esm	1	0.6931471805599453	0.5765227612118342
O43488	esm	1	1.3862943611198906	1.520161047113778
O43633	esm	1	1.3862943611198906	1.7372767902194945
O43678	esm	1	1.3862943611198906	1.8166914212961627
O43768	esm	1	2.6390573296152584	1.7304976393851117
O43790	esm	1	1.3862943611198906	1.2426772703501439
O43795	esm	1	1.9459101490553132	2.0019735290618517
O43847	esm	1	1.791759469228055	1.6998249850296456
O60240	esm	1	1.3862943611198906	1.2929462373594727
O60282	esm	1	1.3862943611198906	2.2041704296245577
O60299	esm	1	1.0986122886681096	0.5828566141825966
O60306	esm	1	1.791759469228055	1.772804062177944
O60341	esm	1	1.3862943611198906	1.8122263194680328
O60547	esm	1	1.9459101490553132	2.0515271978579412
O60568	esm	1	1.3862943611198906	1.2009149034947424
O60675	esm	1	0.6931471805599453	0.9866234570848667
O60729	esm	1	0.6931471805599453	1.125316165215495
O60826	esm	1	1.0986122886681096	0.7569220037294555
O60861	esm	1	1.0986122886681096	1.6291339437374996
O60869	esm	1	2.6390573296152584	2.159171908808217
O60925	esm	1	2.0794415416798357	1.389081232918187
O60934	esm	1	2.0794415416798357	1.9311266418797233
O75027	esm	1	2.197224577336219	1.6710048699122122
O75127	esm	1	0.6931471805599453	1.1543790300588408
O75131	esm	1	2.3025850929940455	1.6697010930419234
O75150	esm	1	1.791759469228055	1.6196128496674076
O75152	esm	1	3.332204510175204	1.9992389395690946
O75153	esm	1	1.3862943611198906	1.2924984087097833
O75165	esm	1	2.3025850929940455	1.6273108739598754
O75177	esm	1	0.6931471805599453	1.4224037165742958
O75179	esm	1	1.9459101490553132	1.820616577830884
O75190	esm	1	2.0794415416798357	1.402355101397513
O75306	esm	1	1.3862943611198906	1.8794727878331148
O75348	esm	1	1.3862943611198906	1.9561603494300472
O75369	esm	1	4.0943445622221	2.997037781452147
O75376	esm	1	2.3978952727983707	1.9470314755272282
O75410	esm	1	0.6931471805599453	1.4226424264782163
O75477	esm	1	2.3978952727983707	1.1369285080866156
O75528	esm	1	1.0986122886681096	2.0460468200535127
O75534	esm	1	2.197224577336219	2.2742527818744147
O75643	esm	1	3.332204510175204	1.8522951917227704
O75663	esm	1	2.3025850929940455	1.046103406411369
O75676	esm	1	0.6931471805599453	0.9058164832984653
O75688	esm	1	1.0986122886681096	1.204403774717117
O75694	esm	1	1.3862943611198906	1.504692499037386
O75695	esm	1	0.6931471805599453	1.355458605780016
O75764	esm	1	0.6931471805599453	1.7452238500351058
O75792	esm	1	1.0986122886681096	1.4593875227356274
O75794	esm	1	1.6094379124341003	1.110116000694625
O75817	esm	1	0.6931471805599453	0.8716441452273069
O75832	esm	1	1.6094379124341003	0.8575751715627634
O75844	esm	1	1.6094379124341003	1.1143116903072967
O75879	esm	1	1.0986122886681096	1.6038022612893668
O75886	esm	1	0.6931471805599453	1.7471337490656438
O75896	esm	1	0.6931471805599453	0.2068580718424906
O75934	esm	1	1.3862943611198906	1.0604005819789553
O75936	esm	1	0.6931471805599453	1.541761360998924
O75947	esm	1	2.833213344056216	2.4278147538082324
O76094	esm	1	2.833213344056216	2.030316209769042
O77932	esm	1	0.6931471805599453	1.324109401161661
O94826	esm	1	2.5649493574615367	1.8499513581663867
O94868	esm	1	0.6931471805599453	1.2844718162151134
O94875	esm	1	1.6094379124341003	1.0446092334694197
O94888	esm	1	1.6094379124341003	1.2950256595832654
O94905	esm	1	1.9459101490553132	1.363614064807538
O94913	esm	1	2.0794415416798357	2.060671553224356
O94925	esm	1	2.5649493574615367	1.455987191232492
O94967	esm	1	1.0986122886681096	1.2252507688668677
O94972	esm	1	0.6931471805599453	1.1190627145215803
O94979	esm	1	2.5649493574615367	1.7324833463011489
O94986	esm	1	1.0986122886681096	0.9790992524537543
O95139	esm	1	2.3025850929940455	1.1455169698444396
O95154	esm	1	1.0986122886681096	1.448873724845379
O95155	esm	1	1.6094379124341003	1.8765077481058396
O95166	esm	1	1.0986122886681096	1.2329153161986734
O95218	esm	1	2.5649493574615367	1.690074645788356
O95260	esm	1	0.6931471805599453	1.6096824843320028
O95274	esm	1	0.6931471805599453	1.266932431189805
O95292	esm	1	2.3978952727983707	1.742449173197587
O95363	esm	1	1.0986122886681096	1.718553772910039
O95400	esm	1	1.6094379124341003	1.128034558238075
O95402	esm	1	1.6094379124341003	1.5511641618444043
O95573	esm	1	2.6390573296152584	1.6656775687596068
O95685	esm	1	0.6931471805599453	0.46801423600605396
O95707	esm	1	1.3862943611198906	0.9262283497167453
O95758	esm	1	1.0986122886681096	1.585788104589807
O95760	esm	1	1.3862943611198906	1.1575969469587677
O95782	esm	1	1.6094379124341003	1.798181649284495
O95786	esm	1	1.9459101490553132	1.518754836719001
O96007	esm	1	0.6931471805599453	0.515383972731885
O96011	esm	1	0.6931471805599453	0.9482889908998515
P00352	esm	1	2.833213344056216	2.3890976910095088
P00390	esm	1	2.6390573296152584	1.9218177158610805
P00395	esm	1	0.6931471805599453	1.4675976891593088
P00739	esm	1	1.0986122886681096	1.5082553067644344
P00740	esm	1	1.0986122886681096	1.206346890790035
P00813	esm	1	2.0794415416798357	1.8609579330124864
P01011	esm	1	1.9459101490553132	1.497435905303921
P01031	esm	1	1.0986122886681096	2.0761462970197844
P01042	esm	1	2.772588722239781	1.9199822200877992
P01266	esm	1	0.6931471805599453	1.3508849663638902
P01903	esm	1	1.0986122886681096	1.4539382292934546
P02461	esm	1	0.6931471805599453	1.6439889587238934
P02656	esm	1	1.3862943611198906	1.382721034087747
P02675	esm	1	2.0794415416798357	1.352369901732998
P02751	esm	1	2.70805020110221	2.1594341980651865
P02766	esm	1	1.0986122886681096	1.3865272836479763
P02774	esm	1	3.044522437723423	2.3310046148104697
P02776	esm	1	1.0986122886681096	0.7561879087969239
P02792	esm	1	0.6931471805599453	1.289345061277678
P04003	esm	1	2.3025850929940455	1.2128786881657072
P04053	esm	1	0.6931471805599453	0.7942474198528756
P04080	esm	1	1.9459101490553132	1.5516490191980687
P04424	esm	1	1.6094379124341003	1.893691073157615
P04818	esm	1	1.3862943611198906	1.891905424873765
P04839	esm	1	0.6931471805599453	1.1138927305981157
P04843	esm	1	2.772588722239781	2.198584379232736
P04844	esm	1	1.791759469228055	2.292643267441901
P05026	esm	1	1.6094379124341003	1.8659764825016962
P05091	esm	1	2.4849066497880004	2.4032331265267084
P05109	esm	1	1.9459101490553132	1.4756902124269202
P05141	esm	1	2.772588722239781	2.0991752344983077
P05161	esm	1	0.6931471805599453	1.0613190901071543
P05976	esm	1	1.3862943611198906	2.069554000765177
P06401	esm	1	1.0986122886681096	0.9564313297490886
P06727	esm	1	2.5649493574615367	2.4082881770013653
P06737	esm	1	3.044522437723423	2.3850459994911732
P07199	esm	1	0.6931471805599453	1.217725729951649
P07954	esm	1	2.995732273553991	2.2361720359097204
P07996	esm	1	2.3978952727983707	1.8093759763938977
P08235	esm	1	0.6931471805599453	1.2565877938912358
P08240	esm	1	1.791759469228055	1.626961348808293
P08243	esm	1	2.3978952727983707	1.751117716140488
P08572	esm	1	1.3862943611198906	0.8711434169607712
P08575	esm	1	1.6094379124341003	1.6309901334513568
P08590	esm	1	0.6931471805599453	1.9127053554475064
P08697	esm	1	0.6931471805599453	1.0989711379312945
P08708	esm	1	2.0794415416798357	1.4450532025457317
P08727	esm	1	1.3862943611198906	1.9354536129749405
P09382	esm	1	1.9459101490553132	1.6428393446326675
P09630	esm	1	0.6931471805599453	0.564941183073187
P09874	esm	1	3.8066624897703196	2.6221438931995302
P09917	esm	1	0.6931471805599453	1.254707773299959
P09936	esm	1	2.197224577336219	1.8947758652116318
P0DI82	esm	1	0.6931471805599453	0.9423799906280628
P0DMN0	esm	1	0.6931471805599453	1.0599761803120422
P0DP25	esm	1	1.9459101490553132	1.9533283858457393
P10071	esm	1	2.3025850929940455	1.2915003967300596
P10323	esm	1	1.3862943611198906	0.8893714197517868
P10515	esm	1	2.6390573296152584	1.872005605116871
P10586	esm	1	0.6931471805599453	1.4663731025199431
P10606	esm	1	1.9459101490553132	1.2388541147618526
P10644	esm	1	2.3978952727983707	1.22980200916341
P11182	esm	1	2.5649493574615367	1.4338046423978812
P11216	esm	1	2.6390573296152584	2.288777999448205
P11274	esm	1	0.6931471805599453	1.1825905558724052
P11413	esm	1	2.5649493574615367	2.0684835493989024
P11441	esm	1	1.791759469228055	1.1473281551343486
P11586	esm	1	3.2580965380214817	2.529936297082716
P11684	esm	1	0.6931471805599453	1.4214695968278708
P11831	esm	1	0.6931471805599453	1.1690781635933467
P12532	esm	1	2.3978952727983707	2.023042148162912
P13640	esm	1	1.0986122886681096	1.3168621671620004
P13667	esm	1	3.1354942159291497	2.6725699898573674
P13807	esm	1	1.6094379124341003	1.2431697806216502
P13861	esm	1	1.791759469228055	1.421250029916906
P14618	esm	1	3.332204510175204	2.0060137498891706
P14625	esm	1	3.6109179126442243	2.726149889382544
P14859	esm	1	0.6931471805599453	1.5065160798391897
P14927	esm	1	2.0794415416798357	1.6567054480438388
P15036	esm	1	0.6931471805599453	0.716911425089799
P15328	esm	1	0.6931471805599453	0.5416360631354589
P15408	esm	1	1.0986122886681096	0.8585177860397905
P15880	esm	1	2.5649493574615367	1.8696981960862105
P16144	esm	1	0.6931471805599453	1.5774170293676408
P16219	esm	1	1.9459101490553132	1.868769567384743
P16233	esm	1	0.6931471805599453	1.784513635680874
P16333	esm	1	1.0986122886681096	1.1882657363225333
P16415	esm	1	0.6931471805599453	0.943393675777255
P16435	esm	1	0.6931471805599453	1.7939604489969847
P16452	esm	1	1.6094379124341003	1.2049064174733972
P16615	esm	1	2.3025850929940455	1.7983845086122552
P17024	esm	1	0.6931471805599453	0.7051855812343881
P17028	esm	1	1.6094379124341003	0.8628665794762667
P17096	esm	1	1.9459101490553132	1.8478345287737517
P17097	esm	1	0.6931471805599453	0.9746555764870675
P17480	esm	1	3.044522437723423	2.046081439299696
P17481	esm	1	0.6931471805599453	0.6390375696179784
P17544	esm	1	0.6931471805599453	1.2384143176931224
P17600	esm	1	1.791759469228055	1.602000974661832
P17612	esm	1	2.0794415416798357	1.6447301776640109
P17676	esm	1	1.6094379124341003	0.7860159996645135
P17858	esm	1	2.6390573296152584	2.1825958808242083
P17861	esm	1	0.6931471805599453	1.0085037292068133
P17980	esm	1	2.3978952727983707	1.86935897597282
P18085	esm	1	0.6931471805599453	0.8426290089303854
P18146	esm	1	1.0986122886681096	1.4680948246009322
P18428	esm	1	0.6931471805599453	1.440258410494376
P18583	esm	1	2.8903717578961645	1.830065571378694
P18669	esm	1	2.4849066497880004	1.8660863450296403
P18754	esm	1	1.0986122886681096	1.7564629289647447
P18859	esm	1	2.0794415416798357	1.6473851673134174
P19878	esm	1	0.6931471805599453	1.6338389092642815
P20264	esm	1	0.6931471805599453	1.0101431052226788
P20472	esm	1	0.6931471805599453	1.9123541157192094
P20645	esm	1	1.0986122886681096	0.9905727608079892
P20700	esm	1	3.295836866004329	2.440467816614787
P20827	esm	1	0.6931471805599453	0.945844986493771
P21127	esm	1	1.9459101490553132	1.5912031323796039
P21266	esm	1	2.197224577336219	1.8024484147410789
P21397	esm	1	1.3862943611198906	1.526087140434857
P21399	esm	1	2.0794415416798357	1.7736274258443816
P21673	esm	1	0.6931471805599453	1.2027405999392284
P21926	esm	1	1.0986122886681096	1.5153057222003048
P21953	esm	1	1.791759469228055	1.6738373642189495
P22105	esm	1	1.791759469228055	2.1820370264347018
P22234	esm	1	2.6390573296152584	1.748560298633338
P22352	esm	1	1.3862943611198906	1.163473373995392
P22681	esm	1	1.0986122886681096	0.8812847726013331
P23142	esm	1	1.791759469228055	1.0168228931447787
P23246	esm	1	3.044522437723423	2.1033790898285862
P23434	esm	1	0.6931471805599453	1.4737146388211255
P23469	esm	1	0.6931471805599453	1.3126897469644123
P23471	esm	1	1.0986122886681096	1.308772576525401
P23771	esm	1	0.6931471805599453	1.0416972874482866
P23786	esm	1	2.4849066497880004	2.311052910550991
P25098	esm	1	1.0986122886681096	1.431668755359684
P25705	esm	1	3.1780538303479453	2.308678638758524
P25713	esm	1	1.6094379124341003	1.5483093347579808
P25787	esm	1	1.9459101490553132	2.021665824848107
P26038	esm	1	3.4657359027997265	2.0762194033652692
P26196	esm	1	1.6094379124341003	1.8609809982678955
P26373	esm	1	2.3025850929940455	2.012313373311304
P26440	esm	1	2.197224577336219	2.162737407066291
P26583	esm	1	2.4849066497880004	2.8078862955914117
P26599	esm	1	2.5649493574615367	1.902750141924895
P26641	esm	1	2.6390573296152584	1.8000441202630637
P27105	esm	1	0.6931471805599453	1.0920373699244128
P27169	esm	1	0.6931471805599453	1.0026085691059698
P27361	esm	1	1.0986122886681096	1.2993660758895198
P27694	esm	1	2.833213344056216	2.289223009386077
P27695	esm	1	2.5649493574615367	1.9346122113266095
P27707	esm	1	1.3862943611198906	1.096618097275989
P28062	esm	1	0.6931471805599453	1.3718596938115324
P28066	esm	1	2.0794415416798357	1.9917137980051807
P28070	esm	1	0.6931471805599453	1.59939092944445
P28289	esm	1	1.3862943611198906	1.385889274400206
P28324	esm	1	0.6931471805599453	1.2710961880858427
P28330	esm	1	1.0986122886681096	1.9262159565739343
P28749	esm	1	1.791759469228055	1.3612020071403015
P28906	esm	1	1.0986122886681096	1.0123110930925794
P29083	esm	1	1.791759469228055	1.8642535365726236
P29377	esm	1	0.6931471805599453	1.7739824150422498
P29401	esm	1	3.332204510175204	2.24409998727372
P29622	esm	1	1.0986122886681096	1.2369669309278966
P29966	esm	1	2.197224577336219	1.9104278263837402
P30038	esm	1	2.995732273553991	2.43238093399758
P30041	esm	1	2.4849066497880004	2.3672891694830716
P30043	esm	1	1.0986122886681096	1.7620306115579922
P30414	esm	1	2.4849066497880004	1.6793765155204152
P30613	esm	1	1.0986122886681096	1.5838819389698537
P30740	esm	1	2.4849066497880004	1.902588171751888
P30838	esm	1	1.6094379124341003	2.02403703100809
P31040	esm	1	2.9444389791664403	2.4938990697741654
P31150	esm	1	2.0794415416798357	2.2220860949878674
P31327	esm	1	3.988984046564274	2.1766058724347457
P31947	esm	1	2.3025850929940455	2.137937941511635
P33991	esm	1	3.044522437723423	2.1699636785050638
P33993	esm	1	2.3978952727983707	2.36265069973211
P35080	esm	1	1.3862943611198906	2.0617782254198596
P35232	esm	1	1.791759469228055	1.6514094727452024
P35268	esm	1	1.9459101490553132	1.677920218170698
P35520	esm	1	1.9459101490553132	1.4597340490165212
P35579	esm	1	4.718498871295094	2.8953705424411247
P35609	esm	1	1.6094379124341003	2.4250125370720745
P35610	esm	1	0.6931471805599453	0.5286579502607037
P35625	esm	1	2.4849066497880004	0.9626092592493829
P35659	esm	1	2.3025850929940455	2.5034476031469106
P35789	esm	1	0.6931471805599453	1.1904236595524242
P35869	esm	1	1.6094379124341003	1.1223181407561964
P36405	esm	1	1.0986122886681096	0.8189516680101487
P36508	esm	1	0.6931471805599453	1.143411107466628
P36551	esm	1	1.6094379124341003	1.2180375843105629
P36952	esm	1	2.0794415416798357	1.8583406094278607
P36957	esm	1	2.3978952727983707	2.0524817728687035
P37802	esm	1	2.0794415416798357	1.9298807575466006
P37840	esm	1	2.3025850929940455	1.6207608255022379
P38432	esm	1	1.0986122886681096	1.5788468248743477
P38919	esm	1	2.3025850929940455	1.851271658163013
P39019	esm	1	2.4849066497880004	2.3584755735468135
P39023	esm	1	2.995732273553991	2.3371876464435744
P40261	esm	1	1.9459101490553132	0.7526136808377075
P40306	esm	1	1.6094379124341003	1.449943019843356
P41134	esm	1	1.0986122886681096	0.26064553837837323
P41162	esm	1	1.6094379124341003	1.131024325672512
P41219	esm	1	0.6931471805599453	1.6042406354066547
P41227	esm	1	2.0794415416798357	1.6268175992344074
P41567	esm	1	1.6094379124341003	1.741321155067265
P41743	esm	1	1.791759469228055	1.1387125929525386
P42025	esm	1	0.6931471805599453	1.276810369847407
P42126	esm	1	1.791759469228055	1.3589068063458656
P42330	esm	1	1.6094379124341003	1.5632704438511695
P42356	esm	1	1.3862943611198906	1.5492205107195482
P42704	esm	1	3.6109179126442243	1.8436080564117558
P43307	esm	1	0.6931471805599453	1.4710793117066958
P43405	esm	1	0.6931471805599453	1.467100781932553
P43652	esm	1	1.9459101490553132	2.091936507592404
P45973	esm	1	1.791759469228055	1.6131186872707064
P45985	esm	1	1.791759469228055	1.4621556181591084
P46060	esm	1	2.4849066497880004	2.0780355933777095
P46439	esm	1	0.6931471805599453	1.974954502254048
P46459	esm	1	2.197224577336219	1.7344399299214763
P46531	esm	1	1.0986122886681096	1.2944033506470087
P46934	esm	1	1.0986122886681096	1.2564129404227857
P46939	esm	1	1.9459101490553132	2.0992877803423395
P46940	esm	1	3.6109179126442243	2.0110046563365103
P46976	esm	1	1.0986122886681096	1.0329923299120616
P47914	esm	1	2.197224577336219	2.2954801818516626
P47989	esm	1	0.6931471805599453	1.8745556065841686
P48047	esm	1	2.6390573296152584	2.069378002586635
P48067	esm	1	0.6931471805599453	0.7309437615370442
P48382	esm	1	1.9459101490553132	1.6659070088610308
P48506	esm	1	2.197224577336219	1.305410960461747
P48507	esm	1	1.0986122886681096	1.0484750969056282
P48509	esm	1	0.6931471805599453	1.016466189679147
P48651	esm	1	1.0986122886681096	0.601555563665632
P49116	esm	1	1.3862943611198906	1.112110329006022
P49368	esm	1	2.9444389791664403	2.3034279864149148
P49721	esm	1	1.9459101490553132	1.7381538282794744
P49755	esm	1	1.6094379124341003	1.5197779868450714
P49902	esm	1	1.9459101490553132	1.1134745887087019
P49961	esm	1	0.6931471805599453	0.9958870811685594
P50213	esm	1	2.5649493574615367	2.230964946371898
P50453	esm	1	1.9459101490553132	1.4089924271657133
P50458	esm	1	0.6931471805599453	1.162839142556912
P50461	esm	1	0.6931471805599453	2.0740009813214852
P50549	esm	1	0.6931471805599453	0.9971656104910145
P50579	esm	1	1.6094379124341003	2.246208323770853
P50613	esm	1	1.3862943611198906	1.1362454805735034
P50914	esm	1	2.6390573296152584	1.6731753221436525
P50991	esm	1	3.0910424533583156	2.423328741166838
P51153	esm	1	1.791759469228055	1.3231571705126683
P51178	esm	1	1.0986122886681096	1.04868967866823
P51523	esm	1	0.6931471805599453	1.2837665110943073
P51610	esm	1	2.9444389791664403	1.9023033428414944
P51659	esm	1	3.2580965380214817	2.204117877321109
P51816	esm	1	1.791759469228055	1.828003127544048
P51991	esm	1	2.70805020110221	2.201703755541825
P52272	esm	1	2.995732273553991	2.3636826864462197
P52294	esm	1	1.6094379124341003	1.1928188844386716
P52564	esm	1	1.3862943611198906	1.618300755179805
P52739	esm	1	1.6094379124341003	1.4486833864238071
P52747	esm	1	1.791759469228055	1.4724886244526065
P52789	esm	1	1.9459101490553132	2.305925739885769
P52815	esm	1	2.0794415416798357	1.6519329683521455
P52888	esm	1	2.3978952727983707	1.4438566012593106
P53004	esm	1	2.197224577336219	1.067690625301203
P53384	esm	1	0.6931471805599453	1.565931756897448
P53396	esm	1	3.6109179126442243	2.3157520427863556
P53597	esm	1	2.197224577336219	2.058985316032206
P53602	esm	1	0.6931471805599453	1.091841268660365
P54253	esm	1	1.0986122886681096	1.2412140649695027
P54259	esm	1	1.9459101490553132	1.6128732727289572
P54577	esm	1	3.0910424533583156	2.967100351475965
P54687	esm	1	0.6931471805599453	1.7433332764549716
P54709	esm	1	1.0986122886681096	1.4699487325151737
P54868	esm	1	2.6390573296152584	2.0238295680411564
P54920	esm	1	1.791759469228055	2.0254463714100717
P55107	esm	1	1.6094379124341003	0.7833902396377364
P55199	esm	1	0.6931471805599453	1.3907916043227857
P55209	esm	1	2.4849066497880004	2.1539768419876593
P55769	esm	1	1.9459101490553132	1.611840043755215
P56134	esm	1	1.0986122886681096	0.5571031588903308
P56378	esm	1	0.6931471805599453	1.1941072253262233
P57053	esm	1	0.6931471805599453	1.5980185484390863
P57678	esm	1	0.6931471805599453	1.1200981069936318
P57721	esm	1	0.6931471805599453	1.537295396967861
P57737	esm	1	1.0986122886681096	1.616657222371922
P60201	esm	1	1.0986122886681096	1.0490631863247515
P60660	esm	1	1.9459101490553132	1.6715322633119007
P60903	esm	1	2.0794415416798357	1.6642435129857063
P61006	esm	1	1.6094379124341003	1.2744978409183196
P61077	esm	1	1.3862943611198906	1.0840322102252709
P61160	esm	1	2.5649493574615367	1.3224718715238895
P61254	esm	1	2.4849066497880004	1.7618991640954578
P61313	esm	1	1.9459101490553132	1.4982569432888875
P61371	esm	1	0.6931471805599453	0.9658184720211945
P61421	esm	1	1.6094379124341003	1.7762656205975107
P61457	esm	1	1.3862943611198906	1.2299499267233092
P61586	esm	1	1.3862943611198906	1.5011191056979853
P61599	esm	1	0.6931471805599453	0.9237025429530886
P61619	esm	1	1.0986122886681096	1.6764151619645937
P61978	esm	1	2.6390573296152584	2.159698677815796
P62072	esm	1	1.3862943611198906	1.2320041850960808
P62136	esm	1	1.6094379124341003	1.6038581205898559
P62166	esm	1	0.6931471805599453	1.4180781732200183
P62256	esm	1	1.3862943611198906	1.3774786124226888
P62258	esm	1	2.70805020110221	1.8718703878123835
P62266	esm	1	2.197224577336219	1.9184903660031956
P62304	esm	1	0.6931471805599453	0.8661431720272096
P62312	esm	1	1.6094379124341003	1.1250539173710625
P62314	esm	1	1.6094379124341003	1.0398615204134898
P62424	esm	1	2.70805020110221	2.25241580930345
P62750	esm	1	2.197224577336219	2.122993082343505
P62820	esm	1	1.791759469228055	1.4300433264710133
P62826	esm	1	2.70805020110221	1.2465828114767974
P62837	esm	1	1.0986122886681096	1.0638320208708303
P62879	esm	1	0.6931471805599453	1.1683076106695447
P62888	esm	1	1.9459101490553132	1.3959135827922395
P63096	esm	1	1.791759469228055	1.5803944769852358
P63098	esm	1	1.0986122886681096	1.1914657447633497
P63173	esm	1	1.9459101490553132	2.9443173564559166
P67775	esm	1	1.3862943611198906	1.3161139169679201
P67870	esm	1	1.6094379124341003	1.1204866978067245
P67936	esm	1	2.8903717578961645	2.3789006658422283
P78316	esm	1	2.0794415416798357	1.7418394856929205
P78324	esm	1	0.6931471805599453	1.3630135753589852
P78347	esm	1	2.833213344056216	2.479942208280512
P78368	esm	1	1.0986122886681096	1.3836333541439958
P78371	esm	1	3.1780538303479453	2.3296174546717143
P78406	esm	1	2.197224577336219	2.299124745884547
P78556	esm	1	0.6931471805599453	0.4749518371499617
P80188	esm	1	0.6931471805599453	1.5354039573854783
P82279	esm	1	0.6931471805599453	0.7761389925973651
P82650	esm	1	1.6094379124341003	1.3068355547444757
P82909	esm	1	1.3862943611198906	0.8365571650239628
P82912	esm	1	1.0986122886681096	1.4884709278995185
P82933	esm	1	1.0986122886681096	1.4590193186288194
P82970	esm	1	2.0794415416798357	2.657217832069829
P82979	esm	1	2.5649493574615367	2.284593336824031
P84103	esm	1	1.3862943611198906	1.2824325732803148
P86791	esm	1	1.3862943611198906	1.0331683360347446
P98095	esm	1	1.6094379124341003	0.9401895179409482
P98160	esm	1	2.8903717578961645	1.3328472399079985
Q00653	esm	1	1.9459101490553132	1.2156220763373518
Q00688	esm	1	2.6390573296152584	2.5574126931341095
Q01804	esm	1	1.6094379124341003	1.4515804420076772
Q01813	esm	1	2.833213344056216	2.291029143994067
Q01826	esm	1	0.6931471805599453	1.308232672504393
Q01970	esm	1	1.3862943611198906	1.1580958713063239
Q01974	esm	1	0.6931471805599453	0.7516232574844633
Q01995	esm	1	2.5649493574615367	1.9980596833561006
Q02383	esm	1	2.6390573296152584	1.8733917150092794
Q02487	esm	1	0.6931471805599453	1.4936829205830933
Q02878	esm	1	2.772588722239781	1.8738838590181892
Q02962	esm	1	0.6931471805599453	1.083109069532893
Q03154	esm	1	0.6931471805599453	1.5748739436586008
Q03164	esm	1	3.4339872044851463	1.9429050950468714
Q03519	esm	1	0.6931471805599453	0.8194613797600081
Q04656	esm	1	0.6931471805599453	1.4811194658791953
Q04727	esm	1	2.0794415416798357	1.8237632885413717
Q04837	esm	1	1.791759469228055	1.4883251329202218
Q05519	esm	1	1.6094379124341003	1.9996201227915402
Q05707	esm	1	2.5649493574615367	1.576357456309505
Q05BQ5	esm	1	1.6094379124341003	1.1808345735792662
Q05D32	esm	1	1.791759469228055	1.6400453902786942
Q06190	esm	1	1.0986122886681096	1.0948380249980105
Q06210	esm	1	2.3025850929940455	2.074520512367526
Q06547	esm	1	1.3862943611198906	1.4625033609081466
Q06587	esm	1	1.0986122886681096	1.0695508584006768
Q07020	esm	1	1.791759469228055	1.6761374207586313
Q07092	esm	1	0.6931471805599453	0.8853652415682965
Q07866	esm	1	2.4849066497880004	1.4586628019473196
Q08117	esm	1	1.3862943611198906	0.9314710372351616
Q08211	esm	1	2.9444389791664403	1.7479859380739695
Q08257	esm	1	2.3978952727983707	1.6753995331143712
Q08380	esm	1	0.6931471805599453	0.6119310763138276
Q08945	esm	1	3.044522437723423	2.0950061181238655
Q08999	esm	1	0.6931471805599453	1.4028081760328603
Q09161	esm	1	2.197224577336219	1.4428117448883024
Q09472	esm	1	4.025351690735149	1.9999390512107749
Q12768	esm	1	1.0986122886681096	1.911172135425467
Q12841	esm	1	0.6931471805599453	1.6375743287940197
Q12860	esm	1	1.791759469228055	1.1771624270870216
Q12899	esm	1	1.0986122886681096	1.1135646287275207
Q12933	esm	1	1.0986122886681096	1.2111976868727787
Q12965	esm	1	1.6094379124341003	1.8424813073219282
Q12979	esm	1	0.6931471805599453	1.4568039916597884
Q13033	esm	1	1.791759469228055	1.541238237923732
Q13045	esm	1	2.3025850929940455	2.094470875962436
Q13057	esm	1	1.0986122886681096	1.155102897445756
Q13084	esm	1	1.0986122886681096	1.231124377633628
Q13103	esm	1	1.0986122886681096	0.7301799682046232
Q13112	esm	1	1.0986122886681096	1.647312263791587
Q13153	esm	1	1.0986122886681096	1.4603310970895165
Q13185	esm	1	2.3978952727983707	1.6943252747321251
Q13228	esm	1	2.4849066497880004	1.6931380700581353
Q13242	esm	1	1.6094379124341003	1.6089816873743301
Q13277	esm	1	0.6931471805599453	1.3757595217006573
Q13308	esm	1	0.6931471805599453	1.112393186507472
Q13356	esm	1	1.3862943611198906	1.7415588446872765
Q13433	esm	1	0.6931471805599453	0.7783315694021942
Q13442	esm	1	2.3978952727983707	1.824421468500834
Q13492	esm	1	2.0794415416798357	1.5506249670672392
Q13523	esm	1	2.3978952727983707	2.044901105438153
Q13561	esm	1	2.197224577336219	1.9456117766099637
Q13564	esm	1	2.3025850929940455	1.959879587241959
Q13568	esm	1	0.6931471805599453	1.2479201458725768
Q13572	esm	1	1.0986122886681096	0.7638143312981095
Q13574	esm	1	1.0986122886681096	0.8546258933668218
Q13609	esm	1	1.9459101490553132	1.6131954607357737
Q13625	esm	1	1.0986122886681096	1.055671360572049
Q13671	esm	1	0.6931471805599453	0.3173791298614681
Q14004	esm	1	2.3025850929940455	1.7869393635733217
Q14008	esm	1	2.8903717578961645	2.4500851927298184
Q14112	esm	1	1.791759469228055	1.3169295624828483
Q14126	esm	1	2.3025850929940455	1.4669474660147912
Q14137	esm	1	1.0986122886681096	1.1365076103856115
Q14146	esm	1	0.6931471805599453	1.2195296969506975
Q14149	esm	1	1.3862943611198906	1.9727069197139944
Q14152	esm	1	2.833213344056216	2.3684093015604333
Q14192	esm	1	1.0986122886681096	2.0225529030610345
Q14194	esm	1	1.9459101490553132	1.906000001358453
Q14195	esm	1	2.3978952727983707	2.0462285785184524
Q14197	esm	1	1.6094379124341003	1.0144272157233079
Q14209	esm	1	0.6931471805599453	1.0780461223606637
Q14240	esm	1	1.791759469228055	1.7452655657802005
Q14257	esm	1	0.6931471805599453	1.1360708158554031
Q14258	esm	1	2.772588722239781	1.2494714902644937
Q14289	esm	1	1.0986122886681096	1.136586030934152
Q14324	esm	1	0.6931471805599453	2.352070563918337
Q14457	esm	1	0.6931471805599453	1.1619514426659363
Q14562	esm	1	0.6931471805599453	1.9252968897366678
Q14587	esm	1	1.0986122886681096	1.0776768954755092
Q14596	esm	1	0.6931471805599453	0.8831588657089524
Q14624	esm	1	1.6094379124341003	1.7165005552491714
Q14683	esm	1	3.6888794541139363	2.6849357737816533
Q14686	esm	1	2.4849066497880004	2.262883395908432
Q14689	esm	1	0.6931471805599453	1.199665922894519
Q14699	esm	1	0.6931471805599453	1.059360573342075
Q14746	esm	1	0.6931471805599453	1.5468827555571747
Q14781	esm	1	1.0986122886681096	1.795004417321527
Q14919	esm	1	1.791759469228055	1.4256445205202881
Q14980	esm	1	4.110873864173311	1.877267844747394
Q14990	esm	1	1.3862943611198906	1.4626454400833082
Q15003	esm	1	1.791759469228055	1.5184578603707966
Q15024	esm	1	0.6931471805599453	1.6854444984932253
Q15042	esm	1	1.0986122886681096	1.384026802623403
Q15057	esm	1	1.9459101490553132	1.270660101847647
Q15061	esm	1	2.0794415416798357	1.4543328939512707
Q15113	esm	1	0.6931471805599453	1.1787869918143041
Q15121	esm	1	1.0986122886681096	1.1042435892966211
Q15126	esm	1	1.6094379124341003	1.0990669123460595
Q15149	esm	1	4.718498871295094	2.1766257831341225
Q15170	esm	1	1.0986122886681096	1.002360730364946
Q15172	esm	1	0.6931471805599453	1.4815061346315104
Q15233	esm	1	2.8903717578961645	1.9078281958498613
Q15274	esm	1	1.0986122886681096	1.1292028395012874
Q15366	esm	1	1.6094379124341003	1.4336877792261546
Q15417	esm	1	2.3978952727983707	1.9786766946341476
Q15435	esm	1	1.6094379124341003	1.7478786276201879
Q15436	esm	1	1.3862943611198906	1.679515332602795
Q15582	esm	1	2.4849066497880004	1.9770275965366404
Q15642	esm	1	1.3862943611198906	1.6556274619408389
Q15714	esm	1	1.0986122886681096	1.3157143269296674
Q15717	esm	1	2.0794415416798357	1.102607564330014
Q15758	esm	1	0.6931471805599453	0.8345204449087489
Q15836	esm	1	1.0986122886681096	0.8563965423790356
Q15906	esm	1	0.6931471805599453	1.246508481190356
Q15942	esm	1	2.4849066497880004	1.4274419096886344
Q16186	esm	1	1.6094379124341003	1.5434828595750436
Q16352	esm	1	1.791759469228055	1.679591154023064
Q16401	esm	1	1.791759469228055	1.3418491018703715
Q16512	esm	1	1.6094379124341003	0.6852047713355722
Q16539	esm	1	1.3862943611198906	1.3628064247464937
Q16566	esm	1	1.791759469228055	1.2062740822842164
Q16594	esm	1	1.6094379124341003	1.4682218868478587
Q16706	esm	1	0.6931471805599453	1.5684124702968913
Q16718	esm	1	1.791759469228055	1.6974820205358223
Q16719	esm	1	1.9459101490553132	1.574368010042314
Q16740	esm	1	0.6931471805599453	1.2686842883292662
Q16822	esm	1	2.0794415416798357	1.850363807330377
Q16854	esm	1	1.6094379124341003	0.9681989349105484
Q16891	esm	1	3.2188758248682006	1.8942498076287435
Q29RF7	esm	1	3.1354942159291497	2.1634995836893536
Q2KHT3	esm	1	1.0986122886681096	0.9235723057815421
Q2NKX8	esm	1	1.791759469228055	1.5082097512426615
Q2TB90	esm	1	0.6931471805599453	2.300838330072171
Q32MZ4	esm	1	2.0794415416798357	1.8089953234273906
Q330K2	esm	1	0.6931471805599453	1.2137023304603751
Q3B726	esm	1	0.6931471805599453	1.4183896879228763
Q3L8U1	esm	1	2.0794415416798357	1.830474102444908
Q3LXA3	esm	1	1.3862943611198906	1.8355406775849992
Q3ZCQ8	esm	1	0.6931471805599453	1.4192990867183042
Q3ZCT1	esm	1	0.6931471805599453	1.1188093963404238
Q499Z4	esm	1	0.6931471805599453	0.6465646932999352
Q4G0J3	esm	1	2.3025850929940455	1.8909342737731047
Q4J6C6	esm	1	1.6094379124341003	1.9465509179410634
Q4VC05	esm	1	1.0986122886681096	2.0783585158294713
Q53EL6	esm	1	1.0986122886681096	1.5454973537198766
Q53EP0	esm	1	1.0986122886681096	1.1656143685556177
Q53ET0	esm	1	1.6094379124341003	0.8039137292292986
Q53GS9	esm	1	1.9459101490553132	2.0255527424969006
Q53S33	esm	1	1.0986122886681096	1.0938203389520773
Q5EBL4	esm	1	0.6931471805599453	1.1411579564971912
Q5FWF6	esm	1	0.6931471805599453	0.6345822832496562
Q5GLZ8	esm	1	1.3862943611198906	1.425025729127947
Q5H9F3	esm	1	1.3862943611198906	1.4732477198012217
Q5H9L2	esm	1	1.0986122886681096	1.4184854933721147
Q5JTJ3	esm	1	1.0986122886681096	0.9346030749891467
Q5JTV8	esm	1	1.0986122886681096	1.5064962228483034
Q5JTW2	esm	1	0.6931471805599453	0.9230717942235745
Q5JUR7	esm	1	0.6931471805599453	1.3265829113289158
Q5JVF3	esm	1	1.791759469228055	1.677597467700356
Q5JVL4	esm	1	1.6094379124341003	1.970869363052281
Q5MIZ7	esm	1	0.6931471805599453	1.4452271446966984
Q5MNZ6	esm	1	1.0986122886681096	1.253019158358125
Q5QNW6	esm	1	2.0794415416798357	1.6202547959545432
Q5SNT2	esm	1	0.6931471805599453	0.6148256798102814
Q5SSJ5	esm	1	2.5649493574615367	2.0769702929668683
Q5T0N5	esm	1	1.3862943611198906	1.9450689768789542
Q5T200	esm	1	1.3862943611198906	1.9887107128539072
Q5T3J3	esm	1	0.6931471805599453	1.266147172803575
Q5T440	esm	1	1.0986122886681096	1.1081474919290715
Q5T5P2	esm	1	0.6931471805599453	1.4045513312433964
Q5T7B8	esm	1	0.6931471805599453	1.0406026636598553
Q5T8D3	esm	1	0.6931471805599453	1.201842540759333
Q5TF58	esm	1	1.0986122886681096	1.0161755518633004
Q5THJ4	esm	1	0.6931471805599453	1.2952338252657594
Q5VT25	esm	1	1.0986122886681096	1.3994881910657446
Q5VTB9	esm	1	1.3862943611198906	1.2494511830100303
Q5VUA4	esm	1	2.0794415416798357	1.8748771993416957
Q5VVH5	esm	1	0.6931471805599453	1.1215453949577219
Q5VVW2	esm	1	0.6931471805599453	1.3296881184062737
Q5VWJ9	esm	1	0.6931471805599453	1.3929636882747176
Q5VZL5	esm	1	2.3025850929940455	1.64828770275277
Q5XPI4	esm	1	0.6931471805599453	1.4792257910780469
Q63ZY3	esm	1	1.0986122886681096	0.8041960690604943
Q66LE6	esm	1	1.0986122886681096	1.567392684687453
Q66PJ3	esm	1	0.6931471805599453	0.7594744173411903
Q68D85	esm	1	0.6931471805599453	0.7739275407359628
Q68DK7	esm	1	2.3978952727983707	1.0616893618975753
Q6DCA0	esm	1	0.6931471805599453	0.9646824758324134
Q6DKJ4	esm	1	0.6931471805599453	1.8668410466368326
Q6DKK2	esm	1	0.6931471805599453	1.2267231579797968
Q6FI13	esm	1	1.6094379124341003	1.3612005963525051
Q6GQQ9	esm	1	0.6931471805599453	0.8923813614739194
Q6IAN0	esm	1	0.6931471805599453	1.068220671158907
Q6IBS0	esm	1	1.6094379124341003	2.185624513342238
Q6NXS1	esm	1	1.0986122886681096	1.1445828680311285
Q6NXT1	esm	1	1.791759469228055	0.556213109782374
Q6NYC1	esm	1	0.6931471805599453	1.15261312789249
Q6NYC8	esm	1	0.6931471805599453	0.9324189208767881
Q6P0N0	esm	1	0.6931471805599453	1.4763774981084914
Q6P158	esm	1	1.0986122886681096	1.440404435833161
Q6P161	esm	1	0.6931471805599453	0.8033800407347779
Q6P1M0	esm	1	1.0986122886681096	1.284112020909589
Q6P1M3	esm	1	0.6931471805599453	1.0898105146703627
Q6P1N9	esm	1	2.0794415416798357	1.4857102364954495
Q6P1Q0	esm	1	1.0986122886681096	1.2254554747617912
Q6P4F2	esm	1	0.6931471805599453	0.9171281787149193
Q6PD62	esm	1	1.9459101490553132	2.0696481518625705
Q6PD74	esm	1	0.6931471805599453	0.9187902749455802
Q6PI48	esm	1	2.3025850929940455	1.8183321930724576
Q6PI78	esm	1	0.6931471805599453	0.7750196328638697
Q6PJG2	esm	1	1.791759469228055	1.4683888242645866
Q6S8J3	esm	1	0.6931471805599453	1.400835682303392
Q6SJ93	esm	1	0.6931471805599453	1.1796921073986633
Q6UXB2	esm	1	1.3862943611198906	0.8953286937653369
Q6VVB1	esm	1	0.6931471805599453	0.5875465474761988
Q6VY07	esm	1	0.6931471805599453	1.0277897089344559
Q6XQN6	esm	1	0.6931471805599453	1.014364802150225
Q6Y7W6	esm	1	1.6094379124341003	1.783182628437907
Q6YN16	esm	1	2.70805020110221	2.184567900431542
Q6ZN30	esm	1	0.6931471805599453	1.0468179334016146
Q6ZNA4	esm	1	0.6931471805599453	0.9082203384405121
Q6ZNB6	esm	1	0.6931471805599453	1.76741155551519
Q6ZRI6	esm	1	1.6094379124341003	1.1866883005354971
Q6ZV29	esm	1	0.6931471805599453	0.8636095033067095
Q6ZVX7	esm	1	0.6931471805599453	1.0663021509647606
Q6ZWH5	esm	1	1.0986122886681096	0.9142030773154216
Q709C8	esm	1	1.0986122886681096	1.7537534747768657
Q71DI3	esm	1	0.6931471805599453	1.5582771169659233
Q71UM5	esm	1	1.0986122886681096	0.1636677443013994
Q75QN2	esm	1	0.6931471805599453	1.3890734483206841
Q765P7	esm	1	0.6931471805599453	0.6295106928332419
Q76FK4	esm	1	2.197224577336219	2.00240663071256
Q7L1Q6	esm	1	2.5649493574615367	1.9202332310014472
Q7L2H7	esm	1	2.3978952727983707	1.9791952986852364
Q7L3B6	esm	1	0.6931471805599453	0.6909355225146199
Q7L3S4	esm	1	1.0986122886681096	0.9278797234892
Q7L576	esm	1	2.197224577336219	1.640541853649717
Q7L945	esm	1	0.6931471805599453	0.8348286015938229
Q7LBC6	esm	1	2.70805020110221	1.6663049466698843
Q7LBR1	esm	1	1.3862943611198906	1.6116404701597093
Q7RTV2	esm	1	0.6931471805599453	2.0366510509515474
Q7Z2E3	esm	1	0.6931471805599453	1.1434954836911584
Q7Z2Y5	esm	1	0.6931471805599453	1.1728911191832296
Q7Z3I7	esm	1	0.6931471805599453	1.0053737114039198
Q7Z3K3	esm	1	1.791759469228055	1.1996811900154232
Q7Z406	esm	1	2.0794415416798357	2.2407470945868573
Q7Z449	esm	1	0.6931471805599453	0.8735861422072735
Q7Z460	esm	1	1.791759469228055	1.724169965319448
Q7Z478	esm	1	2.0794415416798357	1.6707180084988986
Q7Z4S6	esm	1	1.791759469228055	1.6619211563270504
Q7Z5J4	esm	1	3.0910424533583156	1.7074238537100985
Q7Z5L2	esm	1	1.3862943611198906	1.2593660417643393
Q7Z5L9	esm	1	1.791759469228055	1.3517537211857686
Q86SZ2	esm	1	1.0986122886681096	1.1019388976269062
Q86T24	esm	1	1.0986122886681096	1.1993559285017066
Q86TP1	esm	1	0.6931471805599453	1.3372683511143235
Q86U44	esm	1	1.791759469228055	1.4187094760924421
Q86US8	esm	1	0.6931471805599453	1.5592932212300261
Q86UU1	esm	1	0.6931471805599453	0.9423694212685247
Q86UW6	esm	1	2.3978952727983707	1.2033067032771185
Q86UX7	esm	1	1.6094379124341003	1.1280798624191397
Q86VX2	esm	1	0.6931471805599453	1.0150149706819314
Q86VZ6	esm	1	0.6931471805599453	0.5153977054592658
Q86W11	esm	1	0.6931471805599453	0.9461321257859323
Q86W42	esm	1	0.6931471805599453	0.8683340813461591
Q86WA8	esm	1	2.0794415416798357	1.8065025954230616
Q86WN1	esm	1	0.6931471805599453	1.1109069118722563
Q86X02	esm	1	1.0986122886681096	0.6958783479324904
Q86X55	esm	1	1.6094379124341003	0.8698155557075553
Q86Y56	esm	1	0.6931471805599453	1.3234091176628127
Q86Y91	esm	1	0.6931471805599453	1.1582899323603684
Q8IUR0	esm	1	0.6931471805599453	0.9930631713574956
Q8IV48	esm	1	1.0986122886681096	1.1549388603716495
Q8IV50	esm	1	0.6931471805599453	0.34732141673265726
Q8IVH4	esm	1	1.0986122886681096	1.1228222447628093
Q8IVS2	esm	1	1.0986122886681096	1.4403923162330734
Q8IWA0	esm	1	1.791759469228055	1.4720214247234162
Q8IWA4	esm	1	0.6931471805599453	1.6469881964771427
Q8IWB9	esm	1	0.6931471805599453	0.9725422800311931
Q8IWL1	esm	1	1.6094379124341003	0.8387785794670275
Q8IWV7	esm	1	0.6931471805599453	1.3415766728070722
Q8IWV8	esm	1	0.6931471805599453	1.3619496127480462
Q8IWY9	esm	1	0.6931471805599453	0.9891032922528105
Q8IX90	esm	1	1.9459101490553132	1.2498733197717522
Q8IXB1	esm	1	1.0986122886681096	1.5523982991201164
Q8IXJ9	esm	1	1.0986122886681096	1.5001614454524204
Q8IY18	esm	1	2.3025850929940455	2.0440175773201816
Q8IY92	esm	1	1.0986122886681096	1.2219339042715947
Q8IYL3	esm	1	1.6094379124341003	1.3390651391519977
Q8IYQ7	esm	1	1.3862943611198906	1.5263990020214004
Q8IZP0	esm	1	1.3862943611198906	1.1600787183027987
Q8IZQ5	esm	1	1.0986122886681096	1.5384617505979026
Q8N0Y2	esm	1	0.6931471805599453	0.7429296513302067
Q8N111	esm	1	1.0986122886681096	1.4785749249914149
Q8N142	esm	1	1.0986122886681096	2.144033271622722
Q8N183	esm	1	0.6931471805599453	1.1989610181388115
Q8N1G0	esm	1	0.6931471805599453	1.172190598646593
Q8N1G4	esm	1	2.0794415416798357	1.7784500508800556
Q8N1Q1	esm	1	0.6931471805599453	1.584124737503729
Q8N201	esm	1	1.3862943611198906	1.3737242776044505
Q8N228	esm	1	0.6931471805599453	1.2836229542414705
Q8N2W9	esm	1	1.3862943611198906	1.2301670741118789
Q8N3F8	esm	1	0.6931471805599453	1.1186366095801326
Q8N3J3	esm	1	0.6931471805599453	1.4611509766264714
Q8N3V7	esm	1	1.6094379124341003	1.4155607516269941
Q8N441	esm	1	0.6931471805599453	0.6508406078272144
Q8N4B4	esm	1	0.6931471805599453	1.042720563729778
Q8N4E7	esm	1	0.6931471805599453	0.9608972231467328
Q8N4J0	esm	1	1.0986122886681096	0.9516797715233654
Q8N4S0	esm	1	0.6931471805599453	1.5987625181679606
Q8N554	esm	1	0.6931471805599453	1.0640819696078536
Q8N567	esm	1	1.3862943611198906	1.3442722431934937
Q8N573	esm	1	1.3862943611198906	1.2077162227658969
Q8N5A5	esm	1	0.6931471805599453	1.1121719176765363
Q8N5F7	esm	1	0.6931471805599453	1.5613290878004757
Q8N5M1	esm	1	0.6931471805599453	1.2000866896997195
Q8N6N7	esm	1	1.0986122886681096	2.4063443057882874
Q8N8A6	esm	1	1.0986122886681096	1.1574467252650613
Q8N8L6	esm	1	0.6931471805599453	0.7077609973685776
Q8N8R3	esm	1	0.6931471805599453	0.696952860351115
Q8N8S7	esm	1	1.6094379124341003	1.1403069795312815
Q8N999	esm	1	0.6931471805599453	1.5002319109689328
Q8N9C0	esm	1	1.0986122886681096	2.434719129238431
Q8N9M1	esm	1	1.3862943611198906	1.6661423459608233
Q8NB66	esm	1	1.0986122886681096	1.4803991573215443
Q8NBJ5	esm	1	1.3862943611198906	1.1353614932236253
Q8NBX0	esm	1	1.6094379124341003	1.9402589676894348
Q8NCA5	esm	1	1.3862943611198906	1.6823683069461426
Q8NCF5	esm	1	0.6931471805599453	1.4304743556423887
Q8NCN5	esm	1	1.9459101490553132	1.4816392257329105
Q8NE71	esm	1	2.70805020110221	2.195994943135819
Q8NEH6	esm	1	0.6931471805599453	1.1280851573584734
Q8NF37	esm	1	1.0986122886681096	0.7242078332902036
Q8NFC6	esm	1	2.772588722239781	2.2178646802735487
Q8NFH4	esm	1	1.0986122886681096	1.1629572573192983
Q8NFH5	esm	1	0.6931471805599453	1.04765717844285
Q8NFU5	esm	1	1.0986122886681096	0.6156792048032755
Q8NFV4	esm	1	1.3862943611198906	1.1505476772687724
Q8NFY9	esm	1	1.0986122886681096	1.1323028968209026
Q8NHM5	esm	1	1.6094379124341003	1.6916626855807442
Q8NHP6	esm	1	0.6931471805599453	1.2107349524100972
Q8NHU6	esm	1	1.3862943611198906	1.0979555667106193
Q8TAE6	esm	1	1.3862943611198906	0.8815424660581475
Q8TAG9	esm	1	0.6931471805599453	1.3310447830855103
Q8TAK5	esm	1	0.6931471805599453	1.4422678133821585
Q8TAT6	esm	1	1.9459101490553132	1.677242444398543
Q8TB40	esm	1	0.6931471805599453	1.384591657796309
Q8TBC5	esm	1	1.3862943611198906	0.9618941403870562
Q8TBE9	esm	1	0.6931471805599453	1.0689985160625537
Q8TBZ6	esm	1	1.0986122886681096	1.2027337304309358
Q8TCF1	esm	1	1.3862943611198906	1.4904251338300585
Q8TCJ2	esm	1	1.0986122886681096	1.4381767451303282
Q8TD16	esm	1	0.6931471805599453	1.504701231969171
Q8TDB6	esm	1	1.6094379124341003	1.5733508645386416
Q8TDD1	esm	1	1.3862943611198906	1.7413477545370746
Q8TDN6	esm	1	2.3025850929940455	1.8047222356799162
Q8TDQ7	esm	1	1.0986122886681096	1.6232238722535763
Q8TDZ2	esm	1	1.6094379124341003	0.9547000515034841
Q8TE12	esm	1	0.6931471805599453	1.070074485926596
Q8TE49	esm	1	0.6931471805599453	0.7254303731637646
Q8TF05	esm	1	0.6931471805599453	1.3213615798420777
Q8TF76	esm	1	1.0986122886681096	0.9811358128959609
Q8WU76	esm	1	0.6931471805599453	1.3231972477195826
Q8WUH6	esm	1	0.6931471805599453	1.4838159755308555
Q8WUI4	esm	1	1.3862943611198906	1.0002244505139497
Q8WUP2	esm	1	1.3862943611198906	1.1092867633120578
Q8WUU5	esm	1	1.0986122886681096	1.4522796667989546
Q8WUY3	esm	1	1.3862943611198906	1.553511806544319
Q8WVM8	esm	1	1.6094379124341003	1.7682728312055327
Q8WW38	esm	1	1.0986122886681096	1.0955738339368981
Q8WWC4	esm	1	1.3862943611198906	0.6509591732917531
Q8WWF8	esm	1	0.6931471805599453	1.4641127848285698
Q8WWQ0	esm	1	2.772588722239781	1.551540452584296
Q8WWV3	esm	1	0.6931471805599453	1.4106935069347135
Q8WXC3	esm	1	0.6931471805599453	1.4538069151951682
Q8WZA0	esm	1	1.3862943611198906	2.1328648259211023
Q8WZA2	esm	1	0.6931471805599453	1.2559221638385776
Q8WZA9	esm	1	1.3862943611198906	1.1418422605193483
Q92530	esm	1	0.6931471805599453	1.139899297119241
Q92541	esm	1	2.3025850929940455	1.7983658424206366
Q92544	esm	1	1.0986122886681096	1.3474260627542942
Q92552	esm	1	2.0794415416798357	1.5615453368236725
Q92563	esm	1	0.6931471805599453	1.233522355382743
Q92572	esm	1	1.3862943611198906	1.0675928352905055
Q92610	esm	1	1.3862943611198906	1.277495847607641
Q92616	esm	1	2.5649493574615367	1.9527115259261554
Q92620	esm	1	2.3025850929940455	1.743314047974454
Q92621	esm	1	2.995732273553991	1.6202575836705548
Q92628	esm	1	1.9459101490553132	0.9084207806105726
Q92667	esm	1	1.0986122886681096	1.1732376296985005
Q92759	esm	1	0.6931471805599453	1.0695010774655094
Q92782	esm	1	0.6931471805599453	1.1543120983338053
Q92797	esm	1	2.3025850929940455	1.6818749882837245
Q92851	esm	1	0.6931471805599453	0.9774611663466436
Q92858	esm	1	0.6931471805599453	0.5257493493455303
Q92896	esm	1	2.197224577336219	1.9506047082386173
Q92917	esm	1	1.6094379124341003	1.5244128288777743
Q92932	esm	1	0.6931471805599453	1.2014822030049688
Q92994	esm	1	1.791759469228055	1.0532133375448314
Q93008	esm	1	2.197224577336219	1.6391502208940554
Q93009	esm	1	2.9444389791664403	2.154376391205985
Q93096	esm	1	1.3862943611198906	1.1957952323690788
Q969G2	esm	1	0.6931471805599453	1.1029994160026861
Q969G5	esm	1	1.6094379124341003	0.3752245215901058
Q969Q0	esm	1	0.6931471805599453	2.0232058114585394
Q969S2	esm	1	0.6931471805599453	0.9610036118572143
Q969Z0	esm	1	1.791759469228055	1.6608872882692394
Q96A32	esm	1	1.6094379124341003	1.4912134356454014
Q96AC1	esm	1	2.3025850929940455	1.4986782101828244
Q96AT1	esm	1	1.791759469228055	1.8753972620805925
Q96AV8	esm	1	0.6931471805599453	1.627391779564139
Q96AX1	esm	1	0.6931471805599453	1.6510908385461913
Q96B26	esm	1	1.0986122886681096	2.1547716563692085
Q96BW1	esm	1	0.6931471805599453	0.8173242503995268
Q96CM8	esm	1	2.3025850929940455	1.4316058763524806
Q96CN7	esm	1	1.791759469228055	1.4301786595603097
Q96CS3	esm	1	1.9459101490553132	0.9806418708482895
Q96CU9	esm	1	0.6931471805599453	1.4903087627417693
Q96D96	esm	1	0.6931471805599453	0.39208540810562176
Q96DA6	esm	1	0.6931471805599453	1.0751100383107925
Q96DE5	esm	1	0.6931471805599453	1.0989631663551962
Q96EE3	esm	1	1.0986122886681096	1.3099458360238847
Q96EK5	esm	1	1.3862943611198906	1.531193981706414
Q96EP1	esm	1	0.6931471805599453	1.071651626325571
Q96ER3	esm	1	1.0986122886681096	1.298446553991195
Q96EY7	esm	1	0.6931471805599453	1.402162816866283
Q96F07	esm	1	1.791759469228055	1.5693387746112437
Q96F45	esm	1	2.3025850929940455	1.5796699032058514
Q96FJ2	esm	1	1.791759469228055	1.5671377574074903
Q96FN4	esm	1	1.0986122886681096	1.442633490896781
Q96HF1	esm	1	1.0986122886681096	1.585781752921225
Q96I24	esm	1	2.4849066497880004	1.8230615694396062
Q96I25	esm	1	2.70805020110221	1.902642440982625
Q96JC1	esm	1	0.6931471805599453	1.2071454618274295
Q96JD6	esm	1	0.6931471805599453	1.0853096869526708
Q96JE9	esm	1	1.0986122886681096	1.7896529984629648
Q96JJ3	esm	1	0.6931471805599453	1.6756676846520135
Q96JY6	esm	1	1.0986122886681096	0.7001970704933403
Q96K37	esm	1	0.6931471805599453	0.7681952108940284
Q96K58	esm	1	1.0986122886681096	1.1322404571310047
Q96KG9	esm	1	1.6094379124341003	1.7987482166070958
Q96KX2	esm	1	0.6931471805599453	0.4496191812091651
Q96L73	esm	1	1.9459101490553132	1.6799426905117651
Q96L92	esm	1	1.0986122886681096	1.615600697463242
Q96LM5	esm	1	1.0986122886681096	0.9353248015437341
Q96ME1	esm	1	0.6931471805599453	1.003411934686646
Q96MF7	esm	1	1.0986122886681096	1.321806178474762
Q96MH6	esm	1	0.6931471805599453	0.8680998040335604
Q96MM6	esm	1	1.0986122886681096	1.3634723936927908
Q96MP5	esm	1	0.6931471805599453	1.296753223963222
Q96NB2	esm	1	0.6931471805599453	1.30298250619907
Q96NB3	esm	1	1.6094379124341003	1.905113987242933
Q96NC0	esm	1	2.197224577336219	1.829184723857897
Q96NJ6	esm	1	0.6931471805599453	1.2394595361702674
Q96P16	esm	1	1.791759469228055	1.8957131168438992
Q96PV0	esm	1	0.6931471805599453	0.9735844843404426
Q96PV7	esm	1	0.6931471805599453	1.0146792032025636
Q96PY6	esm	1	1.0986122886681096	1.401286849015085
Q96Q42	esm	1	1.0986122886681096	0.821990817385762
Q96QF7	esm	1	0.6931471805599453	1.8619303439123642
Q96R05	esm	1	0.6931471805599453	1.3085282752843488
Q96RK0	esm	1	1.3862943611198906	1.4695307284401167
Q96RL1	esm	1	1.6094379124341003	1.2532820639450737
Q96RQ3	esm	1	2.0794415416798357	1.889785746248692
Q96S66	esm	1	0.6931471805599453	1.1612140618881657
Q96S82	esm	1	0.6931471805599453	0.8139760449517813
Q96SB3	esm	1	1.3862943611198906	1.4411784374536787
Q96SD1	esm	1	0.6931471805599453	1.1517944253661805
Q96SU4	esm	1	1.3862943611198906	1.5773505777922765
Q99081	esm	1	1.6094379124341003	1.4092005260061242
Q99459	esm	1	2.70805020110221	2.0556291499560384
Q99497	esm	1	2.4849066497880004	2.568369785062356
Q99542	esm	1	1.0986122886681096	1.4361810847098546
Q99543	esm	1	1.6094379124341003	1.9244392636094974
Q99547	esm	1	1.3862943611198906	1.7306707771830703
Q99567	esm	1	2.0794415416798357	1.2799761197993154
Q99575	esm	1	1.9459101490553132	0.9931415597978415
Q99614	esm	1	2.197224577336219	1.623872923673502
Q99653	esm	1	1.6094379124341003	0.9605260093873421
Q99675	esm	1	0.6931471805599453	0.515816844244021
Q99707	esm	1	1.0986122886681096	2.238620488158209
Q99708	esm	1	1.6094379124341003	1.3682019560293281
Q99729	esm	1	2.70805020110221	2.3972220717939274
Q99733	esm	1	2.0794415416798357	1.9363117638250893
Q99766	esm	1	1.3862943611198906	1.338234396647009
Q99798	esm	1	3.4965075614664802	2.1226742367530322
Q99878	esm	1	1.3862943611198906	1.2910285349371777
Q99956	esm	1	0.6931471805599453	0.5703950109754827
Q99959	esm	1	0.6931471805599453	1.1966722621350356
Q99962	esm	1	1.791759469228055	1.706366856874138
Q99996	esm	1	2.197224577336219	1.3686555220102699
Q9BPW8	esm	1	2.197224577336219	1.9089497776825743
Q9BPW9	esm	1	0.6931471805599453	1.3855041201713028
Q9BPX5	esm	1	1.0986122886681096	1.2936290461827824
Q9BQ69	esm	1	1.791759469228055	1.3397269569736368
Q9BQ70	esm	1	0.6931471805599453	1.018136689339478
Q9BQI6	esm	1	0.6931471805599453	0.8118639825299357
Q9BR61	esm	1	0.6931471805599453	1.0349757603316871
Q9BRA2	esm	1	1.791759469228055	1.627599164686606
Q9BRR0	esm	1	0.6931471805599453	0.9787824116626573
Q9BRT2	esm	1	1.3862943611198906	1.4830698211499331
Q9BSD7	esm	1	1.9459101490553132	1.192389705736963
Q9BSH5	esm	1	0.6931471805599453	0.9120527839267192
Q9BT25	esm	1	0.6931471805599453	1.086064920254691
Q9BTC0	esm	1	2.833213344056216	1.9139902369479755
Q9BTT6	esm	1	0.6931471805599453	0.8288777247683586
Q9BTZ2	esm	1	1.791759469228055	1.687883075698863
Q9BU40	esm	1	1.6094379124341003	0.6885392694300486
Q9BUI4	esm	1	1.0986122886681096	1.5840776548595004
Q9BUL8	esm	1	1.3862943611198906	2.1709363331821794
Q9BUQ8	esm	1	2.5649493574615367	2.2417137360492383
Q9BUT1	esm	1	1.6094379124341003	1.5241076636203144
Q9BV79	esm	1	1.3862943611198906	1.6499851109256858
Q9BVP2	esm	1	1.9459101490553132	1.651181578710502
Q9BW04	esm	1	1.3862943611198906	0.9572944882592551
Q9BWH2	esm	1	0.6931471805599453	0.8278552021651999
Q9BXP5	esm	1	3.0910424533583156	1.8376629133137192
Q9BXW7	esm	1	1.3862943611198906	0.9995216106410084
Q9BXW9	esm	1	1.0986122886681096	1.3215669997564303
Q9BY11	esm	1	1.9459101490553132	2.096396240606074
Q9BYC8	esm	1	1.0986122886681096	0.7519030518051625
Q9BYG3	esm	1	1.0986122886681096	1.4224862938775984
Q9BYV8	esm	1	0.6931471805599453	1.3469757362762684
Q9BYV9	esm	1	0.6931471805599453	0.9534707854297011
Q9BZ95	esm	1	2.5649493574615367	1.5951127388881485
Q9BZE4	esm	1	2.3025850929940455	1.9653335936515814
Q9BZZ5	esm	1	2.3978952727983707	2.4608604143942023
Q9C005	esm	1	1.3862943611198906	0.8452145808704807
Q9C073	esm	1	0.6931471805599453	0.30368680386597324
Q9C0B0	esm	1	1.3862943611198906	1.158214233838598
Q9C0C2	esm	1	1.0986122886681096	1.629246819039421
Q9C0C9	esm	1	1.791759469228055	1.4103049306007556
Q9C0D5	esm	1	0.6931471805599453	0.981907455556398
Q9C0F0	esm	1	1.0986122886681096	1.8369001253358412
Q9C0G0	esm	1	0.6931471805599453	1.3787138963938914
Q9GZL7	esm	1	0.6931471805599453	1.455544499681549
Q9GZS3	esm	1	1.3862943611198906	1.5450122223061546
Q9GZV5	esm	1	0.6931471805599453	1.0817824002902867
Q9GZV7	esm	1	1.0986122886681096	0.8069269757155474
Q9H074	esm	1	0.6931471805599453	1.402819704858226
Q9H0F7	esm	1	1.0986122886681096	0.9746890319481408
Q9H0R4	esm	1	1.3862943611198906	1.6068753044184212
Q9H0V9	esm	1	0.6931471805599453	1.1980440987426375
Q9H0W8	esm	1	0.6931471805599453	1.2714468613618681
Q9H161	esm	1	0.6931471805599453	0.7739644790031307
Q9H1B7	esm	1	0.6931471805599453	1.41742584454905
Q9H1E3	esm	1	2.772588722239781	2.2235985446043913
Q9H1K1	esm	1	0.6931471805599453	1.896373909476274
Q9H1K4	esm	1	1.0986122886681096	1.249840291070568
Q9H1Y0	esm	1	1.0986122886681096	1.4360198731804927
Q9H1Z4	esm	1	0.6931471805599453	0.9065494087722669
Q9H267	esm	1	1.0986122886681096	1.5948581839571867
Q9H299	esm	1	0.6931471805599453	1.5304399244673537
Q9H2W6	esm	1	1.9459101490553132	1.6083202088991166
Q9H300	esm	1	0.6931471805599453	0.9108041661475843
Q9H307	esm	1	2.3978952727983707	2.046418168374802
Q9H3N1	esm	1	0.6931471805599453	0.7890118243534816
Q9H3Q1	esm	1	0.6931471805599453	0.6937921431284013
Q9H3U1	esm	1	2.3978952727983707	1.9519860996183387
Q9H479	esm	1	0.6931471805599453	1.179439630799942
Q9H4F8	esm	1	0.6931471805599453	1.624408872015938
Q9H4G0	esm	1	2.0794415416798357	1.6476406814492728
Q9H4I2	esm	1	0.6931471805599453	1.0704030839145449
Q9H501	esm	1	1.6094379124341003	2.0493858968816614
Q9H582	esm	1	0.6931471805599453	1.2296331673659162
Q9H5L6	esm	1	0.6931471805599453	0.778304660955766
Q9H668	esm	1	0.6931471805599453	1.142561508409241
Q9H6E4	esm	1	0.6931471805599453	0.7060235528420177
Q9H6K4	esm	1	0.6931471805599453	0.7565937043841426
Q9H7B2	esm	1	1.0986122886681096	2.0822077828623042
Q9H7D0	esm	1	1.3862943611198906	1.563860048098438
Q9H7Z6	esm	1	2.0794415416798357	1.4063619261998692
Q9H7Z7	esm	1	1.0986122886681096	1.0788961254128213
Q9H832	esm	1	1.3862943611198906	0.8369914875899789
Q9H845	esm	1	2.5649493574615367	2.260032487161726
Q9H8G1	esm	1	0.6931471805599453	0.9451957497857804
Q9H936	esm	1	1.6094379124341003	1.4418109229414515
Q9H9J2	esm	1	1.3862943611198906	1.4229314865686495
Q9HAB8	esm	1	1.6094379124341003	1.290369063269875
Q9HAS0	esm	1	0.6931471805599453	0.9642163148709877
Q9HAT0	esm	1	0.6931471805599453	0.7861977052153363
Q9HB07	esm	1	1.791759469228055	1.3780788047127135
Q9HB19	esm	1	1.0986122886681096	0.45160867210050637
Q9HB90	esm	1	0.6931471805599453	1.3760356287535611
Q9HBE1	esm	1	1.3862943611198906	0.9286640987565293
Q9HBM1	esm	1	1.0986122886681096	0.7310085986464069
Q9HBU6	esm	1	1.0986122886681096	0.9471652807610544
Q9HBZ2	esm	1	0.6931471805599453	1.5216605908239929
Q9HC44	esm	1	0.6931471805599453	1.180619968773663
Q9HCC0	esm	1	2.3025850929940455	1.964175855026879
Q9HCE3	esm	1	1.6094379124341003	1.5531647375328363
Q9HCH0	esm	1	0.6931471805599453	1.071385339570359
Q9HCK8	esm	1	2.0794415416798357	1.681183777116654
Q9HD20	esm	1	1.3862943611198906	1.1456367003643169
Q9HD23	esm	1	0.6931471805599453	0.8036929224987996
Q9HD33	esm	1	1.0986122886681096	1.0008455659945135
Q9NNW7	esm	1	2.4849066497880004	1.9139496334701487
Q9NPF4	esm	1	1.0986122886681096	1.532212792415538
Q9NPI1	esm	1	1.0986122886681096	1.803380716210819
Q9NPJ3	esm	1	1.9459101490553132	1.9675687447258525
Q9NQ66	esm	1	1.0986122886681096	1.603091807740412
Q9NQR4	esm	1	2.197224577336219	1.6229914147167157
Q9NQX7	esm	1	0.6931471805599453	1.0147839969036956
Q9NR31	esm	1	1.6094379124341003	0.9281943296400087
Q9NR50	esm	1	1.791759469228055	1.9128781443949634
Q9NR64	esm	1	0.6931471805599453	0.6827914609999357
Q9NRC1	esm	1	0.6931471805599453	1.2397681677489525
Q9NRL3	esm	1	1.6094379124341003	1.2667101966975414
Q9NRX1	esm	1	1.0986122886681096	1.7951196694013918
Q9NT62	esm	1	1.3862943611198906	1.6002188196626428
Q9NTM9	esm	1	0.6931471805599453	1.1473705986412135
Q9NU19	esm	1	0.6931471805599453	0.8171587359905754
Q9NU22	esm	1	2.4849066497880004	1.5578378390753287
Q9NV31	esm	1	1.0986122886681096	1.127154731565849
Q9NVA1	esm	1	0.6931471805599453	1.1703491096547456
Q9NVA2	esm	1	2.70805020110221	1.913897237424598
Q9NVM9	esm	1	1.0986122886681096	1.6865791173966151
Q9NVT9	esm	1	0.6931471805599453	1.394582774162923
Q9NVX0	esm	1	0.6931471805599453	0.587197301131898
Q9NW13	esm	1	1.791759469228055	2.3475872610481083
Q9NWU1	esm	1	1.9459101490553132	1.5068362941779285
Q9NX08	esm	1	1.0986122886681096	0.9573586156763414
Q9NX46	esm	1	1.3862943611198906	1.3714712612819842
Q9NXE4	esm	1	1.0986122886681096	0.9353147956250598
Q9NXF8	esm	1	0.6931471805599453	0.4765229023349048
Q9NXR1	esm	1	0.6931471805599453	1.275786021282923
Q9NY61	esm	1	1.9459101490553132	1.7798733291119568
Q9NYB0	esm	1	1.791759469228055	1.3565504380384314
Q9NYK1	esm	1	0.6931471805599453	0.7503941066147484
Q9NZB8	esm	1	1.0986122886681096	1.1083997728144674
Q9NZJ4	esm	1	1.791759469228055	1.5879464977079552
Q9NZJ6	esm	1	0.6931471805599453	1.02585807897389
Q9NZJ9	esm	1	0.6931471805599453	1.1332579436150951
Q9NZL9	esm	1	1.6094379124341003	1.5555390511047713
Q9NZM1	esm	1	2.833213344056216	1.5162496714419975
Q9NZM5	esm	1	0.6931471805599453	1.2412818486759187
Q9NZR1	esm	1	1.3862943611198906	1.7067053776866934
Q9NZW5	esm	1	1.9459101490553132	1.5215385853046937
Q9P013	esm	1	1.6094379124341003	1.8531886766924053
Q9P035	esm	1	1.3862943611198906	1.1262131484109443
Q9P0M6	esm	1	2.197224577336219	1.949363153953937
Q9P1V8	esm	1	0.6931471805599453	1.6097230668297497
Q9P270	esm	1	1.3862943611198906	0.7083937900176386
Q9P299	esm	1	0.6931471805599453	0.7150535154965758
Q9P2I0	esm	1	2.0794415416798357	2.0855825666010523
Q9P2K1	esm	1	0.6931471805599453	1.2857965585469264
Q9P2M7	esm	1	0.6931471805599453	2.111376459012538
Q9P2R3	esm	1	2.0794415416798357	1.1133733140828488
Q9UBK8	esm	1	1.3862943611198906	1.1808832970246976
Q9UBP0	esm	1	1.0986122886681096	1.5058585627579246
Q9UBQ7	esm	1	1.3862943611198906	1.9611186676374648
Q9UBT7	esm	1	0.6931471805599453	1.3234628869511489
Q9UDT6	esm	1	2.0794415416798357	1.6191223528790988
Q9UEE5	esm	1	0.6931471805599453	0.7728880762157986
Q9UEE9	esm	1	2.4849066497880004	1.6584985237605037
Q9UGP5	esm	1	0.6931471805599453	0.8353845542986893
Q9UGU0	esm	1	2.6390573296152584	2.017556479377954
Q9UHA3	esm	1	0.6931471805599453	1.6958223537368737
Q9UHD8	esm	1	2.4849066497880004	1.8472488264235358
Q9UHN1	esm	1	1.3862943611198906	1.4193576778558947
Q9UHR4	esm	1	1.9459101490553132	1.5165126892666478
Q9UI09	esm	1	1.6094379124341003	0.9537901778968452
Q9UI43	esm	1	0.6931471805599453	0.9273840829935512
Q9UI95	esm	1	0.6931471805599453	0.813894333825642
Q9UIS9	esm	1	1.3862943611198906	1.0942844931426776
Q9UIU6	esm	1	1.0986122886681096	1.3298435377220983
Q9UJ83	esm	1	2.0794415416798357	1.313223853645215
Q9UJT0	esm	1	0.6931471805599453	0.9191399507739466
Q9UJU2	esm	1	1.6094379124341003	0.953783314740119
Q9UJU6	esm	1	1.9459101490553132	1.3992652115025348
Q9UJX3	esm	1	1.9459101490553132	1.243279463923947
Q9UJY5	esm	1	1.3862943611198906	1.2992164456467652
Q9UK39	esm	1	0.6931471805599453	1.0946105332699858
Q9UK76	esm	1	1.9459101490553132	1.1762864883358581
Q9UKA1	esm	1	0.6931471805599453	0.7425781682380541
Q9UKI2	esm	1	1.0986122886681096	0.6503178800620959
Q9UKI8	esm	1	0.6931471805599453	1.450128803038188
Q9UKK3	esm	1	0.6931471805599453	1.2360547622336957
Q9UKT4	esm	1	1.0986122886681096	0.5130022731061921
Q9UKT8	esm	1	0.6931471805599453	0.4358156734647822
Q9UL16	esm	1	1.3862943611198906	1.2985785524519955
Q9UL46	esm	1	2.197224577336219	1.574497993309323
Q9UL68	esm	1	1.0986122886681096	1.8475607323599164
Q9ULC4	esm	1	2.197224577336219	1.4151735231023537
Q9ULF5	esm	1	0.6931471805599453	1.1042076968014547
Q9ULZ3	esm	1	1.0986122886681096	1.177385323252969
Q9UMN6	esm	1	1.9459101490553132	1.2895321861778528
Q9UMX5	esm	1	0.6931471805599453	1.4134579833468406
Q9UN36	esm	1	0.6931471805599453	1.171117489477692
Q9UN70	esm	1	1.0986122886681096	0.8874210053822096
Q9UNE7	esm	1	1.791759469228055	1.162702844746887
Q9UNI6	esm	1	1.3862943611198906	0.9423040435679111
Q9UNL4	esm	1	2.3025850929940455	1.273573939770003
Q9UNQ2	esm	1	0.6931471805599453	1.4765011989511567
Q9UNS1	esm	1	1.0986122886681096	1.094083082175441
Q9UNZ2	esm	1	2.197224577336219	1.5322945323913097
Q9UNZ5	esm	1	1.6094379124341003	1.3795550773322791
Q9UPN7	esm	1	0.6931471805599453	1.2387089507130986
Q9UPP1	esm	1	1.6094379124341003	1.6322286073170182
Q9UPS6	esm	1	1.0986122886681096	1.580133972453027
Q9Y224	esm	1	2.0794415416798357	1.654841077786069
Q9Y232	esm	1	1.0986122886681096	1.6257659204189905
Q9Y263	esm	1	1.6094379124341003	1.5080789325754684
Q9Y266	esm	1	2.9444389791664403	1.5851361311753591
Q9Y276	esm	1	0.6931471805599453	1.252670933265844
Q9Y281	esm	1	1.6094379124341003	2.45483942474753
Q9Y289	esm	1	0.6931471805599453	0.18308327954709336
Q9Y291	esm	1	0.6931471805599453	1.416122215671213
Q9Y2G1	esm	1	0.6931471805599453	0.8337685092639334
Q9Y2H6	esm	1	1.791759469228055	1.3084558070840535
Q9Y2I1	esm	1	0.6931471805599453	0.8028219328889814
Q9Y2J2	esm	1	2.4849066497880004	1.598080048980656
Q9Y2K1	esm	1	1.3862943611198906	0.9015554307295119
Q9Y2Q3	esm	1	2.0794415416798357	1.1875105565124444
Q9Y2Q9	esm	1	0.6931471805599453	0.974149462519229
Q9Y2S7	esm	1	1.3862943611198906	1.1487851569375396
Q9Y2U8	esm	1	1.0986122886681096	1.4883025588397083
Q9Y2V2	esm	1	1.3862943611198906	0.9942141742521582
Q9Y333	esm	1	1.0986122886681096	1.1426765175016873
Q9Y3A2	esm	1	1.3862943611198906	2.197622904603191
Q9Y3A3	esm	1	1.0986122886681096	0.7818428628822657
Q9Y3D2	esm	1	1.3862943611198906	0.7498338067949002
Q9Y3S2	esm	1	0.6931471805599453	1.5421063758642548
Q9Y3T9	esm	1	1.6094379124341003	1.5689948739525907
Q9Y3V2	esm	1	0.6931471805599453	0.5201451763178169
Q9Y3Z3	esm	1	2.995732273553991	1.5509562753240071
Q9Y446	esm	1	1.0986122886681096	1.025800949259712
Q9Y448	esm	1	1.3862943611198906	0.8731575001221388
Q9Y490	esm	1	4.174387269895637	2.4476927367021357
Q9Y4B4	esm	1	1.6094379124341003	1.4556370412391657
Q9Y4B5	esm	1	1.0986122886681096	0.8949614543462541
Q9Y4C8	esm	1	1.3862943611198906	2.0272197046452627
Q9Y4E6	esm	1	0.6931471805599453	0.9108767013734685
Q9Y4P1	esm	1	0.6931471805599453	0.39685657284159226
Q9Y4W6	esm	1	2.995732273553991	2.0852627974282427
Q9Y520	esm	1	3.1354942159291497	2.074876516357922
Q9Y5A9	esm	1	2.0794415416798357	1.4243377388011118
Q9Y5B0	esm	1	0.6931471805599453	1.386443464666082
Q9Y5B6	esm	1	1.9459101490553132	1.5108436883571332
Q9Y5B9	esm	1	3.4657359027997265	2.153469035060458
Q9Y5J1	esm	1	1.3862943611198906	1.668115857897045
Q9Y5Q9	esm	1	1.0986122886681096	1.1745684398041945
Q9Y5S9	esm	1	0.6931471805599453	1.843892879375271
Q9Y5V0	esm	1	1.791759469228055	1.8474938036319521
Q9Y600	esm	1	0.6931471805599453	1.4196459019388288
Q9Y624	esm	1	0.6931471805599453	1.5614816259639714
Q9Y676	esm	1	1.3862943611198906	0.8468404785401187
Q9Y678	esm	1	2.4849066497880004	1.894328322655507
Q9Y6B6	esm	1	0.6931471805599453	0.8980868647825682
Q9Y6E0	esm	1	2.0794415416798357	1.354629661865822
Q9Y6G3	esm	1	0.6931471805599453	0.8922775413657178
Q9Y6M9	esm	1	1.6094379124341003	1.2766256284526216
Q9Y6U3	esm	1	1.6094379124341003	2.342420880213468
Q9Y6X9	esm	1	1.3862943611198906	1.919800348021151
Q9Y6Y8	esm	1	1.9459101490553132	1.462149239174321
A0A1B0GUJ8	esm	2	0.6931471805599453	1.1992424559974741
A0AUZ9	esm	2	1.9459101490553132	0.9360052803684691
A0AVT1	esm	2	2.4849066497880004	1.9474178406692095
A1L0T0	esm	2	0.6931471805599453	1.4192780278455646
A2RUR9	esm	2	0.6931471805599453	1.2359806174300123
A3KMH1	esm	2	2.6390573296152584	1.8769616527241175
A7XYQ1	esm	2	0.6931471805599453	1.4963240453414364
A8MXV4	esm	2	0.6931471805599453	0.8761368743697863
A8MYZ6	esm	2	0.6931471805599453	1.034971118291098
C9J069	esm	2	0.6931471805599453	0.6989281746300382
E0CX11	esm	2	0.6931471805599453	1.1991498914863925
O00159	esm	2	2.70805020110221	1.6000099767691431
O00192	esm	2	0.6931471805599453	1.0043241744265188
O00193	esm	2	2.197224577336219	1.6332002221766713
O00194	esm	2	0.6931471805599453	1.5723251432120915
O00213	esm	2	0.6931471805599453	0.825033707049793
O00244	esm	2	1.9459101490553132	1.558634993675598
O00311	esm	2	0.6931471805599453	0.9926546286248612
O00327	esm	2	1.0986122886681096	1.1720708893864185
O00401	esm	2	1.0986122886681096	1.2645935059714168
O00423	esm	2	1.0986122886681096	1.4580425183595527
O00472	esm	2	0.6931471805599453	1.281214000231306
O00499	esm	2	2.197224577336219	1.5166548861593896
O00515	esm	2	1.3862943611198906	1.5787552886515765
O00762	esm	2	0.6931471805599453	1.2378750191154664
O00764	esm	2	1.9459101490553132	1.5731705131419254
O14617	esm	2	2.0794415416798357	1.8680734869623556
O14745	esm	2	2.0794415416798357	1.4502773985603996
O14776	esm	2	2.6390573296152584	2.7328332373529194
O14787	esm	2	1.3862943611198906	1.9300989146884056
O14841	esm	2	0.6931471805599453	1.484523130843669
O14874	esm	2	2.0794415416798357	1.1624176110740922
O14880	esm	2	1.3862943611198906	1.3334060114614872
O14907	esm	2	0.6931471805599453	1.0097398314342179
O14965	esm	2	1.6094379124341003	1.209180593898332
O14967	esm	2	1.0986122886681096	2.104294326865702
O14979	esm	2	2.5649493574615367	1.8516527163096321
O14994	esm	2	0.6931471805599453	1.2842713097322398
O15020	esm	2	1.6094379124341003	2.252850656487842
O15062	esm	2	0.6931471805599453	1.0673301230474177
O15111	esm	2	1.3862943611198906	1.050662689021227
O15119	esm	2	1.3862943611198906	1.3403928089375534
O15156	esm	2	1.0986122886681096	0.7608281909936889
O15164	esm	2	1.3862943611198906	1.5227223669615433
O15169	esm	2	0.6931471805599453	0.9837964655007955
O15212	esm	2	2.197224577336219	1.9506255642710608
O15228	esm	2	2.0794415416798357	0.9895573653495071
O15229	esm	2	0.6931471805599453	1.1309209975443766
O15234	esm	2	0.6931471805599453	1.619428426499308
O15240	esm	2	0.6931471805599453	1.4553585528387964
O15318	esm	2	0.6931471805599453	1.829420434464712
O15321	esm	2	0.6931471805599453	0.7648001513292546
O15382	esm	2	2.0794415416798357	1.2169957956514588
O15400	esm	2	1.0986122886681096	1.2633131570095804
O15479	esm	2	1.791759469228055	1.024494593475057
O15541	esm	2	1.791759469228055	1.5177896843083285
O15550	esm	2	1.791759469228055	1.4442040131839593
O43150	esm	2	0.6931471805599453	1.384388469633542
O43237	esm	2	2.197224577336219	1.5749509277705573
O43242	esm	2	2.4849066497880004	1.964148292165333
O43252	esm	2	1.9459101490553132	1.98481484105733
O43303	esm	2	0.6931471805599453	1.1556274217888018
O43318	esm	2	0.6931471805599453	0.9173052073277013
O43324	esm	2	1.6094379124341003	1.6184359340911434
O43396	esm	2	1.791759469228055	1.9154384577737824
O43399	esm	2	1.9459101490553132	1.676245851425206
O43464	esm	2	0.6931471805599453	1.05828095194229
O43502	esm	2	0.6931471805599453	1.1050495748443536
O43583	esm	2	1.6094379124341003	1.6975370329305015
O43592	esm	2	1.0986122886681096	1.9229961877923254
O43665	esm	2	1.0986122886681096	1.2592108279909022
O43670	esm	2	2.197224577336219	2.2650500969130327
O43676	esm	2	1.0986122886681096	1.9742659997116205
O43684	esm	2	1.791759469228055	1.5960250115329775
O43715	esm	2	1.0986122886681096	1.1623405304941652
O43765	esm	2	2.0794415416798357	1.212357525478573
O43818	esm	2	1.791759469228055	1.19336861937711
O43829	esm	2	1.3862943611198906	1.2318036159200114
O43852	esm	2	2.3025850929940455	1.7441181271357098
O43854	esm	2	0.6931471805599453	1.2055900872299699
O43866	esm	2	0.6931471805599453	1.259743548776012
O43903	esm	2	0.6931471805599453	1.2266361714319056
O43924	esm	2	0.6931471805599453	1.3984296413836432
O60216	esm	2	2.0794415416798357	2.01937600983615
O60218	esm	2	1.9459101490553132	2.1899987456622947
O60232	esm	2	0.6931471805599453	0.7869842012649988
O60234	esm	2	1.3862943611198906	1.8453115660861
O60294	esm	2	0.6931471805599453	0.4982903040067975
O60313	esm	2	2.772588722239781	1.6469375898618501
O60315	esm	2	1.0986122886681096	1.2621902550252906
O60337	esm	2	0.6931471805599453	0.6664087944594382
O60502	esm	2	1.6094379124341003	1.5822409057379885
O60565	esm	2	0.6931471805599453	0.8222497254248833
O60566	esm	2	1.9459101490553132	1.2471771817641246
O60573	esm	2	1.6094379124341003	1.429229610275785
O60613	esm	2	0.6931471805599453	1.1561705817008474
O60664	esm	2	2.3025850929940455	1.7571276359923513
O60673	esm	2	0.6931471805599453	1.4065627322187497
O60678	esm	2	0.6931471805599453	1.2583272732676014
O60682	esm	2	0.6931471805599453	0.4231273816031198
O60711	esm	2	1.0986122886681096	1.2894794529658316
O60716	esm	2	2.3025850929940455	1.3954369141060297
O60828	esm	2	0.6931471805599453	1.470141354617557
O60870	esm	2	1.6094379124341003	1.996977933723393
O75030	esm	2	1.0986122886681096	0.9334641119762309
O75054	esm	2	0.6931471805599453	1.3716529890808724
O75061	esm	2	0.6931471805599453	1.4693507097255483
O75083	esm	2	3.044522437723423	2.2853119294093225
O75143	esm	2	0.6931471805599453	0.6709106154625926
O75157	esm	2	0.6931471805599453	1.286052768402526
O75167	esm	2	0.6931471805599453	1.570453271250438
O75173	esm	2	0.6931471805599453	0.937777011983554
O75192	esm	2	0.6931471805599453	0.8713524067896818
O75330	esm	2	0.6931471805599453	1.4994951349818497
O75352	esm	2	1.0986122886681096	1.1988522230688619
O75380	esm	2	0.6931471805599453	1.0784332769175258
O75390	esm	2	2.772588722239781	1.9907005791872159
O75396	esm	2	1.3862943611198906	0.8269030596190943
O75494	esm	2	1.3862943611198906	1.532032140840546
O75531	esm	2	1.791759469228055	1.836567229014533
O75717	esm	2	2.6390573296152584	1.7641457188006453
O75808	esm	2	0.6931471805599453	0.6212920552240673
O75884	esm	2	1.0986122886681096	1.2856743189328175
O75909	esm	2	0.6931471805599453	1.5167934650019839
O75925	esm	2	0.6931471805599453	0.9568210838322143
O75937	esm	2	2.5649493574615367	2.0278317988489585
O75955	esm	2	1.6094379124341003	2.1072496660431534
O75970	esm	2	0.6931471805599453	1.1116221619625648
O76003	esm	2	2.197224577336219	2.119634745987382
O76021	esm	2	3.044522437723423	2.4592352147941545
O76070	esm	2	1.9459101490553132	1.991702266236721
O94804	esm	2	1.0986122886681096	1.6068914109022856
O94832	esm	2	1.791759469228055	2.0935115516589917
O94842	esm	2	1.791759469228055	1.3816053729424587
O94856	esm	2	1.3862943611198906	1.3998767820732205
O94876	esm	2	1.0986122886681096	0.7649133870607769
O95081	esm	2	1.3862943611198906	0.9606705110647089
O95197	esm	2	1.6094379124341003	1.6273677068309185
O95208	esm	2	0.6931471805599453	1.3709092097594915
O95243	esm	2	1.3862943611198906	1.3533801093643323
O95295	esm	2	0.6931471805599453	0.550850710881831
O95336	esm	2	1.791759469228055	0.9373610974836291
O95352	esm	2	0.6931471805599453	1.337908658779299
O95372	esm	2	1.3862943611198906	1.4912792442806568
O95390	esm	2	0.6931471805599453	0.8409299273823851
O95391	esm	2	1.6094379124341003	2.113839396106065
O95394	esm	2	2.3978952727983707	2.2329302921503844
O95396	esm	2	0.6931471805599453	1.1510913745285838
O95429	esm	2	0.6931471805599453	1.305577694259402
O95445	esm	2	0.6931471805599453	1.018741186192613
O95487	esm	2	0.6931471805599453	1.2497703771695188
O95503	esm	2	0.6931471805599453	1.4160970106874016
O95563	esm	2	0.6931471805599453	1.3518636387166227
O95613	esm	2	1.6094379124341003	1.2193704198226962
O95625	esm	2	1.0986122886681096	1.3403531573364849
O95639	esm	2	2.0794415416798357	0.925404322163021
O95671	esm	2	1.0986122886681096	1.2831806006581716
O95696	esm	2	3.0910424533583156	1.44948834109429
O95749	esm	2	2.197224577336219	1.30822001270634
O95863	esm	2	0.6931471805599453	0.35255091279912154
O95864	esm	2	1.3862943611198906	0.9746848254061125
O95905	esm	2	0.6931471805599453	1.2812358810118216
O95926	esm	2	0.6931471805599453	1.9144291676636698
O95936	esm	2	1.3862943611198906	1.0211173459866243
O95999	esm	2	1.0986122886681096	0.6977569310770815
O96014	esm	2	0.6931471805599453	0.7954389976794245
O96019	esm	2	1.6094379124341003	1.42387085341977
O96028	esm	2	2.4849066497880004	1.5966592606568604
P00488	esm	2	2.197224577336219	1.5907746747451286
P00505	esm	2	3.2188758248682006	2.1456218951545893
P00738	esm	2	2.833213344056216	2.0661083269419387
P00751	esm	2	2.3025850929940455	1.6799004550101237
P00915	esm	2	2.6390573296152584	2.3035050956780267
P00973	esm	2	0.6931471805599453	0.9419728803320295
P01019	esm	2	1.3862943611198906	1.2693405836888372
P01111	esm	2	0.6931471805599453	1.2392411891793738
P02652	esm	2	1.791759469228055	1.5011647112613815
P02679	esm	2	2.772588722239781	1.3189769265895157
P02730	esm	2	1.3862943611198906	0.8709416645719739
P02743	esm	2	1.9459101490553132	0.8634179289941655
P02771	esm	2	0.6931471805599453	2.1711305747232843
P02786	esm	2	2.772588722239781	1.7121834729662848
P02790	esm	2	2.4849066497880004	1.5272884058479406
P02795	esm	2	1.791759469228055	1.3514216969820834
P03372	esm	2	0.6931471805599453	0.8606180944956175
P04049	esm	2	1.0986122886681096	0.643958686582125
P04114	esm	2	3.6888794541139363	2.238542908868404
P04196	esm	2	1.0986122886681096	1.582300449338245
P04264	esm	2	2.4849066497880004	1.84865407771596
P04792	esm	2	1.791759469228055	1.5147339014248127
P05060	esm	2	1.791759469228055	1.6460622211854412
P05155	esm	2	1.9459101490553132	1.260213596113927
P05204	esm	2	2.5649493574615367	2.6922904252646838
P05771	esm	2	1.3862943611198906	1.6792254191196645
P05783	esm	2	2.8903717578961645	1.894661493672652
P05787	esm	2	3.3672958299864737	1.8153718161805017
P06241	esm	2	0.6931471805599453	1.291569508592777
P06280	esm	2	0.6931471805599453	0.8837762111303662
P06454	esm	2	1.9459101490553132	2.774040692447466
P06493	esm	2	2.197224577336219	1.1803701988570168
P06576	esm	2	2.6390573296152584	2.088332725995354
P06730	esm	2	1.9459101490553132	1.7750086268491898
P06746	esm	2	1.791759469228055	2.3443371981067145
P06756	esm	2	0.6931471805599453	1.4992205916466732
P07148	esm	2	0.6931471805599453	1.934879426993866
P07196	esm	2	2.8903717578961645	2.0125532808616606
P07205	esm	2	1.6094379124341003	3.182059383359267
P07225	esm	2	0.6931471805599453	1.4686271745299782
P07305	esm	2	2.3025850929940455	2.275319236063708
P07307	esm	2	0.6931471805599453	0.7682949205081713
P07339	esm	2	2.3025850929940455	1.7293654437491894
P07358	esm	2	0.6931471805599453	1.4674311954829695
P07359	esm	2	0.6931471805599453	0.7521047276920727
P07738	esm	2	1.6094379124341003	1.3989240239108285
P07858	esm	2	1.6094379124341003	1.335344638390496
P07947	esm	2	1.3862943611198906	1.484406035675443
P08069	esm	2	0.6931471805599453	1.239772703903674
P08123	esm	2	1.3862943611198906	1.6755821053296927
P08133	esm	2	3.5553480614894135	2.597476612649385
P08134	esm	2	1.3862943611198906	1.2854797981151191
P08311	esm	2	0.6931471805599453	1.2147463049420582
P08397	esm	2	2.197224577336219	1.9018869750677367
P08651	esm	2	1.6094379124341003	1.2277468808167393
P08754	esm	2	0.6931471805599453	1.4897907182066312
P09001	esm	2	1.0986122886681096	1.7151099517069786
P09012	esm	2	2.3025850929940455	1.7932074869637917
P09104	esm	2	2.3025850929940455	2.497732659328169
P09132	esm	2	0.6931471805599453	1.7436621225865412
P09467	esm	2	2.3025850929940455	2.1159109949331665
P09496	esm	2	1.3862943611198906	1.3709307930330488
P09497	esm	2	1.6094379124341003	1.6263863646736372
P09651	esm	2	2.3978952727983707	2.254329056660226
P09668	esm	2	1.0986122886681096	1.2657360259282795
P09913	esm	2	1.3862943611198906	1.475250650620057
P09972	esm	2	2.0794415416798357	2.3009023416332375
P0C7P0	esm	2	1.3862943611198906	0.7525434606748092
P0CB47	esm	2	0.6931471805599453	1.0947676066829637
P0CG30	esm	2	0.6931471805599453	1.0005684899744347
P0CG38	esm	2	0.6931471805599453	1.363566698193971
P0DMV9	esm	2	3.332204510175204	2.788354294147033
P0DPA2	esm	2	0.6931471805599453	0.7817517392906949
P0DPI2	esm	2	2.5649493574615367	1.994319885432339
P10070	esm	2	1.0986122886681096	1.1832936956791642
P10155	esm	2	2.70805020110221	1.544083483840128
P10242	esm	2	2.197224577336219	1.099757665886739
P10243	esm	2	1.791759469228055	1.4956824346992261
P10275	esm	2	0.6931471805599453	0.985492006737822
P10643	esm	2	0.6931471805599453	1.4960167114102734
P10909	esm	2	2.6390573296152584	1.3849913225075037
P10915	esm	2	1.0986122886681096	1.1779788808518823
P11171	esm	2	2.3025850929940455	1.8480195790660847
P11177	esm	2	2.0794415416798357	2.2018820367512926
P11388	esm	2	3.4339872044851463	2.5254934665005475
P11717	esm	2	1.9459101490553132	2.013872113021241
P12004	esm	2	2.3978952727983707	1.7453708313754164
P12036	esm	2	1.6094379124341003	2.905705887782613
P12081	esm	2	2.6390573296152584	2.4777483985435533
P12107	esm	2	0.6931471805599453	1.6562716567163747
P12259	esm	2	0.6931471805599453	1.2771090049738816
P12429	esm	2	2.6390573296152584	2.2473476069801683
P12645	esm	2	0.6931471805599453	0.9391227608295246
P12694	esm	2	1.791759469228055	2.061857034482567
P12821	esm	2	1.0986122886681096	1.308644742140425
P12830	esm	2	1.0986122886681096	1.7250406842302606
P12882	esm	2	2.6390573296152584	2.990195343032279
P12883	esm	2	3.9702919135521215	2.9559637683406343
P13196	esm	2	0.6931471805599453	1.6555555059555196
P13797	esm	2	2.8903717578961645	2.5112445597412734
P13804	esm	2	2.8903717578961645	2.7081864966890965
P14174	esm	2	0.6931471805599453	0.6488281379755236
P14209	esm	2	0.6931471805599453	1.7517495310339115
P14598	esm	2	0.6931471805599453	0.8068231838825761
P14735	esm	2	2.4849066497880004	2.1562409441670836
P15336	esm	2	1.0986122886681096	1.1711468412901376
P15923	esm	2	1.0986122886681096	1.3243897876138115
P16070	esm	2	0.6931471805599453	1.2771312285351653
P16104	esm	2	1.791759469228055	1.309622107241904
P16152	esm	2	2.3025850929940455	1.6565595637104977
P16157	esm	2	2.9444389791664403	1.501517707676125
P16401	esm	2	2.772588722239781	2.7858308983112106
P16885	esm	2	1.6094379124341003	1.4840994226932325
P17010	esm	2	1.6094379124341003	1.892220202143374
P17014	esm	2	1.3862943611198906	0.8362907672698627
P17017	esm	2	1.3862943611198906	0.8791780722397025
P17252	esm	2	2.4849066497880004	1.7294666919100097
P17301	esm	2	0.6931471805599453	1.4339273595664543
P17677	esm	2	2.0794415416798357	2.4422369890809703
P17844	esm	2	2.833213344056216	2.2164805862552988
P17931	esm	2	1.791759469228055	1.8822100262985635
P18077	esm	2	2.0794415416798357	1.4350047156877743
P18206	esm	2	3.828641396489095	2.8522461459521677
P18615	esm	2	1.791759469228055	1.5844094234640853
P18846	esm	2	1.0986122886681096	0.8952709215909271
P18887	esm	2	2.3978952727983707	1.6436913271744507
P19013	esm	2	0.6931471805599453	1.8386976334260505
P19338	esm	2	3.9318256327243257	3.329458687067114
P19440	esm	2	1.0986122886681096	1.2420183777207485
P19784	esm	2	1.6094379124341003	1.3208981120539394
P20073	esm	2	1.6094379124341003	1.933045477299144
P20336	esm	2	0.6931471805599453	1.162740753245542
P20340	esm	2	0.6931471805599453	1.3723846363340801
P20648	esm	2	0.6931471805599453	1.5900448535435974
P20839	esm	2	0.6931471805599453	2.0999623860995107
P21128	esm	2	0.6931471805599453	1.489966931322957
P21359	esm	2	1.6094379124341003	1.2379025220833906
P21695	esm	2	2.197224577336219	2.29188242333024
P21810	esm	2	2.772588722239781	1.7795783844034028
P21912	esm	2	1.6094379124341003	2.0163729967287125
P21980	esm	2	2.4849066497880004	1.2892254527984954
P22059	esm	2	1.6094379124341003	1.588348423059173
P22090	esm	2	0.6931471805599453	2.0386830571474004
P22415	esm	2	0.6931471805599453	0.8485788596632751
P23025	esm	2	0.6931471805599453	1.6556832799106942
P23284	esm	2	2.4849066497880004	2.3030340131450147
P23526	esm	2	2.5649493574615367	2.4738115413625477
P23634	esm	2	1.9459101490553132	1.631669292428326
P23743	esm	2	1.791759469228055	1.4152360220324467
P24310	esm	2	0.6931471805599453	0.6905768126604228
P24468	esm	2	0.6931471805599453	0.5332459118081765
P24666	esm	2	1.0986122886681096	1.4701395132264292
P24821	esm	2	2.9444389791664403	2.2751725206884554
P25205	esm	2	2.8903717578961645	2.261788581952878
P25208	esm	2	0.6931471805599453	0.9908101737436366
P25445	esm	2	0.6931471805599453	1.2333630724996323
P25686	esm	2	1.0986122886681096	1.2393990477264316
P26572	esm	2	1.3862943611198906	1.1619939973588855
P27540	esm	2	1.791759469228055	1.3789812187109052
P27816	esm	2	3.6635616461296463	2.368200804772637
P27986	esm	2	1.3862943611198906	1.544600111846962
P28072	esm	2	0.6931471805599453	0.9764236587533383
P28161	esm	2	1.3862943611198906	1.8598207578432597
P28288	esm	2	1.791759469228055	1.5537670861301964
P29218	esm	2	2.0794415416798357	1.55960170436164
P29400	esm	2	0.6931471805599453	1.192473760952547
P29590	esm	2	1.9459101490553132	1.199863497166096
P30048	esm	2	1.6094379124341003	1.6706793617874494
P30086	esm	2	2.0794415416798357	2.2236515984218674
P30101	esm	2	3.1780538303479453	2.6325261313626616
P30153	esm	2	2.6390573296152584	1.767626152957018
P30307	esm	2	1.0986122886681096	0.8465640078993261
P30419	esm	2	2.4849066497880004	1.5262226606437166
P30626	esm	2	1.3862943611198906	1.3394557571896897
P31146	esm	2	2.0794415416798357	1.5959432711147796
P31151	esm	2	1.6094379124341003	1.5001136697081343
P31270	esm	2	1.3862943611198906	0.8018155415113841
P31274	esm	2	0.6931471805599453	0.7616108890072705
P31415	esm	2	1.3862943611198906	2.117315197417518
P32189	esm	2	0.6931471805599453	1.299784072289313
P32320	esm	2	1.6094379124341003	0.7588271534864924
P33778	esm	2	2.197224577336219	1.4304529064923484
P33992	esm	2	2.833213344056216	2.3311244822423536
P35247	esm	2	0.6931471805599453	1.174920813866548
P35249	esm	2	1.9459101490553132	2.3699510882043477
P35442	esm	2	1.0986122886681096	1.7744735499249211
P35453	esm	2	0.6931471805599453	1.027006956271213
P35555	esm	2	2.3025850929940455	1.7332776436367807
P35606	esm	2	2.6390573296152584	1.9118365098429853
P35612	esm	2	1.0986122886681096	1.6292846545360795
P35716	esm	2	1.9459101490553132	1.5122504453540657
P37108	esm	2	1.6094379124341003	1.3439597163758437
P37235	esm	2	1.3862943611198906	0.9695239544670392
P37837	esm	2	3.0910424533583156	2.1859370518899404
P38117	esm	2	2.3978952727983707	2.677153106397575
P38435	esm	2	0.6931471805599453	0.7136700894833585
P38606	esm	2	2.3025850929940455	2.1932143660981795
P39687	esm	2	1.6094379124341003	1.994063627227381
P40222	esm	2	2.3025850929940455	1.3990707606700803
P40424	esm	2	0.6931471805599453	1.0809397128597706
P40616	esm	2	0.6931471805599453	0.9275841598619028
P40692	esm	2	1.6094379124341003	1.7839787401646048
P40763	esm	2	2.3978952727983707	1.3460463487388974
P40926	esm	2	3.044522437723423	2.611077436615269
P40937	esm	2	1.3862943611198906	1.9853540605435367
P41252	esm	2	2.8903717578961645	2.181818765904649
P42224	esm	2	2.6390573296152584	1.50028346532189
P42229	esm	2	1.6094379124341003	1.4064771141484615
P42285	esm	2	2.9444389791664403	2.3790631084627236
P42336	esm	2	0.6931471805599453	1.151133046465303
P42574	esm	2	1.6094379124341003	1.0526978665216098
P42695	esm	2	0.6931471805599453	1.3507683640498274
P42766	esm	2	2.197224577336219	2.745152050882352
P42768	esm	2	0.6931471805599453	0.9222889446742283
P43246	esm	2	2.833213344056216	2.174363858449523
P43308	esm	2	1.0986122886681096	1.3946479176673698
P43699	esm	2	1.0986122886681096	0.9706002505655649
P43897	esm	2	1.6094379124341003	1.3194125078978358
P46109	esm	2	1.0986122886681096	0.991096590773036
P46199	esm	2	1.3862943611198906	2.324715165646845
P47712	esm	2	2.0794415416798357	1.1588982661846892
P47813	esm	2	1.9459101490553132	1.6555267308537445
P47897	esm	2	2.772588722239781	2.0274949673800666
P48147	esm	2	1.791759469228055	1.8236458999494722
P48200	esm	2	0.6931471805599453	1.7978704402298333
P48556	esm	2	1.6094379124341003	1.611154795359256
P49189	esm	2	2.772588722239781	2.22364356929501
P49327	esm	2	3.951243718581427	1.6375184052446807
P49354	esm	2	0.6931471805599453	1.4988439810340914
P49419	esm	2	2.5649493574615367	2.533588727630304
P49441	esm	2	0.6931471805599453	1.4081955592963946
P49588	esm	2	2.995732273553991	2.7962623303774707
P49589	esm	2	2.3978952727983707	2.091985279416831
P49711	esm	2	1.9459101490553132	1.781328319003837
P49715	esm	2	0.6931471805599453	1.1185190396015636
P49756	esm	2	2.833213344056216	2.372133616103471
P49789	esm	2	0.6931471805599453	1.2407855517295245
P49790	esm	2	3.1354942159291497	2.31998495096143
P49821	esm	2	1.791759469228055	2.045001161428363
P49848	esm	2	1.791759469228055	1.621654608451984
P49959	esm	2	2.197224577336219	2.1294335646618046
P50148	esm	2	1.0986122886681096	1.2270674117288694
P50395	esm	2	3.1354942159291497	2.293021092453066
P50479	esm	2	0.6931471805599453	0.9161800276025053
P50570	esm	2	2.197224577336219	1.4276479917598215
P50748	esm	2	1.0986122886681096	1.444578024017566
P50851	esm	2	1.791759469228055	1.312641784327634
P51531	esm	2	2.3978952727983707	2.056790769736969
P51553	esm	2	2.0794415416798357	2.0447730767971417
P51665	esm	2	2.3025850929940455	2.3517548771481316
P51692	esm	2	0.6931471805599453	1.4796444368933228
P51784	esm	2	1.0986122886681096	1.6481370588772728
P51790	esm	2	0.6931471805599453	0.8316212989156362
P51825	esm	2	2.0794415416798357	1.833609403091267
P51826	esm	2	1.0986122886681096	1.554722849167591
P51854	esm	2	0.6931471805599453	1.792046818384279
P51911	esm	2	2.3025850929940455	2.305214501435071
P52209	esm	2	2.5649493574615367	2.726175280502301
P52434	esm	2	0.6931471805599453	1.4275860591768572
P52569	esm	2	0.6931471805599453	0.8991391955527639
P52732	esm	2	2.3978952727983707	1.4583365018871592
P52790	esm	2	0.6931471805599453	1.2033842567500121
P52895	esm	2	0.6931471805599453	1.6802912634623504
P53007	esm	2	1.9459101490553132	1.7699119617763794
P53350	esm	2	1.6094379124341003	1.090038469871069
P53367	esm	2	1.0986122886681096	1.0352460954304172
P53582	esm	2	1.3862943611198906	1.7333521840811184
P53618	esm	2	2.9444389791664403	1.9460885783529898
P53621	esm	2	3.526360524616161	1.877039672921323
P53804	esm	2	0.6931471805599453	1.2293548410463415
P53999	esm	2	1.9459101490553132	1.8670348397578713
P54105	esm	2	0.6931471805599453	0.9910870525096723
P54252	esm	2	1.0986122886681096	1.238886659216036
P54277	esm	2	0.6931471805599453	1.2991233707009298
P54578	esm	2	2.8903717578961645	2.1421162119482755
P54619	esm	2	1.3862943611198906	0.841257894721102
P54753	esm	2	0.6931471805599453	0.9590308195065289
P54819	esm	2	2.3025850929940455	2.2808996435990516
P55084	esm	2	2.8903717578961645	2.5034151379042773
P55212	esm	2	0.6931471805599453	0.960252216681666
P55263	esm	2	2.5649493574615367	2.2917435536910045
P55268	esm	2	2.70805020110221	1.4107569957442974
P55735	esm	2	1.3862943611198906	1.4572962272912622
P55854	esm	2	1.791759469228055	1.5981503415714715
P56159	esm	2	1.0986122886681096	0.8326918354415844
P56851	esm	2	0.6931471805599453	0.8401965986435636
P57076	esm	2	1.0986122886681096	1.6444714037072914
P57103	esm	2	0.6931471805599453	1.4240115041835084
P57723	esm	2	0.6931471805599453	1.650652787300123
P58546	esm	2	1.9459101490553132	1.4026811748107395
P59998	esm	2	2.197224577336219	1.5099388166082346
P60002	esm	2	1.0986122886681096	0.5972409921198099
P60228	esm	2	2.3978952727983707	1.905408795546672
P60604	esm	2	0.6931471805599453	0.7285209081415815
P60763	esm	2	0.6931471805599453	1.1285133897053101
P61018	esm	2	0.6931471805599453	0.9270553594210046
P61019	esm	2	1.3862943611198906	1.482698658662253
P61247	esm	2	2.9444389791664403	1.9620329057341135
P61764	esm	2	2.772588722239781	1.5337696022948721
P62081	esm	2	2.70805020110221	2.1174074612952345
P62495	esm	2	1.791759469228055	1.977652736435771
P62753	esm	2	2.833213344056216	2.3303051579429512
P62861	esm	2	1.0986122886681096	1.3698400547367644
P62877	esm	2	1.0986122886681096	1.1600794776742605
P62906	esm	2	2.3978952727983707	2.168235244567539
P62979	esm	2	2.3025850929940455	1.9625038505642647
P62995	esm	2	1.3862943611198906	1.2041112332805115
P63165	esm	2	1.9459101490553132	1.7100689337443438
P63261	esm	2	2.70805020110221	1.3040445921115857
P68104	esm	2	1.3862943611198906	2.8737787929252328
P68402	esm	2	1.3862943611198906	1.144410124804472
P69849	esm	2	1.0986122886681096	1.6973457579483027
P69891	esm	2	2.0794415416798357	2.0950734067445715
P78332	esm	2	1.3862943611198906	1.94119904386228
P78345	esm	2	0.6931471805599453	1.4136217550936478
P78362	esm	2	1.3862943611198906	1.49766334747368
P78537	esm	2	0.6931471805599453	0.5316662799322379
P78563	esm	2	0.6931471805599453	1.450566575994963
P81133	esm	2	0.6931471805599453	1.0067321322387606
P82094	esm	2	0.6931471805599453	1.7982146382897728
P82663	esm	2	0.6931471805599453	1.7053083564447025
P83436	esm	2	0.6931471805599453	1.3012602184372393
P83731	esm	2	2.4849066497880004	1.6711962602160846
P84243	esm	2	1.9459101490553132	1.4681298591802794
P98082	esm	2	1.6094379124341003	1.7136063912388901
Q00059	esm	2	1.6094379124341003	1.1593236149006263
Q00341	esm	2	3.2580965380214817	2.5636417514045355
Q00534	esm	2	1.6094379124341003	0.9338440351266395
Q00536	esm	2	1.3862943611198906	1.1683091715921248
Q01469	esm	2	2.197224577336219	1.9255829687612294
Q01518	esm	2	3.1780538303479453	1.7738578415248893
Q01523	esm	2	0.6931471805599453	0.5753736001019806
Q01538	esm	2	0.6931471805599453	1.9480675801985754
Q01658	esm	2	1.0986122886681096	1.1491737808853404
Q01831	esm	2	1.9459101490553132	1.4584495558111397
Q01844	esm	2	2.0794415416798357	2.3267989048710285
Q02388	esm	2	0.6931471805599453	1.6189786006892408
Q02543	esm	2	2.4849066497880004	1.175594417904912
Q02750	esm	2	2.0794415416798357	1.3513850781063756
Q02809	esm	2	0.6931471805599453	1.392038957518877
Q02880	esm	2	3.2188758248682006	2.613343102137089
Q02952	esm	2	2.6390573296152584	2.3345413922401064
Q03111	esm	2	2.0794415416798357	1.8523514296993155
Q03252	esm	2	3.332204510175204	2.140612822129836
Q03393	esm	2	1.0986122886681096	1.1513805541122877
Q03692	esm	2	0.6931471805599453	1.2681411473784827
Q03933	esm	2	1.0986122886681096	1.1406433782814092
Q04323	esm	2	1.791759469228055	1.285675440766441
Q04446	esm	2	1.791759469228055	1.68437924089375
Q04759	esm	2	1.0986122886681096	1.2009866121512955
Q04828	esm	2	2.4849066497880004	1.7089329956958506
Q05193	esm	2	1.9459101490553132	1.6207692785609638
Q05329	esm	2	1.0986122886681096	1.4818164334121868
Q05655	esm	2	1.0986122886681096	1.4514367040016058
Q05DH4	esm	2	0.6931471805599453	0.6730984247402534
Q06481	esm	2	0.6931471805599453	1.3829696095998119
Q06732	esm	2	0.6931471805599453	0.9135291253757415
Q07065	esm	2	2.3025850929940455	1.7471030640451461
Q07812	esm	2	1.0986122886681096	0.6877635497603021
Q07889	esm	2	0.6931471805599453	1.432079129813465
Q08170	esm	2	1.6094379124341003	2.3580729901811486
Q08209	esm	2	1.9459101490553132	1.740469223670794
Q08722	esm	2	1.3862943611198906	1.285385006728214
Q08881	esm	2	0.6931471805599453	1.106678481373443
Q0VGL1	esm	2	0.6931471805599453	0.2539666476531177
Q10713	esm	2	1.9459101490553132	2.11136603306856
Q12778	esm	2	1.3862943611198906	1.2608230727540906
Q12802	esm	2	0.6931471805599453	1.399702011804899
Q12805	esm	2	1.3862943611198906	1.2913365633375686
Q12846	esm	2	0.6931471805599453	1.1702220950232096
Q12857	esm	2	1.3862943611198906	1.2015446510872023
Q12872	esm	2	1.6094379124341003	1.8166266399203614
Q12946	esm	2	0.6931471805599453	0.7694188480216246
Q12974	esm	2	1.0986122886681096	1.3171597253534777
Q13017	esm	2	1.0986122886681096	1.484283947610327
Q13043	esm	2	0.6931471805599453	1.4688067909897737
Q13049	esm	2	1.6094379124341003	1.1161356151896937
Q13131	esm	2	1.6094379124341003	0.995259869500243
Q13155	esm	2	1.6094379124341003	1.603647665008639
Q13164	esm	2	1.3862943611198906	1.5462108085133082
Q13257	esm	2	1.3862943611198906	0.9483369098308874
Q13263	esm	2	3.2188758248682006	1.5304259486306069
Q13309	esm	2	1.0986122886681096	0.6438365037349517
Q13330	esm	2	1.6094379124341003	1.7880321381838638
Q13395	esm	2	0.6931471805599453	1.1785479463561124
Q13416	esm	2	1.3862943611198906	1.4738046934141198
Q13421	esm	2	1.791759469228055	1.121786434602561
Q13425	esm	2	1.3862943611198906	0.8110590161610673
Q13435	esm	2	2.8903717578961645	2.1367421550733203
Q13449	esm	2	0.6931471805599453	1.1537616457877073
Q13469	esm	2	1.0986122886681096	1.2077868275233092
Q13480	esm	2	0.6931471805599453	0.6991617417700985
Q13506	esm	2	0.6931471805599453	0.8672933717720136
Q13509	esm	2	1.6094379124341003	1.2712575130624
Q13526	esm	2	1.6094379124341003	1.8092569031769625
Q13546	esm	2	1.0986122886681096	0.9176792669621023
Q13554	esm	2	1.6094379124341003	1.1630392600948911
Q13595	esm	2	1.0986122886681096	1.324893990666881
Q13601	esm	2	0.6931471805599453	2.2341183776987092
Q13642	esm	2	3.044522437723423	2.1473293073767836
Q13643	esm	2	1.3862943611198906	1.3233390752592125
Q13740	esm	2	1.0986122886681096	1.4335495308372224
Q13751	esm	2	2.0794415416798357	1.5487112470432978
Q13761	esm	2	1.0986122886681096	0.8950494995854744
Q13769	esm	2	1.3862943611198906	1.5272055128959026
Q13823	esm	2	1.9459101490553132	1.8366152631354258
Q13838	esm	2	2.4849066497880004	2.11158088620439
Q13867	esm	2	2.0794415416798357	2.0501661013985144
Q14106	esm	2	0.6931471805599453	1.3505085410370516
Q14116	esm	2	1.6094379124341003	1.3933796033120014
Q14117	esm	2	0.6931471805599453	2.280825206184045
Q14119	esm	2	2.197224577336219	1.1888074089686118
Q14134	esm	2	1.9459101490553132	1.4689936495115583
Q14141	esm	2	2.4849066497880004	1.7860381291168161
Q14165	esm	2	1.3862943611198906	1.294649487463262
Q14191	esm	2	1.6094379124341003	1.400605756916675
Q14204	esm	2	4.304065093204169	1.9618344894090844
Q14314	esm	2	0.6931471805599453	1.403281682119869
Q14331	esm	2	1.791759469228055	1.7303522120576398
Q14376	esm	2	1.6094379124341003	1.6990586588717198
Q14520	esm	2	1.0986122886681096	1.3382236410748076
Q14527	esm	2	1.3862943611198906	1.982927473489395
Q14533	esm	2	1.0986122886681096	1.2625986414836956
Q14554	esm	2	1.0986122886681096	2.124750683403279
Q14566	esm	2	2.8903717578961645	2.068907087537734
Q14576	esm	2	0.6931471805599453	1.3695801730125474
Q14653	esm	2	0.6931471805599453	1.1116893274686244
Q14671	esm	2	2.0794415416798357	1.4652847630052397
Q14676	esm	2	3.044522437723423	1.622010780146296
Q14677	esm	2	2.5649493574615367	1.8687810177689705
Q14684	esm	2	2.3025850929940455	1.6762722050842194
Q14690	esm	2	2.70805020110221	1.9406961015611892
Q14694	esm	2	2.0794415416798357	1.3726383981403254
Q14738	esm	2	2.3025850929940455	1.4206504879977375
Q14739	esm	2	1.9459101490553132	1.159424126968108
Q14789	esm	2	2.197224577336219	1.877521610769715
Q147X3	esm	2	1.0986122886681096	0.8584160709424269
Q14938	esm	2	1.6094379124341003	1.197388441365956
Q14966	esm	2	3.2188758248682006	2.1771511366709655
Q14997	esm	2	1.791759469228055	1.6740777070700716
Q14CZ8	esm	2	0.6931471805599453	1.2028386682425025
Q15005	esm	2	1.791759469228055	1.494514306433445
Q15021	esm	2	2.0794415416798357	1.4986474612122531
Q15041	esm	2	1.0986122886681096	0.5493985086601152
Q15063	esm	2	3.8066624897703196	2.239141579057019
Q15072	esm	2	1.0986122886681096	0.9119578600554182
Q15075	esm	2	3.4339872044851463	2.5760242055972897
Q15102	esm	2	0.6931471805599453	0.8735228612959418
Q15125	esm	2	0.6931471805599453	0.6090168085570566
Q15208	esm	2	0.6931471805599453	1.1661480728864433
Q15293	esm	2	1.791759469228055	1.522014829980511
Q15361	esm	2	1.0986122886681096	1.614301414422857
Q15386	esm	2	1.3862943611198906	1.5083132289722183
Q15388	esm	2	1.0986122886681096	1.14760393200554
Q15404	esm	2	1.9459101490553132	1.169650642774111
Q15418	esm	2	1.9459101490553132	1.3428980286710117
Q15424	esm	2	2.9444389791664403	2.421711893804095
Q15428	esm	2	1.6094379124341003	1.9080278907334254
Q15438	esm	2	0.6931471805599453	1.5369377072291823
Q15633	esm	2	1.3862943611198906	1.1298780991968078
Q15649	esm	2	0.6931471805599453	0.971637639075478
Q15650	esm	2	0.6931471805599453	1.2386213469965974
Q15738	esm	2	1.3862943611198906	1.0328795701057454
Q15746	esm	2	2.833213344056216	1.7370270396051284
Q15751	esm	2	1.3862943611198906	1.225733324274184
Q15771	esm	2	0.6931471805599453	0.8108380515724711
Q15811	esm	2	1.3862943611198906	1.8886445945486816
Q15818	esm	2	0.6931471805599453	1.2513336124608048
Q15907	esm	2	1.0986122886681096	1.1116679330999162
Q16623	esm	2	1.3862943611198906	1.3701506974499598
Q16630	esm	2	1.6094379124341003	1.763181181903227
Q16637	esm	2	1.9459101490553132	1.1182317374391888
Q16644	esm	2	1.3862943611198906	1.1544249814322094
Q16658	esm	2	2.5649493574615367	1.6589683105585182
Q16695	esm	2	1.791759469228055	1.3737587046171493
Q16777	esm	2	1.0986122886681096	1.3934621560926985
Q16787	esm	2	3.332204510175204	1.7125476782683915
Q16795	esm	2	2.0794415416798357	1.5666608340956703
Q16881	esm	2	3.044522437723423	2.161265374080986
Q1ED39	esm	2	1.0986122886681096	1.8355787058972275
Q2NKJ3	esm	2	0.6931471805599453	0.735356557136418
Q2TBE0	esm	2	1.3862943611198906	1.782898247053741
Q32NB8	esm	2	0.6931471805599453	0.9251126851132729
Q3B7T1	esm	2	0.6931471805599453	1.428476320228798
Q3B820	esm	2	0.6931471805599453	1.214044976305473
Q3KQV9	esm	2	0.6931471805599453	1.400463253879094
Q3SY69	esm	2	2.833213344056216	2.597285565548349
Q3SYG4	esm	2	0.6931471805599453	1.3410164750130529
Q3T8J9	esm	2	1.6094379124341003	1.4972645250172982
Q3V6T2	esm	2	2.0794415416798357	1.6455053945285887
Q3YEC7	esm	2	1.0986122886681096	1.4797220118380299
Q4FZB7	esm	2	1.791759469228055	1.59453270582361
Q4V321	esm	2	0.6931471805599453	1.168859099576554
Q4VCS5	esm	2	1.791759469228055	1.2847627297078335
Q504T8	esm	2	0.6931471805599453	0.8277956383725145
Q52LR7	esm	2	1.6094379124341003	1.3299771554226378
Q53GQ0	esm	2	1.9459101490553132	1.4363135855418427
Q53H12	esm	2	1.0986122886681096	1.356508273973981
Q53T94	esm	2	0.6931471805599453	1.1404278589662453
Q53TQ3	esm	2	1.6094379124341003	1.5210481114779963
Q5BKX8	esm	2	0.6931471805599453	1.358249233889031
Q5FBB7	esm	2	0.6931471805599453	1.1117345136169254
Q5FWF4	esm	2	0.6931471805599453	1.403412056461135
Q5FYB1	esm	2	1.0986122886681096	0.6867056216717893
Q5JSH3	esm	2	1.0986122886681096	1.4791667132216064
Q5JTH9	esm	2	2.4849066497880004	1.6989188927164622
Q5JTZ5	esm	2	0.6931471805599453	0.4124556753103348
Q5SRE7	esm	2	0.6931471805599453	0.8015958204191285
Q5SYE7	esm	2	0.6931471805599453	0.7860004672703983
Q5T0F9	esm	2	1.9459101490553132	1.6704100666887203
Q5T160	esm	2	1.6094379124341003	1.7475616644046819
Q5T280	esm	2	0.6931471805599453	1.6918821203585743
Q5T5U3	esm	2	0.6931471805599453	1.1949238653129537
Q5T655	esm	2	1.3862943611198906	2.0171824725652585
Q5T6C5	esm	2	1.0986122886681096	1.321976672894211
Q5T6V5	esm	2	1.0986122886681096	1.5870841813850132
Q5T7N2	esm	2	0.6931471805599453	1.6291482648833
Q5T9L3	esm	2	1.0986122886681096	0.9929704399328916
Q5TAP6	esm	2	1.0986122886681096	1.601317055211614
Q5TBB1	esm	2	2.0794415416798357	1.8938328991220421
Q5TD94	esm	2	0.6931471805599453	1.44314159927284
Q5TGY3	esm	2	2.197224577336219	1.5355800892903266
Q5TGZ0	esm	2	0.6931471805599453	0.6153824998562103
Q5THR3	esm	2	0.6931471805599453	1.0395186031073025
Q5UIP0	esm	2	2.6390573296152584	1.833387621762101
Q5VIR6	esm	2	1.6094379124341003	1.815666437467162
Q5VUG0	esm	2	0.6931471805599453	1.5238587150977607
Q5VUM1	esm	2	0.6931471805599453	1.0404540887881688
Q5VV52	esm	2	1.3862943611198906	0.7685637244549192
Q5VWG9	esm	2	2.3978952727983707	2.0590482924315308
Q5VWN6	esm	2	2.197224577336219	1.3948787301713752
Q5VZ89	esm	2	0.6931471805599453	0.9741810460065271
Q5VZE5	esm	2	1.0986122886681096	1.7763261050901031
Q5XKE5	esm	2	0.6931471805599453	1.7323113058562285
Q68CQ4	esm	2	0.6931471805599453	1.4264344461703244
Q68DH5	esm	2	0.6931471805599453	0.7045297771748561
Q69YH5	esm	2	1.6094379124341003	1.5989833695958724
Q69YQ0	esm	2	1.9459101490553132	1.4166637355554985
Q6DD88	esm	2	1.9459101490553132	1.5199753797472875
Q6DKI1	esm	2	1.3862943611198906	1.8558875865327273
Q6KCM7	esm	2	0.6931471805599453	1.218315469389114
Q6N043	esm	2	0.6931471805599453	1.782649684580667
Q6N069	esm	2	1.0986122886681096	1.889837436536109
Q6NS38	esm	2	1.0986122886681096	0.9247103234426235
Q6NSJ5	esm	2	1.0986122886681096	1.196882057649616
Q6NX49	esm	2	1.0986122886681096	0.715462945851469
Q6P1J9	esm	2	1.3862943611198906	2.1324066071540053
Q6P1K2	esm	2	0.6931471805599453	0.5632954604449361
Q6P1X5	esm	2	1.6094379124341003	1.430960284006595
Q6P2E9	esm	2	1.3862943611198906	1.232571611407715
Q6P3X3	esm	2	1.0986122886681096	1.6270057383167555
Q6P4F7	esm	2	0.6931471805599453	1.0886541114192938
Q6P4I2	esm	2	0.6931471805599453	1.1274974726501548
Q6P5R6	esm	2	1.3862943611198906	1.5122710437708586
Q6P656	esm	2	0.6931471805599453	1.075896535173329
Q6PI98	esm	2	0.6931471805599453	1.13275460559045
Q6PII3	esm	2	0.6931471805599453	1.6862830982325534
Q6PKG0	esm	2	2.3025850929940455	1.586750640353177
Q6STE5	esm	2	1.0986122886681096	1.5954461640169704
Q6UB98	esm	2	0.6931471805599453	1.8552532580906926
Q6UN15	esm	2	1.6094379124341003	1.851424000519907
Q6UUV7	esm	2	1.3862943611198906	1.0676897435598973
Q6UWE0	esm	2	0.6931471805599453	0.8984569902944798
Q6UX04	esm	2	0.6931471805599453	2.048676758755221
Q6UX06	esm	2	1.9459101490553132	1.230075632139318
Q6VMQ6	esm	2	1.0986122886681096	2.0040366470716346
Q6XZF7	esm	2	1.6094379124341003	0.9368401408547025
Q6YHK3	esm	2	0.6931471805599453	1.7309811640475248
Q6ZNE5	esm	2	1.0986122886681096	0.5700442040639992
Q6ZNX1	esm	2	0.6931471805599453	0.5096806648508487
Q6ZQR2	esm	2	0.6931471805599453	0.43700317827357305
Q70IA6	esm	2	0.6931471805599453	1.0190492664703474
Q70SY1	esm	2	1.0986122886681096	1.0036978157934493
Q712K3	esm	2	1.0986122886681096	1.2032359557296837
Q7L0Y3	esm	2	2.4849066497880004	1.1460947263277323
Q7L266	esm	2	1.6094379124341003	1.7271365139769612
Q7L3T8	esm	2	1.0986122886681096	1.6876358459284795
Q7L5Y1	esm	2	0.6931471805599453	1.595880658241784
Q7L5Y9	esm	2	1.6094379124341003	1.2973004122783287
Q7RTP6	esm	2	1.0986122886681096	1.423809945164188
Q7Z3B3	esm	2	1.9459101490553132	1.0779626601950614
Q7Z4G1	esm	2	1.0986122886681096	1.240827803698042
Q7Z5G4	esm	2	0.6931471805599453	0.6191444072296696
Q7Z5V6	esm	2	0.6931471805599453	1.554200703089271
Q7Z6L0	esm	2	0.6931471805599453	1.1239001253061063
Q7Z6M1	esm	2	1.0986122886681096	0.6490608399642404
Q7Z745	esm	2	1.0986122886681096	1.2870745295812018
Q7Z7B0	esm	2	0.6931471805599453	1.93892906556238
Q7Z7C7	esm	2	0.6931471805599453	0.6319559214771029
Q7Z7E8	esm	2	1.3862943611198906	1.4490071298055416
Q7Z7K6	esm	2	1.9459101490553132	1.0516562934620124
Q86T03	esm	2	0.6931471805599453	0.5900778960625643
Q86TB9	esm	2	0.6931471805599453	1.719824210236423
Q86TM6	esm	2	0.6931471805599453	1.1008403668524918
Q86TS9	esm	2	0.6931471805599453	0.7803093241497561
Q86U70	esm	2	0.6931471805599453	1.1535696983474657
Q86UE8	esm	2	1.6094379124341003	1.2658399406884535
Q86UP2	esm	2	3.3672958299864737	2.2891656352696788
Q86UV5	esm	2	0.6931471805599453	1.5654518517350504
Q86UW9	esm	2	0.6931471805599453	1.0140814058034862
Q86UY8	esm	2	1.3862943611198906	1.2389305103917807
Q86V85	esm	2	0.6931471805599453	0.6052455408897743
Q86VP3	esm	2	1.0986122886681096	0.9684948294972059
Q86VP6	esm	2	3.044522437723423	2.035958613357738
Q86VS8	esm	2	1.3862943611198906	1.8516480405081914
Q86WA6	esm	2	2.3025850929940455	1.638575022960479
Q86WX3	esm	2	1.6094379124341003	1.0068005783775977
Q86Y46	esm	2	0.6931471805599453	1.5456909579786569
Q86YM7	esm	2	0.6931471805599453	1.5993118742251815
Q86YW9	esm	2	1.0986122886681096	1.507170636651481
Q8IUR6	esm	2	1.6094379124341003	1.3849448061612388
Q8IV56	esm	2	0.6931471805599453	0.7523172984845543
Q8IVM0	esm	2	1.0986122886681096	1.103821573272731
Q8IVN3	esm	2	1.0986122886681096	1.6636909017640547
Q8IW35	esm	2	1.3862943611198906	0.7902057692189381
Q8IWB7	esm	2	0.6931471805599453	1.0715320321067066
Q8IWF6	esm	2	0.6931471805599453	0.9894649088872508
Q8IWZ6	esm	2	0.6931471805599453	1.6534813109932658
Q8IY31	esm	2	0.6931471805599453	1.0951869689600415
Q8IY37	esm	2	1.0986122886681096	1.761834333812319
Q8IYA6	esm	2	1.3862943611198906	1.5118347868383604
Q8IYB7	esm	2	1.3862943611198906	1.6836263058647871
Q8IYD1	esm	2	1.0986122886681096	1.981040702680284
Q8IYH5	esm	2	1.3862943611198906	1.5111440177428088
Q8IYS1	esm	2	1.0986122886681096	1.5263097464910749
Q8IZ73	esm	2	1.0986122886681096	1.158369630825101
Q8IZD4	esm	2	0.6931471805599453	1.4106130284049896
Q8N0T1	esm	2	1.0986122886681096	0.9910250192245841
Q8N0U4	esm	2	1.6094379124341003	1.2877347519296232
Q8N0W3	esm	2	0.6931471805599453	0.8972990258008695
Q8N122	esm	2	1.3862943611198906	0.8171383626301278
Q8N129	esm	2	0.6931471805599453	1.0401105768013759
Q8N135	esm	2	0.6931471805599453	0.7424093932458103
Q8N1G2	esm	2	1.791759469228055	1.6142634393811546
Q8N1V2	esm	2	1.0986122886681096	1.6607678173972917
Q8N257	esm	2	1.791759469228055	1.4706547505798417
Q8N2H3	esm	2	0.6931471805599453	1.4722691342246452
Q8N2M8	esm	2	0.6931471805599453	1.747945016448664
Q8N2N9	esm	2	0.6931471805599453	1.3507744545202636
Q8N392	esm	2	1.9459101490553132	1.0629330937758228
Q8N465	esm	2	1.3862943611198906	1.5154397538522633
Q8N4T0	esm	2	0.6931471805599453	0.6825810190640811
Q8N543	esm	2	1.3862943611198906	1.7826069502921797
Q8N568	esm	2	1.0986122886681096	1.157447946565525
Q8N5C7	esm	2	1.0986122886681096	1.1013880903454576
Q8N5I9	esm	2	0.6931471805599453	1.1716701234052747
Q8N5K1	esm	2	1.3862943611198906	1.3866810433750263
Q8N6H7	esm	2	1.791759469228055	1.2259416230441162
Q8N6M9	esm	2	0.6931471805599453	1.7813210950881808
Q8N6T3	esm	2	1.791759469228055	1.4077995725933259
Q8N766	esm	2	1.0986122886681096	1.4138595564084058
Q8N7J2	esm	2	1.0986122886681096	0.9926760796527805
Q8N8R7	esm	2	0.6931471805599453	1.3445853657245412
Q8N8U2	esm	2	0.6931471805599453	1.3487761798871216
Q8N960	esm	2	0.6931471805599453	1.2684738398659943
Q8N9F7	esm	2	1.0986122886681096	1.0138924313310986
Q8N9L9	esm	2	1.3862943611198906	0.9492901058856519
Q8NA42	esm	2	0.6931471805599453	1.044209373511097
Q8NB91	esm	2	0.6931471805599453	0.7830761322461414
Q8NBS9	esm	2	2.0794415416798357	1.8737924565292023
Q8NBU5	esm	2	1.3862943611198906	1.3460892540356852
Q8NC56	esm	2	1.0986122886681096	1.0850802751742374
Q8NC96	esm	2	0.6931471805599453	1.3159761947862425
Q8NCD3	esm	2	1.3862943611198906	1.0954460727350892
Q8NDD1	esm	2	1.791759469228055	1.3700290233925743
Q8NDX9	esm	2	0.6931471805599453	0.4504054029306632
Q8NEU8	esm	2	0.6931471805599453	1.1304865604623937
Q8NEZ4	esm	2	3.7612001156935624	1.8546595885786878
Q8NFD5	esm	2	2.772588722239781	1.9016671703496542
Q8NFG4	esm	2	0.6931471805599453	0.9000708415745295
Q8NHU0	esm	2	0.6931471805599453	1.0462450200025455
Q8NI08	esm	2	1.791759469228055	1.269610116322712
Q8TB22	esm	2	1.3862943611198906	1.473654563867955
Q8TB72	esm	2	1.9459101490553132	1.3754752889966553
Q8TB92	esm	2	0.6931471805599453	1.5327738556474613
Q8TC71	esm	2	0.6931471805599453	1.0526376101216257
Q8TCD5	esm	2	1.0986122886681096	0.8210193920058718
Q8TCG1	esm	2	0.6931471805599453	1.3198184687940253
Q8TCT9	esm	2	0.6931471805599453	1.327779902350336
Q8TD30	esm	2	0.6931471805599453	1.5776385403289144
Q8TDC3	esm	2	0.6931471805599453	0.9527451601706429
Q8TDM6	esm	2	0.6931471805599453	1.210523967041273
Q8TDY2	esm	2	1.6094379124341003	1.3873238032991586
Q8TED0	esm	2	1.3862943611198906	1.6463473838443652
Q8TEP8	esm	2	1.791759469228055	1.1813622340601748
Q8TEQ6	esm	2	2.3978952727983707	1.3113681146273122
Q8WU90	esm	2	2.3025850929940455	1.8680690416461734
Q8WUA2	esm	2	2.0794415416798357	1.799268388630635
Q8WUR7	esm	2	0.6931471805599453	1.551113881338936
Q8WV16	esm	2	0.6931471805599453	0.773920850374908
Q8WVC0	esm	2	1.0986122886681096	2.5301972067200555
Q8WVX9	esm	2	0.6931471805599453	1.0848086485307855
Q8WVY7	esm	2	1.9459101490553132	1.9945995040444209
Q8WW14	esm	2	1.0986122886681096	0.7116963159165333
Q8WWY8	esm	2	0.6931471805599453	0.8360389697106663
Q8WXH0	esm	2	3.1780538303479453	1.5641593563815568
Q8WXI4	esm	2	1.6094379124341003	1.5695669624960775
Q8WXI9	esm	2	1.9459101490553132	1.3844217038278523
Q8WXW3	esm	2	0.6931471805599453	1.5886342130610078
Q8WXX7	esm	2	1.6094379124341003	1.7624247370736974
Q8WYA6	esm	2	2.3025850929940455	1.6772794340012596
Q8WYQ5	esm	2	1.3862943611198906	1.7876370267148949
Q92466	esm	2	1.0986122886681096	0.8344436917697976
Q92481	esm	2	0.6931471805599453	0.9584561666693169
Q92538	esm	2	1.9459101490553132	0.902086552148024
Q92556	esm	2	1.9459101490553132	1.5315468835562431
Q92576	esm	2	2.8903717578961645	1.9015427546648311
Q92615	esm	2	1.3862943611198906	1.4670896457152203
Q92619	esm	2	1.0986122886681096	0.9200378666335643
Q92626	esm	2	0.6931471805599453	1.2304830977614305
Q92629	esm	2	0.6931471805599453	1.0277970505330423
Q92688	esm	2	1.791759469228055	1.9247429792432416
Q92698	esm	2	0.6931471805599453	1.3661117957654938
Q92733	esm	2	1.6094379124341003	1.9821571206078863
Q92820	esm	2	1.0986122886681096	1.1729268036214187
Q92831	esm	2	1.3862943611198906	1.6143581324230034
Q92889	esm	2	0.6931471805599453	1.645339035574665
Q92890	esm	2	1.3862943611198906	1.7318539556747259
Q92908	esm	2	0.6931471805599453	1.0158363105337034
Q92947	esm	2	1.3862943611198906	1.905460571574362
Q92974	esm	2	1.3862943611198906	1.085792435710592
Q93034	esm	2	2.3025850929940455	2.0468950732290487
Q93073	esm	2	0.6931471805599453	1.0544951689812296
Q93074	esm	2	2.0794415416798357	1.614813790554326
Q93077	esm	2	1.0986122886681096	1.331955430717043
Q93100	esm	2	0.6931471805599453	1.3577386434521768
Q969U7	esm	2	0.6931471805599453	0.9788304921839406
Q969X6	esm	2	1.6094379124341003	1.3988675940913098
Q96A33	esm	2	1.791759469228055	2.2266698620212013
Q96A49	esm	2	2.0794415416798357	1.62771601308668
Q96A61	esm	2	0.6931471805599453	0.2541129089092653
Q96AY2	esm	2	1.0986122886681096	1.202609915763074
Q96B23	esm	2	0.6931471805599453	1.3136127302602714
Q96BA8	esm	2	0.6931471805599453	1.179664715529951
Q96BP3	esm	2	1.9459101490553132	1.7159019016920907
Q96BR5	esm	2	1.791759469228055	1.6318905072646162
Q96BX8	esm	2	0.6931471805599453	1.0352851214847583
Q96C23	esm	2	1.3862943611198906	1.9988708942785316
Q96C86	esm	2	1.791759469228055	1.6062523199588854
Q96CG3	esm	2	0.6931471805599453	0.7219314712012288
Q96CN9	esm	2	0.6931471805599453	1.4407574043554217
Q96CV9	esm	2	1.0986122886681096	1.3840201648001886
Q96DC8	esm	2	0.6931471805599453	1.443324326991881
Q96DI7	esm	2	1.791759469228055	1.1925489790410504
Q96DT6	esm	2	0.6931471805599453	0.8073607387392537
Q96EA4	esm	2	0.6931471805599453	1.2819529033244232
Q96EP5	esm	2	1.791759469228055	1.8606619785159282
Q96EV2	esm	2	2.3025850929940455	1.9159324567246185
Q96EY1	esm	2	1.6094379124341003	1.5439489832967104
Q96EY8	esm	2	1.6094379124341003	1.5045561279415838
Q96F10	esm	2	1.0986122886681096	1.5550792504251172
Q96FQ6	esm	2	1.0986122886681096	0.9995070375492732
Q96FW1	esm	2	1.3862943611198906	1.4170049106939664
Q96G23	esm	2	0.6931471805599453	0.6449272179480903
Q96G46	esm	2	1.3862943611198906	1.3177769838544249
Q96GD4	esm	2	1.0986122886681096	0.8362101820341485
Q96GK7	esm	2	1.6094379124341003	1.9771841854599927
Q96GM5	esm	2	1.3862943611198906	1.749700676553397
Q96GN5	esm	2	1.3862943611198906	1.1607379125599215
Q96GW9	esm	2	0.6931471805599453	1.1327540252663262
Q96HC4	esm	2	1.6094379124341003	1.40346198988588
Q96HE7	esm	2	1.6094379124341003	1.197839787622689
Q96HY6	esm	2	0.6931471805599453	1.193230440665253
Q96IG2	esm	2	0.6931471805599453	0.7332002409984565
Q96IZ6	esm	2	0.6931471805599453	0.9108247550354942
Q96J01	esm	2	1.3862943611198906	1.4574674600219042
Q96JG6	esm	2	0.6931471805599453	1.324401491187491
Q96JG9	esm	2	1.6094379124341003	1.5613374827316122
Q96JH7	esm	2	1.6094379124341003	1.5493697026242697
Q96K21	esm	2	1.3862943611198906	1.0368087503193129
Q96K83	esm	2	0.6931471805599453	1.3876308871966616
Q96KN1	esm	2	0.6931471805599453	0.8204167110785294
Q96LD1	esm	2	0.6931471805599453	0.6524386664036175
Q96M29	esm	2	1.6094379124341003	0.990032588734109
Q96MC2	esm	2	0.6931471805599453	1.220959354630573
Q96ME7	esm	2	2.0794415416798357	1.3758666265213502
Q96MX6	esm	2	1.791759469228055	1.8192383996447068
Q96N67	esm	2	2.197224577336219	1.2758539436532161
Q96P48	esm	2	0.6931471805599453	0.7929396744453238
Q96PB1	esm	2	1.0986122886681096	1.0313600058639096
Q96PE7	esm	2	1.3862943611198906	1.739799109338244
Q96PK6	esm	2	2.197224577336219	1.9754615533679019
Q96PZ0	esm	2	2.3978952727983707	1.5269532832347263
Q96QU8	esm	2	0.6931471805599453	1.4804711701208766
Q96QV6	esm	2	1.0986122886681096	1.234543585159392
Q96RD7	esm	2	0.6931471805599453	0.8495213563941333
Q96RU2	esm	2	1.0986122886681096	1.4921172439142854
Q96RU8	esm	2	0.6931471805599453	0.7478903803776138
Q96RW7	esm	2	0.6931471805599453	1.4293153534404561
Q96S38	esm	2	0.6931471805599453	0.9249410454781731
Q96S99	esm	2	0.6931471805599453	0.755207192701568
Q96SB8	esm	2	2.3025850929940455	2.4286600291278795
Q96SI9	esm	2	1.0986122886681096	2.0627731949784653
Q96ST2	esm	2	1.0986122886681096	2.468491504575659
Q96ST3	esm	2	2.6390573296152584	1.5691198888764923
Q96SW2	esm	2	1.0986122886681096	0.885151768459929
Q96SY0	esm	2	1.0986122886681096	1.3918988094387437
Q96SZ6	esm	2	0.6931471805599453	1.0517597308519184
Q96T17	esm	2	0.6931471805599453	1.6813286525953859
Q96T60	esm	2	1.0986122886681096	1.499424877129782
Q96TA2	esm	2	1.3862943611198906	1.6057432337786661
Q99471	esm	2	2.197224577336219	1.9462925823209283
Q99496	esm	2	0.6931471805599453	1.065589066155627
Q99570	esm	2	1.3862943611198906	1.2860008112545476
Q99584	esm	2	1.6094379124341003	1.4605319462518713
Q99590	esm	2	2.197224577336219	1.793367397831081
Q99623	esm	2	2.5649493574615367	1.90699107404358
Q99638	esm	2	1.0986122886681096	0.6494708376920029
Q99661	esm	2	1.791759469228055	1.14468590785604
Q99715	esm	2	2.833213344056216	2.2380181726103157
Q99747	esm	2	2.0794415416798357	1.8903422119178281
Q99757	esm	2	1.6094379124341003	1.5035840137360406
Q99759	esm	2	0.6931471805599453	0.7450181161122165
Q99805	esm	2	1.9459101490553132	1.269641301436246
Q99877	esm	2	2.6390573296152584	1.483594925156501
Q99880	esm	2	1.9459101490553132	1.467689906493011
Q9BPZ7	esm	2	0.6931471805599453	0.9236997844908726
Q9BQ04	esm	2	1.0986122886681096	1.7219089964166021
Q9BQ48	esm	2	0.6931471805599453	0.2076613564992229
Q9BQ52	esm	2	1.791759469228055	1.2260310287880092
Q9BQG2	esm	2	1.3862943611198906	1.4707135492273486
Q9BRV8	esm	2	1.0986122886681096	0.558085571513142
Q9BRX5	esm	2	0.6931471805599453	1.0368045181653809
Q9BSH4	esm	2	1.3862943611198906	1.423788362176187
Q9BST9	esm	2	0.6931471805599453	0.5248413597687034
Q9BTM1	esm	2	1.0986122886681096	1.3751441017096713
Q9BTV4	esm	2	1.6094379124341003	1.07079008176117
Q9BUB7	esm	2	0.6931471805599453	1.066474763419815
Q9BUE6	esm	2	1.0986122886681096	1.943338232705824
Q9BUL9	esm	2	1.0986122886681096	0.9526478661163769
Q9BV57	esm	2	1.9459101490553132	2.0731572124959983
Q9BV81	esm	2	0.6931471805599453	0.411550394831222
Q9BV86	esm	2	0.6931471805599453	1.0992569020912897
Q9BVG4	esm	2	1.3862943611198906	1.7271192260963337
Q9BVI4	esm	2	1.0986122886681096	1.1085555829248102
Q9BVL2	esm	2	1.6094379124341003	2.1096225151161536
Q9BW27	esm	2	0.6931471805599453	1.126905627455336
Q9BW92	esm	2	0.6931471805599453	1.4527927815039046
Q9BWJ5	esm	2	1.0986122886681096	0.7427458363860746
Q9BXF9	esm	2	2.0794415416798357	1.3585592961574786
Q9BXJ4	esm	2	0.6931471805599453	0.7354405179588348
Q9BXN1	esm	2	3.295836866004329	1.9256132492833173
Q9BXS5	esm	2	1.6094379124341003	2.0640027969367587
Q9BXV9	esm	2	1.0986122886681096	1.340275163879016
Q9BXY0	esm	2	1.3862943611198906	1.6339447698116594
Q9BY12	esm	2	0.6931471805599453	1.2533356038074637
Q9BY32	esm	2	1.9459101490553132	1.2080758519161279
Q9BY44	esm	2	2.5649493574615367	1.8681483127079852
Q9BYT3	esm	2	0.6931471805599453	1.2730995098978068
Q9BZE2	esm	2	0.6931471805599453	1.03252757831609
Q9BZE9	esm	2	0.6931471805599453	1.3619788165117848
Q9BZH6	esm	2	0.6931471805599453	1.0225449859551115
Q9BZK7	esm	2	1.0986122886681096	1.5610030129879182
Q9BZL1	esm	2	1.0986122886681096	1.368289085034895
Q9BZQ6	esm	2	0.6931471805599453	1.3882217002657136
Q9BZR9	esm	2	0.6931471805599453	1.0202713706033952
Q9C010	esm	2	0.6931471805599453	1.6258816932109477
Q9C026	esm	2	0.6931471805599453	1.1887832886092196
Q9C0I3	esm	2	1.3862943611198906	0.6152228251812006
Q9GZR2	esm	2	1.6094379124341003	1.7022344441543926
Q9H081	esm	2	1.0986122886681096	0.6208662066888193
Q9H0D6	esm	2	2.3025850929940455	1.8075378358181442
Q9H0R8	esm	2	1.0986122886681096	1.3653806165409934
Q9H0U4	esm	2	1.0986122886681096	1.584296370491042
Q9H1U9	esm	2	1.0986122886681096	1.0271142219477007
Q9H223	esm	2	1.9459101490553132	1.3845855509028093
Q9H2D6	esm	2	0.6931471805599453	1.1037629118165102
Q9H2G2	esm	2	2.833213344056216	1.8719368290244658
Q9H2K8	esm	2	1.9459101490553132	1.2523191200022707
Q9H2M9	esm	2	1.0986122886681096	1.4664799002634796
Q9H361	esm	2	0.6931471805599453	1.9809004327402042
Q9H3K6	esm	2	1.0986122886681096	1.0341202298144134
Q9H3M7	esm	2	0.6931471805599453	0.8955187511262193
Q9H410	esm	2	0.6931471805599453	0.9372396346207482
Q9H4A3	esm	2	1.3862943611198906	1.7870845074984274
Q9H4A4	esm	2	1.9459101490553132	1.3046603992478045
Q9H4Z2	esm	2	0.6931471805599453	1.1972287851192442
Q9H6D7	esm	2	1.0986122886681096	0.7552766918881559
Q9H6P5	esm	2	0.6931471805599453	0.8782221385225798
Q9H6R0	esm	2	0.6931471805599453	1.7892290512984454
Q9H6R3	esm	2	2.0794415416798357	1.6670903585082077
Q9H6Z4	esm	2	1.9459101490553132	1.5161503753152046
Q9H7B4	esm	2	1.0986122886681096	1.1896890500284572
Q9H7N4	esm	2	1.9459101490553132	1.8013756500099394
Q9H7X3	esm	2	0.6931471805599453	0.791558407657422
Q9H8H2	esm	2	1.0986122886681096	1.1794540907883069
Q9H8L6	esm	2	0.6931471805599453	1.2231141199952138
Q9H8Y8	esm	2	1.791759469228055	1.6517555664347057
Q9H993	esm	2	1.9459101490553132	1.4026503632251233
Q9H9F9	esm	2	0.6931471805599453	1.1966593952529678
Q9H9L4	esm	2	1.0986122886681096	1.2354036826547274
Q9H9P8	esm	2	1.791759469228055	1.5552618240413114
Q9H9T3	esm	2	1.6094379124341003	1.7256917904974853
Q9HA77	esm	2	2.0794415416798357	1.5526110841204892
Q9HAV4	esm	2	2.0794415416798357	1.756961480256236
Q9HBI1	esm	2	1.3862943611198906	1.333558512068615
Q9HBK9	esm	2	0.6931471805599453	1.6574342290727455
Q9HBL7	esm	2	0.6931471805599453	1.0082011701001337
Q9HC35	esm	2	1.9459101490553132	1.5265136703781423
Q9HC36	esm	2	1.3862943611198906	1.2525812648092178
Q9HCE5	esm	2	1.0986122886681096	1.5072855739109203
Q9HCI7	esm	2	1.6094379124341003	1.137108094001715
Q9HCJ6	esm	2	0.6931471805599453	1.7549457207916341
Q9HCN4	esm	2	0.6931471805599453	1.1036113951253035
Q9HCU5	esm	2	0.6931471805599453	1.1515010153362346
Q9HD26	esm	2	0.6931471805599453	1.0969410057196893
Q9NP58	esm	2	0.6931471805599453	1.1780116703393935
Q9NP61	esm	2	1.9459101490553132	1.1280502363564238
Q9NP77	esm	2	1.3862943611198906	1.3065391044302201
Q9NP80	esm	2	1.3862943611198906	1.0118383117337422
Q9NPC7	esm	2	0.6931471805599453	0.9741233884195112
Q9NPF5	esm	2	1.9459101490553132	1.8712779096114371
Q9NQ48	esm	2	0.6931471805599453	2.0523081125593454
Q9NQT8	esm	2	0.6931471805599453	1.2273935697498595
Q9NQW6	esm	2	2.5649493574615367	1.540030529398153
Q9NQZ2	esm	2	1.6094379124341003	1.9161726662688847
Q9NR19	esm	2	1.6094379124341003	1.287369332468504
Q9NR45	esm	2	2.4849066497880004	2.021378573561459
Q9NR46	esm	2	1.3862943611198906	1.2767754160824467
Q9NR48	esm	2	2.197224577336219	1.6329236307216148
Q9NRG4	esm	2	0.6931471805599453	1.3946769387067055
Q9NRP0	esm	2	0.6931471805599453	0.6257220925947031
Q9NRR8	esm	2	0.6931471805599453	0.629342848813122
Q9NS18	esm	2	0.6931471805599453	1.214416059307788
Q9NSI2	esm	2	0.6931471805599453	0.7581650935640817
Q9NTI5	esm	2	3.2188758248682006	2.2575429819484385
Q9NTJ4	esm	2	0.6931471805599453	1.1716795292895017
Q9NTX5	esm	2	1.791759469228055	1.7167798547231192
Q9NTX9	esm	2	0.6931471805599453	1.049433664212233
Q9NUA8	esm	2	0.6931471805599453	1.470396462612938
Q9NUI1	esm	2	1.791759469228055	1.0092252259038184
Q9NUM4	esm	2	0.6931471805599453	0.26610370760297775
Q9NUQ3	esm	2	0.6931471805599453	1.006478674837321
Q9NV56	esm	2	1.791759469228055	1.1456837710309573
Q9NV66	esm	2	0.6931471805599453	1.2594399821462257
Q9NVH1	esm	2	1.6094379124341003	1.3007856755339895
Q9NVH2	esm	2	1.0986122886681096	1.4827051635324757
Q9NVS2	esm	2	1.0986122886681096	0.9904887391337835
Q9NVU7	esm	2	1.6094379124341003	1.75277687264853
Q9NW64	esm	2	2.0794415416798357	1.6075193108014176
Q9NW68	esm	2	0.6931471805599453	1.4221977017547827
Q9NWB6	esm	2	1.6094379124341003	1.6158608772857068
Q9NWM8	esm	2	0.6931471805599453	1.4545813681334403
Q9NWX6	esm	2	1.0986122886681096	1.343086038077532
Q9NX05	esm	2	0.6931471805599453	1.1806819479874897
Q9NX18	esm	2	1.3862943611198906	1.0110189425231426
Q9NX20	esm	2	0.6931471805599453	1.2602115431150718
Q9NX55	esm	2	0.6931471805599453	1.2290305048437025
Q9NXR5	esm	2	0.6931471805599453	0.8753611533977999
Q9NXU5	esm	2	0.6931471805599453	1.083686233344306
Q9NY12	esm	2	1.3862943611198906	1.9850053920622754
Q9NY15	esm	2	0.6931471805599453	1.1508602548076952
Q9NY27	esm	2	1.0986122886681096	1.3080137824740798
Q9NY93	esm	2	1.0986122886681096	1.3353795810133573
Q9NYD6	esm	2	0.6931471805599453	0.9579519458575366
Q9NYF3	esm	2	0.6931471805599453	0.610858778683726
Q9NYP9	esm	2	0.6931471805599453	0.9924286456053325
Q9NYU1	esm	2	1.0986122886681096	1.686573548464414
Q9NYV4	esm	2	2.8903717578961645	1.7585368011876978
Q9NZA1	esm	2	2.0794415416798357	1.3774755560334662
Q9NZC4	esm	2	0.6931471805599453	0.3682820225596628
Q9NZC9	esm	2	1.6094379124341003	1.877356144061683
Q9NZD2	esm	2	1.6094379124341003	1.511975282342912
Q9NZI7	esm	2	0.6931471805599453	1.0600236412407114
Q9NZZ3	esm	2	1.6094379124341003	2.233822945595236
Q9P015	esm	2	1.6094379124341003	1.6391176854980518
Q9P021	esm	2	1.0986122886681096	1.790228383935815
Q9P086	esm	2	1.0986122886681096	1.0147755113090515
Q9P0K8	esm	2	0.6931471805599453	1.1295529260103119
Q9P0V3	esm	2	1.3862943611198906	1.2420382517263242
Q9P107	esm	2	0.6931471805599453	0.7719808441514586
Q9P260	esm	2	0.6931471805599453	0.9984918170998458
Q9P2E9	esm	2	3.295836866004329	2.4747077790465424
Q9P2F9	esm	2	0.6931471805599453	1.5488852120010548
Q9P2R7	esm	2	2.3978952727983707	2.471689425129237
Q9UBF2	esm	2	1.6094379124341003	1.7108585194732497
Q9UBI1	esm	2	0.6931471805599453	0.9076146378287423
Q9UBL3	esm	2	1.791759469228055	1.7322675972732922
Q9UBP6	esm	2	0.6931471805599453	1.3276166011395358
Q9UBR2	esm	2	1.3862943611198906	1.2809985056090238
Q9UBS4	esm	2	0.6931471805599453	1.8915659597945467
Q9UBW7	esm	2	1.791759469228055	1.6629345030726093
Q9UDV6	esm	2	0.6931471805599453	0.8247795950147928
Q9UDY2	esm	2	1.791759469228055	1.511479174104338
Q9UEG4	esm	2	2.197224577336219	1.239454026793169
Q9UET6	esm	2	0.6931471805599453	0.9533968593346351
Q9UEU0	esm	2	0.6931471805599453	0.9382864313289738
Q9UEW8	esm	2	1.6094379124341003	1.6550895019462695
Q9UFC0	esm	2	1.3862943611198906	1.1088184497721032
Q9UFW8	esm	2	0.6931471805599453	1.0887896991708783
Q9UGM5	esm	2	0.6931471805599453	1.5401744971770874
Q9UGN5	esm	2	0.6931471805599453	1.71288533363647
Q9UGP4	esm	2	0.6931471805599453	0.9560725783354567
Q9UHB6	esm	2	2.833213344056216	1.369770800004649
Q9UHB7	esm	2	3.044522437723423	2.023663324716916
Q9UHD9	esm	2	0.6931471805599453	1.015019433477156
Q9UHQ9	esm	2	2.0794415416798357	1.1329481412745808
Q9UHV7	esm	2	1.6094379124341003	1.3477258491146813
Q9UHX1	esm	2	1.9459101490553132	1.8966331556188976
Q9UI08	esm	2	1.6094379124341003	1.2729579861525995
Q9UI30	esm	2	0.6931471805599453	1.2371561252527732
Q9UIF8	esm	2	1.791759469228055	1.970499503694667
Q9UIF9	esm	2	1.9459101490553132	1.5419391273822982
Q9UII4	esm	2	0.6931471805599453	1.399400915903374
Q9UJA5	esm	2	1.0986122886681096	1.5589463237931218
Q9UJU5	esm	2	0.6931471805599453	1.2568146517309922
Q9UJX5	esm	2	1.0986122886681096	1.4469692522238637
Q9UK45	esm	2	0.6931471805599453	1.283212989737724
Q9UK59	esm	2	1.6094379124341003	1.1558764157268984
Q9UKA9	esm	2	1.6094379124341003	2.0721949654376695
Q9UKD2	esm	2	1.6094379124341003	1.9229770746390076
Q9UKL0	esm	2	0.6931471805599453	1.8172865935263247
Q9UKU7	esm	2	1.3862943611198906	1.8691852354386338
Q9UL40	esm	2	0.6931471805599453	1.6255642000391928
Q9ULD2	esm	2	1.0986122886681096	1.305528756879507
Q9ULD5	esm	2	0.6931471805599453	1.1371010258125436
Q9ULH7	esm	2	2.4849066497880004	1.5867685495107837
Q9ULI0	esm	2	1.3862943611198906	1.4611554818057793
Q9ULJ3	esm	2	1.6094379124341003	1.3494134723348143
Q9ULK2	esm	2	1.9459101490553132	1.4467064133274754
Q9ULM3	esm	2	2.5649493574615367	1.8064654078097973
Q9ULT8	esm	2	1.0986122886681096	1.4356382405655586
Q9ULX3	esm	2	0.6931471805599453	0.7057944004395517
Q9ULX6	esm	2	2.0794415416798357	1.966016712709334
Q9ULZ2	esm	2	0.6931471805599453	0.8114793183803464
Q9UM47	esm	2	0.6931471805599453	1.102143002098631
Q9UN79	esm	2	0.6931471805599453	0.8878634347183695
Q9UNP9	esm	2	1.6094379124341003	1.9868276582864484
Q9UPS8	esm	2	0.6931471805599453	1.765659709008217
Q9UQ13	esm	2	1.0986122886681096	1.1683554108323764
Q9UQ80	esm	2	2.3978952727983707	2.34634738604829
Q9UQB3	esm	2	0.6931471805599453	1.1009250727456297
Q9UQL6	esm	2	0.6931471805599453	1.228389480752661
Q9Y223	esm	2	1.6094379124341003	1.6694819424320197
Q9Y228	esm	2	0.6931471805599453	0.7171122322440108
Q9Y265	esm	2	2.6390573296152584	2.488695238067393
Q9Y277	esm	2	2.772588722239781	2.2212255439470203
Q9Y2K7	esm	2	1.9459101490553132	1.198596267631176
Q9Y2R4	esm	2	1.3862943611198906	1.7884528935925768
Q9Y2T2	esm	2	1.3862943611198906	1.7766011655028002
Q9Y2V7	esm	2	0.6931471805599453	1.3912449993202511
Q9Y2W6	esm	2	0.6931471805599453	0.9277005936140966
Q9Y305	esm	2	2.6390573296152584	1.6583110674043091
Q9Y312	esm	2	1.0986122886681096	0.9483265575985476
Q9Y315	esm	2	1.0986122886681096	2.113648608282328
Q9Y376	esm	2	2.3025850929940455	1.8566322654593483
Q9Y394	esm	2	0.6931471805599453	1.2653013020905493
Q9Y3A4	esm	2	0.6931471805599453	1.0278770805965443
Q9Y3B7	esm	2	1.3862943611198906	2.1183448281565194
Q9Y3C1	esm	2	1.3862943611198906	1.243584856793769
Q9Y3D5	esm	2	0.6931471805599453	0.9699727722057303
Q9Y3D9	esm	2	1.791759469228055	1.5887486971549845
Q9Y3E7	esm	2	1.0986122886681096	1.5777148237113854
Q9Y3L3	esm	2	1.0986122886681096	0.9127777555161058
Q9Y3U8	esm	2	1.3862943611198906	1.6935397602032045
Q9Y421	esm	2	0.6931471805599453	1.675230483645544
Q9Y450	esm	2	2.3978952727983707	2.1131233705982053
Q9Y487	esm	2	0.6931471805599453	1.1541050864472966
Q9Y4B6	esm	2	1.6094379124341003	1.1797174210163996
Q9Y4C4	esm	2	0.6931471805599453	1.0322723386250945
Q9Y4E1	esm	2	1.791759469228055	2.048254618177868
Q9Y4E5	esm	2	0.6931471805599453	1.3404623806182991
Q9Y508	esm	2	1.3862943611198906	0.6876954224991934
Q9Y546	esm	2	1.3862943611198906	0.8681982141026379
Q9Y5A7	esm	2	1.3862943611198906	1.5452479415319784
Q9Y5P3	esm	2	0.6931471805599453	1.102799156822874
Q9Y5Q8	esm	2	1.0986122886681096	1.1769079426426894
Q9Y666	esm	2	0.6931471805599453	1.3930037798935508
Q9Y679	esm	2	0.6931471805599453	0.488216489049096
Q9Y680	esm	2	1.0986122886681096	1.5488069599602683
Q9Y697	esm	2	2.0794415416798357	1.7783891789530215
Q9Y6G5	esm	2	0.6931471805599453	1.0271409026529335
Q9Y6G9	esm	2	2.3978952727983707	1.6626235378807586
Q9Y6J9	esm	2	0.6931471805599453	0.9168269152059337
Q9Y6K5	esm	2	1.3862943611198906	1.4662424997890517
Q9Y6M7	esm	2	0.6931471805599453	1.2274793267803554
Q9Y6N5	esm	2	2.6390573296152584	2.338974880574292
Q9Y6Q1	esm	2	0.6931471805599453	1.5566699595378304
Q9Y6Q5	esm	2	0.6931471805599453	1.8798030042564475
Q9Y6Q9	esm	2	2.6390573296152584	1.9211961904530912
Q9Y6R1	esm	2	1.0986122886681096	1.331999332762091
Q9Y6V7	esm	2	1.3862943611198906	1.548595058456286
A0FGR8	esm	3	1.3862943611198906	0.9663915499955712
A1L390	esm	3	0.6931471805599453	1.0250967215016566
A2A368	esm	3	0.6931471805599453	0.9077061308780269
A4D1E9	esm	3	0.6931471805599453	1.632204661322436
A6NDG6	esm	3	1.791759469228055	1.54301736527711
A6NDU8	esm	3	0.6931471805599453	0.982414838104349
A8MTZ0	esm	3	1.0986122886681096	0.9477474603028945
A8MU93	esm	3	0.6931471805599453	0.7594927607097635
E7ETH6	esm	3	0.6931471805599453	0.4287508220320022
E9PRG8	esm	3	1.0986122886681096	1.003527791512014
L0R819	esm	3	1.0986122886681096	1.2395731597711765
O00148	esm	3	2.4849066497880004	1.988075364239085
O00231	esm	3	2.4849066497880004	1.9994892692112294
O00233	esm	3	1.0986122886681096	1.489871183907437
O00257	esm	3	2.197224577336219	1.6655670616969978
O00268	esm	3	1.6094379124341003	1.8003256769799219
O00273	esm	3	1.3862943611198906	0.8388990391454794
O00291	esm	3	1.3862943611198906	1.884645608651547
O00338	esm	3	0.6931471805599453	1.2953927155581353
O00399	esm	3	0.6931471805599453	1.5856383900102264
O00443	esm	3	1.6094379124341003	1.1445271585513734
O00461	esm	3	0.6931471805599453	1.5749130390057526
O00479	esm	3	1.791759469228055	2.1415645237319785
O00483	esm	3	1.6094379124341003	1.3708970636266335
O00487	esm	3	1.9459101490553132	1.458761119523675
O00505	esm	3	0.6931471805599453	1.490103679548526
O00506	esm	3	0.6931471805599453	1.4095005470514987
O00571	esm	3	2.4849066497880004	2.198237517124187
O00592	esm	3	1.0986122886681096	1.133109003537566
O00743	esm	3	1.3862943611198906	1.4323511543809069
O00750	esm	3	0.6931471805599453	1.0584429878849333
O14530	esm	3	1.3862943611198906	1.443630745945285
O14545	esm	3	1.3862943611198906	0.6619169387637641
O14562	esm	3	1.6094379124341003	1.743982873229306
O14686	esm	3	3.5553480614894135	1.6855181690231347
O14802	esm	3	1.791759469228055	1.976373236385678
O14810	esm	3	0.6931471805599453	1.628358860263438
O14867	esm	3	1.0986122886681096	0.8402347933434093
O14879	esm	3	0.6931471805599453	1.3945645323746356
O14929	esm	3	1.9459101490553132	1.620642459879388
O14974	esm	3	1.791759469228055	1.8056439423056692
O14981	esm	3	1.3862943611198906	1.4669208651771857
O15027	esm	3	1.6094379124341003	1.3097406788096206
O15047	esm	3	1.3862943611198906	1.474178705343065
O15083	esm	3	1.0986122886681096	1.7818793611718997
O15213	esm	3	0.6931471805599453	1.6467496935454295
O15235	esm	3	1.0986122886681096	1.4892092746979488
O15344	esm	3	1.3862943611198906	1.2964208375736421
O15347	esm	3	2.5649493574615367	2.7447177188871192
O15357	esm	3	1.0986122886681096	1.1391094461642581
O15371	esm	3	2.3025850929940455	1.8688426533129603
O15417	esm	3	2.197224577336219	1.8565466886749689
O15446	esm	3	0.6931471805599453	1.9409731989724053
O15525	esm	3	1.3862943611198906	1.169802754832373
O15530	esm	3	0.6931471805599453	1.191614918884799
O15534	esm	3	0.6931471805599453	0.8288473034301617
O43143	esm	3	2.833213344056216	1.8768671393113365
O43151	esm	3	1.0986122886681096	1.6076564179129282
O43159	esm	3	1.6094379124341003	1.1791655225503304
O43272	esm	3	0.6931471805599453	1.4089341604544106
O43353	esm	3	0.6931471805599453	0.6299047357834436
O43390	esm	3	2.8903717578961645	2.125298519295697
O43422	esm	3	1.0986122886681096	0.928003651192518
O43427	esm	3	0.6931471805599453	1.3603766492672595
O43447	esm	3	1.3862943611198906	1.6358286971539724
O43491	esm	3	2.3025850929940455	1.8837810055546083
O43524	esm	3	1.0986122886681096	1.3830694612848946
O43615	esm	3	1.6094379124341003	1.5607208212424448
O43657	esm	3	0.6931471805599453	1.2954969374071175
O43660	esm	3	2.0794415416798357	1.3139458422382657
O43681	esm	3	1.3862943611198906	1.9198580666857599
O43719	esm	3	2.70805020110221	1.8610511190896788
O43747	esm	3	2.3978952727983707	1.6465986056748838
O43776	esm	3	2.0794415416798357	2.2094786035921072
O43865	esm	3	2.6390573296152584	1.8931063575711038
O43889	esm	3	0.6931471805599453	0.3757549627368899
O43896	esm	3	0.6931471805599453	1.1545320972410873
O60231	esm	3	1.791759469228055	1.560469020690765
O60237	esm	3	1.3862943611198906	1.5455133430653656
O60244	esm	3	1.0986122886681096	1.6903919096863806
O60262	esm	3	0.6931471805599453	1.2434583872018778
O60281	esm	3	2.4849066497880004	1.5484169173345972
O60347	esm	3	0.6931471805599453	0.8164667738449978
O60356	esm	3	0.6931471805599453	0.695037852108799
O60423	esm	3	1.0986122886681096	0.9680802950814402
O60563	esm	3	2.0794415416798357	1.609148294028772
O60583	esm	3	0.6931471805599453	1.6584381672050956
O60610	esm	3	2.4849066497880004	1.6650177417729066
O60645	esm	3	1.3862943611198906	1.4924438517761736
O60701	esm	3	2.4849066497880004	2.224664740828956
O60783	esm	3	0.6931471805599453	0.9448692969119729
O60812	esm	3	0.6931471805599453	1.663437310476951
O60825	esm	3	1.0986122886681096	1.4662628539599059
O60841	esm	3	3.2188758248682006	2.437690885594047
O60879	esm	3	1.0986122886681096	1.5937686114732614
O75037	esm	3	0.6931471805599453	1.39609155104587
O75044	esm	3	0.6931471805599453	1.1265586984666458
O75170	esm	3	1.0986122886681096	1.1040356995746077
O75175	esm	3	1.3862943611198906	1.807147991668661
O75223	esm	3	2.197224577336219	1.1255039684247632
O75312	esm	3	0.6931471805599453	2.1557002086710657
O75347	esm	3	2.0794415416798357	2.2769224618765573
O75351	esm	3	2.0794415416798357	2.1496442309621515
O75394	esm	3	0.6931471805599453	1.5028966442592908
O75439	esm	3	1.791759469228055	2.2418560357288237
O75446	esm	3	0.6931471805599453	1.3332984972126396
O75475	esm	3	3.044522437723423	2.475360033839382
O75489	esm	3	1.6094379124341003	1.4971855389058841
O75506	esm	3	0.6931471805599453	1.2365353793235656
O75569	esm	3	1.9459101490553132	0.5824583266730121
O75674	esm	3	0.6931471805599453	1.0470120036949053
O75791	esm	3	0.6931471805599453	0.7755899979296694
O75845	esm	3	0.6931471805599453	0.6210205203649424
O75874	esm	3	2.995732273553991	2.7479676033122287
O75891	esm	3	2.6390573296152584	2.386194480010391
O75964	esm	3	1.791759469228055	1.4054916491611826
O75995	esm	3	0.6931471805599453	0.7747454769727334
O76061	esm	3	1.0986122886681096	0.7787938612153874
O76080	esm	3	0.6931471805599453	1.2413801938400202
O94760	esm	3	2.197224577336219	1.7118659435778865
O94763	esm	3	0.6931471805599453	1.2337301577560738
O94769	esm	3	0.6931471805599453	1.5554220822128177
O94811	esm	3	1.0986122886681096	2.132481669774843
O94817	esm	3	0.6931471805599453	1.2434913458919847
O94916	esm	3	1.9459101490553132	1.8262531444958214
O94921	esm	3	1.0986122886681096	1.2103839354362238
O95067	esm	3	0.6931471805599453	1.595110746481139
O95084	esm	3	0.6931471805599453	1.4327249732112353
O95171	esm	3	0.6931471805599453	2.0466476353294256
O95182	esm	3	1.3862943611198906	1.2652824736772907
O95201	esm	3	0.6931471805599453	1.0807132103572792
O95251	esm	3	2.3978952727983707	1.5798331691033431
O95294	esm	3	0.6931471805599453	0.8553763606499412
O95299	esm	3	2.197224577336219	1.880656788231098
O95347	esm	3	3.6635616461296463	3.0130858318996125
O95361	esm	3	1.0986122886681096	1.3745596889347456
O95365	esm	3	2.0794415416798357	1.0664044846910263
O95486	esm	3	0.6931471805599453	0.9390753238846621
O95497	esm	3	0.6931471805599453	1.048210757884875
O95571	esm	3	1.0986122886681096	0.9642276341179836
O95619	esm	3	1.0986122886681096	1.9904749785413096
O95684	esm	3	1.0986122886681096	0.6996499294583683
O95714	esm	3	0.6931471805599453	1.4171389483950358
O95721	esm	3	0.6931471805599453	1.0507004978357535
O95747	esm	3	1.6094379124341003	1.6280571451414554
O95834	esm	3	1.791759469228055	1.3042472157447462
O95865	esm	3	1.791759469228055	1.4388021607023183
O95870	esm	3	1.3862943611198906	0.5922787781116938
O95969	esm	3	1.0986122886681096	1.226247354157003
O95985	esm	3	1.3862943611198906	2.018485982257732
O95994	esm	3	1.3862943611198906	1.6094124862543744
O95997	esm	3	1.6094379124341003	1.1433051904238858
O96004	esm	3	0.6931471805599453	0.38646351887978003
O96009	esm	3	1.3862943611198906	1.0720152272462462
P00367	esm	3	3.2580965380214817	2.305125580670992
P00480	esm	3	0.6931471805599453	2.0768363571734874
P00492	esm	3	2.0794415416798357	1.323877912527552
P00533	esm	3	2.0794415416798357	1.0085984675770683
P00558	esm	3	3.6109179126442243	3.309590332579922
P00734	esm	3	2.0794415416798357	1.0777361383990762
P00747	esm	3	2.0794415416798357	1.5405812096155749
P00966	esm	3	2.3978952727983707	2.3163708058495156
P01023	esm	3	3.6109179126442243	1.6442688461782218
P01040	esm	3	1.0986122886681096	2.4062353237510807
P01137	esm	3	0.6931471805599453	0.790168628350572
P02042	esm	3	2.3978952727983707	2.2070760062715613
P02144	esm	3	1.9459101490553132	2.8961166836238545
P02511	esm	3	1.9459101490553132	1.5538974034884103
P02533	esm	3	1.791759469228055	1.767419262420602
P02545	esm	3	3.5553480614894135	2.1182326060045185
P02549	esm	3	3.4965075614664802	2.1922785449855042
P02748	esm	3	2.0794415416798357	1.2670377166389155
P02749	esm	3	2.3978952727983707	1.7075271753450296
P02794	esm	3	1.3862943611198906	1.224614693885652
P03950	esm	3	0.6931471805599453	0.9992530248257141
P04216	esm	3	0.6931471805599453	0.8672562640445675
P04217	esm	3	1.0986122886681096	1.0777195510125774
P04350	esm	3	1.6094379124341003	1.2538028172615467
P04626	esm	3	0.6931471805599453	0.6907445800397861
P04637	esm	3	2.3025850929940455	1.100463759999212
P05164	esm	3	0.6931471805599453	1.2572506508877055
P05166	esm	3	1.3862943611198906	2.1143846493993506
P05386	esm	3	1.0986122886681096	1.7204123972972662
P05388	esm	3	1.9459101490553132	2.1290846010693123
P05452	esm	3	1.791759469228055	0.8286902595599503
P05546	esm	3	1.3862943611198906	1.5983650971982386
P05937	esm	3	1.0986122886681096	1.4755420663406003
P06400	esm	3	2.6390573296152584	1.5669681433063285
P06702	esm	3	2.0794415416798357	1.545457826072857
P07099	esm	3	1.6094379124341003	1.6715267536137202
P07437	esm	3	1.9459101490553132	1.27702436067929
P07602	esm	3	1.9459101490553132	2.030928703551007
P07686	esm	3	1.791759469228055	1.3723091386452448
P07814	esm	3	3.9318256327243257	2.85461035760786
P07992	esm	3	1.0986122886681096	1.586700214788665
P08047	esm	3	1.6094379124341003	1.391736496681364
P08263	esm	3	0.6931471805599453	2.1458197587094374
P08473	esm	3	0.6931471805599453	1.855053233255913
P08621	esm	3	1.791759469228055	1.8560810343532181
P08670	esm	3	3.044522437723423	1.7955227643960412
P08758	esm	3	2.6390573296152584	2.130397915580807
P08962	esm	3	0.6931471805599453	1.1871291606916332
P09211	esm	3	2.3978952727983707	1.6620422457994417
P09234	esm	3	1.0986122886681096	1.4296446690099767
P09237	esm	3	1.0986122886681096	1.146299752865756
P09417	esm	3	1.6094379124341003	1.8427380557717465
P09525	esm	3	2.5649493574615367	2.5208860317067447
P09543	esm	3	3.1354942159291497	1.5388290472424577
P0C0L5	esm	3	0.6931471805599453	1.7505034082490638
P0C0S5	esm	3	1.9459101490553132	1.256357158486407
P0CB38	esm	3	0.6931471805599453	2.002973948390468
P0CG35	esm	3	1.3862943611198906	1.4678970478927584
P10124	esm	3	0.6931471805599453	0.8867558486664988
P10244	esm	3	1.791759469228055	1.3935694861036685
P11047	esm	3	3.1780538303479453	2.28057970438898
P11142	esm	3	3.5553480614894135	2.916760132016182
P11166	esm	3	0.6931471805599453	0.7894605444900709
P11277	esm	3	3.332204510175204	2.02099533128885
P11387	esm	3	3.0910424533583156	2.7879222983216607
P11532	esm	3	0.6931471805599453	2.0117033716968824
P12270	esm	3	4.23410650459726	2.2715783811742467
P12273	esm	3	1.791759469228055	1.110085510157325
P12757	esm	3	0.6931471805599453	1.2202753365312329
P12814	esm	3	3.044522437723423	2.328420886337495
P13010	esm	3	3.2188758248682006	2.037944442718212
P13284	esm	3	1.0986122886681096	0.7120162966785695
P13645	esm	3	1.791759469228055	1.8528212111813631
P13716	esm	3	1.0986122886681096	1.2265183812721672
P13805	esm	3	0.6931471805599453	1.8638814358318991
P14317	esm	3	2.0794415416798357	1.8345198758857455
P14543	esm	3	1.6094379124341003	1.5035689148711635
P14550	esm	3	2.6390573296152584	1.6423412782560962
P14635	esm	3	1.6094379124341003	1.6871653023812
P14678	esm	3	1.6094379124341003	1.902604058192595
P14868	esm	3	2.5649493574615367	2.3252957036074005
P15090	esm	3	2.197224577336219	1.758238982801316
P15170	esm	3	2.5649493574615367	2.202644252970365
P15259	esm	3	2.3978952727983707	2.289328177095538
P15311	esm	3	2.9444389791664403	2.1026644802760837
P15374	esm	3	1.0986122886681096	1.9705277011339322
P15428	esm	3	1.3862943611198906	1.7391906574414888
P15822	esm	3	1.3862943611198906	1.4295994409278845
P15924	esm	3	3.951243718581427	2.527110575758087
P15927	esm	3	1.3862943611198906	1.564580290365332
P15954	esm	3	1.0986122886681096	0.7170230969350715
P16083	esm	3	1.0986122886681096	1.4459690776143468
P16403	esm	3	2.6390573296152584	2.6735084553180375
P16591	esm	3	1.6094379124341003	1.562758198051433
P16930	esm	3	1.791759469228055	1.5949890296858404
P17020	esm	3	0.6931471805599453	1.0787815980276378
P17022	esm	3	1.0986122886681096	0.8757030766721177
P17026	esm	3	1.0986122886681096	0.9422613892477634
P17040	esm	3	0.6931471805599453	1.2727672322510197
P17066	esm	3	1.0986122886681096	2.3501482600776002
P17174	esm	3	2.0794415416798357	1.8260109862773495
P17661	esm	3	2.5649493574615367	1.893667731238253
P17900	esm	3	0.6931471805599453	1.2557807638964689
P18621	esm	3	2.70805020110221	1.811543944111348
P19174	esm	3	1.0986122886681096	1.2070945424211892
P19404	esm	3	1.9459101490553132	1.8014015510879038
P19419	esm	3	0.6931471805599453	1.127226770052844
P19447	esm	3	1.6094379124341003	1.8817023362432703
P19623	esm	3	1.3862943611198906	1.3043699780549445
P19652	esm	3	1.6094379124341003	1.3338411096937453
P19793	esm	3	0.6931471805599453	1.2276266566108376
P20132	esm	3	0.6931471805599453	1.3583524218494405
P20265	esm	3	0.6931471805599453	0.763715583432983
P20290	esm	3	1.6094379124341003	1.5158204789010645
P20618	esm	3	1.791759469228055	1.7276946744183876
P20674	esm	3	1.3862943611198906	1.615865586433278
P20774	esm	3	2.3978952727983707	1.8928572926442084
P20916	esm	3	0.6931471805599453	0.5325957880478028
P20933	esm	3	1.0986122886681096	1.0500407725584298
P20936	esm	3	0.6931471805599453	1.1783305732888236
P21675	esm	3	2.0794415416798357	1.6286892644096718
P21741	esm	3	0.6931471805599453	1.759692182296633
P21796	esm	3	2.833213344056216	2.5072648692773294
P21964	esm	3	1.6094379124341003	0.9484837470811405
P22102	esm	3	2.772588722239781	1.9407250323375178
P22392	esm	3	2.3025850929940455	1.7006114068070515
P22492	esm	3	0.6931471805599453	1.9300490393080527
P22626	esm	3	2.5649493574615367	2.410352384597787
P22695	esm	3	2.3978952727983707	3.0612391272621213
P22830	esm	3	1.6094379124341003	1.703474086553745
P23141	esm	3	1.791759469228055	1.7526997911180089
P23297	esm	3	0.6931471805599453	1.5137931763407233
P23381	esm	3	2.6390573296152584	2.5138913829199705
P23396	esm	3	2.6390573296152584	1.7698333266711166
P23527	esm	3	1.0986122886681096	1.662950194407968
P23528	esm	3	2.995732273553991	2.259249659753676
P25398	esm	3	2.197224577336219	2.1494957937946344
P25942	esm	3	0.6931471805599453	0.878137598062248
P26006	esm	3	1.3862943611198906	1.1330451354247821
P26232	esm	3	1.3862943611198906	2.0314458061044807
P26639	esm	3	3.1780538303479453	2.3979222234819986
P26640	esm	3	2.5649493574615367	1.8811533953337438
P27482	esm	3	1.0986122886681096	1.5864771638387063
P27708	esm	3	2.70805020110221	1.5490198838171358
P28290	esm	3	1.6094379124341003	0.7438246894734986
P28482	esm	3	1.0986122886681096	1.6549055387243086
P29728	esm	3	1.6094379124341003	1.4947685174300709
P29762	esm	3	0.6931471805599453	1.1950573714921386
P29803	esm	3	2.3025850929940455	2.1253434256071104
P29992	esm	3	1.0986122886681096	1.1192452016794538
P30040	esm	3	2.0794415416798357	2.320858584605029
P30049	esm	3	1.0986122886681096	1.8258381940438924
P30050	esm	3	2.0794415416798357	2.228869674630827
P30405	esm	3	2.0794415416798357	1.8182265871984054
P30622	esm	3	2.3978952727983707	2.691925486536345
P30876	esm	3	2.0794415416798357	2.108728135033905
P31321	esm	3	1.3862943611198906	1.3665427495497837
P31629	esm	3	0.6931471805599453	1.396539892730032
P31749	esm	3	1.3862943611198906	1.3255484617320654
P31751	esm	3	0.6931471805599453	1.0222402699384685
P31939	esm	3	2.70805020110221	2.476166535135307
P31942	esm	3	1.3862943611198906	2.2690926779879455
P32119	esm	3	2.197224577336219	2.501403251204775
P32121	esm	3	1.6094379124341003	1.2142047061617864
P32321	esm	3	1.0986122886681096	1.1532777640596388
P32322	esm	3	2.0794415416798357	1.7795416572169898
P32929	esm	3	1.9459101490553132	1.6658585091178728
P32969	esm	3	2.197224577336219	1.487934820621974
P33121	esm	3	2.6390573296152584	1.551416817309106
P33176	esm	3	3.4657359027997265	2.233495909775626
P33764	esm	3	0.6931471805599453	1.2933258536580132
P33981	esm	3	1.0986122886681096	1.4983011023847188
P34910	esm	3	0.6931471805599453	0.6603585883039136
P34913	esm	3	1.3862943611198906	1.4405149541292661
P34931	esm	3	1.9459101490553132	2.647967011793653
P35221	esm	3	3.044522437723423	2.129015053949816
P35227	esm	3	0.6931471805599453	1.111000640975292
P35241	esm	3	2.70805020110221	2.299785684293397
P35475	esm	3	0.6931471805599453	0.9450561940042317
P35527	esm	3	1.3862943611198906	1.9857103427197864
P35613	esm	3	1.0986122886681096	0.9103512006759833
P35637	esm	3	2.0794415416798357	2.23416224095531
P35658	esm	3	1.791759469228055	2.223849917834082
P35998	esm	3	2.70805020110221	2.0098364784841403
P36404	esm	3	1.0986122886681096	0.5001860506756705
P36507	esm	3	1.9459101490553132	1.366666156808312
P36543	esm	3	2.3025850929940455	2.166574986653168
P36776	esm	3	2.772588722239781	2.11699514260245
P36871	esm	3	2.6390573296152584	2.652896783907657
P36955	esm	3	1.9459101490553132	1.6705733409666743
P37198	esm	3	1.9459101490553132	2.256426581628306
P39748	esm	3	2.3978952727983707	2.2234128174089136
P39900	esm	3	1.3862943611198906	1.420955767435989
P40121	esm	3	1.791759469228055	1.7853706811610064
P40425	esm	3	0.6931471805599453	1.1924267047215087
P40426	esm	3	0.6931471805599453	1.2856220080950882
P40939	esm	3	3.8712010109078907	2.9419995405239234
P41182	esm	3	0.6931471805599453	0.7856989314068541
P41218	esm	3	2.3978952727983707	1.7619746974375632
P42166	esm	3	2.70805020110221	1.5386589168787914
P42226	esm	3	1.3862943611198906	1.3880974677463942
P42345	esm	3	1.6094379124341003	1.6125681085754748
P42765	esm	3	2.8903717578961645	2.5090764790212443
P43034	esm	3	2.3025850929940455	1.7924348827865213
P43121	esm	3	0.6931471805599453	1.1190956005003616
P45880	esm	3	2.197224577336219	2.2312577697629026
P45974	esm	3	2.4849066497880004	1.8400121366758357
P45983	esm	3	0.6931471805599453	1.4395001141487291
P46087	esm	3	2.772588722239781	1.8311096181554007
P46100	esm	3	2.833213344056216	2.180484003860167
P46108	esm	3	0.6931471805599453	0.8219848036865832
P46776	esm	3	1.9459101490553132	1.8718698563941998
P46778	esm	3	2.3025850929940455	2.282499603823227
P46782	esm	3	1.9459101490553132	1.7269634470991195
P46926	esm	3	1.9459101490553132	1.585830531651861
P46937	esm	3	1.6094379124341003	1.3551132726534318
P48059	esm	3	2.0794415416798357	1.8369981655189773
P48444	esm	3	3.044522437723423	1.799322436808441
P48594	esm	3	0.6931471805599453	2.221773115435948
P48643	esm	3	3.1780538303479453	2.509701530428275
P48739	esm	3	2.3978952727983707	1.7796384251663753
P49321	esm	3	3.0910424533583156	2.455773956470635
P49336	esm	3	0.6931471805599453	2.0457180181067933
P49356	esm	3	0.6931471805599453	1.0164716344136593
P49407	esm	3	1.6094379124341003	1.4692633907049488
P49411	esm	3	2.995732273553991	1.8333932732555025
P49418	esm	3	1.3862943611198906	1.6222995403497618
P49643	esm	3	0.6931471805599453	1.6099816068543056
P49720	esm	3	1.6094379124341003	2.1150885320866286
P49750	esm	3	2.6390573296152584	2.2600998218038026
P49840	esm	3	0.6931471805599453	1.3704487424955194
P49901	esm	3	1.3862943611198906	1.4279478975130468
P49903	esm	3	1.791759469228055	1.347444368294557
P49914	esm	3	1.3862943611198906	1.1958767948413684
P49916	esm	3	2.70805020110221	2.009983847351111
P50135	esm	3	1.3862943611198906	1.6239757743884853
P50502	esm	3	2.4849066497880004	2.0175883507563936
P50548	esm	3	1.0986122886681096	1.0758329818761456
P50552	esm	3	1.6094379124341003	1.2830091498278309
P50583	esm	3	1.0986122886681096	1.1342002192127203
P50990	esm	3	3.0910424533583156	2.4634656463825175
P50995	esm	3	2.3978952727983707	1.9813753280210205
P51114	esm	3	1.6094379124341003	1.730555832548379
P51148	esm	3	1.6094379124341003	1.157758327354674
P51151	esm	3	0.6931471805599453	0.9678026267366644
P51157	esm	3	0.6931471805599453	0.94594139076406
P51570	esm	3	0.6931471805599453	1.4215997292601856
P51648	esm	3	1.0986122886681096	1.7761061454458837
P51857	esm	3	0.6931471805599453	1.498741144588542
P51858	esm	3	2.772588722239781	1.9481018246571367
P51948	esm	3	1.0986122886681096	1.3404787586588514
P51965	esm	3	1.0986122886681096	1.288825615941284
P52566	esm	3	2.833213344056216	1.7811527223031498
P52594	esm	3	2.197224577336219	1.6221705214219755
P52735	esm	3	2.4849066497880004	1.5744323210215792
P52758	esm	3	1.791759469228055	1.1063309637126562
P52907	esm	3	1.791759469228055	1.9806023694550545
P52948	esm	3	2.4849066497880004	1.7206965874466837
P53609	esm	3	0.6931471805599453	1.0934617274562863
P53675	esm	3	1.0986122886681096	1.9307714206495574
P54107	esm	3	0.6931471805599453	0.5368808030586592
P54278	esm	3	1.791759469228055	1.8352646392883538
P54296	esm	3	1.0986122886681096	2.0591595396563465
P54727	esm	3	2.5649493574615367	1.7050265556498645
P55001	esm	3	0.6931471805599453	0.713529284856912
P55008	esm	3	1.3862943611198906	1.396137506837466
P55010	esm	3	2.0794415416798357	2.1040981492852238
P55039	esm	3	1.6094379124341003	1.4507721576558965
P55081	esm	3	2.0794415416798357	2.0650427834953478
P55211	esm	3	1.0986122886681096	0.6974490185637239
P55265	esm	3	3.0910424533583156	1.271328222495923
P55327	esm	3	2.3025850929940455	1.3729557702821658
P55786	esm	3	2.995732273553991	2.1409417047386907
P55884	esm	3	2.995732273553991	1.7444828274998443
P56182	esm	3	1.3862943611198906	1.6356081862574987
P56199	esm	3	1.0986122886681096	1.4429650155755083
P56277	esm	3	1.0986122886681096	1.2180553208688274
P56589	esm	3	1.0986122886681096	1.299947879195928
P57081	esm	3	1.0986122886681096	1.1382377885526342
P57088	esm	3	0.6931471805599453	0.5154284914004511
P57730	esm	3	0.6931471805599453	1.0970425912709625
P57772	esm	3	1.9459101490553132	1.5594649999381889
P58107	esm	3	2.772588722239781	2.230372416900783
P58876	esm	3	1.791759469228055	1.7122742531829913
P60484	esm	3	1.3862943611198906	1.051073494515995
P60510	esm	3	0.6931471805599453	1.3690320571646737
P60520	esm	3	1.6094379124341003	1.0792254437206301
P60981	esm	3	2.4849066497880004	1.7515300915862198
P60983	esm	3	1.6094379124341003	2.147604509126519
P61011	esm	3	2.3025850929940455	2.3578944705408347
P61086	esm	3	1.0986122886681096	1.431000257025233
P61088	esm	3	1.791759469228055	1.247746766002824
P61201	esm	3	2.3978952727983707	1.9926213483319852
P61244	esm	3	0.6931471805599453	0.9685239436142128
P61266	esm	3	1.6094379124341003	1.3263051652173616
P61326	esm	3	1.3862943611198906	1.117871497072249
P61353	esm	3	2.0794415416798357	2.4670592808776313
P61513	esm	3	1.0986122886681096	2.0953687382275046
P61758	esm	3	1.9459101490553132	1.5576478422064686
P61769	esm	3	0.6931471805599453	1.9606052889263434
P61964	esm	3	2.3978952727983707	1.6302346446326124
P61966	esm	3	0.6931471805599453	1.1217487896309926
P62140	esm	3	1.9459101490553132	1.4632874735107315
P62244	esm	3	1.9459101490553132	2.044880160273614
P62277	esm	3	1.9459101490553132	1.5771672864190465
P62280	esm	3	2.5649493574615367	1.6191451082871096
P62306	esm	3	0.6931471805599453	1.3375265686793745
P62330	esm	3	1.6094379124341003	1.1364711032362529
P62487	esm	3	1.0986122886681096	1.4416928793419128
P62847	esm	3	2.3025850929940455	1.9739720011504365
P62899	esm	3	1.791759469228055	1.8191568803873694
P62987	esm	3	1.6094379124341003	1.6145004318711575
P63000	esm	3	1.9459101490553132	1.1302939335875464
P63104	esm	3	2.6390573296152584	2.139157806481368
P63151	esm	3	2.3025850929940455	1.471610525549751
P63162	esm	3	0.6931471805599453	1.8090675426228013
P63208	esm	3	1.6094379124341003	1.9201246853405007
P63313	esm	3	1.9459101490553132	1.7175493727244875
P67809	esm	3	1.791759469228055	2.308494914980015
P67812	esm	3	1.0986122886681096	0.551670760881808
P68032	esm	3	1.6094379124341003	1.4102205824632938
P68133	esm	3	1.0986122886681096	1.4343396456945308
P68363	esm	3	2.6390573296152584	1.388940841064352
P68871	esm	3	2.197224577336219	2.1809747533769737
P78312	esm	3	0.6931471805599453	1.0782327228232311
P78314	esm	3	0.6931471805599453	0.7541994852989835
P78352	esm	3	1.3862943611198906	1.4886453020396133
P78356	esm	3	1.9459101490553132	1.3413199215922385
P78411	esm	3	0.6931471805599453	1.2177988018602495
P78559	esm	3	2.0794415416798357	1.8284837709299027
P80297	esm	3	1.3862943611198906	1.1535375809552089
P80303	esm	3	1.791759469228055	2.117694355816093
P80404	esm	3	2.4849066497880004	1.960614776020388
P80511	esm	3	1.6094379124341003	1.2886490616763697
P81605	esm	3	1.9459101490553132	1.06965099138572
P84095	esm	3	1.3862943611198906	0.7175446075321384
P85037	esm	3	1.3862943611198906	1.1310230823685496
P98088	esm	3	1.3862943611198906	1.308651433206018
P98175	esm	3	2.0794415416798357	1.4164595088675407
Q00013	esm	3	1.6094379124341003	1.38797454879722
Q00169	esm	3	2.3978952727983707	1.8611093583696816
Q00325	esm	3	2.4849066497880004	1.6446483966447858
Q00403	esm	3	0.6931471805599453	1.5091629124495798
Q00535	esm	3	1.791759469228055	1.4190698840827365
Q00613	esm	3	1.3862943611198906	1.0096141159595806
Q00839	esm	3	3.6109179126442243	2.359459083854428
Q01082	esm	3	4.07753744390572	2.2332741855606972
Q01105	esm	3	2.4849066497880004	2.1850908280899106
Q01167	esm	3	1.6094379124341003	1.3515890198845315
Q01543	esm	3	1.0986122886681096	1.0094355937417683
Q01814	esm	3	1.6094379124341003	1.8042963369393363
Q02078	esm	3	1.3862943611198906	1.4734189323352234
Q02224	esm	3	0.6931471805599453	2.0476550576796115
Q02241	esm	3	0.6931471805599453	1.6009143541034039
Q02978	esm	3	1.3862943611198906	1.4466408841570852
Q03135	esm	3	1.3862943611198906	1.0931051109457897
Q03169	esm	3	0.6931471805599453	1.1774344445654792
Q03188	esm	3	0.6931471805599453	1.378286139102816
Q04726	esm	3	2.3978952727983707	1.8626452245042373
Q04741	esm	3	0.6931471805599453	0.685970499361389
Q04917	esm	3	2.197224577336219	2.0003054205649824
Q05086	esm	3	1.9459101490553132	1.695262605617655
Q05209	esm	3	1.0986122886681096	1.1592175563909817
Q05639	esm	3	2.197224577336219	2.622885392407965
Q07666	esm	3	2.4849066497880004	1.7177023552669615
Q07864	esm	3	0.6931471805599453	1.6360551661895528
Q07890	esm	3	0.6931471805599453	1.2853663768647166
Q07960	esm	3	1.791759469228055	0.794707868723048
Q08426	esm	3	3.044522437723423	2.2356880021589545
Q08AM6	esm	3	1.0986122886681096	1.1855479082541598
Q08J23	esm	3	2.772588722239781	1.6903272096114188
Q10567	esm	3	2.197224577336219	1.9222984181643685
Q12772	esm	3	0.6931471805599453	1.1136614613136417
Q12874	esm	3	2.3978952727983707	1.687302585147931
Q12907	esm	3	0.6931471805599453	1.4372280330951976
Q12929	esm	3	0.6931471805599453	1.2438209063371206
Q12968	esm	3	1.0986122886681096	1.0092019074282683
Q12972	esm	3	1.6094379124341003	1.5285126884032385
Q12996	esm	3	2.197224577336219	2.255202123704538
Q13085	esm	3	2.9444389791664403	1.7137225853139215
Q13098	esm	3	2.0794415416798357	1.5849369711189152
Q13118	esm	3	0.6931471805599453	1.1217822560033692
Q13136	esm	3	0.6931471805599453	1.0502059066394243
Q13137	esm	3	0.6931471805599453	1.1345464050639664
Q13162	esm	3	1.791759469228055	1.6134577118350406
Q13163	esm	3	0.6931471805599453	0.8621625269910655
Q13177	esm	3	2.6390573296152584	1.4821904745867525
Q13190	esm	3	0.6931471805599453	0.7604859282848873
Q13237	esm	3	0.6931471805599453	1.4303536906913052
Q13283	esm	3	1.9459101490553132	1.8862588808248875
Q13287	esm	3	1.0986122886681096	1.7941239323984257
Q13296	esm	3	0.6931471805599453	0.9252586880044398
Q13310	esm	3	2.4849066497880004	1.95714187747733
Q13315	esm	3	1.791759469228055	1.4239907473481586
Q13409	esm	3	1.3862943611198906	1.6425867452605383
Q13439	esm	3	1.9459101490553132	2.159507353086064
Q13485	esm	3	1.9459101490553132	0.933733160987779
Q13501	esm	3	0.6931471805599453	0.8249049318418646
Q13596	esm	3	1.6094379124341003	1.2942112508738186
Q13617	esm	3	2.3978952727983707	2.0637062445616348
Q13825	esm	3	2.3025850929940455	1.8594710063818323
Q13868	esm	3	1.6094379124341003	1.342601433888809
Q13888	esm	3	0.6931471805599453	1.2117991231572118
Q13907	esm	3	1.791759469228055	1.2810838887921345
Q13950	esm	3	1.0986122886681096	1.161617974103663
Q13952	esm	3	0.6931471805599453	1.3021891408532733
Q14088	esm	3	0.6931471805599453	0.7603776858794535
Q14103	esm	3	2.995732273553991	2.3748040114331026
Q14145	esm	3	0.6931471805599453	0.4777885978240983
Q14160	esm	3	1.6094379124341003	0.9681089604886001
Q14181	esm	3	1.0986122886681096	1.4902313524869428
Q14202	esm	3	2.197224577336219	1.687122359593558
Q14207	esm	3	3.332204510175204	1.5340018623073224
Q14232	esm	3	1.3862943611198906	1.6893954505340545
Q14416	esm	3	0.6931471805599453	0.8974471128034147
Q14444	esm	3	1.9459101490553132	2.0060874580595396
Q14451	esm	3	1.0986122886681096	0.29467018029434233
Q14517	esm	3	1.0986122886681096	1.223380344116574
Q14573	esm	3	2.3025850929940455	1.4864939186032586
Q14651	esm	3	1.3862943611198906	2.560299342721084
Q14680	esm	3	0.6931471805599453	0.88242488868128
Q14681	esm	3	0.6931471805599453	0.7876545243324788
Q14693	esm	3	0.6931471805599453	1.2212036232098833
Q14697	esm	3	2.0794415416798357	1.3184081537612493
Q14839	esm	3	3.1354942159291497	1.9476414130497246
Q14847	esm	3	2.5649493574615367	1.7737017088425264
Q14865	esm	3	1.0986122886681096	1.8825548063482829
Q14914	esm	3	2.197224577336219	2.425877477307284
Q14974	esm	3	2.6390573296152584	2.3377977040272433
Q14978	esm	3	3.5553480614894135	2.74506688875626
Q14BN4	esm	3	1.3862943611198906	1.518498651780673
Q14CX7	esm	3	2.3025850929940455	1.9657189179219348
Q15018	esm	3	1.0986122886681096	1.1490518113497687
Q15025	esm	3	0.6931471805599453	1.154861874258365
Q15032	esm	3	0.6931471805599453	0.7547984274813193
Q15047	esm	3	1.0986122886681096	1.342364875860826
Q15052	esm	3	0.6931471805599453	0.9916695067770624
Q15056	esm	3	1.6094379124341003	1.9013511207504155
Q15120	esm	3	1.791759469228055	1.7788280586456064
Q15124	esm	3	2.0794415416798357	1.9346445442694353
Q15166	esm	3	1.0986122886681096	0.9671062838694522
Q15181	esm	3	2.833213344056216	1.8029922604038022
Q15269	esm	3	1.0986122886681096	1.6115368219138106
Q15291	esm	3	2.0794415416798357	1.525671964617658
Q15392	esm	3	1.3862943611198906	1.1924359539353355
Q15397	esm	3	2.0794415416798357	2.7507888837858463
Q15434	esm	3	1.0986122886681096	1.1313078093224183
Q15437	esm	3	1.3862943611198906	1.60544822138631
Q15477	esm	3	1.791759469228055	1.4628536240580268
Q15527	esm	3	1.3862943611198906	0.9784788402223057
Q15532	esm	3	0.6931471805599453	1.7072363064148677
Q15645	esm	3	0.6931471805599453	1.209229047205128
Q15661	esm	3	1.6094379124341003	0.6672824741866537
Q15697	esm	3	0.6931471805599453	1.0495043936554187
Q15742	esm	3	1.6094379124341003	0.8971492934997699
Q15785	esm	3	2.0794415416798357	1.7187919052523415
Q15937	esm	3	1.0986122886681096	0.923785186893948
Q16204	esm	3	1.9459101490553132	1.091659357095101
Q16514	esm	3	1.0986122886681096	1.4768201440117232
Q16543	esm	3	2.772588722239781	1.9268695766703283
Q16595	esm	3	1.0986122886681096	1.1017190574106734
Q16629	esm	3	1.3862943611198906	1.615291996526126
Q16650	esm	3	1.0986122886681096	1.0676922246077771
Q16666	esm	3	3.2188758248682006	1.9404265908185803
Q16798	esm	3	1.9459101490553132	1.866885669628068
Q16850	esm	3	0.6931471805599453	1.9284406123112467
Q16853	esm	3	1.6094379124341003	0.722719015301448
Q17R89	esm	3	0.6931471805599453	1.1251318484185313
Q1KMD3	esm	3	2.5649493574615367	1.988586036803707
Q27J81	esm	3	1.6094379124341003	1.1711709612203056
Q32P28	esm	3	1.0986122886681096	0.7143208643872148
Q38SD2	esm	3	0.6931471805599453	1.1872402412188825
Q3MHD2	esm	3	1.9459101490553132	1.0665033613225527
Q460N5	esm	3	1.3862943611198906	1.6903335048916692
Q49AR2	esm	3	1.0986122886681096	0.9319641177498921
Q4G0N4	esm	3	2.197224577336219	0.9033219212423534
Q4V328	esm	3	1.3862943611198906	1.5737323058630492
Q4VC31	esm	3	1.6094379124341003	1.3206046419909838
Q52LJ0	esm	3	1.3862943611198906	1.3847694049594848
Q53FA7	esm	3	2.0794415416798357	1.8574816403060779
Q53GS7	esm	3	1.0986122886681096	1.3642293285081664
Q53LP3	esm	3	0.6931471805599453	0.7466854116797607
Q53QZ3	esm	3	0.6931471805599453	0.6174358331212096
Q56VL3	esm	3	1.6094379124341003	0.5919448351933407
Q5BJF6	esm	3	1.791759469228055	1.723555001133785
Q5C9Z4	esm	3	1.0986122886681096	1.6410000205369843
Q5DX21	esm	3	0.6931471805599453	0.6887664042237658
Q5FVE4	esm	3	0.6931471805599453	1.8032890570534483
Q5FWF5	esm	3	1.6094379124341003	1.6393710974023998
Q5H9M0	esm	3	0.6931471805599453	1.2152188485112947
Q5H9R7	esm	3	1.791759469228055	1.33974963304952
Q5HYI8	esm	3	1.0986122886681096	1.1077335613285362
Q5HYJ3	esm	3	0.6931471805599453	1.5074965115589511
Q5HYW2	esm	3	0.6931471805599453	0.803576161222751
Q5JPB2	esm	3	0.6931471805599453	1.2801539341401014
Q5JSL3	esm	3	0.6931471805599453	1.473329954961912
Q5JTD0	esm	3	0.6931471805599453	0.9275951169015323
Q5JU00	esm	3	0.6931471805599453	1.222081564473905
Q5M9N0	esm	3	1.0986122886681096	1.5531332960889335
Q5MCW4	esm	3	1.0986122886681096	1.028564412148723
Q5MNZ9	esm	3	1.3862943611198906	0.9004647021684145
Q5RL73	esm	3	0.6931471805599453	0.9238260016168653
Q5T1V6	esm	3	1.791759469228055	1.4532001179921323
Q5T4S7	esm	3	2.8903717578961645	1.5369285617442556
Q5TCQ9	esm	3	1.6094379124341003	1.284408573619031
Q5TCZ1	esm	3	0.6931471805599453	1.1267172998992676
Q5TFE4	esm	3	1.3862943611198906	1.3543397374976784
Q5TH69	esm	3	0.6931471805599453	0.9056638663019944
Q5TKA1	esm	3	0.6931471805599453	1.3448611678323341
Q5VTL8	esm	3	1.9459101490553132	2.111923632191084
Q5VW32	esm	3	2.3978952727983707	2.0502259835616172
Q5VWQ8	esm	3	0.6931471805599453	0.9898964768642298
Q5W0B1	esm	3	1.791759469228055	1.2109311244285266
Q5W0Q7	esm	3	1.3862943611198906	1.3161596729380853
Q66K64	esm	3	0.6931471805599453	0.6708510143283133
Q66K74	esm	3	0.6931471805599453	1.2036314397220387
Q68CP9	esm	3	1.791759469228055	1.5689413719119252
Q68D10	esm	3	1.9459101490553132	2.0677923261486133
Q68E01	esm	3	1.3862943611198906	1.6200719535765764
Q6AI39	esm	3	1.6094379124341003	1.4494652487218809
Q6BCY4	esm	3	1.0986122886681096	1.5194607185702294
Q6DD87	esm	3	1.3862943611198906	1.0413142529007176
Q6GMV2	esm	3	1.3862943611198906	0.7839564890287138
Q6GMV3	esm	3	1.0986122886681096	0.3823809110161265
Q6IN85	esm	3	1.791759469228055	1.4096906344762408
Q6N021	esm	3	1.3862943611198906	1.6367972109372397
Q6NVY1	esm	3	2.6390573296152584	2.1169281136785925
Q6NW29	esm	3	1.0986122886681096	0.9749803772783009
Q6NZI2	esm	3	2.833213344056216	1.355122536053917
Q6P1A2	esm	3	0.6931471805599453	1.0155061531236682
Q6P1N0	esm	3	1.6094379124341003	1.7112092348699055
Q6P2P2	esm	3	0.6931471805599453	1.2720467449066613
Q6P4A7	esm	3	0.6931471805599453	0.8466764391165071
Q6P4A8	esm	3	1.0986122886681096	1.2160644367163433
Q6P4Q7	esm	3	1.0986122886681096	0.791351187336794
Q6P587	esm	3	1.6094379124341003	1.4721795420849124
Q6PJT7	esm	3	2.772588722239781	1.6037505607444158
Q6PL18	esm	3	1.9459101490553132	1.5605119556260534
Q6PML9	esm	3	0.6931471805599453	1.1096681014171623
Q6Q0C0	esm	3	0.6931471805599453	1.2654216056083303
Q6UVJ0	esm	3	1.0986122886681096	1.4557007457513382
Q6UWZ7	esm	3	1.0986122886681096	1.3299153925820093
Q6UXH8	esm	3	0.6931471805599453	0.78390828813625
Q6W2J9	esm	3	2.772588722239781	1.7155568357818798
Q6WCQ1	esm	3	1.791759469228055	1.169693387335209
Q6WKZ4	esm	3	0.6931471805599453	1.2942770750058783
Q6Y2X3	esm	3	0.6931471805599453	0.7687893422151888
Q6ZMG9	esm	3	0.6931471805599453	0.723582373858586
Q6ZMI0	esm	3	1.3862943611198906	1.3337723076909478
Q6ZMP0	esm	3	1.0986122886681096	0.9764444453725509
Q6ZMW3	esm	3	0.6931471805599453	1.8982157222023985
Q6ZRS2	esm	3	1.3862943611198906	1.5939002788930987
Q6ZS81	esm	3	1.0986122886681096	0.9240088800789898
Q70CQ2	esm	3	1.6094379124341003	1.3733830874695965
Q70EK9	esm	3	0.6931471805599453	0.8772457089394851
Q71F23	esm	3	1.3862943611198906	1.2195960642927821
Q71SY5	esm	3	1.0986122886681096	1.54099065493119
Q76L83	esm	3	1.791759469228055	1.8468504421601226
Q7KZF4	esm	3	2.4849066497880004	2.5318725087451464
Q7KZI7	esm	3	0.6931471805599453	1.4251093550523246
Q7L099	esm	3	1.6094379124341003	1.2503112724654923
Q7L0J3	esm	3	0.6931471805599453	0.6159165497329253
Q7L1W4	esm	3	1.3862943611198906	1.2100432051845267
Q7L4P6	esm	3	0.6931471805599453	0.8886841815265478
Q7L5N1	esm	3	1.9459101490553132	1.9558070556431373
Q7Z2K6	esm	3	0.6931471805599453	1.1688655563329915
Q7Z2W4	esm	3	1.6094379124341003	1.1209278433187135
Q7Z2Z1	esm	3	1.791759469228055	1.5356784848083507
Q7Z309	esm	3	1.0986122886681096	1.2177588112364497
Q7Z3B4	esm	3	0.6931471805599453	1.7849083988927559
Q7Z422	esm	3	1.0986122886681096	0.9950848371256843
Q7Z4H3	esm	3	0.6931471805599453	1.7113981418359834
Q7Z4Q2	esm	3	1.0986122886681096	1.3575255862055235
Q7Z589	esm	3	1.6094379124341003	2.1954851939652995
Q7Z5R6	esm	3	0.6931471805599453	1.1410575399040548
Q7Z6I8	esm	3	1.3862943611198906	1.0143844339880579
Q7Z6K5	esm	3	1.3862943611198906	2.1362915733694368
Q7Z6R9	esm	3	1.0986122886681096	0.9573342709903929
Q7Z6Z7	esm	3	2.8903717578961645	1.533084615894352
Q86SE5	esm	3	1.6094379124341003	1.4191401003083324
Q86SF2	esm	3	1.0986122886681096	1.804761349790539
Q86T82	esm	3	1.3862943611198906	1.604597589647737
Q86U38	esm	3	0.6931471805599453	1.1563669164663581
Q86U42	esm	3	1.0986122886681096	1.0757879962060186
Q86U86	esm	3	2.4849066497880004	1.9791422518161275
Q86VP1	esm	3	0.6931471805599453	1.3937592565701977
Q86VQ3	esm	3	1.0986122886681096	1.7101967919889143
Q86VV8	esm	3	0.6931471805599453	1.002791846855603
Q86WR0	esm	3	1.6094379124341003	1.5403871467484365
Q86WZ6	esm	3	0.6931471805599453	1.0490246110248447
Q86X76	esm	3	0.6931471805599453	1.0092645167301844
Q86XE5	esm	3	0.6931471805599453	1.110500140794448
Q86XL3	esm	3	0.6931471805599453	1.2300377693655613
Q86XP3	esm	3	2.6390573296152584	2.315989586992356
Q86YC2	esm	3	0.6931471805599453	1.1820043733654515
Q86YT6	esm	3	0.6931471805599453	1.6781449899398186
Q8IU81	esm	3	1.0986122886681096	1.275568923269033
Q8IUF8	esm	3	1.6094379124341003	1.2921858749747972
Q8IUI8	esm	3	0.6931471805599453	1.3895705913851781
Q8IUX7	esm	3	1.791759469228055	1.4004071175312585
Q8IV08	esm	3	0.6931471805599453	0.8879140119989831
Q8IV38	esm	3	0.6931471805599453	1.5625033762338356
Q8IV63	esm	3	1.0986122886681096	1.374276584342137
Q8IW45	esm	3	0.6931471805599453	1.4822818586870488
Q8IWR0	esm	3	1.3862943611198906	1.2296190786554744
Q8IWR1	esm	3	0.6931471805599453	0.8236806503059846
Q8IWS0	esm	3	2.6390573296152584	1.8123033019669774
Q8IWX8	esm	3	2.0794415416798357	1.8188337952760145
Q8IWZ8	esm	3	1.791759469228055	2.147460707525624
Q8IX12	esm	3	2.3978952727983707	1.9520756531536319
Q8IXK0	esm	3	1.0986122886681096	1.275808100555611
Q8IXM2	esm	3	1.791759469228055	2.043975214567654
Q8IXQ3	esm	3	0.6931471805599453	0.9670210011606135
Q8IXQ4	esm	3	1.3862943611198906	1.85448368119711
Q8IXQ6	esm	3	0.6931471805599453	1.1665423532593713
Q8IY17	esm	3	0.6931471805599453	0.730224780584248
Q8IY21	esm	3	1.3862943611198906	1.4738202041052517
Q8IYB3	esm	3	2.3978952727983707	2.3096658905406864
Q8IYB5	esm	3	1.791759469228055	1.4425340512753428
Q8IYB8	esm	3	2.4849066497880004	1.8991367542946824
Q8IYM9	esm	3	0.6931471805599453	0.9020015007739044
Q8IYT2	esm	3	1.0986122886681096	1.0354282322450006
Q8IYW5	esm	3	0.6931471805599453	1.210740318343335
Q8IZM8	esm	3	0.6931471805599453	1.0656870603981627
Q8IZV5	esm	3	0.6931471805599453	0.798025188173596
Q8N0U7	esm	3	1.3862943611198906	0.9243466071962629
Q8N126	esm	3	1.0986122886681096	1.00970927943749
Q8N163	esm	3	2.5649493574615367	1.4230186352114136
Q8N335	esm	3	1.6094379124341003	2.2066259849174408
Q8N3F0	esm	3	0.6931471805599453	0.8419654736940844
Q8N3L3	esm	3	0.6931471805599453	1.4977322881156199
Q8N4L2	esm	3	0.6931471805599453	0.1636434847660222
Q8N4P3	esm	3	1.791759469228055	1.2894655789913254
Q8N5M4	esm	3	0.6931471805599453	0.9924927248425679
Q8N5P1	esm	3	0.6931471805599453	1.6745397097587245
Q8N5X7	esm	3	0.6931471805599453	1.1329283657939766
Q8N684	esm	3	1.0986122886681096	1.3514311879765426
Q8N6N3	esm	3	1.6094379124341003	1.4640052559350765
Q8N7H5	esm	3	2.3978952727983707	1.704863177025332
Q8N7U6	esm	3	1.0986122886681096	1.2276837427279603
Q8N806	esm	3	1.6094379124341003	1.369362034718432
Q8N8A2	esm	3	1.0986122886681096	1.6747444521379455
Q8NAV1	esm	3	0.6931471805599453	1.6937507750147494
Q8NB50	esm	3	2.0794415416798357	1.3594654740417278
Q8NB78	esm	3	1.0986122886681096	1.5341830821049898
Q8NCE0	esm	3	0.6931471805599453	0.8001115829228814
Q8NCM8	esm	3	0.6931471805599453	1.969852456163432
Q8ND56	esm	3	1.6094379124341003	1.7402025772919612
Q8ND82	esm	3	1.6094379124341003	1.277203971443881
Q8NDM7	esm	3	0.6931471805599453	1.1899107039884464
Q8NDV3	esm	3	1.0986122886681096	2.1085694589083137
Q8NDX6	esm	3	1.9459101490553132	0.6923034011397501
Q8NE86	esm	3	1.9459101490553132	1.2138226245038695
Q8NEF9	esm	3	1.3862943611198906	1.3532977276028002
Q8NEP3	esm	3	0.6931471805599453	1.2721364786676315
Q8NES3	esm	3	0.6931471805599453	0.7774948360087125
Q8NEY1	esm	3	0.6931471805599453	1.3215321399968034
Q8NF64	esm	3	0.6931471805599453	1.3898795918424134
Q8NFJ5	esm	3	0.6931471805599453	0.7336729711455623
Q8NFU3	esm	3	0.6931471805599453	1.3253050915694486
Q8NFU7	esm	3	1.0986122886681096	1.4033098436038793
Q8NFX7	esm	3	1.6094379124341003	1.2592255081820276
Q8NG31	esm	3	2.8903717578961645	1.6236127553329383
Q8NHY0	esm	3	0.6931471805599453	0.852941229092569
Q8NHZ8	esm	3	0.6931471805599453	1.2895893931068751
Q8NI27	esm	3	2.8903717578961645	2.113279672806048
Q8TAA9	esm	3	0.6931471805599453	0.5057514866740143
Q8TAD8	esm	3	1.3862943611198906	1.526040768320111
Q8TAF3	esm	3	1.791759469228055	1.632780311826434
Q8TB36	esm	3	1.791759469228055	1.0413214755417823
Q8TB45	esm	3	0.6931471805599453	1.0025039461915177
Q8TBC4	esm	3	1.6094379124341003	1.8398850776175935
Q8TBG4	esm	3	0.6931471805599453	1.7247564689438715
Q8TBM8	esm	3	0.6931471805599453	1.5627155340752135
Q8TBY8	esm	3	0.6931471805599453	1.224963836436667
Q8TCN5	esm	3	1.0986122886681096	1.1072659594569085
Q8TD19	esm	3	2.197224577336219	1.207334669888978
Q8TDX7	esm	3	1.3862943611198906	1.3713436681702942
Q8TF01	esm	3	1.791759469228055	1.8212462926429827
Q8TF46	esm	3	0.6931471805599453	1.4983025392045153
Q8TF74	esm	3	1.0986122886681096	1.176563841171821
Q8WTV0	esm	3	0.6931471805599453	0.8713058741870721
Q8WTW3	esm	3	0.6931471805599453	1.1753411260726199
Q8WU79	esm	3	0.6931471805599453	1.3495296639158418
Q8WUQ7	esm	3	1.0986122886681096	1.4696346327542782
Q8WUW1	esm	3	0.6931471805599453	0.8801334898359989
Q8WV60	esm	3	0.6931471805599453	1.4355916505420208
Q8WV93	esm	3	0.6931471805599453	1.6596001068736883
Q8WVC6	esm	3	1.0986122886681096	1.0294966395041594
Q8WVJ9	esm	3	0.6931471805599453	0.115656477675814
Q8WVM0	esm	3	0.6931471805599453	1.7689221939705422
Q8WVV9	esm	3	1.791759469228055	1.4937750066485198
Q8WW12	esm	3	2.772588722239781	1.9771807777898434
Q8WWI5	esm	3	0.6931471805599453	0.691771844073356
Q8WWK9	esm	3	2.4849066497880004	1.3692183049119135
Q8WWY3	esm	3	2.0794415416798357	1.8996101641500922
Q8WX93	esm	3	1.9459101490553132	1.1489804606282639
Q8WXA9	esm	3	0.6931471805599453	2.160229578144829
Q8WXD2	esm	3	0.6931471805599453	2.3000219431381144
Q8WXD9	esm	3	0.6931471805599453	1.1162025504580326
Q8WXE0	esm	3	0.6931471805599453	0.7379417844233476
Q8WY91	esm	3	1.3862943611198906	1.5605424684166325
Q8WYB5	esm	3	3.1780538303479453	1.5126107617775268
Q8WYP5	esm	3	2.4849066497880004	1.607116506546489
Q92499	esm	3	3.1354942159291497	2.1933121126096644
Q92506	esm	3	0.6931471805599453	1.215969229169327
Q92520	esm	3	1.3862943611198906	1.6877270160111146
Q92564	esm	3	0.6931471805599453	1.5229663474013517
Q92597	esm	3	1.0986122886681096	1.2484606510138252
Q92598	esm	3	3.332204510175204	2.2046558512857795
Q92599	esm	3	1.791759469228055	1.4652739416754923
Q92600	esm	3	1.3862943611198906	0.9184861645061291
Q92604	esm	3	0.6931471805599453	1.0127239340379024
Q92734	esm	3	1.6094379124341003	1.2490228976723983
Q92747	esm	3	1.6094379124341003	1.5544598303697434
Q92752	esm	3	0.6931471805599453	1.7258502925637915
Q92783	esm	3	1.6094379124341003	1.481844675491705
Q92786	esm	3	0.6931471805599453	1.1429415303722763
Q92793	esm	3	3.9318256327243257	2.015278107136461
Q92794	esm	3	2.8903717578961645	1.5131675778790945
Q92900	esm	3	2.772588722239781	1.6215436501524705
Q92901	esm	3	0.6931471805599453	2.026001574473936
Q92925	esm	3	1.791759469228055	1.5929894743503377
Q92934	esm	3	1.0986122886681096	0.1786402327022396
Q92945	esm	3	2.8903717578961645	2.0188305881862614
Q92979	esm	3	1.791759469228055	1.2402103598969167
Q93062	esm	3	1.0986122886681096	0.9621088824349916
Q93099	esm	3	0.6931471805599453	1.6816687503019203
Q969E4	esm	3	1.791759469228055	1.3347938462637285
Q969I3	esm	3	1.3862943611198906	1.0151164728570243
Q969T7	esm	3	0.6931471805599453	1.2283037351051898
Q96A05	esm	3	0.6931471805599453	1.4913000039389905
Q96A19	esm	3	1.3862943611198906	1.361153746635406
Q96A26	esm	3	1.0986122886681096	0.8494885360268281
Q96AE4	esm	3	2.8903717578961645	2.086536007361361
Q96AP4	esm	3	0.6931471805599453	0.8884865480678539
Q96AY4	esm	3	1.0986122886681096	1.0744773905884886
Q96AZ6	esm	3	0.6931471805599453	0.6054552135780586
Q96BK5	esm	3	0.6931471805599453	1.9560149947085028
Q96BN8	esm	3	1.791759469228055	1.125112860087639
Q96BW5	esm	3	1.0986122886681096	1.2936647209324
Q96CB9	esm	3	0.6931471805599453	0.790900606131356
Q96CP2	esm	3	1.791759469228055	1.332154902825576
Q96CX3	esm	3	0.6931471805599453	0.9261847304294343
Q96D71	esm	3	1.0986122886681096	1.1526566011535917
Q96DF8	esm	3	1.791759469228055	1.558989925526839
Q96EB6	esm	3	1.6094379124341003	1.0180653113776224
Q96FK6	esm	3	0.6931471805599453	1.3340106705571215
Q96FV9	esm	3	1.791759469228055	1.70625849959722
Q96FX7	esm	3	0.6931471805599453	0.8757411680673509
Q96G74	esm	3	0.6931471805599453	1.0603875071476125
Q96GM8	esm	3	1.0986122886681096	1.0783338004339933
Q96GQ5	esm	3	0.6931471805599453	0.9131163974387546
Q96GW7	esm	3	0.6931471805599453	0.8302381694627126
Q96GX5	esm	3	1.791759469228055	1.30308520572175
Q96GY0	esm	3	1.0986122886681096	1.001897997154335
Q96GY3	esm	3	0.6931471805599453	0.6721566015309864
Q96HN2	esm	3	1.9459101490553132	1.8970869394911287
Q96HR8	esm	3	0.6931471805599453	1.1235988088262678
Q96HS1	esm	3	2.0794415416798357	1.0744857115285504
Q96HW7	esm	3	1.3862943611198906	1.5633270173571696
Q96HY7	esm	3	2.3025850929940455	1.791161079508608
Q96I59	esm	3	1.9459101490553132	1.6977409930942304
Q96IJ6	esm	3	0.6931471805599453	1.4260707764492155
Q96IY4	esm	3	0.6931471805599453	0.7901780468312014
Q96JC9	esm	3	1.0986122886681096	1.275661823191699
Q96JM3	esm	3	2.772588722239781	1.9173451199302014
Q96JN2	esm	3	0.6931471805599453	1.4409898149775955
Q96JP5	esm	3	0.6931471805599453	1.444303232674449
Q96KB5	esm	3	1.9459101490553132	1.155699740388516
Q96KP4	esm	3	2.772588722239781	2.0176677416015694
Q96KR1	esm	3	2.70805020110221	1.7799812743172012
Q96LT9	esm	3	0.6931471805599453	1.3172373757795282
Q96LW9	esm	3	0.6931471805599453	0.9534030479860864
Q96M27	esm	3	1.0986122886681096	1.3402959689561103
Q96M63	esm	3	0.6931471805599453	1.0124530789887844
Q96M96	esm	3	0.6931471805599453	1.4076504329953488
Q96MD7	esm	3	0.6931471805599453	1.2137514752102312
Q96N66	esm	3	0.6931471805599453	0.8674838560490671
Q96NL3	esm	3	0.6931471805599453	1.0007951168348372
Q96P11	esm	3	1.0986122886681096	0.7102509280789235
Q96PC5	esm	3	1.3862943611198906	1.2719975796771645
Q96PU8	esm	3	1.3862943611198906	1.8003345865420521
Q96PU9	esm	3	0.6931471805599453	1.8020691200706915
Q96PV6	esm	3	1.6094379124341003	1.4926073186184372
Q96Q15	esm	3	1.3862943611198906	1.3384158259972168
Q96QD8	esm	3	0.6931471805599453	0.8201434826384995
Q96R06	esm	3	0.6931471805599453	1.0756750954674545
Q96RE7	esm	3	1.3862943611198906	0.8314083711485682
Q96RP9	esm	3	2.0794415416798357	2.514483611171075
Q96RT8	esm	3	0.6931471805599453	1.1144305942590453
Q96RY5	esm	3	1.3862943611198906	1.6033664539271981
Q96T23	esm	3	3.4657359027997265	2.2185085104307807
Q96T37	esm	3	1.3862943611198906	1.6051667495262558
Q96TA1	esm	3	2.3978952727983707	1.6496924983303014
Q99417	esm	3	1.791759469228055	1.4412275826904244
Q99442	esm	3	1.6094379124341003	1.96711064090728
Q99550	esm	3	0.6931471805599453	0.8161309307302578
Q99676	esm	3	1.0986122886681096	1.1391931006625067
Q99697	esm	3	0.6931471805599453	0.9539092063567918
Q99742	esm	3	0.6931471805599453	0.896131313297255
Q99755	esm	3	0.6931471805599453	0.7903278630696284
Q99807	esm	3	0.6931471805599453	0.4842740307964598
Q99961	esm	3	2.3978952727983707	1.833083070068423
Q99963	esm	3	0.6931471805599453	1.749041789452928
Q99986	esm	3	2.3978952727983707	1.9625454415022257
Q9BQ13	esm	3	0.6931471805599453	0.5687836184546127
Q9BQ67	esm	3	0.6931471805599453	1.2525088495472296
Q9BQI9	esm	3	1.0986122886681096	1.1350706785368272
Q9BR39	esm	3	1.0986122886681096	0.9478598864307457
Q9BRJ6	esm	3	1.0986122886681096	1.0836260560933009
Q9BRT6	esm	3	1.3862943611198906	1.7561013456723242
Q9BRT8	esm	3	0.6931471805599453	1.2869547026318067
Q9BS26	esm	3	1.3862943611198906	1.55353983121325
Q9BSE5	esm	3	0.6931471805599453	1.0768884894962738
Q9BSL1	esm	3	1.0986122886681096	1.26697139436106
Q9BT09	esm	3	1.3862943611198906	1.0670171624718916
Q9BTE6	esm	3	1.6094379124341003	1.9879689759620651
Q9BTT4	esm	3	0.6931471805599453	1.505032828914386
Q9BTW9	esm	3	0.6931471805599453	1.4698550337248828
Q9BUE0	esm	3	1.0986122886681096	0.7967355766554061
Q9BUF5	esm	3	1.0986122886681096	1.1889259244861183
Q9BUH6	esm	3	1.0986122886681096	1.030816984054543
Q9BUR4	esm	3	0.6931471805599453	1.1231367992478447
Q9BV20	esm	3	0.6931471805599453	1.6957792936688478
Q9BV44	esm	3	1.6094379124341003	1.017618016121002
Q9BVG8	esm	3	0.6931471805599453	1.1612842727434405
Q9BVJ7	esm	3	0.6931471805599453	0.43266323306676857
Q9BVS4	esm	3	0.6931471805599453	1.0991604815439966
Q9BW19	esm	3	2.0794415416798357	1.4615083996685452
Q9BW30	esm	3	2.0794415416798357	2.870316432763211
Q9BW91	esm	3	2.0794415416798357	1.7835303062857768
Q9BWD1	esm	3	2.3025850929940455	2.2431309992319823
Q9BWH6	esm	3	0.6931471805599453	0.8808041672556084
Q9BWT3	esm	3	0.6931471805599453	1.531017638052848
Q9BX68	esm	3	1.0986122886681096	1.281947045339447
Q9BXJ9	esm	3	3.4011973816621555	2.0456740535126476
Q9BXL5	esm	3	0.6931471805599453	1.2907416028080527
Q9BY41	esm	3	0.6931471805599453	1.3247942939230066
Q9BY49	esm	3	1.3862943611198906	1.7266383934372764
Q9BYB4	esm	3	0.6931471805599453	0.8275391850081055
Q9BYD6	esm	3	1.6094379124341003	2.235284127109922
Q9BYG5	esm	3	1.3862943611198906	0.6244922916986326
Q9BYN8	esm	3	0.6931471805599453	0.8990562100628016
Q9BYT8	esm	3	1.9459101490553132	1.9392148264362261
Q9BYZ2	esm	3	1.3862943611198906	1.462173824191754
Q9BZF3	esm	3	0.6931471805599453	0.9506407383299853
Q9BZF9	esm	3	1.0986122886681096	2.1697472818887276
Q9BZJ0	esm	3	1.3862943611198906	1.9776867645174294
Q9BZW7	esm	3	2.0794415416798357	1.6022527977095504
Q9BZX2	esm	3	0.6931471805599453	1.274491244457666
Q9C0B1	esm	3	1.6094379124341003	1.092295653218823
Q9C0C6	esm	3	0.6931471805599453	0.6433089771166167
Q9C0F1	esm	3	1.6094379124341003	0.9502059759251487
Q9C0G6	esm	3	0.6931471805599453	2.1984296184402194
Q9C0I1	esm	3	1.3862943611198906	0.9578253052150532
Q9GZP4	esm	3	1.0986122886681096	1.332772810363146
Q9GZP8	esm	3	1.3862943611198906	1.8525570729393128
Q9GZQ8	esm	3	1.0986122886681096	1.0248622397212133
Q9GZR1	esm	3	0.6931471805599453	1.2737546843238903
Q9GZT3	esm	3	1.791759469228055	1.4178634690373437
Q9GZT8	esm	3	1.791759469228055	1.6958250850684575
Q9GZU2	esm	3	1.0986122886681096	1.6929641500622012
Q9GZV4	esm	3	1.6094379124341003	2.081754121554748
Q9GZZ1	esm	3	2.3025850929940455	1.516279887090243
Q9H008	esm	3	1.6094379124341003	1.7231502655126412
Q9H009	esm	3	0.6931471805599453	1.7226989152558005
Q9H0A0	esm	3	2.3978952727983707	1.7502792587558766
Q9H0B6	esm	3	1.3862943611198906	1.2867110624189788
Q9H0E2	esm	3	1.0986122886681096	1.086933123736771
Q9H0E3	esm	3	0.6931471805599453	1.9195507766012723
Q9H0L4	esm	3	0.6931471805599453	2.0663416775600023
Q9H0U9	esm	3	1.0986122886681096	1.3201724149854672
Q9H147	esm	3	1.0986122886681096	1.3415942873639464
Q9H165	esm	3	1.0986122886681096	1.3781206274228741
Q9H1J1	esm	3	0.6931471805599453	1.416008160025877
Q9H1K0	esm	3	1.0986122886681096	1.2144531213725829
Q9H2F5	esm	3	1.791759469228055	1.4647355808867872
Q9H2P9	esm	3	0.6931471805599453	2.0214527109638847
Q9H2U2	esm	3	2.995732273553991	1.332987381197545
Q9H3H9	esm	3	1.0986122886681096	1.5174220844477089
Q9H3S7	esm	3	1.6094379124341003	1.4782609264864122
Q9H3U7	esm	3	0.6931471805599453	1.5339738540368568
Q9H446	esm	3	1.0986122886681096	1.5217788677844728
Q9H4L4	esm	3	1.3862943611198906	1.119770548476529
Q9H4L7	esm	3	1.6094379124341003	1.4841861606692028
Q9H5J0	esm	3	0.6931471805599453	0.6887433649983494
Q9H5V7	esm	3	1.0986122886681096	0.9394172228843102
Q9H5Z6	esm	3	1.0986122886681096	0.3406164551468658
Q9H6R4	esm	3	0.6931471805599453	1.2311602415295804
Q9H6T3	esm	3	1.6094379124341003	1.8052072998421533
Q9H772	esm	3	1.9459101490553132	0.6031382803366814
Q9H792	esm	3	1.0986122886681096	1.2574013347873327
Q9H7F4	esm	3	0.6931471805599453	0.34121073282669934
Q9H7Z3	esm	3	0.6931471805599453	1.5651631098061611
Q9H857	esm	3	1.0986122886681096	0.8334052331709358
Q9H875	esm	3	1.3862943611198906	1.4800190501897597
Q9H8M7	esm	3	0.6931471805599453	1.313110479973901
Q9H8T0	esm	3	0.6931471805599453	1.1046269291963249
Q9H8V3	esm	3	0.6931471805599453	1.766282376917037
Q9H900	esm	3	1.0986122886681096	1.348598536913633
Q9H939	esm	3	0.6931471805599453	1.7165360429856409
Q9H974	esm	3	0.6931471805599453	1.316520531154065
Q9H981	esm	3	1.0986122886681096	0.8778584508820824
Q9H9Y6	esm	3	1.3862943611198906	1.8541106367294595
Q9HA64	esm	3	0.6931471805599453	1.2510308294651782
Q9HAV0	esm	3	0.6931471805599453	1.2516667955268355
Q9HAW4	esm	3	2.3025850929940455	1.8417416603257137
Q9HB58	esm	3	1.3862943611198906	1.3114782334823754
Q9HBU1	esm	3	0.6931471805599453	0.7767938177774191
Q9HC38	esm	3	1.791759469228055	1.8253709566498997
Q9HC52	esm	3	1.6094379124341003	1.4594307781733804
Q9HD15	esm	3	0.6931471805599453	1.024602730234993
Q9HD45	esm	3	1.0986122886681096	1.5432083453064334
Q9NNX1	esm	3	1.0986122886681096	0.9834672465850491
Q9NP81	esm	3	1.6094379124341003	1.399646002372529
Q9NPE3	esm	3	1.0986122886681096	0.8119421239514646
Q9NPH2	esm	3	0.6931471805599453	1.5678563331231976
Q9NQ50	esm	3	0.6931471805599453	1.2056450107779435
Q9NQ79	esm	3	0.6931471805599453	1.0963708811895665
Q9NQB0	esm	3	1.0986122886681096	1.1568745089566674
Q9NQS7	esm	3	1.6094379124341003	1.6317107967453257
Q9NQT5	esm	3	1.6094379124341003	0.968720480804776
Q9NQX3	esm	3	1.0986122886681096	1.565186464395799
Q9NR09	esm	3	2.0794415416798357	1.2256765009479216
Q9NR12	esm	3	1.6094379124341003	1.350209189702563
Q9NRF8	esm	3	1.6094379124341003	1.9128303850781943
Q9NRF9	esm	3	0.6931471805599453	1.9015086316175998
Q9NRL2	esm	3	2.6390573296152584	1.7215049113583585
Q9NRN7	esm	3	1.3862943611198906	0.9423021743138302
Q9NRN9	esm	3	1.3862943611198906	1.5584716633684907
Q9NS56	esm	3	0.6931471805599453	0.9534304268339382
Q9NS73	esm	3	1.0986122886681096	0.9614553271916577
Q9NS86	esm	3	0.6931471805599453	1.2820203832613828
Q9NS87	esm	3	2.197224577336219	1.5520489564520819
Q9NSB4	esm	3	0.6931471805599453	1.1073424532312979
Q9NSC5	esm	3	0.6931471805599453	1.3923756206509017
Q9NSD9	esm	3	2.9444389791664403	2.764174061285507
Q9NSK0	esm	3	0.6931471805599453	1.1345650336547817
Q9NUB1	esm	3	1.6094379124341003	1.8758886937361923
Q9NUP7	esm	3	1.3862943611198906	1.1944413755888161
Q9NUP9	esm	3	1.0986122886681096	0.8514458757621227
Q9NUQ7	esm	3	0.6931471805599453	1.2824550838044835
Q9NV79	esm	3	0.6931471805599453	1.2140878987736794
Q9NVD7	esm	3	2.0794415416798357	1.583848107309668
Q9NVN8	esm	3	1.3862943611198906	1.3971237487617438
Q9NVR5	esm	3	0.6931471805599453	1.016491490139181
Q9NVR7	esm	3	0.6931471805599453	0.45838742358886087
Q9NVS9	esm	3	0.6931471805599453	1.0096881158450426
Q9NVX2	esm	3	0.6931471805599453	1.1280135013376023
Q9NW82	esm	3	2.0794415416798357	1.9405513957772162
Q9NWH9	esm	3	2.833213344056216	2.5413545915284903
Q9NWR8	esm	3	1.791759469228055	0.8710510369385589
Q9NWZ5	esm	3	0.6931471805599453	1.1832289660125053
Q9NX07	esm	3	0.6931471805599453	1.2654001846932148
Q9NX40	esm	3	1.3862943611198906	0.9542223224431463
Q9NXF1	esm	3	1.3862943611198906	1.5518960677282785
Q9NXR8	esm	3	1.9459101490553132	1.3693852145963117
Q9NY33	esm	3	1.9459101490553132	1.8163151643205628
Q9NYF8	esm	3	2.9444389791664403	1.9586011476689187
Q9NYJ1	esm	3	0.6931471805599453	0.7263669798109236
Q9NYK5	esm	3	1.791759469228055	1.7685367726629553
Q9NYL9	esm	3	2.197224577336219	1.3673497555961052
Q9NYT6	esm	3	0.6931471805599453	0.9953654912600516
Q9NYZ3	esm	3	1.791759469228055	1.617402776944637
Q9NZ09	esm	3	1.0986122886681096	0.8580677970984323
Q9NZ63	esm	3	1.3862943611198906	1.8714617348723461
Q9NZE8	esm	3	0.6931471805599453	1.0339451627710137
Q9NZL4	esm	3	1.0986122886681096	1.1549892397526613
Q9NZM3	esm	3	0.6931471805599453	1.6103061173200535
Q9NZQ7	esm	3	0.6931471805599453	1.1692794292859128
Q9NZR4	esm	3	1.0986122886681096	0.738526386494461
Q9P032	esm	3	0.6931471805599453	1.187199646962214
Q9P0J7	esm	3	0.6931471805599453	0.8499734923232121
Q9P1Y5	esm	3	1.0986122886681096	1.2060016805603906
Q9P1Y6	esm	3	1.0986122886681096	1.5507220350292046
Q9P215	esm	3	1.3862943611198906	1.0750354871148033
Q9P267	esm	3	1.6094379124341003	1.7278927119261536
Q9P275	esm	3	1.3862943611198906	1.7286802842995632
Q9P287	esm	3	1.0986122886681096	1.7207779980617173
Q9P2B4	esm	3	1.0986122886681096	1.319781237864397
Q9P2B7	esm	3	1.0986122886681096	0.7140773535396123
Q9P2D7	esm	3	1.0986122886681096	2.00282999613109
Q9P2K8	esm	3	1.3862943611198906	1.3736767569917967
Q9P2K9	esm	3	0.6931471805599453	0.5584924026857838
Q9P2N6	esm	3	1.6094379124341003	1.441791964419035
Q9P2P6	esm	3	0.6931471805599453	1.0128990581221264
Q9UBB5	esm	3	1.0986122886681096	1.2242040105350576
Q9UBC2	esm	3	1.9459101490553132	1.8166930427690364
Q9UBF6	esm	3	0.6931471805599453	0.9404276648991797
Q9UBN7	esm	3	0.6931471805599453	1.054193498204902
Q9UBQ5	esm	3	0.6931471805599453	1.692622915654225
Q9UBW8	esm	3	1.6094379124341003	1.3305715116904517
Q9UDY4	esm	3	1.791759469228055	1.681979660140375
Q9UER7	esm	3	1.6094379124341003	1.239552054065329
Q9UGL1	esm	3	0.6931471805599453	1.4390694646638509
Q9UGM6	esm	3	1.791759469228055	2.099911354601838
Q9UGP8	esm	3	1.791759469228055	1.6497709983138957
Q9UH62	esm	3	0.6931471805599453	0.9406073661921173
Q9UHB9	esm	3	2.3025850929940455	1.9309808858412858
Q9UHF7	esm	3	2.3025850929940455	1.4374350662738904
Q9UHI6	esm	3	1.3862943611198906	1.211567446965184
Q9UHV2	esm	3	1.0986122886681096	0.8730912593223913
Q9UHY7	esm	3	0.6931471805599453	1.3110143243225183
Q9UI12	esm	3	1.3862943611198906	1.5723838186962324
Q9UI15	esm	3	0.6931471805599453	1.8263685426564147
Q9UI26	esm	3	0.6931471805599453	1.9453387244402078
Q9UI36	esm	3	1.0986122886681096	1.5544642222045548
Q9UIC8	esm	3	1.0986122886681096	0.7853521848626868
Q9UIF3	esm	3	1.791759469228055	1.989849773168675
Q9UIH9	esm	3	1.0986122886681096	0.9169587453367674
Q9UII2	esm	3	1.6094379124341003	1.2590651201953726
Q9UJ70	esm	3	1.0986122886681096	0.5954831635768276
Q9UJS0	esm	3	1.9459101490553132	1.7255496941341986
Q9UJX2	esm	3	1.3862943611198906	1.2506020907237623
Q9UJZ1	esm	3	1.9459101490553132	1.2813917766785985
Q9UK58	esm	3	1.0986122886681096	1.4208951948808186
Q9UK61	esm	3	1.0986122886681096	1.3352677283249927
Q9UKA4	esm	3	0.6931471805599453	1.071473571270643
Q9UKD1	esm	3	0.6931471805599453	1.2489906746073682
Q9UKE5	esm	3	0.6931471805599453	1.5310339606113295
Q9UKG1	esm	3	1.3862943611198906	1.1563396113256383
Q9UKG9	esm	3	2.70805020110221	1.869931131251207
Q9UKM9	esm	3	2.3025850929940455	1.6090782089287152
Q9UKV5	esm	3	1.0986122886681096	0.383192508156291
Q9UKY7	esm	3	2.197224577336219	1.6948464130117333
Q9ULC3	esm	3	1.0986122886681096	1.14995003474757
Q9ULG1	esm	3	1.0986122886681096	1.3817436200888802
Q9ULQ0	esm	3	0.6931471805599453	0.9830420377844045
Q9ULW0	esm	3	2.8903717578961645	1.7908413091996116
Q9ULW8	esm	3	0.6931471805599453	1.3141111883226673
Q9UM00	esm	3	0.6931471805599453	1.0296017941009221
Q9UNF1	esm	3	2.4849066497880004	1.9209760502818582
Q9UNH6	esm	3	1.6094379124341003	1.2645225003568192
Q9UNN5	esm	3	1.0986122886681096	1.3235084926464171
Q9UPT9	esm	3	2.197224577336219	1.063645954758543
Q9UPW0	esm	3	1.0986122886681096	1.1992047989780388
Q9UPZ3	esm	3	0.6931471805599453	0.8027574192052765
Q9UQ90	esm	3	0.6931471805599453	1.7925789165228636
Q9Y237	esm	3	1.9459101490553132	2.4040642663909146
Q9Y262	esm	3	2.5649493574615367	1.8915527775377001
Q9Y285	esm	3	2.3025850929940455	2.024391200231969
Q9Y2A7	esm	3	2.0794415416798357	1.6482985865055797
Q9Y2C4	esm	3	1.3862943611198906	1.86966890284378
Q9Y2D5	esm	3	1.3862943611198906	1.162308484188373
Q9Y2E4	esm	3	0.6931471805599453	1.2278734957742465
Q9Y2L1	esm	3	2.8903717578961645	1.9257038717123347
Q9Y2P8	esm	3	1.3862943611198906	1.5551597786087854
Q9Y2Q0	esm	3	0.6931471805599453	1.2782187646704122
Q9Y2S2	esm	3	0.6931471805599453	1.6792561113405404
Q9Y2S6	esm	3	1.9459101490553132	2.284982015978758
Q9Y2T3	esm	3	1.791759469228055	1.4993787648231292
Q9Y2X0	esm	3	1.3862943611198906	1.2104218111632634
Q9Y2X3	esm	3	3.0910424533583156	2.078552032889542
Q9Y2Z4	esm	3	1.791759469228055	1.609509403601477
Q9Y320	esm	3	0.6931471805599453	1.2162881174315066
Q9Y365	esm	3	1.9459101490553132	0.9313212229085197
Q9Y3D7	esm	3	0.6931471805599453	1.1088930376237554
Q9Y3D8	esm	3	0.6931471805599453	1.2636813034613779
Q9Y3E1	esm	3	1.6094379124341003	2.0042268689895177
Q9Y3I0	esm	3	2.3978952727983707	1.8814558832418478
Q9Y3I1	esm	3	1.0986122886681096	1.2083039387552703
Q9Y3S1	esm	3	0.6931471805599453	1.2376626014568346
Q9Y3Y2	esm	3	1.6094379124341003	1.6070735471688273
Q9Y4C1	esm	3	1.0986122886681096	1.5202778481497705
Q9Y4C2	esm	3	0.6931471805599453	1.4613464115916408
Q9Y4I5	esm	3	0.6931471805599453	1.0325930097519511
Q9Y4P3	esm	3	1.6094379124341003	1.611274501096124
Q9Y4X0	esm	3	0.6931471805599453	0.8472163932371769
Q9Y4X5	esm	3	1.6094379124341003	1.1879098790913356
Q9Y4Z0	esm	3	0.6931471805599453	1.4937123111086532
Q9Y512	esm	3	0.6931471805599453	1.2035194599111425
Q9Y535	esm	3	0.6931471805599453	1.4082716581020953
Q9Y536	esm	3	0.6931471805599453	1.7036585821717098
Q9Y5A6	esm	3	1.6094379124341003	1.032561990247292
Q9Y5L0	esm	3	2.0794415416798357	1.7918375518706946
Q9Y5M8	esm	3	1.6094379124341003	1.1986472539100306
Q9Y5R8	esm	3	0.6931471805599453	1.1422572612363746
Q9Y5S2	esm	3	1.791759469228055	1.405708164111705
Q9Y5V3	esm	3	1.6094379124341003	1.5244616742312662
Q9Y5X2	esm	3	0.6931471805599453	0.9350901572163373
Q9Y5X3	esm	3	2.6390573296152584	1.6294111053611733
Q9Y5Z4	esm	3	1.3862943611198906	1.6599960133297467
Q9Y5Z7	esm	3	0.6931471805599453	1.4892939216280296
Q9Y608	esm	3	1.0986122886681096	1.423648333975858
Q9Y613	esm	3	0.6931471805599453	0.8927868691720964
Q9Y618	esm	3	2.833213344056216	2.033053518689061
Q9Y620	esm	3	0.6931471805599453	1.0328812251821047
Q9Y673	esm	3	1.6094379124341003	1.1839315966195219
Q9Y692	esm	3	0.6931471805599453	1.3724426163154773
Q9Y696	esm	3	2.5649493574615367	1.8318101144775631
Q9Y6A4	esm	3	0.6931471805599453	1.7788212055264006
Q9Y6D9	esm	3	2.0794415416798357	1.5484923630338516
Q9Y6J0	esm	3	1.9459101490553132	1.4049009792608307
Q9Y6K1	esm	3	0.6931471805599453	1.6814070644037267
Q9Y6X0	esm	3	1.6094379124341003	1.829155753583856
A0A0B4J2A2	esm	4	0.6931471805599453	1.7499616348920357
A0JNW5	esm	4	0.6931471805599453	0.846412173518259
A5D8W1	esm	4	0.6931471805599453	1.615782530955785
A5YKK6	esm	4	1.0986122886681096	1.719773688223349
A6H8Y1	esm	4	0.6931471805599453	1.9554042536422551
A6NFI3	esm	4	1.791759469228055	1.2359435632335258
A6NKT7	esm	4	0.6931471805599453	1.8197194717070673
O00116	esm	4	2.0794415416798357	1.7063428971031973
O00154	esm	4	2.5649493574615367	1.750484542795265
O00160	esm	4	1.3862943611198906	1.9446161274033287
O00161	esm	4	0.6931471805599453	1.1458905167921056
O00232	esm	4	2.6390573296152584	2.448449583034119
O00264	esm	4	1.3862943611198906	1.4019658657256404
O00267	esm	4	2.3025850929940455	2.1541515336830335
O00299	esm	4	2.6390573296152584	1.8425260871910694
O00410	esm	4	2.5649493574615367	1.7704386953956577
O00411	esm	4	1.6094379124341003	1.0633398259668196
O00429	esm	4	1.6094379124341003	1.6320821461475712
O00442	esm	4	1.3862943611198906	1.807002682158714
O00468	esm	4	2.197224577336219	1.2404721488062873
O00507	esm	4	0.6931471805599453	1.6216299323967902
O00534	esm	4	1.3862943611198906	1.4287849559931092
O00541	esm	4	2.4849066497880004	1.7341101625341957
O00587	esm	4	1.0986122886681096	0.42281288839723885
O00622	esm	4	0.6931471805599453	1.0033063456659441
O00635	esm	4	0.6931471805599453	0.975587949547879
O00712	esm	4	1.6094379124341003	0.8843961623407839
O00757	esm	4	1.3862943611198906	2.1202093322922675
O14497	esm	4	3.1780538303479453	1.8956142919353978
O14576	esm	4	1.0986122886681096	1.3095894607660785
O14628	esm	4	1.0986122886681096	0.5812839580329061
O14646	esm	4	2.3978952727983707	1.854572503927384
O14657	esm	4	0.6931471805599453	1.3950560972799284
O14734	esm	4	1.6094379124341003	1.375461402639445
O14753	esm	4	0.6931471805599453	0.5479372326646352
O14773	esm	4	0.6931471805599453	0.7815984856842528
O14786	esm	4	0.6931471805599453	1.1904659446303347
O14832	esm	4	1.9459101490553132	1.2455790896018157
O14896	esm	4	0.6931471805599453	1.323593925935338
O14904	esm	4	0.6931471805599453	0.9188546647832773
O14920	esm	4	1.3862943611198906	1.1895603622373108
O14936	esm	4	1.6094379124341003	1.33734557539743
O14980	esm	4	2.995732273553991	1.6494512845025544
O14983	esm	4	0.6931471805599453	2.450241229840871
O15013	esm	4	0.6931471805599453	1.246476573123881
O15042	esm	4	3.2188758248682006	1.8901873060066605
O15054	esm	4	0.6931471805599453	1.2589396704384161
O15066	esm	4	1.3862943611198906	1.8927639871695927
O15067	esm	4	0.6931471805599453	1.709174261635225
O15084	esm	4	0.6931471805599453	1.3351100589526177
O15131	esm	4	0.6931471805599453	1.3074231794935083
O15145	esm	4	2.0794415416798357	1.4691904551433117
O15230	esm	4	2.9444389791664403	1.504302818917837
O15231	esm	4	0.6931471805599453	1.5882136649335044
O15265	esm	4	2.0794415416798357	1.4287756120174084
O15372	esm	4	2.197224577336219	1.9236866338527494
O15511	esm	4	1.791759469228055	1.4585781458318514
O43148	esm	4	2.3978952727983707	1.7968161696953862
O43164	esm	4	0.6931471805599453	1.0252769155425823
O43166	esm	4	1.0986122886681096	1.1249496879602288
O43172	esm	4	1.791759469228055	1.7163660855740404
O43264	esm	4	1.791759469228055	0.7570181618896294
O43402	esm	4	1.0986122886681096	1.0503280355206375
O43623	esm	4	0.6931471805599453	0.5591873969709018
O43663	esm	4	1.0986122886681096	1.0872648526494908
O43680	esm	4	0.6931471805599453	0.3556347224590213
O43707	esm	4	3.4011973816621555	2.3838013669891622
O43772	esm	4	0.6931471805599453	1.449926745381506
O43815	esm	4	1.6094379124341003	1.523459860306318
O43918	esm	4	0.6931471805599453	0.8433895511632988
O43920	esm	4	0.6931471805599453	1.0037255526683109
O60256	esm	4	1.791759469228055	1.6322256928533538
O60264	esm	4	3.1780538303479453	1.8591282043475883
O60331	esm	4	1.0986122886681096	1.0650818543222833
O60443	esm	4	0.6931471805599453	1.396650022717542
O60493	esm	4	1.0986122886681096	1.1866050671260615
O60503	esm	4	0.6931471805599453	0.5754756714231789
O60518	esm	4	0.6931471805599453	1.6278066176641601
O60519	esm	4	0.6931471805599453	0.6653903457222526
O60663	esm	4	1.0986122886681096	1.1004143407663765
O60684	esm	4	1.0986122886681096	1.235846415878874
O60687	esm	4	1.0986122886681096	1.314720178863063
O60763	esm	4	2.5649493574615367	1.5058750806031105
O60814	esm	4	0.6931471805599453	1.8207790258855527
O60832	esm	4	2.70805020110221	2.366952110057754
O60885	esm	4	3.044522437723423	2.058367055057944
O60927	esm	4	1.3862943611198906	0.6412011073052977
O60928	esm	4	0.6931471805599453	0.22647618913081646
O60930	esm	4	0.6931471805599453	1.4650917209545007
O75116	esm	4	3.332204510175204	2.0662171338540674
O75151	esm	4	2.3025850929940455	1.9383244864537041
O75362	esm	4	1.791759469228055	1.6196871069901848
O75368	esm	4	1.791759469228055	1.3423197748592983
O75391	esm	4	1.6094379124341003	1.405164733218018
O75420	esm	4	0.6931471805599453	1.5217889719875306
O75436	esm	4	1.791759469228055	1.6368069856090965
O75530	esm	4	1.0986122886681096	1.755089787269052
O75533	esm	4	3.1780538303479453	2.3000971250625364
O75648	esm	4	0.6931471805599453	1.151487364542933
O75683	esm	4	1.6094379124341003	1.3144227760647482
O75691	esm	4	1.791759469228055	1.7489464222581554
O75781	esm	4	1.0986122886681096	1.5737556564823518
O75828	esm	4	1.0986122886681096	1.648991813797736
O75914	esm	4	0.6931471805599453	1.403185903732133
O75923	esm	4	1.3862943611198906	1.4003189144807886
O75935	esm	4	0.6931471805599453	1.0793252971056375
O75940	esm	4	1.6094379124341003	1.60819871073539
O75969	esm	4	1.3862943611198906	1.754963415936782
O76024	esm	4	1.0986122886681096	1.1258231639990934
O76031	esm	4	1.9459101490553132	1.8768922867449975
O76062	esm	4	0.6931471805599453	0.7953340547143621
O94772	esm	4	0.6931471805599453	1.1059252103371606
O94776	esm	4	2.5649493574615367	1.8043266275704637
O94782	esm	4	1.0986122886681096	1.8989189899182664
O94819	esm	4	0.6931471805599453	0.7048484511524626
O94822	esm	4	1.3862943611198906	1.4856774256770353
O94830	esm	4	0.6931471805599453	1.2154639779807055
O94855	esm	4	2.0794415416798357	1.3497535146152166
O94880	esm	4	1.791759469228055	1.8274427784652576
O94900	esm	4	0.6931471805599453	1.3159153237855852
O94901	esm	4	0.6931471805599453	1.1017207618815181
O94903	esm	4	2.0794415416798357	1.9422039925118646
O94973	esm	4	1.0986122886681096	1.9333300054181144
O95104	esm	4	0.6931471805599453	2.2327251249269198
O95140	esm	4	0.6931471805599453	1.5700157435845425
O95163	esm	4	1.791759469228055	1.5091038400385144
O95202	esm	4	2.4849066497880004	1.9610736621235911
O95219	esm	4	1.0986122886681096	1.142411347685535
O95239	esm	4	2.3025850929940455	1.47631514438102
O95248	esm	4	0.6931471805599453	0.7571304598153936
O95298	esm	4	1.0986122886681096	1.0596987161218003
O95302	esm	4	1.3862943611198906	1.533196012744235
O95425	esm	4	1.0986122886681096	1.539903074339673
O95456	esm	4	2.0794415416798357	0.8168081425904195
O95466	esm	4	0.6931471805599453	1.377969152188515
O95470	esm	4	1.6094379124341003	1.5346340230493376
O95476	esm	4	0.6931471805599453	0.32175430335484423
O95551	esm	4	0.6931471805599453	1.4309404943984776
O95602	esm	4	1.3862943611198906	1.5656751114035659
O95644	esm	4	1.6094379124341003	0.8763508293110811
O95793	esm	4	1.0986122886681096	1.8423561677578464
O95810	esm	4	2.197224577336219	1.4373273451572193
O95817	esm	4	1.0986122886681096	1.842592111151987
O95822	esm	4	0.6931471805599453	1.1881364488956563
O95831	esm	4	2.197224577336219	2.1983278100744403
O95833	esm	4	0.6931471805599453	1.155691653773885
O95858	esm	4	0.6931471805599453	0.6153770184122898
O95861	esm	4	2.0794415416798357	1.9310936367768265
O95989	esm	4	0.6931471805599453	1.0724030702665903
O95995	esm	4	1.0986122886681096	1.8838661477750356
O95996	esm	4	0.6931471805599453	0.9956202000248245
O96008	esm	4	1.0986122886681096	1.3863095817326707
O96017	esm	4	0.6931471805599453	1.4479348670168233
P00325	esm	4	3.0910424533583156	2.177234976570996
P00326	esm	4	1.0986122886681096	2.178074237102016
P00450	esm	4	2.5649493574615367	1.211023481818207
P00748	esm	4	0.6931471805599453	0.814785479670162
P01008	esm	4	2.0794415416798357	1.8310619214530979
P01009	esm	4	3.295836866004329	1.9102479465347693
P01024	esm	4	3.6109179126442243	2.057801822880558
P01034	esm	4	0.6931471805599453	1.086338673149461
P01100	esm	4	1.0986122886681096	0.8782229207688695
P01106	esm	4	1.6094379124341003	1.0494767315885092
P02452	esm	4	2.0794415416798357	1.5176831833648516
P02538	esm	4	2.0794415416798357	1.9687027566836317
P02647	esm	4	2.995732273553991	2.338076027407048
P02654	esm	4	1.6094379124341003	1.3079407421095741
P02671	esm	4	2.8903717578961645	1.7852988239700318
P02686	esm	4	2.0794415416798357	1.3166445089410654
P02747	esm	4	1.0986122886681096	0.5909855949807252
P02768	esm	4	4.04305126783455	2.8516981569052646
P02775	esm	4	0.6931471805599453	0.9779098039087795
P02787	esm	4	3.5553480614894135	2.7968273218229265
P03928	esm	4	1.3862943611198906	0.39268899198772167
P03952	esm	4	0.6931471805599453	1.2929985500360064
P04083	esm	4	3.1354942159291497	2.5076543450707653
P04632	esm	4	1.3862943611198906	1.0556021731056353
P04732	esm	4	1.3862943611198906	1.3954502877431378
P04899	esm	4	2.197224577336219	1.4769416029694835
P05114	esm	4	2.197224577336219	2.515335743043665
P05120	esm	4	1.0986122886681096	1.5391904480972447
P05129	esm	4	0.6931471805599453	1.1206748217779998
P05165	esm	4	2.4849066497880004	2.2135288889266764
P05198	esm	4	2.3025850929940455	1.959301204152483
P05455	esm	4	3.2188758248682006	2.644001902720659
P05556	esm	4	2.70805020110221	2.0529334410895697
P05997	esm	4	0.6931471805599453	1.303197399089735
P06396	esm	4	2.9444389791664403	2.004055301069747
P06732	esm	4	2.70805020110221	2.7925110293916764
P06753	esm	4	2.833213344056216	2.813948370103983
P06899	esm	4	0.6931471805599453	1.7991089071147564
P07197	esm	4	3.1354942159291497	2.6271160590072253
P07237	esm	4	3.0910424533583156	2.65689313710434
P07288	esm	4	1.0986122886681096	0.975778183123791
P07327	esm	4	1.0986122886681096	2.0651040629573894
P07451	esm	4	2.197224577336219	1.7262572881530411
P07585	esm	4	2.8903717578961645	2.2781725526647953
P07741	esm	4	1.0986122886681096	1.2741006207733347
P08579	esm	4	2.0794415416798357	1.7670456803186594
P08603	esm	4	2.4849066497880004	1.6208574684968784
P09038	esm	4	0.6931471805599453	0.7933467446320805
P09210	esm	4	2.197224577336219	1.9608562095972213
P09238	esm	4	0.6931471805599453	1.594352555990322
P09471	esm	4	2.197224577336219	1.3984733693281908
P09601	esm	4	1.0986122886681096	1.2383789461242236
P0C0L4	esm	4	2.9444389791664403	1.5987934971821216
P0C7T5	esm	4	1.3862943611198906	0.6458041508073676
P0CJ78	esm	4	0.6931471805599453	1.1394480986181441
P0DPB6	esm	4	0.6931471805599453	1.2279258817441623
P0DPH8	esm	4	1.0986122886681096	1.4572006386188714
P10746	esm	4	1.6094379124341003	1.1776892597356863
P10809	esm	4	3.8066624897703196	3.2164834523329473
P11172	esm	4	1.791759469228055	1.6916693812792207
P11233	esm	4	0.6931471805599453	1.3292311299208184
P11308	esm	4	1.0986122886681096	1.0666779835131535
P11908	esm	4	1.3862943611198906	1.8341729454430502
P11940	esm	4	2.995732273553991	1.9554629882912897
P12109	esm	4	2.70805020110221	1.4305055958925919
P12110	esm	4	2.3978952727983707	1.3261031823397789
P12235	esm	4	2.197224577336219	2.1759568574350925
P12236	esm	4	2.4849066497880004	2.231728558933543
P12955	esm	4	1.0986122886681096	1.579489306249947
P12956	esm	4	3.4011973816621555	2.102394496864969
P13378	esm	4	0.6931471805599453	0.39186132080878755
P13611	esm	4	2.3025850929940455	1.5835996361560656
P13639	esm	4	3.526360524616161	2.268255970461241
P13647	esm	4	1.791759469228055	1.9063385883822082
P13671	esm	4	1.3862943611198906	1.663121210058106
P13929	esm	4	2.6390573296152584	2.664216257918944
P13984	esm	4	2.0794415416798357	1.4471292761410848
P13995	esm	4	1.9459101490553132	2.2080538933465568
P14384	esm	4	0.6931471805599453	0.8241762431181172
P14866	esm	4	2.995732273553991	1.5751485768868172
P14921	esm	4	1.791759469228055	1.084987329870747
P14923	esm	4	1.3862943611198906	1.516841255852598
P15086	esm	4	1.791759469228055	1.64241476255948
P15121	esm	4	2.70805020110221	1.5215609034791815
P15144	esm	4	1.0986122886681096	1.9982051202701117
P15153	esm	4	2.0794415416798357	1.0911192958453058
P15498	esm	4	1.9459101490553132	1.5076911606461456
P15529	esm	4	1.0986122886681096	1.4908080474155367
P15559	esm	4	2.4849066497880004	1.3415241484720897
P16035	esm	4	0.6931471805599453	1.6385334336655148
P16112	esm	4	1.0986122886681096	1.4888661333797477
P16383	esm	4	0.6931471805599453	1.0885454485444843
P16402	esm	4	1.791759469228055	2.7370313854840034
P16949	esm	4	2.833213344056216	1.626043139571193
P17987	esm	4	3.044522437723423	2.4609898186253707
P18065	esm	4	0.6931471805599453	0.6856471421228963
P18283	esm	4	0.6931471805599453	1.059246148833858
P18847	esm	4	0.6931471805599453	0.6038664735569672
P18848	esm	4	2.0794415416798357	1.3125800179014897
P18850	esm	4	0.6931471805599453	1.1046005183113854
P18858	esm	4	1.3862943611198906	2.231938753591595
P19525	esm	4	1.9459101490553132	1.6403338023233465
P19532	esm	4	1.0986122886681096	0.8279851584969597
P19971	esm	4	1.791759469228055	1.3508622480225516
P20042	esm	4	2.833213344056216	2.289386828809571
P20226	esm	4	0.6931471805599453	1.165723397567949
P20591	esm	4	1.3862943611198906	1.9049811446745373
P20908	esm	4	1.791759469228055	1.3890181188859354
P21246	esm	4	1.6094379124341003	1.340501200811465
P21333	esm	4	4.5217885770490405	2.813714476605524
P22003	esm	4	1.0986122886681096	0.39386875107971164
P22033	esm	4	2.0794415416798357	2.220354452927557
P22314	esm	4	3.044522437723423	2.2902653337464685
P22694	esm	4	1.6094379124341003	1.8316010619150496
P22748	esm	4	1.0986122886681096	1.4710117688246687
P23193	esm	4	2.0794415416798357	1.5282951793387887
P23219	esm	4	0.6931471805599453	1.0689983381041337
P23229	esm	4	1.3862943611198906	1.668595944966284
P23378	esm	4	1.6094379124341003	1.9484179326609747
P23759	esm	4	0.6931471805599453	1.1911552371644336
P23921	esm	4	2.3025850929940455	2.018387006928971
P24043	esm	4	1.0986122886681096	2.163543528573596
P24539	esm	4	2.4849066497880004	1.9996203596564022
P24752	esm	4	3.044522437723423	2.3927717973179456
P25054	esm	4	0.6931471805599453	1.6741390911089615
P25311	esm	4	2.5649493574615367	1.4451539716421977
P25788	esm	4	2.3025850929940455	2.169776213311239
P26367	esm	4	1.0986122886681096	0.8999403951357784
P26368	esm	4	1.6094379124341003	1.6891136521626013
P26447	esm	4	2.0794415416798357	1.4753129700314132
P26717	esm	4	0.6931471805599453	0.31429544447832547
P27144	esm	4	1.6094379124341003	1.7034072809501202
P27338	esm	4	1.3862943611198906	1.55419565708805
P27658	esm	4	1.0986122886681096	1.5753190291444457
P28065	esm	4	1.0986122886681096	1.1302645157875726
P28074	esm	4	1.0986122886681096	1.3945674240690946
P28328	esm	4	0.6931471805599453	0.9374813500853931
P28347	esm	4	1.3862943611198906	1.5331553259007897
P28799	esm	4	0.6931471805599453	1.56433393356057
P28838	esm	4	2.772588722239781	2.0060356380170408
P29374	esm	4	1.6094379124341003	2.060896835261701
P29508	esm	4	1.791759469228055	2.149933738366638
P29558	esm	4	1.0986122886681096	0.9580177071580946
P30044	esm	4	1.3862943611198906	2.1739611943194705
P30085	esm	4	1.791759469228055	2.2973346284969294
P30520	esm	4	1.3862943611198906	2.1257901087927173
P30533	esm	4	2.197224577336219	1.7379637708883833
P31153	esm	4	2.0794415416798357	2.160487517112271
P31260	esm	4	0.6931471805599453	0.6744808870200105
P31350	esm	4	0.6931471805599453	2.25971558792145
P31483	esm	4	1.0986122886681096	1.4224805569449452
P31930	esm	4	2.197224577336219	2.1506433266468257
P31946	esm	4	2.3978952727983707	2.1477403010060305
P32455	esm	4	2.3025850929940455	1.715712851153149
P32780	esm	4	1.791759469228055	1.3989076165820133
P33241	esm	4	1.3862943611198906	1.2864856622071486
P33316	esm	4	1.6094379124341003	0.9540802582875124
P33552	esm	4	0.6931471805599453	0.9147455726164861
P34096	esm	4	1.0986122886681096	0.7415446519514954
P34932	esm	4	3.737669618283368	2.5128009077358415
P34949	esm	4	1.0986122886681096	1.4216756823778764
P35052	esm	4	1.0986122886681096	1.1238151770852962
P35222	esm	4	1.3862943611198906	1.5361452982923343
P35244	esm	4	1.0986122886681096	1.5818008013297409
P35250	esm	4	1.9459101490553132	1.9301686275248289
P35270	esm	4	1.9459101490553132	1.3166482457484574
P35573	esm	4	2.5649493574615367	1.6101645542689067
P35580	esm	4	4.174387269895637	2.9117644957886437
P35611	esm	4	1.791759469228055	1.455425922060455
P35790	esm	4	0.6931471805599453	1.0180048473140335
P35858	esm	4	1.0986122886681096	1.0837561004381746
P35908	esm	4	1.9459101490553132	1.8698932819107337
P36542	esm	4	2.70805020110221	2.2842996268814386
P36578	esm	4	3.2188758248682006	2.315092411956359
P36956	esm	4	1.0986122886681096	0.9508448257441896
P38398	esm	4	2.0794415416798357	1.3991568620428574
P38935	esm	4	1.0986122886681096	1.5856393483326503
P39060	esm	4	1.6094379124341003	0.5958470191452072
P40227	esm	4	2.995732273553991	2.681075731140173
P40818	esm	4	1.0986122886681096	2.052671183834548
P40855	esm	4	1.6094379124341003	1.5482180293071666
P40938	esm	4	2.0794415416798357	1.5397436972737335
P41208	esm	4	0.6931471805599453	1.5692941371002247
P41223	esm	4	1.6094379124341003	1.558991708965571
P41229	esm	4	1.6094379124341003	1.5022006621918162
P42677	esm	4	1.0986122886681096	0.43054527350929916
P42858	esm	4	1.0986122886681096	1.2057775975471925
P43003	esm	4	1.0986122886681096	1.1952773271301198
P43146	esm	4	0.6931471805599453	0.9950510442866154
P43155	esm	4	2.6390573296152584	1.9413641446564238
P43686	esm	4	1.6094379124341003	1.5228067244770507
P45378	esm	4	0.6931471805599453	2.1452221010708756
P45381	esm	4	0.6931471805599453	1.4152432997408324
P45877	esm	4	0.6931471805599453	1.6315649059839405
P45954	esm	4	2.3978952727983707	2.004167500079959
P46020	esm	4	0.6931471805599453	1.2237299398973485
P46063	esm	4	2.70805020110221	1.6190501080748212
P46781	esm	4	2.4849066497880004	1.7012260132126091
P46783	esm	4	1.6094379124341003	1.6018557894230483
P47985	esm	4	0.6931471805599453	1.2416209714500295
P48061	esm	4	1.0986122886681096	0.554992005285938
P48378	esm	4	0.6931471805599453	0.9769665796080496
P48426	esm	4	2.0794415416798357	1.4741720138421888
P48634	esm	4	2.0794415416798357	1.8249320288401853
P48681	esm	4	2.197224577336219	1.398687098296515
P48728	esm	4	0.6931471805599453	1.7962872901872562
P49006	esm	4	1.6094379124341003	1.3955379886223989
P49137	esm	4	1.3862943611198906	1.333261214599957
P49207	esm	4	2.0794415416798357	1.7822448547446124
P49221	esm	4	0.6931471805599453	1.6112212916089064
P49406	esm	4	1.3862943611198906	1.5695788229798762
P49454	esm	4	2.6390573296152584	1.7039073606447026
P49642	esm	4	0.6931471805599453	1.5007535316936604
P49736	esm	4	2.833213344056216	2.0669704382438554
P49748	esm	4	2.70805020110221	2.4298420933597056
P49757	esm	4	1.0986122886681096	1.3703328561136021
P49770	esm	4	0.6931471805599453	1.1370588785236346
P49773	esm	4	1.791759469228055	1.3880812025394413
P49792	esm	4	3.8066624897703196	2.1753799883465312
P49915	esm	4	2.833213344056216	2.0754891176127046
P50219	esm	4	1.0986122886681096	0.7495353290771039
P50440	esm	4	2.3025850929940455	1.7247508283445179
P50443	esm	4	1.3862943611198906	0.607145181567497
P50750	esm	4	1.0986122886681096	1.523992053726679
P50895	esm	4	1.3862943611198906	0.7142193937049901
P51003	esm	4	1.6094379124341003	1.467290013077706
P51149	esm	4	1.3862943611198906	1.082519428971057
P51160	esm	4	0.6931471805599453	1.965376190202908
P51398	esm	4	2.0794415416798357	1.959813688595835
P51452	esm	4	1.0986122886681096	1.1713416549867768
P51617	esm	4	0.6931471805599453	0.5333113038220643
P51884	esm	4	2.70805020110221	2.0532514769326835
P51888	esm	4	2.3025850929940455	1.8294530371089692
P51970	esm	4	1.791759469228055	1.6261925891772229
P52306	esm	4	2.3025850929940455	1.890292852742902
P52597	esm	4	2.0794415416798357	1.6629092086689332
P52655	esm	4	0.6931471805599453	1.2666719814168874
P52701	esm	4	2.5649493574615367	1.8888494415576487
P53041	esm	4	2.197224577336219	2.00017273709003
P53420	esm	4	0.6931471805599453	0.5711092669166186
P53567	esm	4	1.0986122886681096	1.0771797059368637
P53611	esm	4	1.0986122886681096	1.1681068332317164
P53801	esm	4	0.6931471805599453	0.9971915506972191
P53985	esm	4	0.6931471805599453	0.7021201505541703
P53992	esm	4	1.6094379124341003	1.3910396802673228
P54198	esm	4	1.791759469228055	1.3559048778305776
P54750	esm	4	1.3862943611198906	1.2035499345678937
P54821	esm	4	0.6931471805599453	0.7154064484591582
P55060	esm	4	2.9444389791664403	2.169798288862976
P55072	esm	4	3.295836866004329	1.9800951884833426
P55198	esm	4	1.6094379124341003	1.4273569730548883
P55201	esm	4	2.3978952727983707	1.5925245311640872
P55795	esm	4	0.6931471805599453	1.8561914253001712
P55809	esm	4	2.9444389791664403	2.22264474853118
P56192	esm	4	2.0794415416798357	2.054280343907224
P56270	esm	4	1.791759469228055	1.1887569718632285
P56545	esm	4	1.3862943611198906	1.5382396864127634
P56693	esm	4	1.0986122886681096	1.1614912677123055
P57740	esm	4	1.6094379124341003	1.5285504542957158
P59768	esm	4	0.6931471805599453	1.2271463504751443
P60059	esm	4	0.6931471805599453	0.9171315953275165
P60468	esm	4	0.6931471805599453	0.48639648106475164
P60709	esm	4	0.6931471805599453	1.4570965547731698
P60866	esm	4	1.791759469228055	1.7697943254855748
P61020	esm	4	0.6931471805599453	1.1478405689882092
P61024	esm	4	1.0986122886681096	1.2940239618732559
P61158	esm	4	2.6390573296152584	1.6983761200385705
P61163	esm	4	1.6094379124341003	1.150946460924695
P61204	esm	4	1.3862943611198906	1.0738851171994916
P61289	esm	4	2.0794415416798357	1.282281977064308
P61923	esm	4	1.0986122886681096	0.8775402534551063
P61927	esm	4	1.6094379124341003	1.630778005425094
P61970	esm	4	1.0986122886681096	1.5516067304320438
P62195	esm	4	2.5649493574615367	1.7423799169689096
P62241	esm	4	2.3978952727983707	1.8295512123937265
P62316	esm	4	1.791759469228055	1.6064397222065954
P62328	esm	4	2.0794415416798357	1.6222150128292878
P62491	esm	4	1.0986122886681096	0.7852773846219444
P62745	esm	4	1.0986122886681096	1.229040860208634
P62805	esm	4	2.3025850929940455	1.3139332251359996
P62834	esm	4	1.0986122886681096	1.1762790163880426
P62854	esm	4	1.3862943611198906	1.4029979334509237
P62857	esm	4	0.6931471805599453	1.401520644332924
P62873	esm	4	1.791759469228055	1.350160134598557
P62910	esm	4	2.0794415416798357	1.757366347467006
P62913	esm	4	2.3025850929940455	2.0101164347737615
P62942	esm	4	1.791759469228055	1.7334325663327936
P62993	esm	4	2.3025850929940455	1.4934682653273874
P63010	esm	4	2.4849066497880004	2.113656625479965
P63146	esm	4	0.6931471805599453	1.2094264628767255
P63220	esm	4	1.791759469228055	1.1304667945458715
P63241	esm	4	1.791759469228055	2.0773995231424793
P63279	esm	4	1.791759469228055	1.5432867760656621
P68036	esm	4	2.197224577336219	2.180868977887637
P68366	esm	4	1.3862943611198906	1.4081341289074987
P68371	esm	4	2.0794415416798357	1.42892031664155
P78318	esm	4	1.6094379124341003	1.2969368998447486
P78330	esm	4	1.3862943611198906	1.8219805756745022
P78364	esm	4	0.6931471805599453	1.3495668655124453
P78417	esm	4	2.833213344056216	1.5350392267241322
P78539	esm	4	1.791759469228055	1.2899454673336768
P78545	esm	4	1.3862943611198906	0.9247272843344574
P78549	esm	4	0.6931471805599453	1.077774095886717
P82673	esm	4	1.0986122886681096	1.3771638196341687
P82921	esm	4	0.6931471805599453	0.8546463010080861
P82932	esm	4	1.3862943611198906	1.524273295060197
P82987	esm	4	0.6931471805599453	0.9038602757775945
P83916	esm	4	2.0794415416798357	2.1738384664809223
P84022	esm	4	1.0986122886681096	0.9085422146392343
P84090	esm	4	1.6094379124341003	1.3250615938328794
P84098	esm	4	2.4849066497880004	1.6859054624757701
P84101	esm	4	1.3862943611198906	1.066482883711266
P98194	esm	4	0.6931471805599453	1.8336082379066891
Q00526	esm	4	0.6931471805599453	1.2393472487538122
Q00577	esm	4	2.3025850929940455	1.5236197249184364
Q00765	esm	4	1.6094379124341003	1.4410774705004206
Q01085	esm	4	1.3862943611198906	1.4404037475262585
Q01130	esm	4	1.6094379124341003	1.5194345753842085
Q01432	esm	4	1.0986122886681096	1.5653834102030708
Q01484	esm	4	2.6390573296152584	2.0375747515338953
Q01546	esm	4	0.6931471805599453	1.7874663115914657
Q01650	esm	4	0.6931471805599453	0.8284026799147226
Q01780	esm	4	2.197224577336219	1.701951045889403
Q01968	esm	4	1.0986122886681096	1.5110114585898606
Q02040	esm	4	1.0986122886681096	1.785500774638509
Q02252	esm	4	2.8903717578961645	2.4241931239760466
Q02447	esm	4	1.0986122886681096	1.3428058432520746
Q02539	esm	4	1.3862943611198906	2.649154245557347
Q02818	esm	4	2.0794415416798357	1.8508301261740794
Q03518	esm	4	1.0986122886681096	0.9263232410776383
Q03701	esm	4	1.791759469228055	2.1524026877985074
Q03989	esm	4	0.6931471805599453	1.7488858556321976
Q04206	esm	4	2.0794415416798357	1.4512374591586108
Q04637	esm	4	3.1354942159291497	2.0374041926895217
Q04721	esm	4	0.6931471805599453	1.2732298554295287
Q04724	esm	4	1.9459101490553132	1.9109949524325134
Q04760	esm	4	1.6094379124341003	1.8962703874883737
Q04864	esm	4	0.6931471805599453	1.4248182182986453
Q05084	esm	4	1.0986122886681096	1.3444562803299858
Q05397	esm	4	1.0986122886681096	1.229687901939596
Q05682	esm	4	3.044522437723423	2.410476696363942
Q06136	esm	4	0.6931471805599453	1.2510891290675357
Q06265	esm	4	1.9459101490553132	1.8094835033991097
Q06330	esm	4	0.6931471805599453	1.3313471334372444
Q06546	esm	4	1.3862943611198906	1.3224534423902756
Q06710	esm	4	0.6931471805599453	0.8788187759228527
Q06787	esm	4	1.791759469228055	1.7166122553546028
Q06828	esm	4	1.0986122886681096	1.840897166659912
Q06830	esm	4	2.70805020110221	2.500867461381951
Q07507	esm	4	1.0986122886681096	1.2938914528976417
Q07954	esm	4	1.791759469228055	1.231757896485589
Q08752	esm	4	2.6390573296152584	2.2057564014374615
Q08AF3	esm	4	1.791759469228055	0.990578770922295
Q0IIM8	esm	4	1.0986122886681096	0.9644313148368867
Q0VFZ6	esm	4	1.3862943611198906	1.2206699468445843
Q0ZGT2	esm	4	1.3862943611198906	2.401277581835584
Q10471	esm	4	1.6094379124341003	1.7121347306312182
Q10570	esm	4	1.6094379124341003	1.6660580885662424
Q10571	esm	4	1.6094379124341003	1.7848476830552202
Q12765	esm	4	1.6094379124341003	1.2441923156814527
Q12788	esm	4	1.791759469228055	1.3522185055921445
Q12792	esm	4	1.791759469228055	1.9314827152078875
Q12797	esm	4	1.791759469228055	2.0520438443479208
Q12830	esm	4	2.4849066497880004	2.1041017807619182
Q12955	esm	4	1.791759469228055	2.0570752093867926
Q12959	esm	4	1.0986122886681096	1.6585468522404438
Q13029	esm	4	1.6094379124341003	1.6279471904165
Q13107	esm	4	1.0986122886681096	1.7253112373769635
Q13111	esm	4	1.3862943611198906	1.694704234437533
Q13129	esm	4	0.6931471805599453	0.9109546193217029
Q13151	esm	4	2.197224577336219	2.095647030114587
Q13188	esm	4	1.0986122886681096	1.5897647952372058
Q13200	esm	4	2.5649493574615367	2.041802348062048
Q13207	esm	4	0.6931471805599453	1.4160090199573898
Q13217	esm	4	1.791759469228055	2.031800694525467
Q13227	esm	4	1.0986122886681096	1.0941985674386259
Q13232	esm	4	1.0986122886681096	0.9877368852464592
Q13247	esm	4	1.6094379124341003	2.0515548788919924
Q13275	esm	4	0.6931471805599453	1.3317735377869302
Q13362	esm	4	1.6094379124341003	1.4233398237639752
Q13363	esm	4	1.0986122886681096	1.4942930267266077
Q13367	esm	4	0.6931471805599453	1.7795969013783952
Q13423	esm	4	3.1780538303479453	2.1913927592629743
Q13426	esm	4	1.0986122886681096	1.0957820924564774
Q13428	esm	4	3.828641396489095	2.471985297727439
Q13451	esm	4	2.6390573296152584	2.065943483664304
Q13459	esm	4	1.791759469228055	1.5625331562431926
Q13495	esm	4	0.6931471805599453	1.5951096199557442
Q13505	esm	4	1.0986122886681096	1.1118293518186777
Q13510	esm	4	2.0794415416798357	1.1826423531633778
Q13516	esm	4	1.0986122886681096	0.6731122128135553
Q13547	esm	4	2.5649493574615367	1.8404840019058213
Q13576	esm	4	1.6094379124341003	1.9722850778086503
Q13615	esm	4	0.6931471805599453	0.749043085592793
Q13618	esm	4	2.6390573296152584	2.2037027214937916
Q13619	esm	4	2.3978952727983707	1.9138640817262798
Q13753	esm	4	2.70805020110221	2.15020027699028
Q13835	esm	4	0.6931471805599453	1.201739659942753
Q13884	esm	4	0.6931471805599453	1.1015822762883964
Q13885	esm	4	1.6094379124341003	1.3948189616475062
Q13887	esm	4	1.3862943611198906	1.2938630598227205
Q13895	esm	4	1.0986122886681096	1.5502517278449357
Q14012	esm	4	1.6094379124341003	0.9823830980398813
Q14061	esm	4	1.791759469228055	1.3174294421373125
Q14135	esm	4	0.6931471805599453	0.8150239500629685
Q14140	esm	4	1.0986122886681096	1.1712616770238133
Q14157	esm	4	2.3978952727983707	1.390699199839539
Q14161	esm	4	0.6931471805599453	0.7656226492405708
Q14188	esm	4	1.0986122886681096	1.2003992646171309
Q14315	esm	4	3.8918202981106265	2.791375484490285
Q14344	esm	4	0.6931471805599453	0.9702336273750404
Q14409	esm	4	0.6931471805599453	1.1799190792259031
Q14508	esm	4	1.3862943611198906	1.003918660562575
Q14558	esm	4	1.3862943611198906	1.701289782910362
Q14571	esm	4	2.0794415416798357	1.5675608151777805
Q14588	esm	4	0.6931471805599453	0.8823989625523467
Q14669	esm	4	2.197224577336219	1.6721052390297921
Q14691	esm	4	1.0986122886681096	1.0157626543109353
Q14696	esm	4	0.6931471805599453	1.6704955422645655
Q14764	esm	4	2.3978952727983707	2.3156324428437385
Q14767	esm	4	0.6931471805599453	1.212109256283721
Q14807	esm	4	0.6931471805599453	1.241979301797073
Q14CZ7	esm	4	1.3862943611198906	0.9563630304041846
Q15004	esm	4	1.6094379124341003	1.4062037125149551
Q15008	esm	4	1.3862943611198906	2.283850862588669
Q15020	esm	4	2.5649493574615367	1.968451517435296
Q15058	esm	4	1.0986122886681096	1.5103801734936093
Q15059	esm	4	2.3025850929940455	2.4119679653687793
Q15067	esm	4	2.995732273553991	1.8717529585987884
Q15084	esm	4	2.197224577336219	2.3152543997412445
Q15109	esm	4	1.791759469228055	0.9471671602680788
Q15131	esm	4	0.6931471805599453	1.1417943755045954
Q15165	esm	4	1.0986122886681096	0.875556885457061
Q15276	esm	4	1.0986122886681096	1.4612002408251685
Q15286	esm	4	1.0986122886681096	1.2112034462911765
Q15287	esm	4	1.9459101490553132	2.0330400994433737
Q15306	esm	4	0.6931471805599453	1.0733314706511328
Q15345	esm	4	1.0986122886681096	0.9692888742123664
Q15365	esm	4	1.9459101490553132	1.145600126525438
Q15369	esm	4	0.6931471805599453	0.8503989351778258
Q15393	esm	4	2.5649493574615367	1.8575376535830816
Q15459	esm	4	2.8903717578961645	2.252812833697043
Q15544	esm	4	0.6931471805599453	1.5658122684413178
Q15554	esm	4	1.3862943611198906	1.4090132212113673
Q15723	esm	4	0.6931471805599453	1.793473818242365
Q15788	esm	4	2.3025850929940455	1.8403900303179879
Q15819	esm	4	1.6094379124341003	1.2168645616272864
Q15915	esm	4	1.0986122886681096	1.2225095242885209
Q16254	esm	4	0.6931471805599453	1.3025275709318749
Q16527	esm	4	1.9459101490553132	1.8852861472661315
Q16537	esm	4	1.3862943611198906	1.3188083017673367
Q16568	esm	4	0.6931471805599453	0.919638519577202
Q16625	esm	4	0.6931471805599453	1.1433369093083052
Q16649	esm	4	1.0986122886681096	0.8806007907280502
Q16665	esm	4	1.3862943611198906	1.602601079217473
Q16670	esm	4	0.6931471805599453	0.9526264026144005
Q16698	esm	4	2.197224577336219	1.8253307783301649
Q16762	esm	4	1.6094379124341003	1.4138324501439574
Q16763	esm	4	1.0986122886681096	1.555904123963565
Q16774	esm	4	1.3862943611198906	1.4582737592940431
Q16799	esm	4	1.3862943611198906	1.5830252579636936
Q16831	esm	4	1.0986122886681096	1.0955999831069843
Q16851	esm	4	2.772588722239781	1.667410586224099
Q17RW2	esm	4	0.6931471805599453	0.7590032112390422
Q1RMZ1	esm	4	0.6931471805599453	0.47396046219936916
Q2M1Z3	esm	4	0.6931471805599453	1.1565939673989558
Q2M2I8	esm	4	0.6931471805599453	1.812870383357502
Q2NL82	esm	4	1.3862943611198906	1.5653296752315948
Q2TAL8	esm	4	0.6931471805599453	1.4280693137935794
Q32M78	esm	4	0.6931471805599453	0.8606416925491106
Q3KQU3	esm	4	0.6931471805599453	1.5709762854062523
Q3KQZ1	esm	4	0.6931471805599453	1.1161837171718347
Q4G0X9	esm	4	0.6931471805599453	0.9935287447746436
Q4G176	esm	4	1.3862943611198906	1.1101821247961958
Q4L180	esm	4	1.3862943611198906	1.6501026740447742
Q4L235	esm	4	0.6931471805599453	0.6748414215692184
Q4LE39	esm	4	2.197224577336219	2.1158710552601514
Q53EZ4	esm	4	0.6931471805599453	1.0186712177579142
Q53F19	esm	4	1.0986122886681096	1.676742037559923
Q53GA4	esm	4	0.6931471805599453	0.5307099497104082
Q53H82	esm	4	1.9459101490553132	1.3764946321220368
Q53HL2	esm	4	0.6931471805599453	1.7084426968721245
Q53R41	esm	4	1.6094379124341003	1.377365093401411
Q53T59	esm	4	0.6931471805599453	1.1123697252819387
Q562R1	esm	4	0.6931471805599453	1.4193417933915575
Q5EB52	esm	4	1.0986122886681096	0.5991099801003696
Q5HY92	esm	4	1.0986122886681096	1.4116125950322131
Q5JQC9	esm	4	1.9459101490553132	1.8046647816446202
Q5JST6	esm	4	2.0794415416798357	1.6661220844886455
Q5JTZ9	esm	4	0.6931471805599453	1.5979149178347476
Q5JVG2	esm	4	0.6931471805599453	1.0314507223157825
Q5K651	esm	4	1.791759469228055	1.5100869632062877
Q5KU26	esm	4	1.0986122886681096	1.5077053001623006
Q5M775	esm	4	1.3862943611198906	1.4992243614711684
Q5QJ74	esm	4	1.3862943611198906	0.9442748311606581
Q5QJE6	esm	4	1.6094379124341003	1.7739780756637535
Q5SQI0	esm	4	1.9459101490553132	0.9944834130061542
Q5SWX8	esm	4	1.0986122886681096	1.57583427981265
Q5SXH7	esm	4	0.6931471805599453	0.2525654784133664
Q5SXM2	esm	4	0.6931471805599453	1.1928467368479776
Q5SY16	esm	4	1.6094379124341003	0.7979839197465806
Q5T1C6	esm	4	1.0986122886681096	1.4276056155617292
Q5T1M5	esm	4	1.9459101490553132	1.5906423047168547
Q5T1R4	esm	4	0.6931471805599453	1.5762193636733413
Q5T447	esm	4	0.6931471805599453	1.5315122499423854
Q5T4F7	esm	4	1.0986122886681096	1.2890065926234662
Q5T5C0	esm	4	0.6931471805599453	1.2809306782443557
Q5T5X7	esm	4	1.6094379124341003	1.494803961799034
Q5T6F0	esm	4	0.6931471805599453	1.0888791448012065
Q5TAQ9	esm	4	1.3862943611198906	1.1810242344601525
Q5TAX3	esm	4	1.6094379124341003	1.383658200197343
Q5TBA9	esm	4	0.6931471805599453	1.1384982995310866
Q5TDH0	esm	4	0.6931471805599453	1.4436290613196374
Q5TF21	esm	4	0.6931471805599453	1.4020376239640393
Q5THK1	esm	4	1.3862943611198906	1.3105174613527422
Q5U5X0	esm	4	1.0986122886681096	1.2889258537082386
Q5VT66	esm	4	1.0986122886681096	0.8324383393870081
Q5VTR2	esm	4	2.6390573296152584	1.7527348311467512
Q5VV41	esm	4	0.6931471805599453	0.9749914722033395
Q5VW36	esm	4	1.791759469228055	1.3507736900918261
Q5VZF2	esm	4	1.0986122886681096	1.1536671223698511
Q5VZK9	esm	4	1.3862943611198906	1.6793859085563665
Q641Q2	esm	4	0.6931471805599453	2.2334421381178347
Q658L1	esm	4	1.3862943611198906	0.6164601677049895
Q658P3	esm	4	1.0986122886681096	0.8564259196120014
Q66GS9	esm	4	1.0986122886681096	1.7302978812850869
Q66K14	esm	4	0.6931471805599453	0.8833574007003127
Q684P5	esm	4	0.6931471805599453	1.3336940066199026
Q68DQ2	esm	4	0.6931471805599453	1.616854088616986
Q69YN2	esm	4	1.3862943611198906	1.739212735710929
Q69YN4	esm	4	1.3862943611198906	1.5782363155689643
Q6AI08	esm	4	0.6931471805599453	1.1183879817484381
Q6DN90	esm	4	1.0986122886681096	0.9044218770418105
Q6GPH4	esm	4	0.6931471805599453	0.6040106076345776
Q6IAA8	esm	4	0.6931471805599453	0.032118804483113994
Q6IBW4	esm	4	1.0986122886681096	1.10779966023079
Q6IE81	esm	4	2.0794415416798357	1.3682411858179364
Q6IV72	esm	4	0.6931471805599453	1.1346600928734212
Q6JQN1	esm	4	0.6931471805599453	1.5499400377207209
Q6KC79	esm	4	3.3672958299864737	2.0877639682695404
Q6MZP7	esm	4	2.3025850929940455	2.1865586227860274
Q6NSI4	esm	4	0.6931471805599453	1.2939654645356706
Q6NT76	esm	4	0.6931471805599453	0.9141731983610952
Q6NUK1	esm	4	2.4849066497880004	1.6459520757432824
Q6NUM9	esm	4	1.3862943611198906	1.5009992172434357
Q6NV74	esm	4	0.6931471805599453	1.889445227485601
Q6NZY4	esm	4	1.0986122886681096	1.3293358542767713
Q6P1L8	esm	4	0.6931471805599453	1.2578042463270172
Q6P1R4	esm	4	0.6931471805599453	1.1089890622807665
Q6P2C8	esm	4	1.0986122886681096	1.0104266308372067
Q6P4R8	esm	4	2.0794415416798357	1.9756231373759203
Q6P996	esm	4	2.3978952727983707	1.6624710608547768
Q6P9F7	esm	4	1.0986122886681096	1.0112856176321507
Q6PCE3	esm	4	1.6094379124341003	1.7272385961181551
Q6PGP7	esm	4	1.791759469228055	1.7360843830573147
Q6PJ69	esm	4	0.6931471805599453	0.8810325062492771
Q6PUV4	esm	4	1.0986122886681096	1.5543809828364223
Q6RFH5	esm	4	0.6931471805599453	1.453721965042253
Q6URK8	esm	4	1.0986122886681096	0.5954297727248163
Q6UW63	esm	4	1.0986122886681096	1.5876700013088483
Q6UWP7	esm	4	1.3862943611198906	0.7196202209167392
Q6UXI9	esm	4	1.3862943611198906	1.4530812372770265
Q6VN20	esm	4	1.3862943611198906	0.8559832953075087
Q6ZSB9	esm	4	0.6931471805599453	0.9344721406452885
Q6ZSZ5	esm	4	1.0986122886681096	0.9682631894860219
Q6ZU65	esm	4	2.6390573296152584	2.0352776341760097
Q6ZW49	esm	4	1.3862943611198906	1.3807340580155247
Q709F0	esm	4	1.3862943611198906	1.6939790934512904
Q70J99	esm	4	0.6931471805599453	0.8302129757016612
Q70Z53	esm	4	1.3862943611198906	1.6392067300030817
Q71F56	esm	4	1.9459101490553132	1.308113863280525
Q71RC2	esm	4	1.3862943611198906	1.2433770269901399
Q76N32	esm	4	0.6931471805599453	0.9585687661490717
Q7KZ85	esm	4	2.3978952727983707	2.3434560747423987
Q7L2E3	esm	4	2.3025850929940455	1.5539025727718583
Q7L592	esm	4	0.6931471805599453	1.2427083887944135
Q7Z2T5	esm	4	1.791759469228055	1.445364756974279
Q7Z2Z2	esm	4	1.791759469228055	1.4541034391731003
Q7Z3K6	esm	4	0.6931471805599453	1.4362809230857823
Q7Z3U7	esm	4	1.0986122886681096	1.2846242967209658
Q7Z417	esm	4	1.9459101490553132	1.3847063313258625
Q7Z4H7	esm	4	1.3862943611198906	0.9295773476307163
Q7Z5K2	esm	4	2.9444389791664403	1.628251641579587
Q7Z6G8	esm	4	0.6931471805599453	0.6704647953126085
Q7Z7G0	esm	4	1.791759469228055	1.5403026029340228
Q7Z7H5	esm	4	1.0986122886681096	1.2142126271140619
Q7Z7K0	esm	4	0.6931471805599453	1.5071440634835958
Q86TC9	esm	4	0.6931471805599453	1.4238340651865427
Q86TI2	esm	4	1.6094379124341003	1.5326010062271407
Q86TU7	esm	4	0.6931471805599453	1.5880664184334956
Q86UE4	esm	4	2.197224577336219	1.8371997564549392
Q86UL8	esm	4	1.0986122886681096	1.1454550268078705
Q86UP3	esm	4	1.0986122886681096	1.630171752186706
Q86UQ0	esm	4	0.6931471805599453	0.826368923214303
Q86UR5	esm	4	0.6931471805599453	1.2765319855515227
Q86UT6	esm	4	1.0986122886681096	0.9315621122427251
Q86UU0	esm	4	2.3978952727983707	2.078785842419814
Q86V59	esm	4	0.6931471805599453	1.6533138559671448
Q86VK4	esm	4	1.0986122886681096	0.7744527872630194
Q86W56	esm	4	1.3862943611198906	1.2803637313774954
Q86WB0	esm	4	1.6094379124341003	1.156469210865025
Q86WG3	esm	4	0.6931471805599453	0.7276926037290896
Q86X95	esm	4	1.0986122886681096	1.7470469468905412
Q86XK2	esm	4	0.6931471805599453	1.4480646847482368
Q86XK3	esm	4	1.0986122886681096	0.9796947833965826
Q86XN7	esm	4	1.3862943611198906	1.876098471031542
Q86XP1	esm	4	1.6094379124341003	1.2473008900340485
Q86XZ4	esm	4	0.6931471805599453	1.1461495836956668
Q86Y79	esm	4	0.6931471805599453	0.6372376050088879
Q86YA3	esm	4	1.3862943611198906	1.3544363629431264
Q86YP4	esm	4	1.9459101490553132	1.418012069556909
Q8IUE6	esm	4	0.6931471805599453	1.3624707033469272
Q8IUQ0	esm	4	0.6931471805599453	0.4775918494753404
Q8IUW5	esm	4	0.6931471805599453	0.47017510163509335
Q8IVF2	esm	4	2.70805020110221	2.372495427060765
Q8IVF7	esm	4	0.6931471805599453	1.1547278292497678
Q8IVN8	esm	4	0.6931471805599453	0.36671491783231436
Q8IWC1	esm	4	1.0986122886681096	1.4571591077586368
Q8IWI9	esm	4	2.833213344056216	1.6369128318798816
Q8IWT6	esm	4	0.6931471805599453	1.4973351010702396
Q8IX04	esm	4	0.6931471805599453	1.2380301841519963
Q8IX07	esm	4	0.6931471805599453	1.2038391844486627
Q8IXL7	esm	4	1.0986122886681096	1.1177330684257671
Q8IXW5	esm	4	0.6931471805599453	1.0631608481657786
Q8IY63	esm	4	0.6931471805599453	1.0860722020186944
Q8IYB4	esm	4	0.6931471805599453	1.4176063831276045
Q8IYX7	esm	4	1.3862943611198906	1.109468302432036
Q8IZL2	esm	4	1.6094379124341003	1.7153557722550508
Q8IZQ8	esm	4	1.3862943611198906	1.2973204449292326
Q8N0X4	esm	4	1.6094379124341003	1.6042251649232808
Q8N0X7	esm	4	1.791759469228055	1.336000531659997
Q8N1F7	esm	4	2.0794415416798357	1.5330789270281497
Q8N1G1	esm	4	1.791759469228055	1.638032247051814
Q8N1K5	esm	4	1.0986122886681096	1.177370874046633
Q8N1L9	esm	4	0.6931471805599453	0.20981496843001257
Q8N2C7	esm	4	0.6931471805599453	0.9417737054060747
Q8N302	esm	4	1.3862943611198906	1.1928706996574643
Q8N3E9	esm	4	0.6931471805599453	0.7013787049090686
Q8N3J9	esm	4	0.6931471805599453	0.7774026029107322
Q8N3P4	esm	4	1.0986122886681096	1.3648608327359377
Q8N3U4	esm	4	1.9459101490553132	1.7689282462872449
Q8N3X1	esm	4	1.791759469228055	1.836067197079584
Q8N3Z6	esm	4	0.6931471805599453	1.012297278540745
Q8N4H5	esm	4	0.6931471805599453	0.34689804328469864
Q8N4Q0	esm	4	0.6931471805599453	1.9102399788582947
Q8N4V1	esm	4	1.0986122886681096	0.5247908738149722
Q8N584	esm	4	0.6931471805599453	1.4903610647830585
Q8N5C6	esm	4	1.0986122886681096	2.0814892569553276
Q8N5C8	esm	4	0.6931471805599453	0.9761240320146584
Q8N5N7	esm	4	1.0986122886681096	1.398019771249757
Q8N5Y2	esm	4	1.6094379124341003	1.3924578660846183
Q8N668	esm	4	0.6931471805599453	1.2343177918940733
Q8N9N5	esm	4	1.0986122886681096	0.8894420102549302
Q8N9N7	esm	4	1.0986122886681096	1.5380258575406207
Q8N9R8	esm	4	1.791759469228055	1.3183351369084368
Q8NB16	esm	4	1.6094379124341003	1.3047372335791239
Q8NB90	esm	4	1.0986122886681096	1.6145737205002682
Q8NBF2	esm	4	1.0986122886681096	1.3326110953466974
Q8NBQ5	esm	4	1.9459101490553132	1.0621810899840345
Q8NC51	esm	4	2.6390573296152584	2.2513857361760734
Q8NCN4	esm	4	1.0986122886681096	1.1645088418581748
Q8NCU4	esm	4	0.6931471805599453	1.0565095594589906
Q8ND24	esm	4	2.197224577336219	1.190261406278195
Q8NDH2	esm	4	0.6931471805599453	1.686153918818028
Q8NDT2	esm	4	1.6094379124341003	1.5164606847220843
Q8NDX5	esm	4	1.3862943611198906	1.1787496467022924
Q8NEB7	esm	4	0.6931471805599453	0.3972343551570645
Q8NEC7	esm	4	0.6931471805599453	1.279065035884958
Q8NEZ3	esm	4	0.6931471805599453	1.8331144708609548
Q8NF50	esm	4	0.6931471805599453	1.3308505196317728
Q8NFF5	esm	4	1.0986122886681096	1.0315241364815613
Q8NFZ5	esm	4	0.6931471805599453	0.5242663849398487
Q8NHQ9	esm	4	1.3862943611198906	1.7977915088206455
Q8TAE8	esm	4	0.6931471805599453	0.8487997186598188
Q8TB03	esm	4	0.6931471805599453	1.291929969699876
Q8TC12	esm	4	0.6931471805599453	0.8334034258773406
Q8TCG5	esm	4	0.6931471805599453	1.0705705106488241
Q8TCU6	esm	4	1.0986122886681096	1.0033344336176873
Q8TD26	esm	4	0.6931471805599453	1.7563174019647168
Q8TD43	esm	4	0.6931471805599453	1.0541968010817346
Q8TDJ6	esm	4	1.6094379124341003	0.9342410671313075
Q8TDL5	esm	4	1.0986122886681096	1.6426527338270958
Q8TDW0	esm	4	1.0986122886681096	1.3086751230307225
Q8TED1	esm	4	0.6931471805599453	1.2025071913975798
Q8TEK3	esm	4	1.6094379124341003	1.6481847363043327
Q8TEW8	esm	4	0.6931471805599453	1.1740500668562714
Q8TEX9	esm	4	1.0986122886681096	1.2849335289393657
Q8TF40	esm	4	0.6931471805599453	0.7059589418952072
Q8TF68	esm	4	0.6931471805599453	1.314673192718909
Q8WUA4	esm	4	0.6931471805599453	0.9769328374631581
Q8WUK0	esm	4	0.6931471805599453	0.7335723033698537
Q8WV28	esm	4	0.6931471805599453	1.0230929104435218
Q8WVR3	esm	4	0.6931471805599453	0.6483545529835375
Q8WW24	esm	4	1.6094379124341003	1.3479707423042109
Q8WW33	esm	4	0.6931471805599453	0.5646425482486033
Q8WW59	esm	4	1.791759469228055	1.2614760476365896
Q8WWB3	esm	4	0.6931471805599453	0.4502380589156465
Q8WWU7	esm	4	0.6931471805599453	1.7189194947534383
Q8WY36	esm	4	0.6931471805599453	1.8367110055266354
Q8WZ64	esm	4	0.6931471805599453	0.8533096406230802
Q92504	esm	4	0.6931471805599453	0.7524636625274926
Q92551	esm	4	0.6931471805599453	0.6561978068266359
Q92585	esm	4	2.70805020110221	1.9073722083514997
Q92608	esm	4	2.197224577336219	1.6468978124674833
Q92609	esm	4	1.0986122886681096	1.150465200394592
Q92613	esm	4	3.044522437723423	1.318250331428104
Q92623	esm	4	0.6931471805599453	1.3944838098130419
Q92625	esm	4	0.6931471805599453	0.7018968272790655
Q92736	esm	4	0.6931471805599453	1.5769816269425958
Q92743	esm	4	2.197224577336219	1.5665763072109078
Q92777	esm	4	1.3862943611198906	1.5094927650129408
Q92802	esm	4	1.0986122886681096	1.2510534266572497
Q92804	esm	4	1.6094379124341003	2.3455526790349155
Q92833	esm	4	1.0986122886681096	1.6887129475240454
Q92888	esm	4	1.0986122886681096	1.0846797039188765
Q92905	esm	4	1.791759469228055	1.554608441247561
Q92922	esm	4	3.1354942159291497	2.0784073623072246
Q92954	esm	4	0.6931471805599453	2.3296462699625993
Q93050	esm	4	1.0986122886681096	1.407087740942728
Q93079	esm	4	1.0986122886681096	1.7569895729676284
Q969G3	esm	4	2.197224577336219	1.624628401430336
Q969G6	esm	4	0.6931471805599453	1.9285735593093638
Q969H0	esm	4	1.0986122886681096	1.019842820241139
Q969H8	esm	4	1.6094379124341003	1.5140339869012425
Q969M7	esm	4	1.0986122886681096	1.3935829006757043
Q969S9	esm	4	1.0986122886681096	1.9580573611497647
Q969V4	esm	4	1.3862943611198906	2.0575412322504505
Q96A72	esm	4	1.6094379124341003	1.1162010481695015
Q96AP7	esm	4	0.6931471805599453	0.8281484591503101
Q96AQ8	esm	4	1.3862943611198906	0.9699350251314611
Q96AT9	esm	4	0.6931471805599453	1.4285700382545854
Q96B01	esm	4	1.3862943611198906	1.659164572858516
Q96B36	esm	4	0.6931471805599453	0.5103429142887941
Q96BJ3	esm	4	0.6931471805599453	1.3259543522448858
Q96BM9	esm	4	0.6931471805599453	1.188119903492055
Q96BN2	esm	4	0.6931471805599453	0.8663315908798027
Q96BW9	esm	4	0.6931471805599453	0.8611109451929935
Q96C90	esm	4	1.0986122886681096	0.9136063289266431
Q96CB8	esm	4	2.4849066497880004	2.3167414427512183
Q96CW5	esm	4	0.6931471805599453	1.16260612496894
Q96CW6	esm	4	0.6931471805599453	0.27110293373408245
Q96DA2	esm	4	1.0986122886681096	0.978061781224489
Q96DB5	esm	4	1.3862943611198906	1.294867674983138
Q96E11	esm	4	1.3862943611198906	1.6631445110324181
Q96E29	esm	4	0.6931471805599453	1.6635438468080272
Q96E39	esm	4	1.0986122886681096	2.0962490998706342
Q96EK6	esm	4	2.197224577336219	1.4173793822544523
Q96EL3	esm	4	1.6094379124341003	1.0217608445637476
Q96EN8	esm	4	0.6931471805599453	0.8112784003199616
Q96ER9	esm	4	1.3862943611198906	0.718437443305551
Q96EW2	esm	4	0.6931471805599453	0.6095151040259494
Q96F63	esm	4	1.0986122886681096	0.6720724405535125
Q96F85	esm	4	1.3862943611198906	1.7133847103872997
Q96F86	esm	4	1.0986122886681096	1.4209883315313465
Q96FZ2	esm	4	1.0986122886681096	1.4342240931505166
Q96G03	esm	4	2.70805020110221	2.1467882383559416
Q96G25	esm	4	1.3862943611198906	1.423791467141073
Q96G75	esm	4	0.6931471805599453	0.8248273344569781
Q96GA3	esm	4	0.6931471805599453	1.1051985689017325
Q96HJ9	esm	4	0.6931471805599453	0.9699034236053632
Q96HR3	esm	4	1.0986122886681096	1.2643792904918547
Q96I99	esm	4	2.9444389791664403	2.7592475557602048
Q96IX5	esm	4	1.0986122886681096	0.7437844854656873
Q96JB5	esm	4	1.3862943611198906	1.2976372384694153
Q96JI7	esm	4	1.0986122886681096	0.9997361598966077
Q96KC8	esm	4	0.6931471805599453	1.3448162911512556
Q96L91	esm	4	3.1354942159291497	1.6985595498893495
Q96LI5	esm	4	0.6931471805599453	1.7015817407771223
Q96LM6	esm	4	0.6931471805599453	1.23736213443126
Q96LP2	esm	4	0.6931471805599453	1.2290763517640806
Q96LR5	esm	4	1.3862943611198906	1.3901069338527396
Q96MX3	esm	4	1.3862943611198906	1.4538795368686666
Q96NY7	esm	4	1.9459101490553132	1.4422418617974262
Q96PP9	esm	4	0.6931471805599453	1.553668629549311
Q96PU4	esm	4	1.0986122886681096	1.7842144086467355
Q96Q11	esm	4	2.197224577336219	2.0003089182497567
Q96Q83	esm	4	0.6931471805599453	0.8650357998151434
Q96Q89	esm	4	1.6094379124341003	1.7305835406073897
Q96QC0	esm	4	2.5649493574615367	2.120388498008031
Q96QG7	esm	4	0.6931471805599453	1.0223493116691516
Q96QK1	esm	4	2.772588722239781	2.0765973117899215
Q96QR8	esm	4	1.791759469228055	1.6724394079380625
Q96RG2	esm	4	0.6931471805599453	0.5031925344457946
Q96RK4	esm	4	0.6931471805599453	1.2406830665818296
Q96RP7	esm	4	1.3862943611198906	0.3219908947676313
Q96RS6	esm	4	0.6931471805599453	1.3835606776788691
Q96S55	esm	4	1.791759469228055	1.3626063965196968
Q96S59	esm	4	1.3862943611198906	0.9022994203475448
Q96SK2	esm	4	1.0986122886681096	1.1455836386670097
Q96T58	esm	4	2.5649493574615367	2.3333834952668475
Q96T76	esm	4	1.3862943611198906	1.3676847317834455
Q99436	esm	4	1.9459101490553132	1.6259164499920284
Q99536	esm	4	1.6094379124341003	1.6964102449571012
Q99538	esm	4	1.0986122886681096	1.1811165391080627
Q99541	esm	4	0.6931471805599453	2.071771384030968
Q99592	esm	4	1.0986122886681096	0.7652266890105192
Q99598	esm	4	2.197224577336219	1.2198410393387757
Q99611	esm	4	0.6931471805599453	1.3037499775998826
Q99612	esm	4	0.6931471805599453	0.6695343458840125
Q99622	esm	4	1.0986122886681096	1.4667879274221478
Q99700	esm	4	1.6094379124341003	1.1999286695666014
Q99873	esm	4	2.197224577336219	1.2419364774420862
Q99933	esm	4	1.9459101490553132	1.0860554070487147
Q9BPX3	esm	4	1.6094379124341003	1.7498271110275474
Q9BPZ2	esm	4	0.6931471805599453	1.6520959937076227
Q9BQ15	esm	4	0.6931471805599453	1.8243912004162792
Q9BQ39	esm	4	1.3862943611198906	2.260409648968598
Q9BQ95	esm	4	0.6931471805599453	0.9371814604804232
Q9BQI0	esm	4	1.6094379124341003	1.2813609253723426
Q9BQQ3	esm	4	0.6931471805599453	1.1612911804150219
Q9BQT8	esm	4	0.6931471805599453	1.7610361131722876
Q9BR76	esm	4	1.6094379124341003	1.7601682595621633
Q9BRQ6	esm	4	1.0986122886681096	0.9787575931610986
Q9BRR8	esm	4	1.0986122886681096	1.745313005840807
Q9BRT9	esm	4	0.6931471805599453	0.9802688067064103
Q9BRU9	esm	4	1.3862943611198906	1.4119199817483765
Q9BSJ5	esm	4	0.6931471805599453	1.3098925112603241
Q9BT23	esm	4	1.3862943611198906	1.2237258020122292
Q9BT73	esm	4	0.6931471805599453	1.2614822854369363
Q9BUJ2	esm	4	2.197224577336219	2.0916965727585497
Q9BUL5	esm	4	1.0986122886681096	1.4291716337972478
Q9BUT9	esm	4	0.6931471805599453	0.5985127978342972
Q9BV19	esm	4	0.6931471805599453	1.0229095894676985
Q9BVA1	esm	4	0.6931471805599453	1.3782633299602884
Q9BVC5	esm	4	1.0986122886681096	1.4124155849833153
Q9BVI0	esm	4	2.0794415416798357	1.6728944762559612
Q9BVJ6	esm	4	1.791759469228055	1.5159332793128584
Q9BVW5	esm	4	1.0986122886681096	1.361562984453369
Q9BW61	esm	4	0.6931471805599453	0.9562880403109295
Q9BW71	esm	4	1.6094379124341003	1.7016795321332685
Q9BW83	esm	4	0.6931471805599453	0.964579923422735
Q9BWT1	esm	4	1.0986122886681096	0.954623163778324
Q9BX66	esm	4	1.0986122886681096	1.3066724009549855
Q9BXS6	esm	4	2.197224577336219	1.8489271672791154
Q9BXT8	esm	4	0.6931471805599453	1.152547102231654
Q9BXX0	esm	4	0.6931471805599453	1.3428354422449624
Q9BYC9	esm	4	0.6931471805599453	1.6471354358819144
Q9BYN7	esm	4	0.6931471805599453	1.1545051904567771
Q9BYV1	esm	4	0.6931471805599453	1.3606111284114784
Q9BYW2	esm	4	2.0794415416798357	1.7406846977449069
Q9BZF1	esm	4	0.6931471805599453	1.3757078458562264
Q9BZI1	esm	4	0.6931471805599453	1.213658230612394
Q9BZQ8	esm	4	1.9459101490553132	1.6660114475224566
Q9BZX4	esm	4	0.6931471805599453	0.6622834017474204
Q9C040	esm	4	1.6094379124341003	1.5753830474634924
Q9C0H9	esm	4	0.6931471805599453	1.1876891841867006
Q9C0J8	esm	4	1.791759469228055	2.108921474006306
Q9C0J9	esm	4	0.6931471805599453	0.8109917123198027
Q9GZT6	esm	4	1.3862943611198906	1.204772709930124
Q9GZT9	esm	4	1.0986122886681096	1.377305953413695
Q9H078	esm	4	1.9459101490553132	1.5550093781236147
Q9H089	esm	4	0.6931471805599453	1.1452142931658253
Q9H098	esm	4	2.0794415416798357	1.3269468402986766
Q9H0C2	esm	4	1.0986122886681096	2.05306169096231
Q9H0G5	esm	4	2.4849066497880004	1.81029215287076
Q9H0H5	esm	4	1.0986122886681096	1.437826724162898
Q9H0N5	esm	4	1.6094379124341003	1.3262418122786501
Q9H1A4	esm	4	1.0986122886681096	0.9554836545391027
Q9H1A7	esm	4	0.6931471805599453	1.0783245184380423
Q9H204	esm	4	1.6094379124341003	0.7325354181698018
Q9H239	esm	4	1.6094379124341003	1.2344893575655451
Q9H2A2	esm	4	0.6931471805599453	1.6684140064242474
Q9H2K0	esm	4	0.6931471805599453	1.485997292744362
Q9H2Y7	esm	4	1.0986122886681096	1.548360926127664
Q9H444	esm	4	2.4849066497880004	1.833853440100298
Q9H4A6	esm	4	1.6094379124341003	1.4791830545354696
Q9H553	esm	4	0.6931471805599453	0.9919022478303655
Q9H5H4	esm	4	0.6931471805599453	1.249116415031913
Q9H5N1	esm	4	1.0986122886681096	0.8794959130209049
Q9H5Q4	esm	4	1.6094379124341003	1.2756434470049594
Q9H5U6	esm	4	0.6931471805599453	0.6073506177547747
Q9H6F5	esm	4	2.0794415416798357	1.388915019362032
Q9H6U6	esm	4	1.3862943611198906	0.609694994506371
Q9H777	esm	4	0.6931471805599453	1.5542837095564859
Q9H7H0	esm	4	0.6931471805599453	0.9280312044011372
Q9H7S9	esm	4	1.9459101490553132	1.5017887156649878
Q9H814	esm	4	1.9459101490553132	1.2817894191878947
Q9H871	esm	4	1.0986122886681096	1.0292671108417715
Q9H8E8	esm	4	1.3862943611198906	1.2694782074123236
Q9H8H0	esm	4	1.3862943611198906	1.3704893391171318
Q9H8H3	esm	4	1.3862943611198906	0.3894767604570992
Q9H8M2	esm	4	2.197224577336219	1.91842487451183
Q9H8Y5	esm	4	1.3862943611198906	0.8748040365692336
Q9H910	esm	4	1.791759469228055	1.444937691720764
Q9H944	esm	4	0.6931471805599453	1.3381026801633167
Q9H967	esm	4	1.6094379124341003	1.1358530235263269
Q9H9A5	esm	4	1.3862943611198906	1.2261424578622937
Q9HA47	esm	4	0.6931471805599453	1.2108322502704967
Q9HAF1	esm	4	2.3025850929940455	1.1472908224480074
Q9HAU0	esm	4	0.6931471805599453	1.2177862787687155
Q9HAU5	esm	4	1.0986122886681096	1.9479018385660056
Q9HAV7	esm	4	2.70805020110221	1.9062578590813346
Q9HBG6	esm	4	0.6931471805599453	1.6501867527177825
Q9HBH1	esm	4	0.6931471805599453	0.6634793915070117
Q9HBM6	esm	4	1.3862943611198906	1.4300555444172665
Q9HC84	esm	4	1.6094379124341003	1.0829532644540678
Q9HCM7	esm	4	0.6931471805599453	1.6468993802919099
Q9HCN8	esm	4	0.6931471805599453	1.0312303275698276
Q9HCS4	esm	4	0.6931471805599453	1.3823661227360613
Q9HCS7	esm	4	1.6094379124341003	1.9069368187274458
Q9NP72	esm	4	1.0986122886681096	1.231890873375377
Q9NP79	esm	4	1.9459101490553132	1.6577115759945988
Q9NPA8	esm	4	1.6094379124341003	1.6958341434645856
Q9NPD8	esm	4	1.0986122886681096	1.1580842524943002
Q9NPG3	esm	4	3.0910424533583156	2.013046659770513
Q9NPQ8	esm	4	0.6931471805599453	1.1915440648730862
Q9NQ29	esm	4	1.6094379124341003	1.5297991391703303
Q9NQ55	esm	4	1.3862943611198906	1.346750334260763
Q9NQC7	esm	4	1.0986122886681096	1.5114780125454514
Q9NQG5	esm	4	1.0986122886681096	1.833359830273457
Q9NQH7	esm	4	0.6931471805599453	1.4149559029370247
Q9NQV6	esm	4	0.6931471805599453	1.2439595334938467
Q9NQW7	esm	4	2.0794415416798357	1.7016015044260002
Q9NQY0	esm	4	1.3862943611198906	1.7849046991644482
Q9NR30	esm	4	3.2188758248682006	2.595989649528878
Q9NR33	esm	4	0.6931471805599453	0.7331052900197874
Q9NR99	esm	4	0.6931471805599453	1.1332733585855501
Q9NRA8	esm	4	1.3862943611198906	1.9429495569608703
Q9NRG0	esm	4	1.0986122886681096	0.9030251853935052
Q9NRK6	esm	4	1.0986122886681096	1.15649629628177
Q9NRN5	esm	4	0.6931471805599453	1.48571588739162
Q9NRX2	esm	4	0.6931471805599453	0.9458856090757524
Q9NRX4	esm	4	1.791759469228055	1.3537880341202266
Q9NRY4	esm	4	1.3862943611198906	1.3403729210516468
Q9NS15	esm	4	0.6931471805599453	1.4376840364604093
Q9NS37	esm	4	1.791759469228055	1.1003687642073734
Q9NTK5	esm	4	2.9444389791664403	2.523111796360021
Q9NUK0	esm	4	0.6931471805599453	1.3768950609785293
Q9NUQ8	esm	4	1.6094379124341003	1.6038996498442168
Q9NV35	esm	4	0.6931471805599453	1.3853327700634919
Q9NV70	esm	4	1.9459101490553132	1.3514960796486
Q9NV88	esm	4	1.0986122886681096	1.4263916285234721
Q9NVC6	esm	4	1.791759469228055	1.3859526613332656
Q9NVH6	esm	4	2.0794415416798357	0.9950547372423827
Q9NVI1	esm	4	1.6094379124341003	1.5593172947933904
Q9NVI7	esm	4	2.833213344056216	1.813586682465042
Q9NVK5	esm	4	0.6931471805599453	0.45709790770040437
Q9NVM6	esm	4	1.3862943611198906	1.384754954237616
Q9NVP1	esm	4	2.6390573296152584	1.8694398257944407
Q9NVR0	esm	4	0.6931471805599453	1.0950390486615629
Q9NVV4	esm	4	1.791759469228055	0.7701506145869964
Q9NVZ3	esm	4	1.0986122886681096	1.2179895687671407
Q9NWF9	esm	4	1.6094379124341003	1.49003446362849
Q9NWQ8	esm	4	0.6931471805599453	0.3628311400076929
Q9NWS8	esm	4	1.0986122886681096	1.1645119678258233
Q9NWT1	esm	4	1.6094379124341003	1.746613910084643
Q9NWU5	esm	4	0.6931471805599453	1.0760173493920029
Q9NWV8	esm	4	0.6931471805599453	0.9593219939609754
Q9NWY4	esm	4	2.197224577336219	1.8077344471161143
Q9NXA8	esm	4	0.6931471805599453	0.9707396463404763
Q9NXG2	esm	4	2.5649493574615367	1.68437103883236
Q9NXR7	esm	4	1.3862943611198906	0.7144076561604632
Q9NXV2	esm	4	0.6931471805599453	0.869355938194036
Q9NXV6	esm	4	2.3025850929940455	2.0927725055311237
Q9NY74	esm	4	0.6931471805599453	1.8956007608943994
Q9NYH9	esm	4	1.0986122886681096	1.9553325167445461
Q9NYL2	esm	4	1.0986122886681096	1.1695616027857876
Q9NYU2	esm	4	1.9459101490553132	1.6725068683429791
Q9NZ01	esm	4	2.3978952727983707	1.1959934049719443
Q9NZB2	esm	4	1.791759469228055	1.291153232629423
Q9NZI5	esm	4	1.3862943611198906	1.4439627702652131
Q9NZJ0	esm	4	0.6931471805599453	1.1451873724815975
Q9NZK5	esm	4	1.0986122886681096	1.2333533634647398
Q9NZM4	esm	4	1.6094379124341003	1.5844284189963498
Q9NZN3	esm	4	0.6931471805599453	1.7828337289707008
Q9NZN5	esm	4	1.0986122886681096	1.268134018971571
Q9NZT1	esm	4	1.0986122886681096	1.3222423486041979
Q9NZT2	esm	4	1.0986122886681096	1.1833770656457026
Q9P000	esm	4	0.6931471805599453	1.033747878633673
Q9P003	esm	4	0.6931471805599453	0.8299382695079272
Q9P016	esm	4	2.3978952727983707	2.0593327906716086
Q9P0I2	esm	4	1.0986122886681096	1.0223969250131166
Q9P0K7	esm	4	2.0794415416798357	1.5895827072866084
Q9P0L0	esm	4	2.197224577336219	1.8051582230424639
Q9P0U4	esm	4	1.0986122886681096	1.2859951334883788
Q9P0W2	esm	4	1.6094379124341003	1.1711614646471218
Q9P0Z9	esm	4	1.3862943611198906	1.3909019970733218
Q9P121	esm	4	0.6931471805599453	0.8376338223461832
Q9P1F3	esm	4	1.3862943611198906	1.6050315709398952
Q9P1Z0	esm	4	1.0986122886681096	0.9860043745645349
Q9P212	esm	4	0.6931471805599453	0.7996392365136391
Q9P253	esm	4	1.0986122886681096	1.3395530148821881
Q9P258	esm	4	2.6390573296152584	1.7433993008944042
Q9P278	esm	4	0.6931471805599453	0.77396360359213
Q9P289	esm	4	1.6094379124341003	1.6008928123904314
Q9P2F8	esm	4	1.3862943611198906	0.9506484236200062
Q9P2N5	esm	4	2.70805020110221	1.8757917157920574
Q9UBB9	esm	4	2.4849066497880004	1.7444810211301742
Q9UBD5	esm	4	1.791759469228055	1.224937194375728
Q9UBS3	esm	4	0.6931471805599453	1.5241917416634594
Q9UBT2	esm	4	2.9444389791664403	2.1026724905663685
Q9UBU7	esm	4	0.6931471805599453	0.9018802216381022
Q9UBU8	esm	4	1.3862943611198906	1.8780387390831008
Q9UBU9	esm	4	1.0986122886681096	1.7472559969183183
Q9UDR5	esm	4	2.5649493574615367	2.3624437348543452
Q9UF56	esm	4	1.0986122886681096	0.7672715397587424
Q9UFB7	esm	4	0.6931471805599453	1.0354104218239368
Q9UFH2	esm	4	1.0986122886681096	2.2196142378359003
Q9UFN0	esm	4	1.9459101490553132	2.2403542119503435
Q9UGI8	esm	4	2.70805020110221	1.4275283824025713
Q9UH73	esm	4	0.6931471805599453	1.2975376680153647
Q9UHD1	esm	4	1.9459101490553132	2.0924452605002015
Q9UHD2	esm	4	1.0986122886681096	1.3294228126875542
Q9UHG3	esm	4	1.6094379124341003	1.21266768831501
Q9UHK0	esm	4	0.6931471805599453	1.2386504440820898
Q9UHQ1	esm	4	0.6931471805599453	1.1276549501880013
Q9UHV9	esm	4	1.3862943611198906	2.382429911143191
Q9UIA9	esm	4	1.9459101490553132	1.6983088217279687
Q9UIG0	esm	4	2.9444389791664403	1.8933234597985797
Q9UJ68	esm	4	0.6931471805599453	1.0238339352054204
Q9UJV3	esm	4	0.6931471805599453	1.0698878016452236
Q9UJV9	esm	4	0.6931471805599453	1.9032041761587841
Q9UJY1	esm	4	0.6931471805599453	1.3104088801054894
Q9UKF6	esm	4	1.791759469228055	2.1252361776677637
Q9UKN8	esm	4	1.791759469228055	1.513429258509471
Q9UKS7	esm	4	1.3862943611198906	1.047385491958134
Q9UKU9	esm	4	0.6931471805599453	1.1860525822006487
Q9UKV3	esm	4	2.772588722239781	2.0362427283816333
Q9UL03	esm	4	1.0986122886681096	1.6084849460082196
Q9UL18	esm	4	1.6094379124341003	1.7753637247519853
Q9UL63	esm	4	1.3862943611198906	1.1039807940289843
Q9ULD4	esm	4	2.3025850929940455	1.513626328635691
Q9ULD9	esm	4	1.791759469228055	2.160129769657686
Q9ULJ6	esm	4	1.6094379124341003	1.3800502814018856
Q9ULP9	esm	4	1.9459101490553132	1.0044883074820816
Q9ULR0	esm	4	1.6094379124341003	1.5159922240686852
Q9ULT0	esm	4	0.6931471805599453	0.98842466751812
Q9ULU4	esm	4	2.197224577336219	2.002632370591768
Q9ULU8	esm	4	1.0986122886681096	1.4416776432704719
Q9UM13	esm	4	0.6931471805599453	1.2440269205383774
Q9UM54	esm	4	2.5649493574615367	2.194708663075381
Q9UM82	esm	4	0.6931471805599453	0.9046682908776138
Q9UMS4	esm	4	2.3025850929940455	1.643143608292567
Q9UMX1	esm	4	0.6931471805599453	1.1518287076720384
Q9UMY4	esm	4	1.0986122886681096	1.117534721639989
Q9UNX4	esm	4	2.0794415416798357	1.7441946576066851
Q9UPN3	esm	4	1.9459101490553132	2.196800470925738
Q9UPN9	esm	4	2.197224577336219	1.477653282237859
Q9UPR0	esm	4	1.0986122886681096	1.097742920430203
Q9UPT8	esm	4	2.3025850929940455	2.0449020350501006
Q9UPU5	esm	4	0.6931471805599453	1.5782600350245435
Q9UQ16	esm	4	0.6931471805599453	1.702129167515312
Q9UQ84	esm	4	0.6931471805599453	1.8508467805448592
Q9UQE7	esm	4	3.58351893845611	2.7732218311431973
Q9UQR1	esm	4	2.6390573296152584	1.79321126790165
Q9Y221	esm	4	1.9459101490553132	1.0713933137717768
Q9Y230	esm	4	2.3025850929940455	2.5572820880540066
Q9Y282	esm	4	1.0986122886681096	1.2195506598842507
Q9Y295	esm	4	1.9459101490553132	1.7704538060495767
Q9Y2D0	esm	4	1.3862943611198906	1.326765565748766
Q9Y2D9	esm	4	1.791759469228055	1.4885358396316153
Q9Y2H0	esm	4	1.0986122886681096	1.2062409858510126
Q9Y2I8	esm	4	0.6931471805599453	0.9646622283884818
Q9Y2J8	esm	4	1.0986122886681096	1.600009457772375
Q9Y2W1	esm	4	3.0910424533583156	2.1894246271373428
Q9Y2W2	esm	4	2.3978952727983707	1.8521559228455224
Q9Y2X7	esm	4	1.6094379124341003	0.7619783371676915
Q9Y2X9	esm	4	2.0794415416798357	1.6390385249432873
Q9Y2Z0	esm	4	2.197224577336219	1.8700202931916279
Q9Y324	esm	4	0.6931471805599453	1.885885753111289
Q9Y388	esm	4	0.6931471805599453	1.541969089307952
Q9Y3C4	esm	4	1.3862943611198906	1.4652736660568975
Q9Y3C6	esm	4	1.3862943611198906	1.595228951688129
Q9Y3C8	esm	4	1.791759469228055	1.5853314961838048
Q9Y3D6	esm	4	0.6931471805599453	1.414196524335717
Q9Y3P9	esm	4	2.0794415416798357	1.5646177356782416
Q9Y3X0	esm	4	0.6931471805599453	1.0659648724709183
Q9Y3Y4	esm	4	1.3862943611198906	1.6187970609243498
Q9Y4A5	esm	4	2.3978952727983707	1.6318289146319858
Q9Y4E8	esm	4	1.6094379124341003	1.8742477035735743
Q9Y4F3	esm	4	0.6931471805599453	1.174713942432443
Q9Y4I1	esm	4	2.0794415416798357	1.6861692684356782
Q9Y4K3	esm	4	0.6931471805599453	0.8882572226308151
Q9Y4P8	esm	4	1.3862943611198906	1.0314291691283342
Q9Y4W2	esm	4	1.3862943611198906	1.1676723102824158
Q9Y4Y9	esm	4	1.3862943611198906	1.1679748365480558
Q9Y534	esm	4	0.6931471805599453	0.8666604324912593
Q9Y5N6	esm	4	0.6931471805599453	1.2872250082762002
Q9Y5P4	esm	4	1.0986122886681096	1.2643493437469606
Q9Y5T5	esm	4	1.0986122886681096	1.7219493285815624
Q9Y5X1	esm	4	2.0794415416798357	1.7029328454236028
Q9Y606	esm	4	1.6094379124341003	1.2466128586375942
Q9Y623	esm	4	0.6931471805599453	3.1607353299180554
Q9Y639	esm	4	0.6931471805599453	1.0085617593173541
Q9Y657	esm	4	1.791759469228055	1.7746180039923036
Q9Y6A5	esm	4	1.6094379124341003	1.6471223528559569
Q9Y6A9	esm	4	0.6931471805599453	0.5031273933257732
Q9Y6B7	esm	4	0.6931471805599453	1.3873382091827182
Q9Y6D5	esm	4	1.0986122886681096	1.3880704111305453
Q9Y6D6	esm	4	1.0986122886681096	1.369215280401463
Q9Y6E2	esm	4	1.9459101490553132	1.9855985087515555
Q9Y6F1	esm	4	0.6931471805599453	1.3727764940029272
Q9Y6K9	esm	4	1.3862943611198906	0.9163307475348281
Q9Y6M5	esm	4	0.6931471805599453	0.7584450654111901
Q9Y6Q3	esm	4	1.0986122886681096	1.414176795924569
Q9Y6X8	esm	4	0.6931471805599453	1.4063462244889653
