accession,cluster_id,split
Q8WZ42,0,train
Q8WXI7,1,train
Q8NF91,2,train
Q7Z5P9,3,train
Q5VST9,4,train
Q03001,5,train
Q9UPN3,6,train
Q5CZC0,7,train
Q8WXH0,8,train
P20929,9,val
Q8WXG9,10,train
Q09666,11,train
Q8IVF2,12,train
Q9HC84,13,train
P98088,14,train
Q96RW7,15,train
Q9NU22,16,train
O14686,17,train
Q9UKN1,18,train
Q9Y6R7,19,train
B4DH59,20,train
Q5TAG4,20,train
A0A087WUL8,20,train
P0DPF2,20,train
Q63HN8,21,train
O75445,22,train
Q5T4S7,23,train
Q02817,24,train
Q9Y6V0,25,train
Q4G0P3,26,train
P58107,27,train
Q8NDA2,28,train
Q86UQ4,29,val
Q92736,30,train
Q15413,30,train
P21817,30,train
Q2LD37,31,train
Q6V0I7,32,train
Q8NEZ4,33,train
Q15751,34,train
Q9NR09,35,train
O95714,36,train
Q96M86,37,val
Q9P2P6,38,train
Q15149,39,val
P46783,39,val
Q9NQ39,39,val
O75592,40,train
P98164,41,train
Q14204,42,train
Q8TE73,43,train
Q96JB1,43,train
Q07954,44,train
Q9NZR2,44,train
Q9NYQ8,45,train
Q8TDW7,45,train
Q14517,45,train
Q9NZJ4,46,test
P04114,47,train
Q16609,48,test
P00747,48,test
P08519,48,test
Q685J3,49,val
Q9UFH2,50,train
Q9NYC9,50,train
Q8IVF4,51,test
Q9P225,52,train
P98160,53,train
Q5THJ4,54,train
Q12955,55,train
Q7Z6Z7,56,train
Q8NCM8,57,train
P98161,58,train
Q8WXX0,59,train
Q8TD57,59,train
Q9P2D7,59,train
P22105,60,train
Q86WI1,61,train
Q8TCU4,62,test
Q9C0G6,63,train
P78527,64,val
P08F94,65,train
Q8N3K9,66,train
P20930,67,train
Q7Z7G8,68,train
Q86XX4,69,train
Q9Y4D8,70,train
Q03164,71,test
Q01484,72,val
Q9UPA5,73,train
Q96JG9,74,train
Q99996,75,train
Q9Y4A5,76,train
Q99698,77,train
Q709C8,78,train
Q7Z408,79,train
Q7Z407,79,train
Q15911,80,train
O15230,81,train
P11532,82,test
Q13474,82,test
Q9NRC6,83,test
Q96T58,84,train
Q96Q15,85,train
O60494,86,val
Q4LDE5,87,train
Q86UP3,88,train
Q70CQ2,89,train
Q9UKN7,90,train
Q8IZQ1,91,train
Q0VDD8,92,train
Q8IZT6,93,train
P78509,94,train
P46939,95,test
Q5T011,96,val
P51587,97,train
P13611,98,train
A4UGR9,99,train
Q9H251,100,train
O95613,101,val
Q16787,102,train
Q9HCU4,103,train
Q9NYQ6,103,train
Q9NYQ7,103,train
Q96JQ0,104,test
Q15772,105,train
Q14789,106,test
Q8N2C7,107,train
P46013,108,train
Q6ZRS2,109,test
P49792,110,train
P0DN26,110,train
P0DN37,110,train
A0A075B767,110,train
A6NKT7,110,train
Q9UNP9,110,train
Q7Z3J3,110,train
P0DJD0,110,train
O14715,110,train
Q9Y536,110,train
A0A0B4J2A2,110,train
P0DJD1,110,train
Q99666,110,train
P62937,110,train
P43487,110,train
P30405,110,train
Q9H799,111,train
Q6ZTR5,112,train
Q6ZS81,113,test
P12111,114,train
Q96RL7,115,train
Q5SZK8,116,train
P0C091,116,train
Q5T1H1,117,train
Q6ZTU2,118,train
Q96L91,118,train
P42858,119,train
O60673,120,val
P24043,121,train
P25391,121,train
Q5VT06,122,train
P49454,123,train
O60229,124,train
O75962,124,train
Q86VW2,124,train
Q96N23,125,train
Q6ZR08,126,train
Q12982,127,train
Q8WUY3,127,train
Q86WG3,127,train
Q99715,128,train
Q13315,129,val
Q8IYS8,130,train
Q96IK1,130,train
Q8NFC6,130,train
Q12830,131,train
Q9Y485,132,train
Q8TDJ6,132,train
Q8IWI9,133,train
O94915,134,train
Q5TBA9,134,train
Q8TD26,135,train
Q3L8U1,135,train
Q9P2D1,135,train
Q9HCK8,135,train
Q68DQ2,136,train
Q9NR48,137,train
O15417,138,train
O43149,139,train
O95359,140,train
Q8NFP9,141,test
P50851,141,test
Q02388,142,train
P02462,142,train
P08572,142,train
P29400,142,train
Q01955,142,train
P53420,142,train
Q14031,142,train
O15050,143,train
Q6V1P9,144,train
P35556,145,train
P35555,145,train
Q75N90,145,train
Q9Y520,146,train
Q6ZQQ6,147,train
P15924,148,train
Q5D862,149,train
Q86YZ3,149,train
Q8TDX9,150,train
Q7Z7M0,151,train
P25054,152,train
O15018,153,train
P21359,154,test
Q9NR99,155,train
P04275,156,train
Q12802,157,train
Q9Y493,158,train
P0CG35,158,train
Q6KC79,159,train
P78559,160,train
O95071,161,train
Q9BXT5,162,train
O75691,163,train
Q9P273,164,test
Q9UKZ4,164,test
Q9NT68,164,test
Q6N022,164,test
P01266,165,train
Q14571,166,train
Q14643,166,train
Q14573,166,train
Q6ZNJ1,167,test
Q9H5I5,168,train
Q9UQ35,169,train
P21333,170,train
Q14315,170,train
O75369,170,train
O60281,171,train
P15822,172,train
Q8IYW2,173,train
Q9UMN6,174,test
Q02224,175,train
Q96L73,176,train
O96028,176,train
Q6ZS30,177,train
Q7Z333,178,train
Q92616,179,train
Q6UB99,180,train
Q9BYK8,181,train
Q13535,182,val
Q9P281,183,train
Q9P2D8,184,train
Q99973,185,train
A6H8Y1,186,val
Q9Y2H9,187,train
Q6P0Q8,187,train
O60307,187,train
O15021,187,train
Q6WRI0,188,train
Q9UPU5,189,train
A6NMZ7,190,train
A8TX70,190,train
Q9ULT8,191,val
Q8IWZ3,192,train
O75179,192,train
Q9C0D2,193,train
Q86UK0,194,train
O75417,195,train
Q9HCE0,196,val
Q9C0A1,197,test
Q9NY15,198,train
O00507,199,test
Q93008,199,test
Q8IUG5,200,train
Q9H254,201,train
Q9BYW2,202,train
P0DPK3,203,train
P46531,203,train
Q9UM47,203,train
Q04721,203,train
Q8WWQ8,204,train
P42345,205,test
B2RTY4,206,train
Q9Y490,207,train
Q9Y4G6,207,train
Q15652,208,train
Q68DK2,209,val
Q8TEP8,210,test
P16112,211,val
Q5S007,212,train
Q92508,213,train
Q8IWT3,214,train
Q2M2H8,215,train
O43451,215,train
P14410,215,train
Q9Y618,216,train
P49327,217,val
O00555,218,train
Q96JM2,219,train
P46100,220,train
P11717,221,train
Q8IVL1,222,train
Q12923,223,train
Q96AY4,224,val
O15078,225,test
Q5UIP0,226,train
Q13813,227,train
P46821,228,train
Q5JWR5,229,val
Q7Z442,230,train
Q13085,231,train
O00763,231,train
Q8NDH2,232,val
P31629,233,train
Q96JI7,234,train
Q9BV73,235,train
Q92793,236,val
Q09472,236,val
O75376,237,train
Q6W4X9,238,train
Q9BZC7,239,train
Q5VWN6,240,train
P18583,241,train
Q7Z2Y8,242,train
P02549,243,train
Q9UGM3,244,train
O43866,244,train
Q5T1R4,245,train
Q8IWN7,246,train
Q01082,247,test
P11277,247,test
O15020,247,test
P02751,248,train
Q8IVL0,249,val
Q9H4A3,250,train
O95180,251,val
O43497,251,val
A5YKK6,252,train
A2RRP1,253,train
Q6PRD1,254,train
Q9H2D6,255,train
P12270,256,train
O15027,257,train
Q9HCK1,258,train
Q4AC94,259,test
A6NE01,260,train
P00451,261,test
P08922,262,test
Q96KF2,262,test
Q5VU43,263,train
Q8NG31,264,train
Q9H6A9,265,train
Q96RV3,265,train
A6NKB5,265,train
Q00975,266,train
Q15878,266,train
Q6P2Q9,267,train
Q3ZCN5,268,train
Q7Z7A1,269,train
Q6UVK1,270,train
Q6RI45,271,train
Q9NSI6,271,train
Q8WWQ0,271,train
Q13023,272,test
P23470,273,train
P23471,273,train
O95996,274,train
Q9P212,275,train
Q9Y3R5,276,val
Q9Y3S1,277,train
Q07864,278,train
O14497,279,train
Q5VUA4,280,train
O95477,281,train
P78363,281,train
O60287,282,train
Q8WYP5,283,train
Q9Y2F5,284,test
Q9NTG1,285,val
Q9C0G0,286,train
Q9C0F0,287,train
Q68DE3,288,test
O75165,289,train
Q9H869,290,train
Q3T8J9,290,train
Q9BTC0,291,test
Q8NFD5,292,train
Q14667,293,train
Q13439,294,train
Q5JSZ5,295,train
Q86VV8,296,train
P27708,297,val
P31327,297,val
P12259,298,train
Q9P0X4,299,train
Q6Q759,300,train
Q13936,301,train
Q01668,301,train
Q9Y6J0,302,train
Q13402,303,train
Q8NB66,304,train
O14795,304,train
Q9UPW8,304,train
Q92673,305,train
O95425,306,train
Q7Z5N4,307,train
Q58EX2,307,train
Q9UHV7,308,val
Q71F56,308,val
P50748,309,train
Q8N3C0,310,val
P24821,311,train
Q8N201,312,train
Q96BY6,313,train
Q5H8C1,314,train
Q5TH69,315,train
Q93074,316,val
Q86YW9,316,val
Q86TB3,317,test
Q99102,318,train
Q9UIF8,319,train
Q9Y566,320,train
Q13459,321,val
P48634,322,test
Q5VYJ5,323,train
P56715,324,train
O75443,325,test
Q5THK1,326,train
P49750,327,test
Q8IZY2,328,val
Q9H583,329,test
Q96HP0,330,train
Q96N67,330,train
O75643,331,train
Q8NFU7,332,train
Q9ULL4,333,val
O43157,333,val
Q14674,334,train
Q6PIF6,335,train
Q14980,336,train
Q12789,337,train
Q2KJY2,338,train
Q86YA3,339,train
Q5HYC2,340,train
P42356,341,train
A4QPH2,341,train
Q8NF50,342,train
Q9Y2I7,343,train
O60522,344,train
P35658,345,train
Q8N4C6,346,train
Q14676,347,val
A7KAX9,348,train
Q9NZM1,349,train
O75923,349,train
E9PAV3,350,train
Q9BZK3,350,train
Q9H009,350,train
Q13765,350,train
Q96BY7,351,train
Q5JSL3,352,train
Q9BZ29,352,train
Q8WYB5,353,test
Q86XA9,354,train
Q9P2D3,354,train
O75970,355,train
O00468,356,val
Q8IVV2,357,train
Q14686,358,train
Q96PE2,359,train
Q6UB98,360,train
Q9HD67,361,train
A0AVI2,362,train
Q92614,363,train
O60469,364,train
Q8TD84,364,train
Q8IYD8,365,train
Q92576,366,train
P17927,367,train
Q2VPA4,367,train
Q6GYQ0,368,train
P51610,369,val
Q9Y5Z7,369,val
Q92817,370,test
Q14008,371,train
Q8IZD9,372,train
Q8N1I0,372,train
Q9P219,373,train
Q3V6T2,373,train
O14578,374,train
P53804,375,train
Q15154,376,train
Q9BX84,377,val
Q5TZA2,378,val
Q15858,379,train
P35499,379,train
P35498,379,train
Q14524,379,train
Q9NY46,379,train
Q9UQD0,379,train
Q99250,379,train
Q38SD2,380,train
Q92621,381,val
A6NHR9,382,train
Q92794,383,val
Q99466,384,val
Q7RTP6,385,train
O94851,385,train
Q6N021,386,train
Q12873,387,train
Q8TDI0,387,train
Q14839,387,train
P23467,388,train
Q9HC10,389,train
Q2WGJ9,389,train
Q8TF72,390,train
P35749,391,train
P35579,391,train
P35580,391,train
Q7Z406,391,train
Q14669,392,train
Q9C0D5,393,train
Q9HCD6,393,train
O60293,394,val
Q8NEV8,395,train
Q68DN1,396,train
Q9Y623,397,train
P13533,397,train
Q9UKX3,397,train
Q9Y2K3,397,train
Q9H6N6,397,train
P12882,397,train
P13535,397,train
A7E2Y1,397,train
P12883,397,train
P11055,397,train
Q9UKX2,397,train
Q9UKL3,398,train
O60318,399,train
Q15643,400,train
Q14966,401,train
Q12888,402,train
P24928,403,train
Q6ZMW3,404,train
Q05BV3,404,train
Q9UPS6,405,train
Q8NDV7,406,train
Q9UGU0,407,test
Q5T5U3,408,train
Q6YHU6,409,train
Q9HCM3,410,test
Q4ZG55,411,train
P18433,412,train
P10586,412,train
Q13332,412,train
P23468,412,train
P23469,412,train
Q9H1A4,413,val
Q5T5P2,414,train
Q07283,415,train
P42694,416,train
Q562E7,417,train
A6QL64,418,train
Q8N2N9,418,train
Q5JPF3,418,train
Q2TAZ0,419,train
Q9P2N4,420,val
P59510,420,val
P09848,421,train
Q9H227,421,train
Q6ZU64,422,train
Q9Y4D7,423,val
Q9C091,424,test
Q9UPY3,425,val
Q8TDM6,426,train
Q9P2E3,427,train
Q15746,428,train
Q13129,429,train
Q5TCS8,430,train
Q7Z2Z1,431,train
O14513,432,test
Q7Z401,433,train
Q5VZ89,433,train
Q5JRA6,434,train
Q96L96,435,train
Q7Z5J4,436,train
Q9Y4B5,437,train
Q5TF21,437,train
O75096,438,val
Q9UIF9,439,train
A3KMH1,440,test
Q9UKA4,441,train
Q9P2P1,442,train
O75147,443,train
P51805,444,train
Q9UIW2,444,train
O75051,444,train
Q9HCM2,444,train
Q4ZHG4,445,train
Q96SN8,446,train
Q5VU65,447,train
Q8TEM1,447,train
Q6ZT12,448,train
Q8IZJ3,449,train
Q92545,450,train
Q9H2Y7,451,train
Q9ULI4,452,train
P16157,453,test
Q8NEY1,454,train
Q13698,455,train
Q8N7Z5,456,train
Q2PPJ7,457,train
Q8IZX4,458,val
P21675,458,val
Q14690,459,train
Q14185,460,train
Q92608,460,train
Q9H7D0,460,train
Q86WG5,461,train
O95248,461,train
Q86WI3,462,train
Q96QT4,463,train
P38398,464,test
P29122,465,train
Q92824,465,train
P16519,465,train
P29120,465,train
P09958,465,train
Q92538,466,test
Q9Y6X6,467,train
Q9P242,467,train
Q8IZD2,468,test
O95153,469,train
Q9ULV0,470,train
Q9Y4I1,470,train
Q9NQX4,470,train
Q96MT7,471,train
Q9Y6D6,472,train
Q9Y6D5,472,train
O14981,473,train
Q6ZVL6,474,test
Q5VYK3,475,test
Q9UL36,476,train
Q96QE3,477,train
Q14997,478,train
Q702N8,479,train
O15031,480,train
P02452,481,train
P02458,481,train
P05997,481,train
P12107,481,train
Q5TAT6,481,train
P08123,481,train
P02461,481,train
Q9BXS0,481,train
P20908,481,train
P25940,481,train
A7E2V4,482,train
Q68CP9,483,train
Q8IY92,484,train
Q9UPQ9,485,train
O15015,486,train
O14646,487,train
O14647,487,train
P11137,488,train
Q9NQT8,489,val
Q9H1H9,489,val
P55196,490,train
Q16363,491,train
Q9C093,492,train
P16144,493,train
Q14767,494,val
Q96Q89,495,train
Q96RT7,496,train
P52948,497,test
O60333,498,train
Q12756,498,train
Q69YN4,499,train
Q5JV73,500,train
P49815,501,train
Q9BY89,502,train
Q9P2F8,503,train
O60292,503,train
O43166,503,train
Q460N5,504,val
Q5VW36,505,train
Q8NI35,506,train
Q9BYP7,507,val
P55268,508,train
P07942,508,train
Q05707,509,train
A9Z1Z3,510,train
D6RIA3,511,train
Q7Z6E9,512,train
Q9BXP8,513,train
Q13219,513,train
Q9UI33,514,train
M0R2J8,515,train
Q02952,516,train
Q9ULH0,517,train
Q86UW6,518,val
O94822,519,train
Q8N6G6,520,train
P82987,520,train
Q7LBC6,521,test
A4D0S4,522,val
Q86V15,523,train
O60437,524,train
Q8IWV8,525,train
Q8IWV7,525,train
Q6W2J9,526,test
P39060,527,train
Q5SRE5,528,train
Q76NI1,529,train
Q9UG01,530,train
Q07157,531,train
Q96KV7,532,train
Q9HCM1,533,train
Q9H792,534,val
P0C0L4,535,train
P0C0L5,535,train
Q9ULI1,536,train
Q9Y4F3,537,train
Q8IZF0,538,train
Q2KHR3,539,train
Q9HBL0,540,train
Q5VT25,541,train
Q9Y5S2,541,train
Q09013,541,train
Q9HCF6,542,train
Q7Z4N2,542,train
Q9BYB0,543,train
Q86VF7,544,test
Q9C0C2,545,train
Q7KZ85,546,train
Q9UKK3,547,val
Q8N1P7,548,train
Q9Y4K1,548,train
Q96JM4,549,train
Q9NZ56,550,train
O60449,551,train
Q14766,552,train
Q15811,553,train
Q9NZM3,553,train
O95602,554,val
Q9Y4F4,555,test
Q13029,556,train
Q7Z3U7,557,train
O60346,558,train
Q6ZVD8,558,train
Q17RW2,559,train
Q5H9U9,560,train
Q8IY21,560,train
Q9HDB5,561,train
P58401,561,train
Q9Y4C0,561,train
Q9ULB1,561,train
P58400,561,train
Q9P2S2,561,train
Q5H9F3,562,train
Q6NSI1,563,train
Q9UPS8,563,train
O94986,564,train
Q9BZZ2,565,val
Q9ULL0,566,val
Q6R327,567,train
O15047,568,val
Q8IZH2,569,train
Q8N1W1,570,train
Q8WZ64,571,train
Q99758,572,train
Q9P1Z9,573,val
Q8IVF5,574,train
Q2M3C7,575,train
Q14999,576,train
O75038,577,val
Q4KWH8,577,val
Q86UR5,578,val
Q9UJD0,578,val
Q8N9V7,579,train
Q9HCJ0,580,train
Q9BY66,581,train
P29375,581,train
Q9UGL1,581,train
P41229,581,train
Q86U86,582,test
Q92766,583,val
P52746,584,train
O00443,585,train
O00750,585,train
P58397,586,test
Q9UKP4,586,test
P52179,587,train
Q70EL1,588,train
Q8IWJ2,589,train
Q8WWI1,590,train
Q149N8,591,val
P63313,592,train
Q01118,592,train
Q5JPB2,593,train
P01031,594,test
Q00610,595,train
P53675,595,train
A6NES4,596,train
O75037,597,train
Q7Z4S6,597,train
Q9Y6Y1,598,test
Q9UK61,599,train
Q5T200,600,train
Q8N7X0,601,train
Q8NDM7,602,train
Q5VV67,603,val
Q9H0J4,604,train
Q8WZ74,605,train
P01024,606,train
O43151,607,val
Q70Z35,608,test
Q8TCU6,608,test
Q9C0I4,609,test
Q9UPZ6,609,test
Q96Q42,610,train
P46940,611,train
Q86VI3,611,train
Q13576,611,train
H7BZ55,612,train
Q6T4R5,613,val
Q9HCK4,614,train
Q9Y6N7,614,train
O95785,615,train
Q9P1Y6,616,val
Q9P2K8,617,val
Q15058,618,test
Q8WXG6,619,train
P51531,620,train
P51532,620,train
Q5TAX3,621,test
O15054,622,train
Q8IUA7,623,train
Q8WWZ7,623,train
Q8NDA8,624,train
Q9UFD9,625,train
A6NNM3,625,train
Q9H3S7,626,test
Q96QE4,627,train
O60309,627,train
Q9BTT6,628,train
Q14160,628,train
P11388,629,train
Q02880,629,train
Q8NFW1,630,train
Q8N2S1,631,val
Q9BXT8,632,train
A6NE52,633,train
P48681,634,test
Q13395,635,test
Q9P2K1,636,train
P29376,637,train
Q9UM73,637,train
O60303,638,train
Q8N139,639,val
Q4W5N1,639,val
Q8WWZ4,639,val
O94911,639,val
Q8NEV4,640,train
Q8WXR4,640,train
Q13796,641,train
P26358,642,train
O75197,643,train
O75581,643,train
Q5SYE7,644,train
Q96PN6,645,train
A2VDJ0,646,test
O95631,647,train
P11047,647,train
Q9Y6N6,647,train
Q9Y6R4,648,train
Q96RK0,649,train
Q76N89,650,train
Q9P2P5,650,train
Q8NFA0,651,train
P35125,651,train
Q07092,652,train
O75140,653,test
Q5TGY3,654,train
Q5T5Y3,655,train
Q9Y4G8,656,train
Q8TEU7,656,train
Q04637,657,train
O43432,657,train
Q8IW93,658,test
Q12774,658,test
A5YM69,658,test
Q9Y6X0,659,train
Q8TDY2,660,train
Q8NI27,661,train
P56381,661,train
Q13009,662,train
Q8N2E2,663,train
Q9Y4F5,664,train
Q5K651,665,train
Q8IVG5,665,train
Q9GZU2,666,train
Q9NZV7,666,train
P10070,667,train
Q7Z745,668,train
O60241,669,train
Q5SW79,670,train
Q96L14,670,train
O60242,671,train
O14514,671,train
Q9C0B2,672,train
Q7Z2Y5,673,train
O60706,674,train
Q09428,674,train
Q15648,675,train
P10071,676,train
Q5SYB0,677,val
Q6XZF7,678,train
Q9P265,679,train
Q9Y2E4,679,train
Q14689,679,train
Q6ZQQ2,680,train
A1L4H1,681,train
O15056,682,train
O43426,682,train
O60486,683,train
Q6ZWJ8,684,test
Q9P2R6,685,train
O15061,686,test
Q149M9,687,train
Q6PGP7,688,train
O15069,689,train
Q96JN8,690,train
Q5T890,691,train
Q9NZM4,692,val
Q9ULG1,693,train
Q9NRL2,694,train
O94913,695,test
Q9NYU2,696,test
Q9NYU1,696,test
Q6DT37,697,train
Q9NRD9,698,train
Q9NRD8,698,train
Q5VZL5,699,train
O95789,699,train
Q92887,700,train
P33527,700,train
O15438,700,train
Q8WWN8,701,train
Q9NZN5,702,train
Q9NRJ4,703,train
O75095,704,train
Q8IXJ9,705,train
Q7Z3T8,706,train
Q7Z460,707,train
O75122,707,train
Q12766,708,train
Q96NW7,709,train
Q8TEK3,710,test
O75094,711,train
O94813,711,train
O75093,711,train
Q9BVV6,712,train
P35573,713,train
O94916,714,train
Q96JP2,715,train
Q5RHP9,716,train
Q9BX26,717,train
Q96QB1,718,test
Q92502,718,test
Q9Y3M8,718,test
Q14146,719,train
Q96F81,720,test
Q8N3D4,721,train
Q92547,722,train
O15085,723,train
Q8TER5,724,train
O60336,725,test
O43379,725,test
Q5QGS0,726,train
Q8N2Y8,727,train
Q9P2D6,728,test
Q13233,729,train
Q14004,730,train
P50750,730,train
Q9NYV4,730,train
Q9ULD9,731,train
P07814,732,train
Q8TEQ6,733,train
Q9Y4B6,734,train
P57071,735,train
P39880,736,train
Q13948,736,train
Q9Y2I1,737,train
Q8IWU2,738,test
O95255,739,test
O94759,740,train
A4FU69,741,train
Q13017,742,train
Q9NRY4,742,train
Q9UKJ3,743,train
Q5THR3,744,train
P35670,745,train
Q04656,745,train
O94823,746,train
Q9P241,746,train
O60312,746,train
Q86UU0,747,train
Q08378,748,train
P42695,749,train
Q8IWB6,750,train
Q9UMD9,751,test
O75064,752,train
Q5VYS8,753,test
Q86X10,754,val
Q9P267,755,train
Q8IVE3,756,test
Q9ULM0,756,test
Q9ULL8,757,train
P0DP91,758,test
Q03468,758,test
Q5T3U5,759,train
Q96QZ7,760,test
Q9P227,761,train
Q9Y4E6,762,test
Q08AD1,763,train
Q13428,764,train
Q6DN90,765,train
Q5JU85,765,train
O14529,766,train
O60306,767,train
Q12879,768,train
Q13224,768,train
Q14957,768,train
O15399,768,train
Q9BXF3,769,train
Q6AHZ1,770,train
Q9UIG0,771,train
P20742,772,train
P01023,772,train
Q5TCQ9,773,train
P13569,774,test
Q9UBG0,775,train
Q92626,776,val
Q14C86,777,train
Q9BQS8,778,train
A6NC98,779,test
P49790,780,train
O95490,781,train
O94910,781,train
Q9HAR2,781,train
Q9C000,782,train
Q9Y2G2,782,train
Q9UPX8,783,val
Q5SXM2,784,train
Q5SNV9,785,val
Q9Y4B4,786,train
Q5VTT5,787,train
P54296,787,train
Q15596,788,train
A0JNW5,789,train
Q6BDS2,789,train
Q13018,790,train
Q99590,791,train
P30414,792,train
Q6ZNL6,793,train
P09884,794,train
Q96RY7,795,val
Q92859,796,train
P43146,796,train
Q9BXM0,797,train
Q5VT52,798,train
Q96Q04,799,train
Q9UPV0,800,train
Q6P1J6,801,train
Q9ULI0,802,train
Q6PL18,802,train
P22897,803,train
Q86UL8,804,train
O15360,805,train
O60244,806,train
Q5T9S5,807,train
A8K2U0,808,train
Q6ZRR7,809,train
Q86VB7,810,test
Q9NR16,810,test
Q9UHC1,811,train
P28827,812,val
Q92729,812,val
O14522,812,val
Q9BXW9,813,val
Q6ZP82,814,train
Q96P48,815,train
Q13635,816,train
Q29RF7,817,test
Q9NTI5,817,test
O14924,818,train
O43665,818,train
O75747,819,train
Q6YHK3,820,test
Q6ZUB1,821,train
Q68CZ2,822,train
Q2M1Z3,823,val
Q5VXU9,824,train
Q10570,825,train
Q9C0A6,826,test
Q15788,827,val
Q96T23,828,train
Q15262,829,train
Q7Z591,830,train
P30622,831,train
Q9UDT6,831,train
Q9BZ95,832,train
O15440,833,train
Q12769,834,train
Q9Y2L5,835,train
Q711Q0,836,val
A2PYH4,837,train
Q76L83,838,train
Q6F5E8,839,train
P29475,840,train
P29474,840,train
Q7Z5J8,841,train
O43314,842,train
Q6PFW1,842,train
Q14191,843,train
Q6IE36,844,train
Q8WXD9,845,train
Q8WXE0,845,train
Q9UNF1,846,train
Q12816,846,train
O43293,847,train
Q9UIK4,847,train
P53355,847,train
Q6ZV73,848,val
Q9H6S0,849,train
Q9ULJ7,850,test
Q5VV63,851,train
O75882,851,train
Q8N3P4,852,train
Q14207,853,train
Q3MJ40,854,train
Q6NUI1,854,train
Q8IYA2,854,train
A2RUR9,854,train
Q76LX8,855,train
O75161,856,train
O00512,857,train
O95405,858,train
Q9Y6Q9,859,test
Q4ADV7,860,train
O94964,861,train
Q8WYL5,862,train
Q76I76,862,train
Q2V2M9,863,train
Q9ULM3,864,train
Q86US8,865,train
Q68DA7,866,train
P54132,867,train
Q9BZF9,868,test
Q8TER0,869,train
B1AJZ9,870,test
Q86UF2,871,train
Q96PC5,871,train
Q96RT6,871,train
Q8IX94,871,train
A4FU28,871,train
Q96RT1,872,train
Q9UQ26,873,train
Q9H426,873,train
O15014,874,train
O15040,875,train
Q15075,876,train
Q9P2E9,877,train
Q7Z3K3,878,train
Q63HR2,879,train
Q86YV5,880,train
Q49AJ0,881,train
P82279,882,train
Q9NXG0,883,train
Q92954,884,train
Q13075,885,train
Q5TB80,886,train
A7MBM2,887,train
Q86VH2,888,train
O14607,889,train
O15550,889,train
Q6P2E9,890,train
Q15021,891,train
Q04912,892,train
Q9BY12,893,test
Q9BXX3,894,train
Q9BXX2,894,train
Q8WWL7,895,val
Q92628,896,train
Q96D09,897,train
Q5JY77,897,train
P42704,898,train
Q9BWH6,899,train
Q9H2M9,900,train
A3KN83,901,train
Q9P2K9,902,train
O75694,903,train
O14802,904,train
P08581,905,train
O75116,906,train
Q13464,906,train
Q9NS87,907,test
Q8NET4,908,train
P39059,909,train
Q9H7P9,910,train
Q96MS0,911,train
Q6P158,912,train
Q96M83,913,train
Q9ULL1,914,train
P78357,915,train
Q8WX93,916,train
Q9UHN6,917,train
Q9Y2I6,918,train
Q14152,919,train
Q8NDG6,920,train
P06213,921,train
P08069,921,train
Q9ULI3,922,train
O75976,923,train
P14384,923,train
Q96HA7,924,train
Q86UU1,925,test
Q9UBW7,926,train
Q8IY17,927,train
Q6ZV29,927,train
Q14112,928,train
Q96K76,929,train
Q6ZN16,930,train
Q99683,930,train
O95382,930,train
Q6ZMQ8,931,test
Q9NRR4,932,train
Q8ND23,933,train
Q5VZK9,934,train
Q14202,935,train
Q5JR59,936,train
O15013,937,train
Q9HCE6,937,train
Q7Z478,938,train
Q5T7B8,939,test
Q9ULK4,940,train
Q9Y2G9,941,train
Q2KHR2,942,train
P35968,943,train
P35916,943,train
Q15059,944,train
O60885,944,train
Q6ZSZ5,945,train
Q8WUJ3,946,test
P52701,947,train
O95819,948,val
Q9UKE5,948,val
Q8N4C8,948,val
Q96J65,949,train
Q9UHC9,950,train
Q9P266,951,train
Q99570,952,train
A6NKG5,953,train
Q92752,954,test
Q96Q06,955,train
Q86UP2,956,train
Q8TEW0,957,train
Q12767,958,train
Q9ULU8,959,test
Q86UW7,959,test
O60503,960,train
Q9P2D0,961,test
Q70CQ4,962,train
Q14678,963,test
Q9BZ72,964,val
A4D1E1,965,test
Q9UPX0,966,train
Q9BZA7,967,val
Q9BZA8,967,val
Q9HC56,967,val
Q92823,968,train
O94856,968,train
Q6ZU65,969,train
Q9H6K5,970,train
Q9H0D2,971,train
Q8IZF2,972,test
Q2M1P5,973,train
Q96PV0,974,train
P21860,975,train
P00533,975,train
P04626,975,train
Q15303,975,train
Q8NEZ3,976,train
Q9H4Z2,977,train
Q9Y4E1,978,train
Q641Q2,978,train
Q9UKV3,979,val
O14525,980,train
O75129,980,train
Q9HAW4,981,train
Q9HC77,982,train
P17948,983,test
O15067,984,train
P47989,985,train
Q06278,985,train
Q8IWK6,986,train
Q96PE1,986,train
Q9Y4H2,987,train
Q12913,988,val
Q8TE82,989,val
Q04118,990,train
Q9C0J8,990,train
Q9UPT6,991,train
O60271,991,train
Q9Y2K7,992,train
Q8NHM5,992,train
Q8N6C5,993,test
Q8N122,994,train
Q07889,995,test
Q07890,995,test
O95163,996,train
Q14005,997,train
Q9UHC6,998,train
Q9BZ76,998,train
Q9C0A0,998,train
Q8WYK1,998,train
Q7Z494,999,val
Q9HCH0,1000,train
Q56UN5,1001,train
Q9NVI1,1002,test
Q9BQG0,1003,val
O95271,1004,train
Q9H2K2,1004,train
Q9H582,1005,val
Q6TFL3,1006,val
O15439,1007,train
Q6R2W3,1008,train
Q9H9J4,1009,test
Q9BXA9,1010,train
Q9NSC2,1010,train
Q96RG2,1011,train
Q7Z589,1012,test
Q14CM0,1013,train
Q8IZU2,1014,val
O14594,1015,train
Q9Y2K2,1016,train
Q9Y4C1,1017,val
Q5TCY1,1018,train
O95342,1019,test
P21439,1019,test
P08183,1019,test
Q86TC9,1020,train
Q10571,1021,train
Q96PU5,1022,train
P46934,1022,train
Q5DID0,1023,train
O94966,1024,train
Q6P2S7,1025,train
Q96L93,1026,train
Q7Z4L5,1027,test
Q68CZ1,1028,train
Q9NRP7,1029,train
Q5XPI4,1030,train
Q9UMZ2,1031,train
Q99700,1032,train
Q4LE39,1033,test
Q92878,1034,test
Q9H7N4,1035,val
O14976,1036,train
Q96K83,1037,train
Q2M1K9,1037,train
P51816,1038,train
Q9BYE9,1039,val
Q68DX3,1040,test
O75153,1041,train
Q86UK5,1042,train
P08575,1043,train
P12821,1044,train
O75533,1045,test
Q9NS15,1046,train
Q9UPT8,1047,train
Q0VF96,1048,train
O95155,1049,train
Q9HCE3,1050,train
O15090,1051,train
O43520,1052,train
O60423,1052,train
Q6P4R8,1053,test
Q9UQP3,1054,train
Q6Y7W6,1055,train
Q96KQ7,1056,train
Q9H9B1,1056,train
O60343,1057,val
Q9C0C7,1058,test
Q5JTH9,1059,train
Q9UM54,1060,train
Q9BX66,1061,train
Q9C0C9,1062,train
Q15047,1063,train
O94854,1064,train
O15534,1065,train
P16885,1066,val
P19174,1066,val
A6NGG8,1067,train
O14841,1068,train
Q8TF17,1069,train
Q9NTJ3,1070,train
Q6ZUT9,1071,train
Q6IQ26,1071,train
O14559,1072,train
Q15468,1073,test
Q4KMG0,1074,train
Q96KN7,1075,train
Q5IJ48,1076,train
Q9P218,1077,val
O43933,1078,train
Q6WKZ4,1079,train
Q14692,1080,train
Q6EMB2,1081,train
Q9UHF7,1082,train
A6NHJ4,1083,train
Q14590,1083,train
A2RRD8,1083,train
Q6ZMV8,1083,train
Q14587,1083,train
Q14593,1083,train
Q5MCW4,1083,train
Q6ZN19,1083,train
Q8TF20,1083,train
Q8NEM1,1083,train
P17038,1083,train
Q02386,1083,train
Q86YE8,1083,train
Q9UK13,1083,train
Q9UII5,1083,train
Q96SE7,1083,train
Q96IR2,1083,train
Q9H8G1,1083,train
Q2M3X9,1083,train
Q9P255,1083,train
Q9HCL3,1083,train
Q03924,1083,train
Q8NB50,1083,train
P52744,1083,train
Q8TAQ5,1083,train
Q8IYN0,1083,train
Q8TF32,1083,train
Q96MU6,1083,train
Q86XU0,1083,train
Q32M78,1083,train
O75290,1083,train
Q96H40,1083,train
Q8TD23,1083,train
Q6ZNG1,1083,train
Q9UC06,1083,train
O14628,1083,train
Q2M3W8,1083,train
Q8N823,1083,train
A8MQ14,1083,train
Q6ZN06,1083,train
Q03923,1083,train
Q05481,1083,train
Q86Y25,1083,train
Q8N7M2,1083,train
Q9UK10,1083,train
P0DKX0,1083,train
P0CB33,1083,train
A6NN14,1083,train
Q6ZN08,1083,train
Q86XN6,1083,train
Q03938,1083,train
P35789,1083,train
B4DX44,1083,train
P17035,1083,train
Q8N8J6,1083,train
O95780,1083,train
A8MUV8,1083,train
Q8WXB4,1083,train
Q6P3V2,1083,train
Q2VY69,1083,train
Q9H7R5,1083,train
Q6ZNA1,1083,train
Q8N9Z0,1083,train
Q6PF04,1083,train
Q8IYB9,1083,train
Q8NE65,1083,train
Q8IW36,1083,train
P51508,1083,train
Q5HY98,1083,train
O75437,1083,train
Q9UJW7,1083,train
Q5SXM1,1083,train
Q5JVG8,1083,train
Q9Y2Q1,1083,train
Q0VGE8,1083,train
Q9NYT6,1083,train
Q96N58,1083,train
Q14588,1083,train
Q3SXZ3,1083,train
A8MTY0,1083,train
A6NNF4,1083,train
Q9P2J8,1083,train
B4DXR9,1083,train
Q9NV72,1083,train
Q96JC4,1083,train
Q5JVG2,1083,train
Q08AN1,1083,train
Q6ZR52,1083,train
Q8N4W9,1083,train
Q96LW1,1083,train
Q9Y473,1083,train
O43345,1083,train
Q3ZCX4,1083,train
P17025,1083,train
Q9UJU3,1083,train
A6NK75,1083,train
Q96NG8,1083,train
P0DPD5,1083,train
Q6PDB4,1083,train
P0CJ79,1083,train
Q9NSJ1,1083,train
Q8N782,1083,train
O75820,1083,train
P17019,1083,train
Q8WV37,1083,train
Q8N859,1083,train
A6NP11,1083,train
Q96JF6,1083,train
Q15928,1083,train
Q9HCG1,1083,train
Q96N38,1083,train
Q86UE3,1083,train
O75373,1083,train
P17097,1083,train
Q7L2R6,1083,train
Q03936,1083,train
Q14586,1083,train
Q5VIY5,1083,train
Q9NZL3,1083,train
Q12770,1084,train
Q9UPP5,1085,train
O15118,1086,val
Q14203,1087,train
Q7L576,1088,train
Q96F07,1088,train
O95428,1089,val
Q9HAZ2,1090,train
O00370,1091,train
Q8IV33,1092,train
Q96C45,1093,test
Q5TIA1,1094,train
Q14896,1095,val
Q5VU97,1096,train
Q92797,1097,train
Q96ST3,1098,train
Q13972,1099,train
O14827,1099,train
O60610,1100,train
Q9HAU5,1101,train
P11274,1102,train
Q12979,1102,train
Q96PX9,1103,train
Q9UPN6,1104,train
Q5KSL6,1105,train
Q9ULD2,1106,train
Q6VMQ6,1107,train
Q08211,1108,train
Q13045,1109,train
Q8WXC6,1109,train
Q96RY5,1110,val
Q00341,1111,train
O95486,1112,train
O95487,1112,train
P69849,1113,train
Q15155,1113,train
Q5JPE7,1113,train
Q92610,1114,train
O95759,1115,train
Q6ZT07,1115,train
Q66K14,1115,train
Q99707,1116,train
Q562F6,1117,train
P78312,1118,train
Q8NE09,1119,train
P26640,1120,train
Q5ST30,1120,train
P41252,1121,train
Q52LW3,1122,train
O95622,1123,train
O43306,1123,train
O75128,1124,test
P48553,1125,train
P28290,1126,train
Q8WXX7,1127,train
Q96PY6,1128,train
P0CL83,1129,train
Q8N3U4,1129,train
Q9UJ98,1129,train
Q8WVM7,1129,train
Q92835,1130,train
O15357,1130,train
O75334,1131,train
Q13136,1131,train
Q96NH3,1132,train
P29374,1133,train
Q2M3G0,1134,train
P32004,1135,train
O14654,1136,train
Q3T906,1137,train
Q1MSJ5,1138,val
P15941,1139,test
O15055,1140,train
Q9UBS9,1141,train
Q86SQ0,1142,test
Q9UBZ9,1143,train
P40145,1144,train
Q86VF2,1145,train
Q14028,1146,train
Q9NQW8,1146,train
Q2NKX8,1147,train
Q70E73,1148,val
Q7Z5R6,1148,val
Q96MR6,1149,train
Q8TDY8,1150,train
Q9UJ55,1151,val
Q96MG7,1151,val
P29144,1152,train
Q9P1Y5,1153,train
Q96HA1,1154,train
A6NF01,1154,train
A8CG34,1154,train
Q9BX63,1155,train
O14604,1156,test
Q27J81,1156,test
O14727,1157,train
Q7Z6G8,1158,train
P14543,1159,val
A6NM62,1160,val
P10745,1161,train
O75995,1162,val
Q9NSI8,1162,val
O94885,1162,val
Q15477,1163,train
Q92833,1164,test
Q00169,1165,train
P48739,1165,train
Q9BZ71,1165,train
O00562,1165,train
Q6IQ55,1166,test
Q96QP1,1167,train
Q9P243,1168,val
Q6ZRQ5,1169,val
Q96J92,1170,train
Q16720,1171,test
Q01814,1171,test
P20020,1171,test
P23634,1171,test
Q8N398,1172,val
A8K8P3,1173,train
P35568,1174,train
O60500,1175,test
Q9BZV3,1176,val
Q9HBG6,1177,val
P04920,1178,train
P48751,1178,train
Q9NUA8,1179,train
P54098,1180,val
Q3B7T1,1181,val
Q9Y219,1182,train
P78504,1182,train
Q8N1G0,1183,train
Q8NHU2,1184,val
Q86VP6,1185,train
O75155,1185,train
Q12791,1186,train
Q9H0E9,1187,val
Q9H2G2,1188,train
Q14683,1189,train
Q8NDV3,1189,train
Q9UL54,1190,train
Q9H2K8,1190,train
Q7L7X3,1190,train
Q9NVE5,1191,train
P46020,1192,train
P46019,1192,train
Q01970,1193,train
O95239,1194,test
Q2VIQ3,1194,test
Q6ZU35,1195,train
Q9HCE9,1196,train
Q8NDI1,1197,train
P08603,1198,train
Q9BXR6,1198,train
Q03591,1198,train
P36980,1198,train
O00411,1199,train
Q5JUK3,1200,val
Q6UVM3,1200,val
Q03112,1201,train
Q13201,1202,val
Q8IWY9,1203,val
Q92620,1204,train
Q5T481,1205,train
Q9UPW5,1206,train
P51826,1207,train
P55265,1208,train
Q9H7F0,1209,train
Q99569,1210,train
Q9UQB3,1210,train
Q9BZH6,1211,train
Q8TE57,1212,train
P53621,1213,val
Q6ZS17,1214,train
O95450,1215,train
Q8WXS8,1215,train
O15072,1215,train
Q96JH7,1216,train
Q96PQ0,1217,val
Q8WY21,1217,val
Q9UPU3,1217,val
Q8IX06,1218,val
Q8N1G1,1218,val
P0C843,1218,val
Q86SQ4,1219,val
Q9H5Z1,1220,train
O60231,1220,train
Q14562,1220,train
Q9H6R0,1220,train
O43143,1220,train
Q86XP1,1221,train
Q16760,1221,train
O94979,1222,train
Q9NQW1,1222,train
O60841,1223,train
Q5T1M5,1224,train
A1L390,1225,train
Q9NZ71,1226,train
Q2NKJ3,1227,train
Q9UQE7,1228,test
Q15393,1229,test
Q14687,1230,train
Q9NQ66,1231,train
Q00722,1231,train
Q9P260,1232,val
Q16827,1233,train
Q6ZMY3,1234,train
O15016,1235,val
Q9ULL5,1236,train
Q9P217,1237,train
Q9H7M6,1237,train
Q9HCJ5,1237,train
Q5T848,1238,train
Q9UBN7,1239,train
Q86Z02,1240,test
Q9H2X6,1240,test
Q9H422,1240,test
P0C2Y1,1241,train
Q86T75,1241,train
Q9H094,1241,train
Q6P3W6,1241,train
Q3BBV0,1241,train
P0DPF3,1241,train
Q3BBV2,1241,train
P55201,1242,train
O95696,1242,train
O60315,1243,train
Q9NZQ8,1244,train
Q8TD43,1244,train
Q6U841,1245,train
Q9Y6M7,1245,train
Q9Y6R1,1245,train
Q2Y0W8,1245,train
Q96Q91,1245,train
Q8TAQ2,1246,val
Q92922,1246,val
Q4L180,1247,train
Q7Z7B0,1247,train
P55017,1248,train
Q13621,1248,train
P55011,1248,train
Q8IZU8,1249,train
P41594,1250,test
Q13255,1250,test
Q9BXT6,1251,train
A4D2P6,1252,train
P51825,1253,train
Q7Z570,1254,train
Q5T8A7,1255,train
Q8TF62,1256,train
P98198,1256,train
O00533,1257,train
O94761,1258,train
Q9UNS1,1259,train
Q86Y13,1260,train
P01133,1261,train
Q8TE59,1262,train
Q8TEW8,1263,train
Q9ULD4,1264,train
Q53EP0,1265,train
Q9Y2H6,1265,train
Q9HAV4,1266,train
Q9H0H0,1267,val
Q53SF7,1268,train
Q9HD20,1269,train
Q9UL51,1270,val
Q9P1Z3,1270,val
Q9Y3Q4,1270,val
O60741,1270,val
Q504Q3,1271,train
O94983,1272,train
P56645,1273,train
Q96PN7,1274,train
Q5JYT7,1275,train
Q14679,1276,train
Q6P1X5,1277,train
Q13615,1278,test
Q9NYA4,1278,test
A2RUS2,1279,train
P49796,1280,train
P49798,1280,train
P57771,1280,train
P41220,1280,train
O15492,1280,train
O95347,1281,test
Q9P2M7,1282,train
Q9NS40,1283,train
Q12809,1283,train
Q9H252,1283,train
Q8N157,1284,train
Q8NAP3,1285,train
O75335,1286,train
O75145,1286,train
Q5VT97,1287,train
Q7L2E3,1288,test
O75054,1289,train
O60879,1290,train
Q9NSV4,1290,train
Q96R06,1291,train
Q13753,1292,train
Q6AWC2,1293,train
Q9NQC3,1294,train
Q9BTW9,1295,train
Q9UPQ3,1296,train
Q96P47,1296,train
Q99490,1296,train
Q58EX7,1297,train
Q5TC82,1298,val
Q9HBD1,1298,val
Q9P2F6,1299,train
Q7Z5K2,1300,train
Q9UDY2,1301,train
Q5VZ46,1302,train
P54259,1303,train
Q9UJF2,1304,train
Q5VWQ8,1304,train
Q8N5P1,1305,val
P61129,1305,val
O43593,1306,train
Q6PIJ6,1307,train
Q14865,1308,train
Q5T0Z8,1309,train
Q9UKX5,1310,train
Q9Y2Q0,1311,train
Q9NTI2,1311,train
Q15678,1312,train
Q16825,1312,train
P29597,1313,train
P23458,1313,train
O94812,1314,train
Q14671,1315,train
Q8TB72,1315,train
Q9UL68,1316,train
Q01538,1316,train
O60284,1316,train
Q86YC2,1317,test
P28715,1318,train
Q9ULU4,1319,test
Q5T5C0,1320,train
Q9Y2K9,1320,train
Q9NPG4,1321,test
A6NCI4,1322,train
P98095,1323,train
Q8IUL8,1324,train
O75339,1324,train
Q99550,1325,train
Q9C0H9,1326,train
P07947,1327,test
P08631,1327,test
P12931,1327,test
P42684,1327,test
P00519,1327,test
P09769,1327,test
P06241,1327,test
Q9UPP2,1328,train
Q9P2L0,1329,train
P17301,1330,val
Q13683,1331,train
P23229,1331,train
Q6AI08,1332,train
Q9BXT4,1333,train
Q0VF49,1334,train
Q9H0B3,1335,train
Q9NQ11,1336,train
Q9P2J2,1337,train
P56199,1338,train
Q6ZRV2,1339,train
P38570,1340,train
Q92896,1341,train
P11498,1342,train
Q9C0B9,1343,test
Q4G0N8,1344,train
Q587J7,1345,train
Q5TEA3,1346,train
P98196,1347,train
Q9Y2G3,1347,train
Q8NB49,1347,train
Q9P2J5,1348,train
Q15147,1349,train
P30876,1350,train
Q2M389,1351,train
Q8IX21,1352,test
Q6PD62,1353,train
Q63HM2,1354,train
Q6ZWH5,1355,train
Q13751,1356,train
P07996,1357,train
P35442,1357,train
P49746,1357,train
P35443,1357,train
P49747,1357,train
O75132,1358,val
Q96EV2,1359,val
P20701,1360,train
O60290,1361,train
Q9P2R3,1362,val
Q86TI0,1363,test
Q76FK4,1364,train
Q8TF40,1365,train
P48357,1366,train
Q7Z6L1,1367,train
Q9H7Z3,1368,train
Q9Y613,1369,train
Q92574,1370,train
Q92618,1371,train
P20702,1372,val
Q13349,1372,val
P11215,1372,val
Q9UHB7,1373,train
O75182,1374,train
Q9UNY4,1375,train
Q9NSY1,1376,train
Q5H9B9,1376,train
Q2M2I8,1376,train
O14917,1377,test
Q12768,1378,train
Q09MP3,1379,train
Q6ZRH7,1380,train
P48552,1381,train
Q9BQS7,1382,train
P00450,1382,train
Q8IUX7,1383,train
Q96SM3,1383,train
Q8N436,1383,train
Q9BV47,1384,train
Q5VZP5,1384,train
P51452,1384,train
Q8IY37,1385,train
Q8WUM0,1386,train
Q8IZL2,1387,train
Q96JN2,1388,train
Q9H257,1389,train
Q9BXL7,1389,train
Q8NEN9,1390,train
P35228,1391,val
Q7RTW8,1392,train
O14617,1393,train
P27816,1394,train
O43847,1395,train
Q9Y2G1,1396,train
Q8WW38,1397,train
Q9C0E2,1398,train
Q13591,1399,train
Q9P283,1399,train
P49641,1400,train
Q16706,1400,train
Q9NY47,1401,val
P54289,1401,val
Q2VWP7,1402,train
Q06190,1403,train
Q9Y5P8,1403,train
Q9UP95,1404,val
Q9Y666,1404,val
Q9H2X9,1404,val
Q9UHW9,1404,val
Q8IX12,1405,train
A8MYU2,1406,test
Q8TBY9,1407,train
Q8TAB3,1408,train
P35251,1409,train
Q96Q05,1410,train
Q2NKQ1,1411,train
Q9NQV6,1412,train
Q12772,1413,train
P36956,1413,train
O95104,1414,train
O75110,1415,test
O43861,1415,test
Q9H6R4,1416,train
Q8TF21,1417,train
O60266,1418,val
Q14147,1419,train
Q9C0D6,1420,val
Q9NXL9,1421,train
Q86XI2,1422,train
O60732,1423,train
Q9UBF1,1423,train
P43363,1423,train
Q96LZ2,1423,train
Q9NRM1,1424,train
Q5SVZ6,1425,train
Q14993,1426,train
Q4G0X9,1427,val
Q14432,1428,train
Q13370,1428,train
Q13203,1429,test
Q00872,1429,test
Q14324,1429,test
Q96AE7,1430,train
A6NNT2,1431,test
A6BM72,1432,val
Q96KG7,1432,val
Q16531,1433,val
Q8NB25,1434,train
Q66GS9,1435,train
P28749,1436,train
Q08999,1436,train
A6NJU9,1437,train
O75200,1437,train
A6NHN6,1437,train
A6NJ64,1437,train
Q96JK9,1438,train
P35590,1439,train
Q02763,1439,train
O15068,1440,test
P20585,1441,train
Q8IZS8,1442,train
Q7Z3S7,1442,train
Q68D51,1443,val
Q9H6A0,1443,val
Q9ULE3,1443,val
P78524,1443,val
Q92540,1444,train
Q9BY07,1445,train
Q9UPM8,1446,test
Q9NP73,1447,train
O43795,1448,val
O00159,1448,val
Q9UBC5,1448,val
Q92619,1449,test
Q9HCL0,1450,train
Q9H9Y6,1451,train
Q5JTC6,1452,train
P18206,1453,train
Q9NPG3,1454,train
Q7RTY7,1455,val
B4DYI2,1456,train
Q92625,1457,train
Q9NW08,1458,test
Q7Z392,1459,train
Q5TCZ1,1460,train
Q8TES7,1461,train
Q86Y26,1462,train
Q6P0N0,1463,val
Q9P203,1464,train
Q9Y2H2,1465,train
Q68CR1,1466,test
P52333,1467,train
O60674,1467,train
P46379,1468,train
Q6IQ32,1469,train
P33076,1470,train
Q8IZL8,1471,train
Q15208,1472,train
Q9NRM7,1472,train
Q9Y2H1,1472,train
O95835,1472,train
Q92900,1473,train
O75717,1474,train
Q8TDY4,1475,train
O43150,1475,train
Q9ULH1,1475,train
Q9UPZ3,1476,train
Q9Y2A7,1477,train
P55160,1477,train
Q9Y3R0,1478,train
Q9C0E4,1478,train
Q13625,1479,val
Q6IMN6,1480,train
Q15111,1481,train
Q9UPR0,1481,train
O15164,1482,train
Q9UPN9,1482,train
Q8IWB9,1483,train
Q96QU8,1484,train
Q2UY09,1485,train
P37275,1486,val
Q9NQW6,1487,train
Q9P275,1488,train
P78332,1489,val
Q70EL4,1490,train
P56524,1491,train
Q9UQL6,1491,train
Q8WUI4,1491,train
Q9UKV0,1491,train
Q16821,1492,train
Q6IQ23,1493,test
Q9NNW5,1494,train
Q5T0N1,1495,test
Q12986,1496,val
Q0IIM8,1497,train
Q7Z2Z2,1498,train
Q96JA1,1499,train
Q6UXM1,1499,train
O94898,1499,train
O75762,1500,train
Q9HBR0,1501,train
Q14157,1502,train
Q5T6F2,1502,train
Q08828,1503,train
P40818,1504,train
Q5T035,1505,train
Q9NZB2,1505,train
Q14126,1506,val
O75912,1507,train
Q13574,1507,train
Q9P2H0,1508,train
Q69YQ0,1509,val
P63128,1510,val
Q9H324,1511,train
Q9UKP5,1511,train
Q9HAU0,1512,train
O15083,1513,train
Q8IUD2,1513,train
Q9NZJ5,1514,train
Q9HD43,1515,train
Q8TCU5,1516,train
O60391,1516,train
Q01804,1517,val
Q9BWV1,1518,train
Q9P278,1519,train
P07949,1520,train
Q86YR7,1521,train
Q5M9N0,1522,train
Q8IX03,1523,test
Q9GZR1,1524,train
Q12965,1525,val
O00160,1525,val
Q14DG7,1526,train
Q8N3T6,1526,train
Q14C87,1526,train
Q96L42,1527,train
Q9UQ05,1527,train
P28340,1528,train
P09619,1529,train
P16234,1529,train
P08151,1530,train
O60518,1531,train
O00410,1531,train
Q7Z3B3,1532,train
P80192,1533,val
Q5TCX8,1533,val
Q16584,1533,val
Q02779,1533,val
A6QL63,1534,train
Q8N961,1534,train
Q7Z2W7,1535,train
Q9BSJ8,1536,train
O43896,1537,train
Q02846,1538,train
Q3MJ13,1539,train
P48736,1540,train
Q93009,1541,train
Q9H2P0,1542,train
Q8NCX0,1543,train
Q7Z6I6,1544,train
Q93073,1545,train
Q8IY18,1546,train
P53396,1547,test
Q8TDG4,1548,train
Q96PY5,1549,test
Q8IVF7,1549,test
O95466,1549,test
Q7Z5M5,1550,train
O94875,1551,train
O60721,1552,train
Q6ZN30,1553,train
Q9UBL0,1554,test
Q15032,1554,test
P0DMP2,1555,train
P98171,1555,train
Q7Z6B7,1555,train
P0DJJ0,1555,train
O75044,1555,train
O43295,1555,train
Q96SB3,1556,test
Q9ULJ8,1556,test
Q8NHU6,1557,train
O14776,1558,train
Q4L235,1559,train
P42702,1560,train
Q13127,1561,train
O75151,1562,test
Q6PKG0,1563,train
Q659C4,1563,train
O75164,1564,train
O94953,1564,train
Q6B0I6,1564,train
B2RXH2,1564,train
Q9NX05,1565,train
Q8TE56,1566,train
O00203,1567,train
Q13367,1567,train
Q9C0B7,1568,train
P53992,1569,train
O94855,1569,train
Q6ZU80,1570,test
Q86W24,1571,train
P82094,1572,train
Q93100,1573,train
Q9UMS6,1574,test
P55198,1575,train
Q5W0Q7,1576,val
Q9ULE0,1577,train
Q96SB8,1578,train
Q8NFM4,1579,train
Q08462,1579,train
P51828,1579,train
Q70J99,1580,train
Q96KQ4,1581,train
Q8TEQ8,1582,train
O43156,1583,train
Q9P2G1,1584,val
Q9ULH7,1585,train
Q9H2T7,1586,train
Q9UIA9,1586,train
Q8N1F8,1587,train
Q0VD83,1588,train
P00973,1589,train
Q9Y6K5,1589,train
P29728,1589,train
O00267,1590,train
Q9Y2J2,1591,train
Q8NG08,1592,val
Q13423,1593,train
O75808,1594,train
O43683,1595,train
O00268,1596,train
Q8N0W3,1597,train
Q4VCS5,1598,train
Q9UPQ0,1599,train
Q15386,1600,train
Q9ULD8,1601,train
Q9C0H5,1602,train
Q9UPN4,1603,train
Q8IX01,1604,test
B1ANS9,1605,train
Q17R98,1606,train
Q63HK5,1607,train
Q6ZSZ6,1607,train
Q8TEX9,1608,train
Q6AI39,1609,train
Q6ZRK6,1610,train
Q5FWF4,1611,train
Q8IZF5,1612,train
Q5VYM1,1613,train
Q9Y4D1,1614,train
Q86T65,1614,train
P41180,1615,train
Q13905,1616,test
Q96RU2,1617,train
Q9UHP3,1617,train
Q05469,1618,train
O60524,1619,val
A5PLK6,1620,train
Q8N8A2,1621,train
Q8NB46,1621,train
O15084,1621,train
Q32MH5,1622,train
Q86V48,1623,val
Q12968,1624,test
Q14934,1624,test
O95644,1624,test
Q96JH8,1625,train
B2RU33,1626,train
Q6S8J3,1626,train
A5A3E0,1626,train
Q6S5H5,1626,train
P0CG38,1626,train
P0CG39,1626,train
Q9BYX7,1626,train
Q9BYD9,1626,train
P63267,1626,train
P63261,1626,train
Q562R1,1626,train
P62736,1626,train
P42025,1626,train
P68133,1626,train
P60709,1626,train
P61163,1626,train
P68032,1626,train
P61160,1626,train
Q7Z7G0,1627,train
Q8WWM7,1628,train
Q9C0D4,1629,train
Q96KR1,1630,train
Q13393,1631,train
Q6UY14,1632,train
Q70EK8,1633,test
Q99576,1634,train
Q15714,1634,train
Q9H2E6,1635,train
Q8NFY4,1635,train
P25092,1636,train
Q96EP0,1637,test
Q8IZA0,1638,train
Q5VV43,1638,train
O14980,1639,train
O95206,1640,train
P42338,1641,train
O00329,1641,train
Q13308,1642,train
O15063,1643,train
O60245,1644,train
Q08174,1644,train
Q6ZW49,1645,train
B7ZAP0,1646,train
Q5R372,1646,train
Q9Y3P9,1646,train
Q5M775,1647,train
Q7Z3V4,1648,train
P42336,1649,train
Q9Y4F9,1650,train
P55197,1651,train
O75146,1652,train
O00291,1652,train
O75526,1653,train
Q8N7X1,1653,train
Q8NF64,1654,train
Q9ULJ6,1654,train
Q8TDZ2,1655,train
Q14139,1656,train
Q96MI9,1657,train
Q8WVS4,1658,train
Q9ULJ3,1659,train
Q76G19,1660,test
Q9UPQ7,1660,test
Q6ZMN7,1660,test
Q96DN5,1661,val
Q96S38,1662,train
Q7RTR2,1663,test
Q9Y283,1664,train
Q15334,1665,train
Q6P1M3,1665,train
Q9NQ38,1666,train
P00995,1666,train
P08648,1667,train
P53708,1667,train
P06756,1667,train
P08514,1667,train
A0A096LP49,1668,train
Q9NX02,1669,train
Q8WX94,1669,train
O94827,1670,test
Q9Y4E5,1671,train
P20594,1672,train
P16066,1672,train
Q9UPP1,1673,train
Q9P2N5,1674,train
Q96JE7,1675,train
Q9ULE4,1676,train
P51530,1677,train
Q66K74,1678,val
Q5EBL2,1679,train
Q9NYW8,1680,train
Q15072,1680,train
O75123,1680,train
Q9BY31,1680,train
P17031,1680,train
Q96NJ6,1680,train
Q9UJW8,1680,train
Q06730,1680,train
P0CG24,1680,train
Q52M93,1680,train
Q7Z3V5,1680,train
Q86WZ6,1680,train
Q6ZMW2,1680,train
P17041,1680,train
Q2M218,1680,train
P51523,1680,train
Q96SK3,1680,train
P17027,1680,train
P17039,1680,train
Q06732,1680,train
Q86T29,1680,train
Q9Y2H8,1680,train
Q3ZCT1,1680,train
P17014,1680,train
B7Z6K7,1680,train
P17032,1680,train
Q3MIS6,1680,train
P51814,1680,train
Q5TYW1,1680,train
Q7Z7L9,1680,train
Q6P2D0,1680,train
Q499Z4,1680,train
Q4V348,1680,train
Q09FC8,1680,train
Q14585,1680,train
Q5JUW0,1680,train
P0CJ78,1681,train
Q7Z410,1682,train
Q6JQN1,1683,train
P22314,1684,train
A0AVT1,1684,train
P41226,1684,train
Q6DHV5,1685,train
Q9BQI6,1686,test
P57678,1687,train
Q5GLZ8,1688,train
Q15034,1688,train
Q9Y4G2,1689,train
Q8NDX1,1690,train
P52732,1691,train
Q9H3R0,1692,train
O15197,1693,test
P29320,1693,test
P29323,1693,test
P29317,1693,test
P54760,1693,test
Q5JZY3,1693,test
P54764,1693,test
Q15375,1693,test
P54762,1693,test
P29322,1693,test
P54753,1693,test
P21709,1693,test
P54756,1693,test
Q8TF46,1694,train
Q03701,1695,train
P28370,1696,train
O60264,1696,train
O94887,1697,train
Q9Y4F1,1697,train
O14490,1698,train
Q9P1A6,1698,train
Q9BXX0,1699,train
O95625,1700,train
Q9UJQ4,1701,train
Q2KHT3,1702,train
Q14703,1703,train
Q9Y4C4,1704,val
O15034,1705,test
Q05397,1706,train
Q6ZP01,1707,train
P26006,1708,train
O60566,1709,test
Q96NW4,1710,train
Q9BQF6,1711,val
Q8IYT8,1712,train
O75385,1712,train
Q9NR97,1713,train
Q9NYK1,1713,train
Q02413,1714,train
Q86W28,1715,val
Q9NYI0,1716,train
O75362,1717,train
Q9Y2H5,1718,train
Q9H0E3,1719,train
Q9Y5B9,1720,train
P20936,1721,train
Q6ZRI6,1722,train
O15294,1723,train
Q9HCM7,1724,train
Q9NS56,1725,train
Q6PJG2,1726,train
Q5T2S8,1727,train
Q6ZRS4,1728,train
P17040,1729,train
Q8N8Y5,1729,train
P15918,1730,train
O14983,1731,train
P16615,1731,train
Q93084,1731,train
Q8NFZ0,1732,val
Q68E01,1733,train
P42285,1734,train
Q9Y5Q5,1735,train
Q96FS4,1736,test
Q8NB14,1737,train
Q9Y4D2,1738,train
Q96P70,1739,train
Q9P2E7,1740,train
Q9NTJ4,1741,test
Q9HC29,1742,val
Q6PJP8,1743,train
Q05DH4,1744,train
P32926,1745,test
Q86SJ6,1745,test
Q12860,1746,train
Q9P232,1746,train
Q02246,1746,train
Q8IWV2,1746,train
Q9UQ52,1746,train
P54707,1747,train
P13637,1747,train
P05023,1747,train
P20648,1747,train
P50993,1747,train
Q9Y2L6,1748,val
Q9P2Q2,1748,val
Q76KP1,1749,train
Q13873,1750,train
Q07912,1751,train
O95373,1752,train
O15397,1752,train
Q5VY43,1753,train
Q9BX69,1754,val
Q5JRX3,1755,train
P63092,1756,train
Q5JWF2,1756,train
P38405,1756,train
Q96P20,1757,train
Q9UF33,1758,train
Q9NZV1,1759,train
Q96KW2,1760,test
Q86UV5,1761,train
Q9P206,1762,train
Q5JRC9,1763,train
Q5HY64,1763,train
Q13797,1764,train
P13612,1764,train
O75420,1765,val
Q9NWH9,1766,test
Q9NRE2,1767,test
G9CGD6,1768,train
Q8WXI2,1768,train
Q6P9H4,1768,train
Q9H5P4,1769,train
P59045,1770,train
P20023,1771,train
Q9Y6X9,1772,train
Q9C099,1773,test
Q9BWT7,1774,train
Q9NR96,1775,test
P33176,1776,train
Q12840,1776,train
O60282,1776,train
O95197,1777,train
Q7L014,1778,val
P59923,1779,train
O14974,1780,train
Q96T76,1781,train
A5PL33,1782,train
O76039,1783,test
Q6ZMS4,1784,train
Q9Y6R6,1784,train
P17029,1784,train
Q9HCZ1,1784,train
P17020,1784,train
O14709,1784,train
P17036,1784,train
Q9H0M5,1784,train
O94892,1784,train
Q9P0L1,1784,train
Q9Y2P7,1784,train
Q99676,1784,train
Q9HBT7,1784,train
Q9ULM2,1784,train
Q9P2E2,1785,train
O15042,1786,train
Q6UXG2,1787,train
A8MWY0,1787,train
P12109,1788,train
Q4G0T1,1789,train
P07197,1790,train
P12036,1790,train
A4D0V7,1791,train
Q86WZ0,1792,train
Q9H4L7,1793,train
Q53GL7,1794,train
Q6WCQ1,1795,train
Q9H0A0,1796,train
Q12882,1797,test
Q9BYX4,1798,train
Q9UIQ6,1799,val
Q9NPP4,1800,train
A5PKW4,1801,train
Q9BQI7,1801,train
Q99575,1802,train
Q9UKU6,1803,train
Q9BYH1,1804,val
Q6UXD5,1804,val
Q53EL9,1804,val
Q9UII4,1805,train
Q8IVU3,1805,train
Q96RT8,1806,train
Q69YH5,1807,train
Q86YN6,1808,val
Q9ULD0,1809,train
Q02218,1809,train
Q6P4F7,1810,train
Q24JP5,1811,val
O94988,1812,train
Q8TBY8,1813,test
Q7Z6P3,1814,train
Q93033,1815,train
Q92834,1816,train
P23378,1817,train
P98073,1818,train
Q9BXU1,1819,train
Q8IWE5,1820,train
Q6ZUX3,1821,train
P14735,1822,train
Q6P9B9,1823,train
P12110,1824,test
O94832,1825,train
B0I1T2,1825,train
Q9P2H5,1826,train
Q6ZMP0,1827,train
A8MW92,1828,train
Q63HQ2,1829,train
Q8N3X1,1830,test
Q8IZP9,1831,val
Q9Y2M0,1832,test
P54198,1833,train
Q92585,1834,train
Q9Y6C2,1835,train
Q9UPR3,1836,train
Q92932,1837,train
Q16849,1837,train
E7EW31,1838,train
P13497,1839,train
Q9Y6L7,1839,train
O43897,1839,train
Q9BPX3,1840,train
O76041,1841,train
P09874,1842,train
Q5VVW2,1843,train
Q9P1Z0,1844,val
Q96AX9,1845,train
O75665,1846,train
Q9BVI0,1847,train
Q9UEF7,1848,train
Q9NSE4,1849,val
O43303,1850,val
Q5T1B0,1851,val
Q86W92,1852,train
O00754,1853,train
Q86YV0,1854,train
O95398,1855,train
Q92565,1855,train
Q8WZA2,1855,train
Q5T0W9,1856,train
P22102,1857,train
E0CX11,1857,train
Q9Y2E5,1858,train
Q8TEH3,1859,train
Q14289,1860,train
P49916,1861,test
O43424,1862,train
Q9ULK0,1862,train
Q14527,1863,test
Q9H2U1,1864,train
Q7Z2K8,1865,train
Q9Y5I4,1866,train
Q9Y5F6,1866,train
Q9Y5H2,1866,train
Q9Y5H3,1866,train
Q8WZ75,1867,train
Q5T8P6,1868,train
Q13523,1869,train
Q9Y467,1870,train
Q15735,1871,train
Q9BT40,1871,train
Q8IX07,1872,train
Q86YT6,1873,val
O43147,1874,train
Q6UXY8,1875,train
Q6ZVH7,1876,train
P11171,1877,test
Q9H4G0,1877,test
O43491,1877,test
P78364,1878,train
Q96QT6,1879,train
Q9BXL6,1880,train
Q7L3S4,1881,train
A6NFI3,1881,train
Q969F9,1882,train
Q9HCE1,1883,train
Q96DN6,1884,train
Q5XXA6,1885,train
Q9NQ90,1885,train
Q08379,1886,train
Q96JQ2,1887,train
Q5VTR2,1888,train
O75150,1888,train
Q2VWA4,1889,train
Q13472,1890,train
Q8IXT5,1891,train
Q8N283,1892,train
Q86YS7,1893,train
Q9Y6Y8,1894,train
Q12866,1895,train
P30530,1895,train
Q8IX30,1896,train
Q8IWY4,1896,train
Q9NQ36,1896,train
Q9Y4L1,1897,train
Q6DN12,1898,train
Q6DN14,1898,train
Q8IXT1,1899,val
Q2TAC6,1900,train
P78347,1901,train
Q6L9W6,1902,val
Q5HYA8,1903,train
Q5T7N3,1904,train
Q8N5C6,1905,train
Q75QN2,1906,train
Q7RTR0,1907,test
Q96MN2,1907,test
Q01954,1908,train
Q6ZNA4,1909,test
Q8N766,1910,train
P36888,1911,train
A0A0J9YWL9,1912,train
A0A0J9YY54,1912,train
P38935,1913,train
Q01968,1914,train
P32019,1914,train
Q9Y2H0,1915,train
Q92543,1916,train
Q92527,1917,train
Q8NF67,1917,train
Q8IVF6,1917,train
P57679,1918,val
O94762,1919,train
Q8ND04,1920,train
O75448,1921,val
O95259,1922,train
Q8NCM2,1922,train
Q6ZVD7,1923,train
Q8N9B5,1924,train
P35523,1925,val
P51788,1925,val
A0AUZ9,1926,train
Q92974,1927,train
Q8N960,1928,train
Q8TB24,1929,test
P49588,1930,train
Q5JTZ9,1930,train
Q6PKC3,1931,train
Q9NRA8,1932,train
Q16513,1933,train
Q86VD1,1934,train
Q6IEE7,1935,train
P08235,1936,train
Q5H8A4,1937,train
Q8NDX5,1938,train
O60237,1939,val
P22681,1940,train
Q13191,1940,train
Q9ULV8,1940,train
Q659A1,1941,train
O94985,1942,test
Q9H4D0,1942,test
Q9BQT9,1942,test
Q75V66,1943,train
Q4KMQ2,1943,train
Q9BYT9,1943,train
Q32M45,1943,train
Q13107,1944,train
Q9Y4E8,1944,train
Q15042,1945,train
Q5FWE3,1946,val
Q8NAT2,1947,train
O00423,1948,train
Q32P44,1948,train
O95834,1948,train
Q9HC35,1948,train
Q13608,1949,train
Q9P0K7,1950,train
P39086,1951,train
Q13003,1951,train
Q16099,1951,train
Q16478,1951,train
Q13002,1951,train
Q8WTW3,1952,train
Q99650,1953,test
Q8TD19,1954,train
Q86T82,1955,train
P22670,1956,test
P48378,1956,test
P48380,1956,test
Q86YH2,1957,train
Q6N043,1957,train
P59817,1957,train
Q8ND82,1957,train
P86452,1958,train
O95886,1959,train
Q6UB35,1960,train
P11586,1960,train
O94933,1961,train
O94991,1961,train
Q9P1Q0,1962,test
Q8IWR0,1963,test
Q9UGR2,1963,test
Q96T37,1964,train
P48995,1965,train
Q9UBN4,1965,train
Q9UL62,1965,train
Q9H987,1966,train
O94973,1967,test
O95782,1967,test
O75460,1968,val
Q96RD9,1969,train
Q96PE3,1970,train
Q86W56,1971,train
P10721,1972,train
P07333,1972,train
Q9Y2K5,1973,train
Q15431,1974,train
C9J069,1975,train
Q86UT6,1976,train
Q96G01,1977,train
Q8TD16,1977,train
Q6ZMZ3,1978,train
Q8WVB6,1979,train
Q9UI26,1980,val
Q9H694,1981,train
Q6PJI9,1982,train
O43182,1983,train
Q96A65,1984,train
P57103,1985,train
Q9UPR5,1985,train
P32418,1985,train
Q9P253,1986,train
P19021,1987,train
Q14CX7,1988,train
Q15029,1989,val
Q92622,1990,train
Q8N612,1991,train
O95980,1992,train
P55060,1993,train
O00444,1994,val
Q96H55,1995,train
Q9P107,1996,train
Q92771,1997,train
Q96FC9,1997,train
A8MPP1,1997,train
Q96RN1,1998,train
P19838,1999,train
O94804,2000,train
Q13563,2001,test
Q9Y5W8,2002,val
O00192,2003,train
O60716,2003,train
Q9BXB1,2004,train
O75473,2004,train
Q9HBX8,2004,train
Q2KHM9,2005,train
Q63HK3,2006,val
Q8IWY8,2006,val
B7ZC32,2007,train
P15144,2008,train
O75173,2009,train
Q8TE58,2009,train
Q9UNA0,2009,train
Q9UHI8,2009,train
Q9UP79,2009,train
Q12852,2010,train
O43283,2010,train
Q14596,2011,train
O75170,2012,train
Q5H9R7,2012,train
Q9UPN7,2012,train
P84550,2013,train
O94972,2014,test
Q96JG6,2015,train
Q6VY07,2016,train
Q86VP3,2016,train
Q14114,2017,train
P98155,2017,train
P01130,2017,train
Q7Z3J2,2018,train
P51784,2019,train
Q5U651,2020,train
Q9UPU7,2021,train
Q6ZN28,2022,train
Q9P0V3,2022,train
Q15020,2023,train
O94829,2024,train
P21399,2025,val
P48200,2025,val
Q96HW7,2026,train
O60763,2027,train
O43592,2028,train
Q9NVH2,2029,train
Q6NV74,2030,train
Q9Y5B0,2031,train
Q5JSP0,2032,train
Q96M96,2032,train
P98174,2032,train
Q7Z6J4,2032,train
Q9UBS5,2033,train
O60313,2034,train
Q9NZ08,2035,test
Q6P179,2035,test
Q9Y4C8,2036,train
Q02241,2037,train
P36776,2038,train
Q9H1B5,2039,train
Q86Y38,2039,train
Q9UHL9,2040,train
Q8N5R6,2041,train
Q9Y2L1,2042,test
Q9UL01,2043,train
Q9HCI5,2044,train
Q9HAY2,2044,train
O75400,2045,test
Q6NWY9,2045,test
Q07075,2046,test
Q96P44,2047,train
O00339,2048,train
O15232,2048,train
Q9NQC7,2049,train
Q13111,2050,train
Q9H4I2,2051,train
Q8IY63,2052,train
Q9UK96,2053,test
Q8NFP4,2054,train
Q7Z553,2054,train
Q9Y2W1,2055,test
Q7Z4H7,2056,train
O43184,2057,train
Q9BZ11,2057,train
Q9H013,2057,train
Q8N8E3,2058,train
Q9Y2S6,2059,train
Q8IYE0,2059,train
Q5T7W0,2060,train
Q9NZC9,2061,train
Q9Y239,2062,train
Q6UXZ4,2063,val
Q8IZJ1,2063,val
O95185,2063,val
Q49A88,2064,train
Q86VM9,2065,train
Q8TCN5,2066,train
Q99460,2067,train
O60296,2068,train
Q9UPV9,2068,train
Q15424,2069,train
Q14151,2069,train
Q60I27,2070,train
P35221,2071,val
P26232,2071,val
Q9UI47,2071,val
P53618,2072,test
A2RUB1,2073,val
P10253,2074,test
Q8N6Y1,2075,test
Q0P6D6,2076,train
Q5T0F9,2077,train
Q6P1N0,2077,train
Q8NI36,2078,test
Q12872,2079,train
Q9H8M5,2080,train
Q8NE01,2080,train
Q9NRU3,2080,train
Q6P4Q7,2080,train
Q86TH1,2081,train
Q9Y5H5,2082,train
Q9Y5I0,2082,train
Q9UN74,2082,train
Q9UN73,2082,train
Q9Y5E9,2082,train
Q9Y5I1,2082,train
Q9Y5E7,2082,train
Q9Y5H8,2082,train
Q9UN75,2082,train
Q9Y5I3,2082,train
Q9Y5I2,2082,train
Q9H1P3,2083,train
Q9BXW6,2083,train
Q9H0D6,2084,train
Q8TF05,2085,train
Q76M96,2086,train
Q8IVT5,2087,test
Q6VAB6,2087,test
Q8WYQ9,2088,val
Q9H8L6,2089,train
Q10567,2090,train
P63010,2090,train
Q86UP8,2091,train
Q6EKJ0,2091,train
A2RUB6,2092,train
Q8IXZ2,2093,train
Q99558,2094,train
Q8TBZ2,2095,test
Q58F21,2096,train
Q96MK2,2097,val
Q9Y5W7,2098,train
P27987,2099,train
P23677,2099,train
P19823,2100,train
Q9H3U1,2101,train
Q86XN7,2102,train
Q8TET4,2103,train
Q14697,2103,train
Q01973,2104,train
Q01974,2104,train
Q9UNX4,2105,train
Q14CN2,2106,train
Q9UQC9,2106,train
A8K7I4,2106,train
Q03188,2107,test
Q6P5Z2,2108,train
Q16512,2108,train
Q8NI08,2109,train
P52824,2110,train
Q96JK2,2111,train
Q9Y2K6,2112,train
Q8TEY7,2112,train
Q9ULD6,2113,test
Q86UX2,2114,train
O00408,2115,train
A5D8W1,2116,train
Q9UFE4,2117,train
O75899,2118,test
O94906,2119,train
Q9H270,2120,train
Q6ZMT4,2121,train
Q9P2S6,2122,train
Q8WY36,2123,test
Q01831,2124,train
Q96QC0,2125,train
Q8IYF3,2126,train
Q7Z7M9,2127,train
Q14149,2128,train
Q05586,2129,train
Q8IZQ8,2130,test
Q86XP3,2131,train
Q86XL3,2132,train
Q8TE76,2133,train
Q8TEV9,2134,train
Q8NCU4,2135,train
Q9ULT6,2136,val
Q6ULP2,2137,train
Q96C12,2138,train
Q9Y5G0,2139,train
Q9Y5F8,2139,train
Q9Y5H4,2139,train
Q9Y5G5,2139,train
Q9UN70,2139,train
Q9Y5G4,2139,train
Q9UN71,2139,train
Q9Y5F9,2139,train
Q9Y5G6,2139,train
Q9Y5G3,2139,train
Q9Y5H1,2139,train
Q9Y5H0,2139,train
Q9Y5G7,2139,train
P43246,2140,train
Q9H4L5,2141,train
Q9BZF2,2141,train
Q9BZF3,2141,train
Q9HCH5,2142,test
P13671,2143,val
Q9HCR9,2144,train
Q8IXF0,2145,train
Q6IWH7,2146,train
O14939,2147,train
P05164,2148,train
P07202,2148,train
P11678,2148,train
P22079,2148,train
P06401,2149,train
Q9NTZ6,2150,train
Q86TD4,2151,val
P54277,2152,train
Q9BZQ6,2153,test
O43525,2154,train
Q9NR82,2154,train
O95427,2155,train
Q969V6,2156,train
O14786,2157,train
O60462,2157,train
Q9BRR8,2158,val
Q9Y210,2159,val
Q8TCY9,2160,train
P98175,2161,train
P52756,2161,train
Q9H3T3,2162,train
Q9H3T2,2162,train
Q14624,2163,train
Q8N3V7,2164,train
Q6P3W7,2165,train
Q5VWG9,2166,train
Q9NXF1,2167,val
Q6XUX3,2168,train
Q9BZQ8,2169,train
Q9H6U6,2170,train
P06400,2171,train
Q8HWS3,2172,train
Q9BYX2,2173,val
Q86XK2,2174,train
Q9HCG7,2175,val
Q8TE49,2176,train
Q6GQQ9,2176,train
P26045,2177,train
P29074,2177,train
P57059,2178,test
A0A0B4J2F2,2178,test
Q9H0K1,2178,test
Q9P2F5,2179,test
Q15785,2180,train
Q07617,2180,train
Q9UDR5,2181,train
Q76MJ5,2182,val
Q9NY74,2183,test
Q00013,2184,train
O14936,2184,train
Q17RG1,2185,train
P57740,2186,val
Q13469,2187,train
O95786,2188,train
P57737,2189,train
Q13822,2190,train
O14638,2190,train
P22413,2190,train
O60308,2191,val
Q9Y2I9,2192,train
Q96KP1,2193,test
O15327,2194,train
Q9UMF0,2195,train
P05362,2195,train
P32942,2195,train
Q7Z3C6,2196,train
Q674R7,2196,train
Q9Y5L0,2197,val
P00352,2198,train
P30837,2198,train
O94788,2198,train
P05091,2198,train
P47895,2198,train
O75891,2198,train
Q3SY69,2198,train
Q2TB90,2199,train
P35557,2199,train
P19367,2199,train
P52789,2199,train
P52790,2199,train
Q8N163,2200,train
Q75T13,2201,train
A6NCI8,2202,train
O00308,2203,train
Q9H0M0,2203,train
Q96J02,2203,train
Q9Y4C2,2204,val
A0FGR8,2205,train
P20849,2206,train
Q14055,2206,train
Q14050,2206,train
Q9NYF8,2207,train
Q96S15,2208,train
Q15849,2209,train
Q13336,2209,train
P10275,2210,train
Q96HY7,2211,train
A6NEC2,2212,train
P55786,2212,train
O94967,2213,train
O95049,2214,train
Q9HAP2,2215,train
Q15269,2216,train
Q9Y6H5,2217,train
O43909,2218,train
P18858,2219,test
P98194,2220,train
Q9UL12,2221,train
P40189,2222,train
Q9NQS7,2223,train
Q9Y5B6,2224,train
P53814,2225,train
A6NC57,2226,train
Q92636,2227,train
O60502,2228,test
Q8IWX8,2229,train
Q2TAC2,2230,train
P19022,2231,train
P55283,2231,train
P55291,2231,train
Q92889,2232,val
Q9UPX6,2233,train
P22059,2234,train
Q969R2,2234,train
Q6ZXV5,2235,train
Q14833,2236,test
Q14831,2236,test
Q14832,2236,test
O00222,2236,test
Q14416,2236,test
Q14159,2237,train
Q9NYF5,2238,train
B5ME19,2239,train
Q99613,2239,train
Q12967,2240,train
Q9NZL6,2240,train
Q8IZJ4,2240,train
Q9BXP2,2241,train
Q9H8V3,2242,train
Q08345,2243,train
Q9BXU7,2244,train
Q5JSH3,2245,train
Q13620,2246,train
Q13619,2246,train
O75061,2247,train
Q92888,2248,val
Q08AF3,2249,train
Q68D06,2249,train
Q7Z7L1,2249,train
Q8IYM2,2249,train
P0C7P3,2249,train
Q6IEE8,2249,train
Q15139,2250,train
O94806,2250,train
Q9BZL6,2250,train
Q9Y6K1,2251,train
Q9UBC3,2251,train
Q9Y2U8,2252,test
Q6ZNB6,2253,train
Q96GW7,2254,train
Q9ULS6,2255,train
Q92953,2255,train
Q14721,2255,train
Q6PIU1,2255,train
A1X283,2256,train
Q8WUA4,2257,train
P35609,2258,train
O43707,2258,train
P12814,2258,train
Q08043,2258,train
P49917,2259,test
Q96AV8,2260,train
P19827,2261,train
Q06033,2261,train
P02730,2262,train
Q9HB75,2263,train
Q9Y620,2264,train
Q92698,2264,train
Q7KZF4,2265,train
Q5T601,2266,val
Q96EK7,2267,train
O60337,2268,train
Q5SVQ8,2269,train
Q8IYU2,2270,train
Q8N9W4,2271,train
Q1XH10,2272,val
Q13200,2273,train
Q9HCG8,2274,train
Q17RS7,2275,train
Q92562,2276,train
Q9P202,2277,train
Q13492,2278,train
O60641,2278,train
Q96CW5,2279,train
P78344,2280,train
Q8TDI8,2281,train
Q8TDI7,2281,train
O75078,2282,train
Q9P0K1,2282,train
O75077,2282,train
P48058,2283,train
P42261,2283,train
P42263,2283,train
P42262,2283,train
P35606,2284,val
Q9P2G4,2285,train
Q8WXE9,2286,train
Q15361,2287,test
Q8TCG1,2288,train
Q96DY7,2289,train
P49736,2290,train
Q9Y6F6,2291,train
Q12959,2292,train
P78352,2292,train
Q92796,2292,train
Q15700,2292,train
Q8ND61,2293,train
O15455,2294,train
Q86UK7,2295,test
Q9P2N6,2296,train
Q8IY33,2297,val
Q8IYB3,2298,train
Q9NXZ1,2299,test
Q5QJ38,2300,train
Q7Z2K6,2301,train
Q008S8,2302,train
Q8IYH5,2303,train
Q15031,2304,train
Q9H5L6,2305,train
Q92667,2306,train
Q8N9C0,2307,train
Q8N137,2308,train
Q7Z2W4,2309,train
Q9BVN2,2310,train
Q96PV7,2311,train
Q9BSJ2,2312,val
Q08554,2313,train
Q02487,2313,train
Q14574,2313,train
Q00653,2314,val
Q8NEL9,2315,train
Q9C0I3,2316,train
P56192,2317,test
Q5T5J6,2318,train
Q9HCM4,2319,val
Q9H329,2319,val
Q7Z5Q5,2320,train
C9JH25,2321,train
Q7Z3E2,2322,train
Q92973,2323,val
O14787,2323,val
Q8NI77,2324,train
Q6V1X1,2325,train
Q86TI2,2325,train
Q9ULV3,2326,val
A6NNC1,2327,train
Q86WJ1,2328,train
Q99708,2329,train
P32927,2330,train
Q92539,2331,train
Q14693,2331,train
O75113,2332,train
P48764,2333,train
Q14940,2333,train
Q6ZN55,2334,train
P42566,2335,train
Q14118,2336,train
Q8WYP3,2337,train
Q9Y2X9,2338,train
Q13435,2339,train
P55157,2340,val
Q9Y4K4,2341,train
Q8IVH8,2341,train
Q9C0K0,2342,test
Q9H165,2342,test
Q2TBE0,2343,train
P10072,2344,train
Q9NQV7,2344,train
Q16600,2344,train
Q86UQ0,2344,train
Q6P1L6,2344,train
Q9C0F3,2344,train
Q6U7Q0,2344,train
Q5VUG0,2345,train
Q9UHJ3,2345,train
Q9NV70,2346,train
Q96SI9,2347,train
Q12906,2347,train
Q14764,2348,train
Q8TEA7,2349,train
Q8NB90,2350,train
Q8IYM0,2351,train
P59044,2352,train
Q96KM6,2353,train
Q9ULK2,2354,train
O15265,2354,train
Q8IWG1,2355,train
Q9Y334,2356,val
Q8NBS3,2357,val
O76024,2358,train
O95235,2359,train
Q8NDT2,2360,train
Q06418,2361,train
Q5VUB5,2362,train
Q9BZF1,2363,train
Q9H0X9,2363,train
O14526,2364,train
Q6ZUM4,2365,train
O94880,2366,train
Q96EN8,2367,val
Q96NR3,2368,train
Q7Z6J0,2369,train
P04035,2370,train
Q58A45,2371,train
Q9HCC9,2372,train
Q8NEB9,2373,train
Q3SYG4,2374,train
Q6ZT98,2375,val
Q5JSJ4,2376,train
Q9UL03,2376,train
P27815,2377,train
Q08493,2377,train
Q08499,2377,train
Q07343,2377,train
Q8NDL9,2378,train
Q9Y5Q9,2379,train
Q96JC1,2380,train
Q14246,2381,train
A0FGR9,2382,train
O60658,2383,train
O95263,2383,train
Q6ZTQ4,2384,train
Q4FZB7,2385,train
Q01780,2386,train
Q8IYB7,2387,test
P52849,2388,test
Q9H3R1,2388,test
P52848,2388,test
O95803,2388,test
Q5D1E8,2389,val
Q5HYM0,2389,val
Q9C0D7,2389,val
P12830,2390,train
P22223,2390,train
P29590,2391,train
Q7Z3Z3,2392,train
Q8IUR5,2393,val
Q8TEJ3,2394,train
Q86X52,2395,train
Q70JA7,2395,train
Q99959,2396,train
Q8TDD1,2397,train
Q0VG06,2398,test
Q68EM7,2399,train
Q17R89,2399,train
Q68CR7,2400,train
Q8WYR1,2401,train
Q8NHY3,2402,test
Q8NCN5,2403,val
O00462,2404,test
Q9P2B2,2405,train
Q9H330,2406,train
P26583,2407,train
O15347,2407,train
P09429,2407,train
P23497,2407,train
B2RPK0,2407,train
P23109,2408,train
Q01433,2408,train
Q01432,2408,train
Q96GX5,2409,train
A6NNL0,2410,train
Q5VT03,2410,train
Q9UKW4,2411,train
P52735,2411,train
P15498,2411,train
Q53TQ3,2412,train
Q2VPB7,2413,train
Q9Y2X0,2414,train
Q8IWC1,2415,train
Q8ND30,2416,train
Q9H706,2417,train
Q9BXP5,2418,train
Q14974,2419,train
O76074,2420,train
Q7L590,2421,train
Q13206,2422,test
Q05086,2423,train
Q9NXC5,2424,train
Q96CT2,2425,train
Q8TF61,2426,train
Q8N573,2427,train
O60890,2428,test
A1A4S6,2428,test
Q9UNA1,2428,test
A6NI28,2428,test
Q9H6E5,2429,val
Q6QNK2,2430,train
Q75VX8,2431,train
Q9Y678,2432,train
Q9UBF2,2432,train
Q9UKY1,2433,train
Q6NUP7,2434,train
Q8NEE8,2435,test
A7XYQ1,2436,train
Q5W041,2437,test
Q8NDZ2,2438,train
P56696,2439,train
O43526,2439,train
Q5T655,2440,train
Q96DR7,2441,train
Q5VV41,2441,train
Q8WTR7,2442,val
Q96DT7,2443,val
Q8IWU6,2444,train
Q8IWU5,2444,train
Q14162,2445,test
Q96GP6,2445,test
Q8NET8,2446,train
Q9Y5S1,2446,train
Q9HBA0,2446,train
Q68DC2,2447,train
P0C881,2448,train
Q9UBT6,2449,train
Q99814,2450,train
Q16665,2450,train
P50570,2451,train
Q9UQ16,2451,train
Q05193,2451,train
O00429,2451,train
Q7Z3F1,2452,test
P56945,2453,train
O15146,2454,train
Q7Z3I7,2455,test
A6NM28,2455,test
Q9UEG4,2455,test
Q96CX3,2455,test
Q9NQZ8,2455,test
Q9H5H4,2455,test
Q6ZNH5,2455,test
Q6NX45,2455,test
P10075,2455,test
Q15572,2456,test
P51797,2457,train
Q8WUM4,2458,train
Q2Q1W2,2459,val
P0CG31,2460,train
Q8N184,2460,train
Q96NI8,2460,train
B4DU55,2460,train
Q9Y2G7,2460,train
Q8NB42,2460,train
Q08ER8,2460,train
O60765,2460,train
Q8NHY6,2460,train
Q8TF47,2460,train
Q96ND8,2460,train
Q494X3,2460,train
Q5JNZ3,2460,train
Q8NCK3,2460,train
Q9BRH9,2460,train
Q9Y2P0,2460,train
Q7Z340,2460,train
Q9UJN7,2460,train
P52738,2460,train
Q6NX49,2460,train
Q5CZA5,2460,train
Q8TBZ5,2460,train
Q3KNS6,2460,train
Q9UJL9,2460,train
Q9NQX6,2460,train
Q15937,2460,train
Q49AA0,2460,train
Q6P280,2460,train
Q96NL3,2460,train
Q6ECI4,2460,train
Q86YF9,2461,train
Q8NEN0,2462,train
Q86VR7,2463,train
Q13342,2464,train
Q9H930,2464,train
A0AVK6,2465,val
Q9NXE4,2466,train
Q9UI17,2467,test
Q6N069,2468,train
Q9BXJ9,2468,train
P02671,2469,train
Q9NWF9,2470,train
Q96F46,2471,train
Q5T7N2,2472,train
Q8IW35,2473,val
O43490,2474,train
Q8N608,2475,train
P42658,2475,train
Q86Y91,2476,train
Q9UBC2,2477,train
P33991,2478,train
P45974,2479,train
Q92995,2479,train
Q8N3F8,2480,train
Q13444,2481,test
O60331,2482,train
A2A3N6,2482,train
O14986,2482,train
Q99755,2482,train
P55036,2482,train
O95985,2483,test
Q15276,2484,train
A4D2B8,2485,train
Q68D20,2485,train
P54278,2485,train
Q92854,2486,train
Q92750,2487,train
Q99665,2488,train
Q9Y2T1,2489,train
O15169,2489,train
Q13415,2490,test
Q8N944,2491,train
Q9UKV8,2492,train
Q9UL18,2492,train
Q9HCK5,2492,train
Q9H9G7,2492,train
Q5T447,2493,train
P35913,2494,train
P51160,2494,train
P16499,2494,train
Q99549,2495,train
Q5C9Z4,2496,train
Q58WW2,2497,train
Q8NBP0,2498,train
Q8N5H7,2499,train
Q8WUH2,2500,test
Q9Y561,2501,test
O75074,2501,test
Q8NFW9,2502,val
Q9GZR7,2503,train
Q96JP9,2504,test
Q9Y2D5,2505,train
Q8NB91,2506,train
P13591,2507,train
O15394,2507,train
Q8TDW0,2508,train
Q6P9F7,2508,train
Q6NSJ5,2508,train
Q7L1W4,2508,train
Q8IWT6,2508,train
Q8IXK0,2509,train
Q2QGD7,2510,train
P98168,2510,train
P98169,2510,train
Q9ULT0,2511,val
Q86TV6,2511,val
O60602,2512,train
P13639,2513,train
O95757,2514,train
P34932,2514,train
Q92598,2514,train
P78316,2515,train
P33981,2516,train
O15381,2517,train
Q9ULE6,2518,val
Q9HBG4,2519,train
Q9Y487,2519,train
Q93050,2519,train
Q13488,2519,train
P09327,2520,train
O15195,2520,train
O75366,2520,train
Q6PJF5,2521,train
Q96CC6,2521,train
Q9BUJ2,2522,train
Q00839,2522,train
Q16832,2523,train
Q86Y56,2524,train
Q9HCS7,2525,train
Q6NSI4,2526,test
Q5K4E3,2527,train
P20231,2527,train
Q15661,2527,train
Q9Y5Y6,2528,train
Q8N0Z3,2529,test
Q8IXQ6,2530,train
Q2NL67,2531,train
Q8N3A8,2531,train
Q9BYN7,2532,train
Q96T21,2533,val
P49754,2534,train
Q5JQC9,2535,train
B1AK53,2536,train
Q9NRI5,2537,train
Q9NSG2,2538,train
Q96RS0,2539,train
O75969,2540,train
Q86WA8,2541,train
Q2M3G4,2542,train
Q9NP71,2543,train
Q7RTX0,2544,train
Q9NS62,2545,train
O60341,2546,val
Q9BQK8,2547,train
Q9H8H2,2548,train
Q63ZY3,2549,train
P52630,2550,train
Q03167,2551,train
Q9H501,2552,train
O14511,2553,train
Q15283,2554,train
Q14644,2554,train
Q5MIZ7,2555,train
Q6IN85,2555,train
Q6ZMV5,2555,train
Q86XP0,2556,train
Q68DD2,2556,train
Q8N2Q7,2557,test
Q9NZ94,2557,test
Q8N0W4,2557,test
Q8NFZ4,2557,test
Q5VTH9,2558,train
Q9H2Y9,2559,train
P35869,2560,test
Q9BZJ0,2561,train
P43243,2562,train
P06737,2563,train
P11216,2563,train
P11217,2563,train
P42226,2564,train
Q8IY81,2565,train
Q53R41,2566,test
P20273,2567,train
Q8IWW6,2568,train
Q53QZ3,2568,train
Q5VWQ0,2569,train
Q6PCB5,2569,train
Q9UQ84,2570,train
Q15398,2571,train
Q99743,2572,train
O15516,2572,train
Q9HBB8,2573,train
Q6P2P2,2574,train
Q96PX8,2575,val
Q9H156,2575,val
Q8IW52,2575,val
Q9H5Y7,2575,val
Q8NE71,2576,train
O43900,2577,test
Q7Z3G6,2577,test
Q96MT3,2577,test
A8MVX0,2578,train
Q96N16,2579,train
Q5VZ66,2579,train
Q96AA8,2579,train
P49756,2580,val
Q6P3X3,2581,train
Q8N841,2582,train
Q7RTY8,2583,train
P10643,2584,train
Q6ZN44,2585,train
Q9NP58,2586,train
Q92613,2587,train
Q9NQC1,2587,train
Q6IE81,2587,train
Q6MZW2,2588,train
Q6ZVC0,2589,train
P51957,2590,train
Q3KQU3,2591,train
O94989,2592,train
Q4V328,2593,train
Q9BYV9,2594,train
Q8N653,2595,test
Q4G0U5,2596,train
Q9Y468,2597,train
P80108,2598,train
Q6NY19,2599,train
Q9H3E2,2600,train
Q5FWF5,2601,train
Q9UJA3,2602,test
Q16620,2603,val
Q16288,2603,val
Q9Y2L8,2604,train
Q8TE23,2605,train
O00206,2606,train
Q9H269,2607,train
Q9UP83,2608,train
Q9NV58,2609,train
Q6ZMZ0,2609,train
Q96AC6,2610,train
Q04671,2611,train
Q9C0C4,2612,train
Q9NTN9,2612,train
Q9Y6A5,2613,train
Q658Y4,2614,train
Q9NRZ9,2615,train
Q13724,2616,train
Q02410,2617,val
O96018,2617,val
Q99767,2617,val
Q9Y6X8,2618,train
Q92831,2619,train
Q92830,2619,train
Q5VSL9,2620,train
Q9ULQ0,2620,train
Q9Y4R8,2621,train
Q9UBB9,2622,train
Q9NVR5,2623,test
Q52LR7,2624,train
Q9H2F5,2624,train
Q9NYF0,2625,val
Q8N394,2626,train
Q15582,2627,train
Q15063,2627,train
Q5T1N1,2628,test
Q99062,2629,train
Q9H5V8,2630,train
Q8NEM0,2631,train
Q86V20,2632,train
Q13263,2633,train
Q9UHX3,2634,val
P48960,2634,val
Q8N1G2,2635,train
O43196,2636,train
Q14511,2637,train
Q8N271,2638,train
Q96P50,2639,train
Q15027,2639,train
Q15057,2639,train
Q9H7U1,2640,train
Q92918,2641,train
Q12851,2641,train
Q9BVG8,2642,train
Q8N7U6,2643,train
Q14D04,2644,train
Q13099,2645,val
Q8TBZ0,2646,train
Q5T3F8,2647,test
O94886,2647,test
Q9P1W3,2647,test
Q12864,2648,train
Q8NBJ9,2649,val
Q9NXL6,2649,val
P57078,2650,train
Q9NPR2,2651,train
Q99523,2652,test
Q9ULF5,2653,train
Q8IWA0,2654,train
P14151,2655,train
P16109,2655,train
Q5BJF6,2656,train
O75309,2657,train
P23508,2658,train
Q5VVJ2,2659,train
Q5T5X7,2660,train
Q13634,2661,train
Q9H159,2661,train
P55285,2661,train
P55286,2661,train
Q9Y6N8,2661,train
P55289,2661,train
Q9ULB4,2661,train
Q9UJ99,2661,train
P55287,2661,train
Q9HBT6,2661,train
Q9ULB5,2661,train
Q9BQI5,2662,train
Q14BN4,2663,train
Q7Z4V0,2664,train
P35712,2665,train
Q92738,2666,train
Q5R3F8,2667,train
P0C7U0,2667,train
Q9HCL2,2668,train
Q8WUF5,2669,train
Q96JB2,2670,train
Q8IXR5,2671,train
A5YM72,2672,test
Q6IA86,2673,val
Q9BQ52,2674,train
P46977,2675,test
Q8TCJ2,2675,test
Q6P995,2676,test
A8MVW0,2677,train
Q96M69,2678,train
O75626,2679,train
Q9P2K2,2680,train
P24394,2681,train
O75815,2682,train
Q9UDY8,2683,train
Q9UHI6,2684,train
P30260,2685,train
P78325,2686,train
P78536,2687,val
Q13387,2688,train
O15033,2689,train
Q5CZ79,2690,train
A0PJZ0,2690,train
Q5VUR7,2690,train
Q5SQ80,2690,train
Q4UJ75,2690,train
Q9Y5T5,2691,train
O43313,2692,train
A6ND36,2693,train
P16591,2694,train
P07332,2694,train
P22607,2695,train
P11362,2695,train
P21802,2695,train
P22455,2695,train
Q8NB78,2696,train
Q9UGT4,2697,train
Q9UKN8,2698,train
O75843,2699,train
O43747,2699,train
Q9UJX6,2700,train
Q12929,2701,train
Q86XH1,2702,train
A6NCM1,2702,train
Q6PJG6,2703,train
Q96L46,2704,train
P20807,2704,train
P04632,2704,train
Q9Y2G0,2705,train
Q14156,2705,train
Q14566,2706,val
Q96GE4,2707,val
Q9BUQ8,2708,train
Q8N1F7,2709,train
Q9H1R3,2710,train
Q32MK0,2710,train
Q8N6M6,2711,train
Q13443,2712,train
Q96ST2,2713,train
Q7Z3E5,2714,train
Q8N4X5,2715,train
P51793,2716,train
P51790,2716,train
P51795,2716,train
P0C7V6,2717,test
Q8NEM7,2717,test
P22735,2718,train
P00488,2718,train
Q13164,2719,train
P28482,2719,train
P27361,2719,train
Q9UBF8,2720,train
Q92832,2721,train
Q99435,2721,train
Q9ULQ1,2722,train
P19634,2723,train
Q6AI14,2723,train
Q9UBY0,2723,train
Q9Y597,2724,val
Q8TBC3,2724,val
P54253,2725,train
P55884,2726,test
Q70EL2,2727,train
Q6ZMV9,2728,train
Q8IVU1,2729,train
Q9Y6W3,2730,train
Q8TEQ0,2731,train
Q8IUI4,2731,train
Q96JE9,2732,train
Q15345,2733,train
P46087,2734,train
Q96JM3,2735,val
O94901,2736,test
Q5T4T6,2737,val
Q5TB30,2738,train
Q8N5U6,2739,train
Q9BXR5,2740,train
Q15399,2740,train
Q9Y2C9,2740,train
A8K0R7,2741,test
Q7L0X0,2742,train
Q8TAG9,2743,train
Q9Y2D4,2743,train
Q9H9P5,2744,train
Q9C0B0,2744,train
Q0JRZ9,2745,train
O75152,2746,val
A0A1B0GTU1,2746,val
O60447,2747,train
Q96CN4,2747,train
Q96JS3,2748,train
Q6P3X8,2748,train
Q8TF30,2749,train
Q1A5X7,2749,train
P25205,2750,train
Q32MZ4,2751,train
Q96KG9,2752,train
Q03518,2753,train
Q4KMP7,2754,train
Q9BXI6,2754,train
Q8IV04,2754,train
Q12788,2755,train
Q9UJX5,2756,train
Q8NA82,2757,train
Q9Y2R2,2758,train
O43299,2759,train
Q9HCB6,2760,train
O60733,2761,train
P55072,2762,train
Q6ZUJ8,2763,train
Q5SZL2,2764,train
Q96ME1,2765,test
Q7Z403,2766,train
P17010,2767,train
P08048,2767,train
Q9Y462,2767,train
Q8TF01,2768,train
O75410,2769,train
Q9BYF1,2770,val
P51798,2771,train
P23743,2772,train
Q9Y6T7,2772,train
P49619,2772,train
O43374,2773,test
C9J798,2773,test
O95294,2773,test
Q2NL82,2774,train
Q8IYR2,2775,train
Q8TCG5,2776,train
P50416,2776,train
Q92523,2776,train
Q14155,2777,train
Q15052,2777,train
Q13105,2778,train
Q58FF3,2779,train
P14625,2779,train
P08238,2779,train
P07900,2779,train
Q96PU4,2780,train
Q96T88,2780,train
O75582,2781,train
O75676,2781,train
Q9UBS0,2781,train
P26639,2782,train
Q9BW92,2782,train
A2RTX5,2782,train
Q8IZ83,2783,train
Q99459,2784,train
Q8IV53,2785,train
Q6P3S1,2785,train
P25440,2786,train
Q9UKN5,2787,train
Q9UP52,2788,val
Q8WTT2,2789,train
Q96PV6,2790,val
Q9NYL2,2791,train
A8MT70,2792,train
Q8NHH1,2793,train
O43290,2794,train
Q15542,2795,train
Q6ZSY5,2796,train
P05106,2797,train
P05556,2797,train
P18564,2797,train
P18084,2797,train
Q8IYF1,2798,train
Q14241,2798,train
Q14694,2799,train
Q8TF76,2800,train
Q9UBK2,2801,val
O75534,2802,train
P05107,2803,train
P26010,2803,train
Q9Y446,2804,train
Q9Y5E4,2805,train
Q96TA0,2805,train
Q9Y5E1,2805,train
Q9Y5E5,2805,train
Q9Y5F2,2805,train
Q9NRJ7,2805,train
Q9Y5E6,2805,train
Q96PB1,2806,train
O43815,2807,train
Q13033,2807,train
Q9Y345,2808,test
P48067,2808,test
Q9UN76,2808,test
Q8TEL6,2809,train
Q9UQ90,2810,test
Q9Y4W6,2810,test
Q96K78,2811,train
Q8IV61,2812,train
Q8TDF6,2812,train
Q7LDG7,2812,train
O95267,2812,train
Q17R60,2813,train
P04629,2814,train
Q9BWU0,2815,train
Q96GQ7,2816,train
Q96D71,2817,train
Q68CJ6,2818,test
Q96QK1,2819,train
Q9H1B7,2820,train
Q9Y263,2821,train
Q58DX5,2822,train
P21127,2823,val
Q9UQ88,2823,val
Q15131,2823,val
P54886,2824,val
Q92609,2825,train
Q6NUI2,2826,train
Q9P0L2,2827,train
Q7KZI7,2827,train
P27448,2827,train
Q96L34,2827,train
O94874,2828,train
Q9UQR1,2829,train
P42229,2830,train
P51692,2830,train
Q9UBV2,2831,test
Q5TEA6,2831,test
Q8IXB1,2832,train
Q05682,2833,test
P0C221,2834,train
Q7Z736,2835,val
O14782,2836,val
A6NEL2,2837,train
Q15459,2838,train
Q7Z5L2,2839,val
Q6NUQ1,2840,train
P23921,2841,train
Q6P2D8,2842,test
Q92845,2843,train
Q6ZSS7,2844,train
Q7LBE3,2845,train
O95479,2846,train
Q8NA54,2847,train
Q8NAC3,2848,train
Q8WXE1,2849,train
Q09161,2850,test
Q3KR16,2851,train
Q5SV97,2852,train
P21580,2853,train
Q147U1,2854,train
Q14584,2854,train
Q96MR9,2854,train
Q9BUY5,2854,train
Q9HAQ2,2855,train
Q5HYK7,2856,train
Q9BTN0,2857,train
Q6PJG9,2857,train
Q9ULH4,2857,train
Q9P244,2857,train
Q9HBZ2,2858,train
P27540,2858,train
P51178,2859,train
Q8N3E9,2859,train
Q9BRC7,2859,train
Q86VP1,2860,train
Q6P996,2861,train
Q6P474,2861,train
Q96RN5,2862,train
P49321,2863,train
A6H8M9,2864,train
Q8IV36,2865,test
Q99835,2866,train
Q9HCI6,2867,train
P15502,2868,train
P41002,2869,train
O00534,2870,train
Q8TB22,2871,train
Q8IYB8,2872,val
Q9NQ75,2873,train
Q16549,2874,train
Q8N3S3,2875,train
Q9UMS5,2875,train
O94782,2876,train
Q02447,2877,train
P08047,2877,train
Q99985,2878,train
Q13275,2878,train
P41218,2879,train
Q16666,2879,train
Q6K0P9,2879,train
Q8NDB2,2880,train
Q9H9E3,2881,train
P33151,2882,train
P08237,2883,train
P17858,2883,train
Q01813,2883,train
Q6XPR3,2884,train
O60603,2885,val
Q9H1K0,2886,train
Q02446,2887,train
Q66K89,2888,train
Q9NR30,2889,train
Q9BQ39,2889,train
Q5VVM6,2890,train
Q96ST8,2891,train
Q13671,2892,val
Q68DV7,2893,test
Q8TCS8,2894,train
Q9C026,2895,train
Q6ZTA4,2895,train
O15117,2896,train
Q9NP80,2897,train
Q9Y2G8,2898,train
Q9H8E8,2899,train
Q9Y2W3,2900,train
Q8N393,2901,train
Q9BZL4,2902,train
Q86WC6,2902,train
Q08AM6,2903,train
Q9UID3,2904,val
A1A5B4,2905,train
P19447,2906,train
Q8TD31,2907,val
Q9P2I0,2908,train
P40121,2909,train
Q9Y6U3,2909,train
P06396,2909,train
Q96JK4,2910,train
O15553,2911,train
Q9UIU6,2912,val
Q15475,2912,val
Q9NPC8,2912,val
P0C869,2913,train
P14923,2914,train
P35222,2914,train
Q6ZMT9,2915,train
P16383,2916,val
Q8NA19,2917,train
Q96JM7,2917,train
Q05209,2918,train
Q6ZMI0,2919,train
O75157,2920,train
Q709F0,2921,train
Q99798,2922,train
Q9NR71,2923,val
Q8NEC5,2924,test
Q93034,2925,train
Q8TBE0,2926,train
Q9Y233,2927,train
Q8IX18,2928,val
Q9H4M7,2929,train
Q969S9,2930,train
Q9HBM0,2931,test
O43264,2932,train
Q9Y2J4,2933,train
Q9Y5V3,2934,train
Q8IWQ3,2935,train
Q8TDC3,2935,train
Q6P9A3,2936,train
Q9BWM5,2936,train
Q8IVP9,2936,train
Q3SY52,2936,train
Q6P9A1,2936,train
E7ETH6,2936,train
Q9H707,2936,train
P17021,2936,train
O43361,2936,train
Q8NEK5,2936,train
P52740,2936,train
Q9HCX3,2936,train
Q8IZU9,2937,train
Q96J84,2937,train
Q12815,2938,val
Q08495,2939,train
O94929,2939,train
O14639,2939,train
Q6H8Q1,2939,train
Q6NUN7,2940,train
Q9NXD2,2941,train
Q96II8,2942,train
Q9NXL2,2943,train
O15211,2944,val
Q9HBF4,2945,train
Q5VTJ3,2946,train
P04150,2947,train
O14964,2948,train
Q9P2H3,2949,test
Q99728,2950,train
Q9NU02,2951,train
Q6ZVF9,2952,train
Q2TAL8,2953,train
Q16799,2954,train
Q13616,2955,train
Q5U5R9,2956,train
O95672,2957,test
Q96PD2,2958,train
Q674X7,2959,test
P47897,2960,train
O15041,2961,train
Q13214,2961,train
Q14563,2961,train
O60347,2962,train
Q9P2M4,2962,train
Q9UKQ2,2963,train
O15204,2963,train
Q8IZ52,2964,test
Q9P2E5,2964,test
Q86YV9,2965,train
Q96CN9,2966,val
Q8NBF1,2967,train
Q8NEA6,2967,train
Q13495,2968,train
Q96JB6,2969,train
P58215,2969,train
Q9Y4K0,2969,train
Q5SW24,2970,train
Q6PCD5,2971,val
Q96IC2,2972,train
Q86TY3,2973,train
Q8IV76,2974,train
Q9NVE7,2975,train
Q17RB8,2976,train
Q8WYQ5,2977,train
Q96TA2,2978,train
Q04725,2979,train
Q04726,2979,train
Q04724,2979,train
Q04727,2979,train
Q08117,2979,train
A5PLN7,2980,test
Q8IY22,2981,train
Q5XG87,2982,test
Q8NDF8,2982,test
Q14494,2983,train
Q9UKI8,2984,val
Q86UE8,2984,val
Q8TBB6,2985,train
Q5TAP6,2986,train
Q9BVJ6,2986,train
A6NDV4,2987,test
Q9HCN3,2987,test
Q86TB9,2988,train
P98082,2989,train
P40763,2990,train
Q14765,2990,train
P42224,2990,train
Q96N46,2991,train
O95754,2992,train
Q06481,2993,val
P05067,2993,val
P42892,2994,train
Q8IYT2,2995,train
P83436,2996,train
Q5T3J3,2997,test
P26012,2998,val
Q5BKX6,2999,train
Q8TED9,3000,train
Q8N556,3000,train
Q13618,3001,train
Q08J23,3002,val
P0DP72,3003,train
Q15436,3004,train
Q15437,3004,train
Q8TBP0,3005,train
Q92805,3006,train
Q8IYY4,3007,test
Q7Z4T9,3008,train
Q9NT22,3009,train
Q8N568,3010,test
O43602,3010,test
O15075,3010,test
P15056,3011,train
P10398,3011,train
P04049,3011,train
Q76B58,3012,train
P81133,3013,train
Q14190,3013,train
Q7Z7L7,3014,train
Q03519,3015,train
Q9NP78,3015,train
Q12884,3016,train
P27487,3016,train
Q96PH1,3017,test
Q5VUJ6,3018,train
P11387,3019,val
Q969P6,3019,val
Q6ZSB9,3020,val
Q8TAD4,3021,train
Q9C0B5,3022,train
Q9ULC8,3022,train
Q9H1D0,3023,train
Q9NRH2,3024,train
Q5W0V3,3025,val
Q86V87,3025,val
P01833,3026,val
P17480,3027,train
Q9BXB4,3028,test
Q9BXB5,3028,test
P16473,3029,train
P40879,3030,train
Q7L8L6,3031,train
P00751,3032,test
P06681,3032,test
Q6T4P5,3033,train
Q7Z2D5,3033,train
Q08050,3034,val
P35711,3035,val
Q01826,3036,train
Q9UPW6,3036,train
Q16853,3037,train
Q8N957,3038,train
Q9Y463,3039,train
Q13627,3039,train
P40939,3040,train
Q6P2H3,3041,test
O43930,3042,train
P17612,3042,train
P22612,3042,train
Q13237,3042,train
O43422,3043,train
Q6ZWE6,3044,train
Q9H3S1,3045,train
Q93075,3046,train
Q9Y2X7,3047,train
Q14161,3047,train
Q9BRB3,3048,train
Q9ULD5,3049,val
Q6ZMS7,3049,val
Q9UGP8,3050,train
P02786,3051,test
P18074,3052,train
Q9Y222,3053,train
Q9BT23,3054,train
Q9UHB6,3054,train
Q496Y0,3055,train
Q5HY92,3056,train
Q9NW13,3057,test
Q6WRX3,3058,train
Q9C0D3,3058,train
Q9NQ86,3059,train
Q7Z4K8,3059,train
Q9BXS9,3060,train
Q96NX9,3061,train
Q9UI36,3061,train
Q2PZI1,3062,train
Q6NUT2,3062,train
Q6NXN4,3062,train
Q8WUQ7,3063,train
Q92870,3064,train
O00213,3064,train
P56182,3065,train
Q14684,3065,train
Q16891,3066,train
P10636,3067,train
P38435,3068,train
Q12797,3069,train
Q8NG48,3070,val
Q8WXW3,3071,train
Q76N32,3072,train
Q9ULG6,3073,train
O95140,3074,train
Q8IWA4,3074,train
P48547,3075,train
Q96PR1,3075,train
Q14003,3075,train
Q03721,3075,train
Q4G0A6,3076,train
Q8IYL2,3077,train
Q9HBX9,3078,train
Q9HCE7,3079,train
Q9HAU4,3079,train
Q9H1I8,3080,train
Q9HCU0,3081,train
Q68CQ4,3082,test
O75154,3083,val
P40692,3084,train
Q8N3Y3,3085,train
O95461,3085,train
Q08AE8,3086,train
Q8WWL2,3086,train
Q9NRF2,3087,train
Q5QJE6,3088,train
O60645,3089,test
Q92674,3090,val
O15111,3091,train
O14920,3091,train
Q765P7,3092,train
O43312,3092,train
Q9UJX4,3093,train
Q8WY54,3094,train
P49593,3094,train
Q5GFL6,3095,train
Q9C0H6,3096,train
Q96PQ7,3096,train
Q9NR64,3096,train
Q96N64,3097,train
Q9BRZ2,3098,train
Q13433,3099,test
Q96HI0,3100,train
O43719,3101,train
A2A3K4,3102,train
Q1X8D7,3103,train
Q1L5Z9,3104,train
O60934,3105,train
Q5UE93,3106,train
Q13427,3107,test
Q9H2U9,3108,train
Q14872,3109,val
O94993,3110,test
O14830,3111,train
Q9NRL3,3112,train
Q9BVQ7,3113,train
O75175,3114,test
P10243,3115,train
Q569K6,3116,train
Q6IV72,3117,train
Q8NHX9,3118,val
O75027,3119,train
Q9NVP4,3120,train
Q96RP9,3121,train
P19801,3122,val
P52736,3123,train
Q9Y3M9,3123,train
Q14929,3123,train
Q68BL8,3124,val
P22033,3125,train
P08473,3126,val
Q17RM4,3127,test
Q9Y3Q0,3128,train
Q9HBA9,3128,train
Q04609,3128,train
Q9UKY4,3129,train
Q9BRR9,3130,train
P47712,3131,train
Q9Y3T9,3132,train
Q6MZP7,3133,val
Q5JST6,3134,train
A1L4K1,3135,val
P78562,3136,train
Q96HU1,3137,test
Q14244,3138,test
Q8N264,3139,train
Q7Z5H3,3139,train
P49589,3140,train
O14672,3141,train
P43155,3142,train
P28329,3142,train
Q9HDC5,3143,train
Q9BR39,3143,train
Q8WXH2,3143,train
Q96JJ6,3143,train
Q8NCD3,3144,train
Q71SY5,3145,train
Q86YD1,3145,train
Q9C0I1,3146,train
Q13835,3147,train
Q9ULW0,3148,train
Q9UFB7,3149,train
Q9Y2D9,3149,train
A4D1P6,3150,train
Q96EB6,3151,train
O15066,3152,test
Q9Y496,3152,test
O00391,3153,train
Q9Y6A1,3154,train
Q6UWL2,3155,test
Q92800,3156,val
Q15910,3156,val
Q9BQN1,3157,train
Q1KMD3,3158,val
Q96TA1,3159,train
Q14137,3160,train
O95876,3161,test
Q13586,3162,train
Q9P246,3162,train
Q86VI1,3163,test
Q16394,3164,train
Q16819,3165,train
Q16820,3165,train
P51003,3166,val
Q9BWT3,3166,val
Q8TB52,3167,train
Q15418,3168,test
P51812,3168,test
Q9UK32,3168,test
P23443,3168,test
Q15349,3168,test
Q9UBJ2,3169,train
P33897,3169,train
Q8IYA6,3170,test
Q13617,3171,train
Q6UXK2,3172,train
O14498,3172,train
P46459,3173,train
Q8N1W2,3174,val
Q8N895,3174,val
Q8TF39,3175,val
Q9C040,3176,train
O75382,3176,train
P27658,3177,train
Q03692,3177,train
Q9H9A5,3178,val
Q8NFI3,3179,val
Q7L7V1,3180,train
Q9UKI9,3181,train
P14859,3181,train
P09086,3181,train
Q13207,3182,train
O15119,3182,train
Q8IYQ7,3183,train
P54802,3184,test
Q9Y4J8,3185,val
O60941,3185,val
Q8IZE3,3186,train
P16070,3187,train
Q7L1I2,3188,train
Q496J9,3188,train
Q7L0J3,3188,train
Q5KU26,3189,train
Q99567,3190,train
Q96JG8,3191,train
P78563,3192,train
Q05823,3193,val
Q5T4D3,3194,train
Q9HC78,3195,train
Q96EE4,3196,train
Q09328,3196,train
Q15003,3197,train
Q8WUT4,3198,train
Q9UQQ1,3199,train
Q92499,3200,train
Q9UER7,3201,val
O94868,3202,train
Q9UNA4,3203,train
Q8IZ41,3204,val
Q96MC2,3205,train
Q8TDB6,3206,train
Q2VYF4,3207,train
O95202,3207,train
Q9NS39,3208,train
O95475,3209,train
O95343,3209,train
Q8N196,3209,train
P19320,3210,test
Q15022,3211,train
P50443,3212,train
Q9H2B4,3212,train
Q9Y6B7,3213,train
Q8NFM7,3214,train
P41250,3215,train
P16284,3216,train
Q02809,3217,train
O00469,3217,train
O60568,3217,train
Q92615,3218,train
P08582,3219,train
Q9NRK6,3220,val
Q96CP6,3221,val
Q3KR37,3221,val
Q14746,3222,train
Q32M88,3223,train
Q92786,3224,train
Q9UEY8,3225,train
P35611,3225,train
P35612,3225,train
Q9NY33,3226,train
Q8NFT8,3227,train
P54840,3228,test
P13807,3228,test
P24723,3229,val
Q04759,3229,val
Q02156,3229,val
Q96SU4,3230,test
Q32P28,3231,train
Q8IVL5,3231,train
Q8IVL6,3231,train
O14640,3232,train
O14641,3232,train
Q92997,3232,train
P54792,3232,train
P51659,3233,train
Q9NQX3,3234,train
Q6PJT7,3235,train
O00522,3236,train
Q9GZN6,3237,train
O14867,3238,train
Q9UL63,3239,train
Q33E94,3240,train
Q8WVT3,3241,train
Q9Y6Q2,3242,train
O15344,3243,train
Q9UJV3,3243,train
Q6ZW31,3244,train
Q9NUT2,3245,train
Q9UPT5,3246,train
Q8NEE6,3247,train
P33992,3248,test
P28698,3249,train
Q9H7X3,3249,train
Q96LA5,3250,train
Q96P31,3250,train
Q96LA6,3250,train
Q6SJ93,3251,train
Q9UBT7,3252,train
Q9Y4W2,3253,train
P85037,3254,train
Q01167,3254,train
Q7Z2T5,3255,train
Q14526,3256,train
Q96JB3,3256,train
Q96T17,3257,test
O15259,3258,train
P13010,3259,train
P23276,3260,test
Q9NV66,3261,val
Q6NUM6,3261,val
P13798,3262,train
P48449,3263,test
Q02108,3264,train
P33402,3264,train
Q8NI17,3265,train
Q96AQ6,3266,train
Q13823,3267,test
Q8TBA6,3268,train
Q92952,3269,train
Q9UGI6,3269,train
Q9H2S1,3269,train
O15554,3269,train
Q8N103,3270,train
Q86SP6,3271,val
Q8NHY2,3272,train
O60583,3273,train
O60563,3273,train
P47736,3274,val
Q684P5,3274,val
Q695T7,3275,train
Q9H2J7,3275,train
Q9H1V8,3275,train
Q8TDW5,3276,test
Q9NZJ0,3277,train
Q9P2K5,3278,train
P52272,3278,train
Q9UBB6,3279,test
P17844,3280,train
Q92841,3280,train
Q3YEC7,3281,train
Q16348,3282,val
P46059,3282,val
Q13061,3283,train
Q6VN20,3284,train
Q96S59,3284,train
Q9P2N2,3285,train
Q8TEC5,3286,val
Q9UHD2,3287,train
Q14164,3287,train
Q7Z5Q1,3288,train
Q8NE35,3288,train
Q17RY0,3288,train
Q92560,3289,train
P05165,3290,test
Q8N448,3291,train
Q8TBB1,3291,train
Q9Y2L9,3292,train
O75427,3292,train
P27986,3293,train
O00459,3293,train
Q92569,3293,train
Q5VWT5,3294,test
P12755,3295,test
P14210,3296,train
Q96ED9,3297,train
Q86VS8,3297,train
Q9UJC3,3297,train
P28331,3298,test
O75112,3299,train
Q9H6T0,3300,val
Q6NXG1,3300,val
Q9Y2G4,3301,train
Q96MU7,3302,train
Q4J6C6,3303,train
O94844,3304,train
Q9BYZ6,3304,train
Q8NA31,3305,train
P43304,3306,train
Q96JJ3,3307,train
Q96BJ8,3307,train
Q92556,3307,train
Q8NI51,3308,test
P49711,3308,test
P46199,3309,train
Q8NBF2,3310,train
P50747,3311,train
Q5W0B1,3312,train
Q8IU68,3313,train
Q9H8Y5,3314,train
Q5VZE5,3315,test
Q96RQ3,3316,train
Q8NEP3,3317,train
Q8N187,3318,train
Q9HAU8,3319,val
Q9H4A4,3319,val
Q96T83,3320,train
Q92581,3320,train
Q8IVB4,3320,train
Q96SZ4,3321,train
O00139,3322,train
Q8N4N8,3322,train
Q99661,3322,train
Q8IYI6,3323,train
O00418,3324,train
Q6PJW8,3325,val
Q71RC2,3326,test
Q96BD0,3327,val
Q6ZQN7,3327,val
Q86UG4,3327,val
Q6SZW1,3328,train
Q5FVE4,3329,train
Q96GR2,3329,train
A8MZA4,3330,train
A0A1B0GV03,3330,train
O75330,3331,train
Q6UWE0,3332,train
Q7Z388,3333,train
Q6ZPD9,3333,train
Q8TAM1,3334,train
Q08426,3335,val
Q7Z402,3336,train
Q8N1B4,3337,train
Q32MQ0,3338,val
Q8TE68,3339,test
Q9NR61,3340,test
O00548,3340,test
Q96M32,3341,train
Q9UJY5,3342,train
Q9NZ52,3342,train
Q9P2Y4,3343,train
Q9NZQ3,3344,train
Q9UKJ8,3345,train
Q5T6C5,3346,train
Q17RC7,3347,train
Q9Y223,3348,val
P31152,3349,train
Q16659,3349,train
Q9Y608,3350,train
Q9H6R7,3351,train
Q13144,3352,train
Q9BXC9,3353,val
P56975,3354,train
Q6UXH9,3355,train
O43548,3356,train
P21980,3356,train
O95932,3356,train
Q9H9D4,3357,train
O95573,3358,train
O60488,3358,train
Q9NYZ3,3359,train
Q969H4,3360,train
Q9H8H0,3361,train
A6NGR9,3362,val
Q96RL1,3363,train
O96013,3364,train
Q9P286,3364,train
Q9NQU5,3364,train
Q96T68,3365,test
Q53GD3,3366,train
Q8IWA5,3366,train
Q8NCS7,3366,train
P33993,3367,test
Q8NE18,3368,train
P53794,3369,train
Q2M3M2,3369,train
P13866,3369,train
Q9NY91,3369,train
Q8WWX8,3369,train
A0PJK1,3369,train
Q9UPU9,3370,train
Q5PRF9,3370,train
Q93063,3371,train
Q6NSI8,3372,train
Q9Y6D9,3373,train
Q9BYH8,3374,train
Q9Y2Z2,3375,train
Q12996,3376,train
Q6P3S6,3377,test
Q9H307,3378,train
Q9UH99,3379,train
Q2M385,3380,train
Q9H3W5,3381,train
O75325,3381,train
Q6UXK5,3381,train
Q96CP2,3382,val
Q4VC44,3382,val
Q5TD94,3383,train
Q8N8K9,3384,test
P20592,3385,train
P20591,3385,train
Q2TV78,3386,train
P26927,3386,train
O94776,3387,train
Q13330,3387,train
Q9BTC8,3387,train
Q8IWZ6,3388,train
Q8IYE1,3389,train
Q8N8Z6,3390,test
B3KS81,3391,train
O43304,3392,train
Q92503,3392,train
Q8IZW8,3393,train
Q9H6S3,3394,train
Q8IVH2,3395,train
Q9H334,3395,train
O15409,3395,train
Q8IYT3,3396,train
Q6NSJ0,3397,train
P07384,3398,train
P17655,3398,train
A6NHC0,3398,train
Q6ZUT3,3399,train
A0AV02,3400,train
Q8N302,3401,train
Q8TC05,3402,train
P57058,3403,train
Q9HCJ2,3404,train
Q9HBW1,3404,train
Q9NT99,3404,train
Q7Z4F1,3405,train
P55290,3406,val
Q9Y2K1,3407,train
Q99797,3408,train
Q9Y253,3409,train
Q5SWA1,3410,train
Q86SQ7,3411,train
Q9H0E7,3412,train
Q70CQ1,3412,train
Q7Z404,3413,train
O15060,3414,train
G3V0H7,3415,val
Q9NYB5,3415,val
P46721,3415,val
Q9Y6L6,3415,val
Q9NPD5,3415,val
Q8IUC6,3416,train
Q8N5C8,3417,train
P51617,3418,train
Q9UBD5,3419,train
O75342,3420,train
O15296,3420,train
Q9BYJ1,3420,train
O94830,3421,val
A2AJT9,3422,train
Q9NWN3,3423,train
Q4KMQ1,3424,train
Q9UQF2,3425,test
Q9UPT9,3426,val
A6NNY8,3426,val
Q70EK9,3426,val
O94850,3427,train
Q96I24,3428,train
Q96AE4,3428,train
Q92945,3428,train
Q9H116,3429,train
Q2TAK8,3430,train
Q5H9M0,3430,train
P19338,3431,val
Q8N5V2,3432,train
Q3MIN7,3433,train
P48147,3434,test
Q9UIG8,3435,train
P02787,3436,train
P02788,3436,train
Q92541,3437,train
Q9NYY8,3438,train
Q9NVR2,3439,train
Q6ZW61,3440,train
Q14123,3441,train
Q01064,3441,train
P54750,3441,train
A4FU01,3442,train
Q8N307,3443,train
Q92542,3444,train
Q5HYW2,3445,train
Q2YD98,3446,train
Q14444,3447,train
Q08945,3448,train
O94956,3449,val
O94876,3450,train
O75069,3450,train
Q9ULS5,3450,train
Q9NUQ8,3451,train
Q9UKG1,3452,test
Q8NEU8,3452,test
P49959,3453,test
Q86TG7,3454,train
Q6P3R8,3455,train
Q8NCN4,3456,train
Q8NG27,3457,train
O43164,3457,train
Q9UGI0,3458,train
Q6UWL6,3459,train
Q9NVR0,3460,test
Q9UJ41,3461,train
Q96T51,3462,train
Q8WXA3,3462,train
Q7L099,3462,train
Q9NVU0,3463,train
O00471,3464,train
Q4G163,3465,train
P20810,3466,train
Q9NQG7,3467,train
Q9BU23,3468,train
Q969H0,3469,train
Q9H4Q3,3470,train
Q9NX78,3471,val
Q6NZY4,3472,train
P08253,3473,train
P14780,3473,train
Q15233,3474,train
Q8WXF1,3474,train
P23246,3474,train
Q9H078,3475,train
Q9NQR7,3476,train
Q6IA69,3477,train
O14523,3478,train
Q9NPG1,3479,train
O60353,3479,train
Q7L622,3480,test
Q9NVM9,3481,train
Q8N143,3482,train
P41182,3482,train
Q969R5,3483,train
Q05BQ5,3483,train
Q8N350,3484,train
Q9NZP8,3485,val
P00736,3485,val
P17600,3486,train
O14994,3486,train
Q92777,3486,train
Q9H892,3487,train
Q96DZ5,3488,test
Q8N3C7,3488,test
Q96EF0,3489,train
Q9Y217,3489,train
Q9Y216,3489,train
Q9BYT8,3490,train
P52888,3490,train
Q9H4Z3,3491,train
Q12931,3492,test
Q9H992,3493,train
O15247,3494,val
Q9Y696,3494,val
O00299,3494,val
O95833,3494,val
Q96NY7,3494,val
Q9NZA1,3494,val
Q8N6Y0,3495,train
O15234,3496,val
Q96MT8,3497,train
Q8ND24,3498,train
Q8N9T8,3499,train
O95352,3500,train
P23142,3501,train
Q99941,3502,train
Q5SY16,3503,test
Q8IZ21,3504,test
Q6Y2X3,3505,val
P13688,3506,test
P31997,3506,test
Q00887,3506,test
Q15238,3506,test
Q9UQ72,3506,test
P06731,3506,test
P40199,3506,test
P40198,3506,test
Q14002,3506,test
Q04446,3507,train
Q9H0J9,3508,val
Q9UF56,3509,train
Q9H0K6,3510,train
Q6ZT62,3511,train
Q9Y3L3,3511,train
Q9NR19,3512,test
A9YTQ3,3513,train
Q9Y592,3514,train
O75127,3515,test
P10244,3516,train
Q96GD3,3517,test
Q9UQR0,3517,test
O15254,3518,val
Q96QV1,3519,train
Q92902,3520,train
Q14978,3521,val
Q8N6R0,3522,train
Q9H720,3523,train
Q9UKM7,3524,train
Q9P2Y5,3525,train
Q9UI46,3526,train
O94769,3527,train
Q5VIR6,3528,val
P23327,3529,train
Q9NUY8,3530,train
Q96M02,3531,train
P48740,3532,train
O00187,3532,train
Q06210,3533,train
O94808,3533,train
Q9UBK8,3534,train
Q8NC60,3535,train
Q96RL6,3536,test
Q96LC7,3536,test
A6NMB1,3536,test
Q6ZRP7,3537,train
Q9BZW7,3538,train
Q9UKU0,3539,train
Q9ULC5,3539,train
P33121,3539,train
Q53GS7,3540,train
Q86XR2,3541,train
Q9H0V1,3542,train
O43167,3543,val
Q8IV35,3544,val
Q9NX65,3545,train
P05771,3546,train
P05129,3546,train
P17252,3546,train
Q96GX1,3547,train
Q9H3C7,3548,train
Q86VQ0,3549,train
O00461,3550,test
Q9Y426,3551,train
Q86VW0,3552,train
Q9UBH6,3553,train
Q96MP5,3554,train
Q5W0A0,3555,train
Q9NZN1,3556,train
Q9NP60,3556,train
Q68DH5,3557,train
Q7Z417,3558,train
Q6ZW33,3559,train
Q8IZF3,3560,val
P49418,3561,train
Q02040,3562,val
Q6IPM2,3563,train
Q9Y4A8,3564,train
Q6TGC4,3565,train
Q9H461,3566,val
Q9Y2J0,3567,val
Q9UNE2,3567,val
Q14183,3567,val
Q14184,3567,val
O96006,3568,train
P42167,3569,train
P42166,3569,train
Q86XJ1,3570,test
O43903,3570,test
Q13480,3571,train
P29973,3572,train
Q16281,3572,train
Q8IV77,3572,train
Q6ZU52,3573,test
Q6PCT2,3574,train
Q9NYA3,3575,test
Q49AG3,3576,train
Q9Y2A4,3577,val
P15621,3577,val
P17017,3577,val
Q9UC07,3577,val
Q8N8Z8,3577,val
Q9H7R0,3577,val
Q8N972,3577,val
C9JN71,3577,val
Q8TBZ8,3577,val
Q3KP31,3577,val
P17024,3577,val
Q8NEP9,3577,val
Q96GE5,3577,val
Q8N7K0,3577,val
Q7L945,3577,val
Q8TA94,3577,val
Q68EA5,3577,val
P52737,3577,val
Q15935,3577,val
P16415,3577,val
Q9H2G4,3578,train
Q9NYJ8,3579,train
Q08188,3580,test
Q9Y653,3581,train
Q53ET0,3582,train
P49915,3583,train
Q8NBP7,3584,train
Q86SG6,3585,train
Q86YC3,3586,train
Q96SD1,3587,train
Q9NVM4,3588,test
O43823,3589,train
O60393,3590,test
A8K979,3591,train
Q9UKA1,3592,train
Q9P1Z2,3593,train
P78424,3594,train
Q14863,3594,train
Q6IQ21,3595,test
Q8TDR0,3596,train
Q9HCJ3,3597,test
Q8IY67,3597,test
O75864,3598,train
Q9HAS3,3599,test
O43868,3599,test
O00337,3599,test
Q504Y0,3600,train
Q8TC07,3601,train
Q9HA65,3601,train
Q96QF7,3602,train
P16452,3603,test
Q06495,3604,train
Q8N130,3604,train
O95436,3604,train
O15226,3605,train
Q86WN1,3606,train
Q9NR80,3607,train
Q96N96,3607,train
O43307,3607,train
Q7Z353,3608,val
O14975,3609,train
Q5K4L6,3609,train
Q9Y2P5,3609,train
Q9Y2P4,3609,train
Q9HBW9,3610,train
Q96EY7,3611,test
Q7L2J0,3612,train
Q5T2E6,3613,train
Q9NQV8,3614,train
O15231,3615,train
Q9HB58,3616,train
Q6NUQ4,3617,val
Q9NUB1,3618,train
P35626,3619,train
P25098,3619,train
Q5JTW2,3620,train
P0C7T5,3621,train
Q9BSC4,3622,train
P09871,3623,train
Q96SB4,3624,train
Q9UPE1,3624,train
P78362,3624,train
P10074,3625,train
O95171,3626,train
Q96NL6,3627,val
Q3MII6,3628,train
Q9HBE1,3629,test
Q9NVU7,3630,train
Q8IUZ0,3631,train
Q9HCS5,3632,train
Q969X6,3633,train
Q6P2C0,3634,train
Q6UX68,3635,train
A8MT19,3636,val
Q8TCX5,3636,val
Q8IUC4,3636,val
O60294,3637,train
A1A5C7,3638,train
Q9H6R3,3639,train
Q9UL17,3640,train
O95936,3640,train
O43301,3641,train
Q96MM6,3641,train
Q9H4B4,3642,train
Q9NYY3,3642,train
Q8N8U9,3643,train
Q68DL7,3644,train
P54803,3645,val
O00237,3646,train
Q9Y252,3647,train
Q07837,3648,train
Q68D10,3649,train
Q15843,3650,train
P62987,3650,train
P62979,3650,train
P0CG47,3650,train
P0CG48,3650,train
Q9UKF6,3651,train
A8MX76,3652,train
Q8IWF2,3653,train
Q96RR1,3654,train
P12757,3655,train
Q8N3L3,3656,train
Q9NUQ3,3656,train
P40222,3656,train
Q9Y450,3657,val
Q53H47,3658,train
Q8WU76,3659,train
P49221,3660,train
P81274,3661,train
Q86YR5,3661,train
Q86V97,3662,val
Q8WVZ9,3662,val
O43395,3663,train
O14978,3664,val
Q6NSZ9,3664,val
Q13769,3665,train
Q155Q3,3666,train
Q96DU7,3667,train
Q8WWK9,3668,train
Q5U623,3669,train
Q99081,3670,test
P15884,3670,test
Q5SRH9,3671,train
Q5VTQ0,3671,train
Q16650,3672,val
O00566,3673,train
Q9NTW7,3674,test
Q9NPA5,3674,test
O75943,3675,val
Q96NU1,3676,train
Q99424,3677,train
Q15067,3677,train
Q99501,3678,train
Q96BD5,3679,train
P04637,3680,train
Q9H3D4,3680,train
O15350,3680,train
O15228,3681,train
Q96AC1,3682,train
Q86UX7,3682,train
Q9BQL6,3682,train
P23352,3683,train
Q7Z4Q2,3684,val
Q8IVT2,3685,train
Q3SXY7,3686,train
Q96PX1,3687,train
O60291,3687,train
Q8WUM9,3688,train
Q08357,3688,train
P11021,3689,train
P17066,3689,train
P0DMV9,3689,train
P38646,3689,train
P48741,3689,train
P54652,3689,train
P11142,3689,train
P0DMV8,3689,train
P34931,3689,train
Q2TB18,3690,train
Q460N3,3691,test
Q5T6L9,3692,train
Q14393,3693,train
P07225,3693,train
O15037,3694,train
Q12889,3695,train
Q15782,3695,train
Q6UXI7,3696,train
Q9H172,3697,train
P45844,3697,train
C9JLR9,3698,train
O75746,3699,train
Q9UJS0,3699,train
Q96C10,3700,test
P16435,3701,train
Q9NZT2,3702,train
Q96RD6,3703,train
Q15061,3704,train
Q8N5D0,3705,test
Q8TAF3,3706,train
O15062,3707,train
P49848,3708,train
Q6UWJ1,3709,train
P05060,3710,train
Q92994,3711,train
Q6UWU2,3712,train
P16278,3712,train
Q9UGP4,3713,train
A6NIX2,3713,train
Q05655,3714,train
P51787,3715,train
Q9BQ70,3716,test
Q9UQC2,3717,train
Q96N76,3718,train
Q8WYA0,3719,train
Q0ZGT2,3720,train
Q8N3R9,3721,train
P51813,3722,test
Q06187,3722,test
P42680,3722,test
P42681,3722,test
Q08881,3722,test
A1IGU5,3723,test
Q9BTX1,3724,train
P09917,3725,train
P18054,3725,train
P16050,3725,train
Q09019,3726,val
Q8TBZ3,3726,val
Q9UBU7,3727,train
Q6PIW4,3728,train
O75807,3729,train
Q9NQW7,3730,train
O43895,3730,train
O94810,3731,test
O75916,3731,test
Q9P1V8,3732,train
Q8N2M8,3733,train
O60299,3734,train
O43524,3735,train
Q12778,3735,train
Q06787,3736,train
P51114,3736,train
P51116,3736,train
A6NDB9,3737,train
Q05516,3738,train
Q9BW19,3739,train
Q2M2Z5,3740,train
Q6EMK4,3741,test
P12429,3742,test
P08758,3742,test
P08133,3742,test
Q9UJ72,3742,test
Q9H221,3743,train
Q8IUR7,3744,train
Q9NPB8,3745,train
Q8NCG7,3746,train
Q9HC96,3747,train
Q86T24,3748,train
Q8NEM2,3749,train
Q96NG3,3750,train
Q86V21,3751,val
Q13546,3752,train
O60504,3753,train
Q8TD17,3754,train
Q9UDV7,3754,train
O76094,3755,test
P54257,3756,train
P51817,3757,train
P22694,3757,train
Q13976,3757,train
Q96C24,3758,train
Q8N7J2,3759,val
Q9Y3E1,3760,train
Q7Z4V5,3760,train
Q96CN5,3761,train
Q9NVP1,3762,train
Q96M63,3763,train
Q96QH2,3764,train
Q8TF50,3765,train
O95447,3766,train
Q6Q0C0,3767,train
Q9UNK9,3768,test
Q9Y6X4,3769,train
P18850,3770,train
Q9BRK4,3771,train
Q9BSK4,3772,train
Q96JP0,3772,train
Q6MZZ7,3773,test
Q86UA1,3774,val
Q96PK6,3775,train
Q9UJ78,3776,train
P50281,3777,train
P51511,3777,train
P51512,3777,train
Q9Y5R2,3777,train
Q9BVL4,3778,train
P37088,3779,train
Q7RTS9,3780,val
Q8N442,3781,train
O94925,3782,train
Q9UI32,3782,train
Q9BX10,3783,train
O00178,3783,train
Q969S8,3784,train
O96005,3785,train
P30203,3786,train
P81408,3787,train
Q0VDD7,3788,train
O76090,3789,train
Q8N1M1,3789,train
Q8NFU0,3789,train
Q13438,3790,train
Q9BX79,3791,train
Q9UGJ1,3792,train
Q8NFR9,3793,test
Q8WVC0,3794,train
Q8N8A6,3795,train
Q5SNT2,3796,train
Q13470,3797,train
Q8NDP4,3798,train
Q15973,3798,train
Q8IZC7,3798,train
Q8IYI8,3798,train
Q08AG5,3798,train
Q9BS34,3798,train
Q0D2J5,3798,train
Q96I27,3798,train
Q96BR6,3798,train
Q8N0X7,3799,train
O75326,3800,train
Q9UQM7,3801,train
Q13554,3801,train
Q13557,3801,train
Q13555,3801,train
Q13614,3802,test
Q13496,3802,test
Q13613,3802,test
Q9Y2J8,3803,train
Q9UM07,3803,train
Q9ULW8,3803,train
Q96M89,3804,train
Q9H6T3,3805,train
Q96S55,3806,train
Q6PK81,3807,train
Q96K75,3807,train
Q6ZNG0,3807,train
Q96NG5,3807,train
Q96JL9,3807,train
Q8N988,3807,train
Q13360,3807,train
Q14807,3808,train
Q96B97,3809,train
Q86WT1,3810,train
Q8N4P2,3810,train
Q9BY84,3811,train
Q13202,3811,train
Q8ND71,3812,val
Q12934,3813,train
P02545,3814,train
P20700,3814,train
Q03252,3814,train
Q8N5G2,3815,train
Q96EP1,3816,train
Q8WU17,3817,train
Q2TB10,3818,train
Q8NC74,3819,train
Q14515,3820,train
P09486,3820,train
P31040,3821,train
Q96BT7,3822,train
Q99607,3823,train
Q96MT1,3824,train
Q99805,3825,train
Q92544,3825,train
Q96T25,3826,train
Q8N392,3827,train
O15079,3828,train
Q9NX95,3828,train
Q5VUJ5,3829,train
Q3KP66,3830,train
Q68CP4,3831,train
Q14392,3832,test
O15523,3833,train
O00571,3833,train
P20711,3834,train
P19113,3834,train
Q9UHV5,3835,train
Q9H714,3836,train
O43572,3837,train
Q8IYS0,3838,train
Q14CZ7,3839,val
Q9UJ14,3840,train
Q9H093,3841,train
O60285,3841,train
Q9UI40,3842,train
Q99467,3843,val
P57075,3844,train
Q9H7D7,3845,val
Q96PZ0,3846,test
P05160,3847,train
Q9NQ79,3848,train
Q8NHV4,3849,train
O00305,3850,train
Q08289,3850,train
P54284,3850,train
Q02641,3850,train
Q9NZU1,3851,val
O43155,3851,val
Q9NZU0,3851,val
Q8NFH8,3852,val
Q8WZA1,3853,train
P54136,3854,train
Q9NW15,3855,train
Q3B820,3856,train
P0CG23,3857,train
Q8TE77,3858,train
A1L020,3859,train
Q5U5Q3,3859,train
Q6ZN04,3859,train
Q9NXH9,3860,test
P28288,3861,train
Q8TAP6,3862,train
Q9H089,3863,train
P17813,3864,train
Q2TAA8,3865,test
O00116,3866,val
P52569,3867,test
P30825,3867,test
Q8WY07,3867,test
P23786,3868,train
Q9NV88,3869,train
P54829,3870,val
P35236,3870,val
Q15256,3870,val
Q7Z3E1,3871,test
Q96DM3,3872,train
Q6UVJ0,3873,train
C9JQI7,3874,train
Q96FV9,3875,train
Q8TCP9,3876,train
P0CF97,3876,train
Q8WWI5,3877,train
Q8N4M1,3877,train
Q92611,3878,train
Q9H6X5,3879,test
Q86SF2,3880,train
P42357,3881,train
Q9Y2V7,3882,train
Q9BW27,3883,train
P42898,3884,train
Q8N309,3885,train
Q6ZW76,3886,train
P24386,3887,train
P26374,3887,train
Q01844,3888,val
Q9P0U4,3889,train
Q2M243,3890,train
Q86W26,3891,train
Q9NY59,3892,train
Q96KR4,3893,train
Q15311,3894,train
Q9BVA0,3895,test
Q9NZV8,3896,train
Q9NSA2,3896,train
Q9UK17,3896,train
Q53HC5,3897,train
Q9P2J3,3897,train
Q9P2N7,3897,train
O75509,3898,train
P49748,3899,train
Q9H845,3899,train
Q9UNQ0,3900,train
Q9HBG7,3901,test
Q04756,3902,train
Q96IV0,3903,train
Q03169,3904,train
Q9NW82,3905,train
Q9NYA1,3906,test
Q9NRA0,3906,test
Q96JX3,3907,train
P15923,3908,test
P33908,3909,train
Q9NR34,3909,train
O60476,3909,train
O43439,3910,train
Q06455,3910,train
O75081,3910,train
A6NMB9,3911,train
Q9BXF6,3912,train
Q96GC6,3913,train
P22460,3914,train
P22459,3914,train
P17658,3914,train
Q09470,3914,train
P22001,3914,train
P16389,3914,train
O14829,3915,train
Q13049,3916,train
Q9BZQ2,3917,train
P35475,3918,train
Q8IW92,3919,val
Q8NCI6,3919,val
Q68BL7,3920,test
Q86VX9,3921,val
Q7L1V2,3921,val
P0C671,3922,train
Q66K79,3923,train
P16870,3923,train
Q9NPY3,3924,test
Q9BY15,3925,val
P07359,3926,train
Q6ZN84,3927,train
Q86WS4,3928,val
Q86UU5,3929,train
Q9Y6R0,3930,train
P49757,3930,train
O75925,3931,train
Q8N2W9,3931,train
Q9Y6X2,3931,train
O75928,3931,train
P08236,3932,train
Q15486,3932,train
Q9NPI1,3933,train
P35663,3934,train
A6NIE6,3935,train
Q9NYV6,3935,train
Q86XN8,3936,train
Q9H7E2,3937,val
Q9H222,3938,train
Q14680,3939,train
Q9NVC6,3940,test
Q8NCE2,3941,train
Q6PI73,3942,train
Q8N149,3942,train
Q8N423,3942,train
Q8NHJ6,3942,train
O75023,3942,train
Q8N6C8,3942,train
O75022,3942,train
P59901,3942,train
A6NI73,3942,train
Q8NHL6,3942,train
Q5GH73,3943,train
Q5GH72,3943,train
Q5GH76,3943,train
Q9UGH3,3944,train
Q9UHI7,3944,train
P51693,3945,train
Q9UNN5,3946,train
Q96G46,3947,train
Q86X29,3948,test
P46063,3949,train
Q86VQ6,3950,train
Q16881,3950,train
Q9NNW7,3950,train
P51170,3951,train
Q8TF42,3952,val
Q16643,3953,train
Q96QE2,3954,train
O15353,3955,train
Q9H0M4,3956,train
O95125,3957,train
Q15397,3958,train
Q9NXZ2,3959,train
Q9NVI7,3960,train
Q5T2N8,3960,train
Q5T9A4,3960,train
Q8NBF6,3961,train
Q9UFC0,3962,train
P10515,3963,test
P53671,3964,train
P53667,3964,train
Q8N3J3,3965,train
A0A0J9YXQ4,3966,train
A0A0J9YX94,3966,train
Q9BTA9,3967,train
Q6P5W5,3968,train
P78348,3969,test
Q16515,3969,test
Q96FT7,3969,test
Q96MY7,3970,train
Q14332,3971,val
Q9ULW2,3971,val
Q13467,3971,val
O75084,3971,val
Q9UP38,3971,val
O00144,3971,val
Q9P209,3972,train
Q49MG5,3973,train
Q8NI60,3974,train
P43121,3975,train
P30291,3976,train
Q9H7S9,3977,train
Q96F45,3977,train
Q96FN5,3978,train
Q9H2H8,3979,test
Q9Y3C6,3979,test
Q96BP3,3979,test
Q6PCB7,3980,train
Q6P1M0,3980,train
Q9ULX6,3981,train
Q8NG66,3982,train
P30101,3983,train
P13667,3983,train
Q13409,3984,train
O14576,3984,train
Q8IWZ8,3985,train
P42331,3986,test
Q17RD7,3987,train
Q8NB59,3987,train
Q6PI48,3988,test
Q9HC58,3989,train
Q8NFF2,3989,train
P0CB38,3990,train
Q9H361,3990,train
Q13310,3990,train
Q96DU9,3990,train
Q4VXU2,3990,train
Q5JQF8,3990,train
P11940,3990,train
Q9BSG1,3991,val
Q12901,3991,val
Q8IZ26,3991,val
O43296,3991,val
Q8N9F8,3991,val
Q16587,3991,val
P15622,3991,val
Q6ZS27,3991,val
Q96PQ6,3991,val
Q9HBT8,3991,val
Q8N141,3991,val
Q8NA42,3991,val
Q6ZMY9,3991,val
Q75MW2,3992,test
Q6NUN9,3992,test
P01042,3993,train
Q14166,3994,val
Q9P0U3,3995,train
O95905,3996,train
Q14533,3997,train
Q9NSB4,3997,train
Q9NSB2,3997,train
P78386,3997,train
O43790,3997,train
P13647,3997,train
P04259,3997,train
P48668,3997,train
Q14CN4,3997,train
P35908,3997,train
Q7RTS7,3997,train
P04264,3997,train
P05787,3997,train
P02538,3997,train
Q3SY84,3997,train
Q86Y46,3997,train
Q7Z794,3997,train
P08729,3997,train
Q01546,3997,train
O95678,3997,train
Q8N1N4,3997,train
Q5XKE5,3997,train
P12035,3997,train
P19013,3997,train
Q9NRR6,3998,test
Q9UKV5,3999,val
Q0P6H9,4000,train
Q92959,4001,train
Q1EHB4,4002,train
Q92911,4002,train
Q8N695,4002,train
Q5TEJ8,4003,train
Q9NWL6,4004,train
Q8TC92,4005,train
Q16206,4005,train
O14777,4006,val
Q9Y6Y0,4007,train
Q53EQ6,4008,train
Q6TDP4,4009,train
Q9Y2M5,4009,train
Q9NXS3,4009,train
O95198,4009,train
O94889,4009,train
Q53G59,4009,train
Q9UH77,4009,train
Q9BTE3,4010,train
Q8WVM8,4011,train
Q9H611,4012,train
O15484,4013,train
Q9Y6Q1,4013,train
Q9H6W3,4014,train
A0A0U1RRE5,4015,train
Q9Y2W2,4015,train
Q8N1K5,4016,val
O95208,4017,train
Q9H201,4017,train
Q02297,4018,train
P35558,4019,train
Q16822,4019,train
P10242,4020,test
P07911,4021,train
P55259,4021,train
O00472,4022,val
Q6NSJ2,4023,train
P51168,4024,train
A4FU49,4025,train
Q9UBT2,4026,val
Q5JVL4,4027,train
Q96PP8,4028,val
P32455,4028,val
Q96PP9,4028,val
Q6ZN66,4028,val
Q9H0R5,4028,val
P32456,4028,val
Q8N8V2,4028,val
P13196,4029,test
O95453,4030,train
Q8IYB4,4031,train
P50542,4031,train
Q15637,4032,val
Q99502,4033,train
O00167,4033,train
Q99504,4033,train
O95677,4033,train
Q8IUR6,4034,train
Q9P2B4,4035,train
Q9Y5K6,4036,train
Q71H61,4037,train
Q8N3T1,4038,val
Q5VWK0,4039,train
Q96MY1,4040,train
O94818,4040,train
C9JSJ3,4041,train
Q5H9K5,4042,train
Q9NPI7,4042,train
P52747,4043,train
P36508,4043,train
P08240,4044,train
P03952,4045,train
P03951,4045,train
Q96LD4,4046,test
Q96MH7,4047,train
P10912,4048,val
P49759,4049,train
Q9HAZ1,4049,train
P49761,4049,train
P49760,4049,train
Q96JB8,4050,train
Q9NY28,4051,val
Q6IS24,4051,val
Q6P9A2,4051,val
Q9HCQ5,4051,val
Q86YS3,4052,train
O14744,4053,train
P48506,4054,train
Q9ULJ1,4055,train
Q86U38,4056,train
Q9NZB8,4057,train
Q8WYA1,4058,train
O00327,4058,train
Q15025,4059,train
Q9NSD5,4060,train
P48066,4060,train
P23975,4060,train
Q01959,4060,train
Q99884,4060,train
P30531,4060,train
P31645,4060,train
P31641,4060,train
P48029,4060,train
P48065,4060,train
Q6UWB1,4061,train
Q9ULN7,4062,train
P43405,4063,train
Q9Y289,4064,train
P40238,4065,train
O43246,4066,train
Q9BZE4,4067,train
O75167,4068,train
Q6ZRF8,4069,test
A8MVM7,4070,train
O15209,4071,train
Q9H511,4072,train
Q53GT1,4073,train
Q9NUX5,4074,test
Q5TGY1,4075,train
Q6UUV9,4076,train
Q8IYS2,4077,train
Q86YP4,4078,test
Q9BTV7,4079,train
Q8TDN4,4079,train
P18887,4080,train
Q8NEG5,4081,val
O94927,4082,train
Q99829,4083,train
Q8IYJ1,4083,train
Q9HCH3,4083,train
Q86YQ8,4083,train
Q9UBL6,4083,train
Q96A23,4083,train
O75131,4083,train
O95741,4083,train
Q96FN4,4083,train
Q8NEC7,4084,test
Q8NCL4,4085,train
Q8IXK2,4085,train
Q14435,4085,train
Q8N4A0,4085,train
O60506,4086,train
O43390,4086,train
O76031,4087,test
A6NMD2,4088,test
A8MQT2,4088,test
A6NN73,4088,test
Q0D2H9,4088,test
A6NCC3,4088,test
H3BV12,4088,test
I6L899,4088,test
A7E2F4,4088,test
D6RF30,4088,test
F8WBI6,4088,test
A6NC78,4088,test
Q9H0H5,4089,train
Q68DY9,4090,val
Q8TAW3,4090,val
Q3KQV3,4090,val
Q8IVC4,4090,val
P52741,4090,val
Q13398,4090,val
Q96HQ0,4090,val
Q13106,4090,val
Q9NXT0,4090,val
Q8TAU3,4090,val
Q68DI1,4090,val
Q96SQ5,4090,val
Q8IUH4,4091,train
Q8IUH5,4091,train
Q8NAN2,4092,train
O14492,4093,train
Q7L311,4094,train
A1L0T0,4095,train
P20794,4096,train
Q9UPZ9,4096,train
Q9UN88,4097,train
Q567U6,4098,train
A6NF34,4099,train
O60216,4100,val
Q9ULX5,4101,train
P04844,4102,train
Q9Y2B5,4103,train
Q8N0X2,4104,train
A0MZ66,4105,train
Q969Z0,4106,train
Q9UH65,4107,train
Q9H4E7,4107,train
P20823,4108,train
P17405,4109,train
Q13421,4110,train
Q14651,4111,train
P13797,4111,train
P13796,4111,train
Q96HB5,4112,val
Q9NQX1,4113,train
P13682,4114,val
P51786,4114,val
Q96RE9,4114,val
P58317,4114,val
P21506,4114,val
Q96SR6,4114,val
Q9Y6Q3,4114,val
P17030,4114,val
Q8N883,4114,val
Q8N9K5,4114,val
Q5HYK9,4114,val
Q8NDW4,4114,val
Q8TAF7,4114,val
Q14258,4115,train
Q8WV44,4116,train
Q96A61,4116,train
Q92529,4117,train
Q6S5L8,4117,train
P29353,4117,train
P98077,4117,train
P08195,4118,train
Q9BQI3,4119,train
Q96B18,4120,train
O60279,4121,train
A8K855,4122,train
Q9HB63,4123,train
O94952,4124,train
Q9P2G3,4125,test
Q96RF0,4126,train
Q8WV41,4126,train
Q9UBL3,4127,train
P15170,4128,train
Q8IYD1,4128,train
P50895,4129,train
Q86XI8,4130,train
Q9UHB9,4131,train
P30926,4132,test
P32297,4132,test
P17787,4132,test
Q15825,4132,test
P30532,4132,test
P02708,4132,test
P43681,4132,test
Q9UK73,4133,test
O60826,4134,train
Q9UBU9,4135,test
Q9GZY0,4135,test
Q9H1B4,4135,test
Q9H4D5,4135,test
P43354,4136,train
Q92570,4136,train
P22736,4136,train
Q9Y2U5,4137,train
Q99759,4137,train
P20916,4138,train
Q9H967,4139,train
Q9UKG4,4140,train
Q9Y3Z3,4141,train
Q96S53,4142,train
Q15569,4142,train
P51854,4143,train
Q9H0I9,4143,train
P29401,4143,train
Q7Z695,4144,test
P84996,4145,val
Q8IZ07,4146,train
Q86YJ7,4146,train
Q6ZTN6,4146,train
Q6ISB3,4147,train
Q8TE85,4147,train
Q8NBJ5,4148,train
Q8IYK4,4148,train
Q5T4B2,4148,train
Q9H9A7,4149,train
Q8IZ69,4150,train
Q14677,4151,train
Q14397,4152,train
O43187,4153,train
A6PVS8,4154,val
O95340,4155,test
O43252,4155,test
Q9H981,4156,train
Q9Y5P4,4157,train
Q9NVW2,4158,train
Q9NRR5,4159,train
Q9UHD9,4159,train
Q9UMX0,4159,train
Q14145,4160,train
Q9BRP7,4161,train
Q9P2V4,4162,test
Q53TS8,4163,test
Q8N715,4164,train
P52739,4165,train
Q8IY47,4166,val
O94819,4167,val
Q3ZCT8,4168,train
Q9UG63,4169,train
P13646,4170,train
P02533,4170,train
Q2M2I5,4170,train
Q7Z3Y8,4170,train
P13645,4170,train
Q99456,4170,train
P08727,4170,train
P08779,4170,train
Q04695,4170,train
Q7Z3Z0,4170,train
P19012,4170,train
Q7Z3Y7,4170,train
P35527,4170,train
Q8WZA9,4171,train
O95460,4172,train
Q9UJV9,4173,train
Q96LX7,4174,train
Q9UPW0,4175,test
P16471,4176,train
Q9H0B6,4177,test
Q9NSK0,4177,test
Q07866,4177,test
Q6P597,4177,test
Q96G03,4178,val
Q6PCE3,4178,val
P00734,4179,train
Q9UN79,4180,train
Q9Y6J9,4181,train
A2RU67,4182,train
O15287,4183,train
Q86UW9,4184,train
Q9Y2E6,4184,train
Q86Y01,4184,train
Q96NE9,4185,train
P55199,4186,train
Q9UKA2,4187,train
O94842,4188,train
O15405,4188,train
Q8N5J2,4189,val
Q8NBR6,4189,val
Q6TFL4,4190,train
Q8WZ60,4190,train
A6NKL6,4191,train
O95671,4192,train
O43292,4193,train
Q9NVH0,4194,train
Q99543,4195,val
Q96EK5,4196,train
Q7L985,4197,train
Q96FE5,4197,train
P0C6S8,4197,train
Q53F19,4198,train
Q13042,4199,train
Q8N1V2,4200,train
Q9P2G9,4201,train
O43663,4202,train
Q4ZIN3,4203,train
Q5T1V6,4204,train
Q9BRD0,4205,train
Q04864,4206,train
Q04206,4206,train
P43403,4207,val
A1YPR0,4208,train
Q96K58,4209,train
Q9HCS4,4210,train
Q9NQB0,4210,train
Q9UJU2,4210,train
Q8NAA4,4211,test
P32519,4212,train
Q02153,4213,test
Q6UUV7,4214,train
Q8IXI2,4215,train
Q8IXI1,4215,train
Q9NYJ7,4216,train
Q13489,4217,train
Q13490,4217,train
Q96MX3,4218,test
Q9NZI5,4219,train
P49286,4220,train
Q13585,4220,train
Q8IZD4,4221,train
Q96RU3,4222,train
Q15642,4222,train
Q5T0N5,4222,train
Q92681,4223,train
Q9H267,4224,train
P38606,4225,train
Q86TM6,4226,train
P13521,4227,train
Q16134,4228,val
O75343,4229,train
P09172,4230,train
Q8TD20,4231,train
O94923,4232,test
Q9Y227,4233,train
Q9NQZ7,4233,train
P27694,4234,test
P48382,4235,train
Q8N4N3,4236,train
Q9UBP0,4237,test
Q9Y6Q6,4238,val
Q9H0L4,4239,val
P33240,4239,val
Q7Z3D6,4240,val
Q9Y5A7,4241,val
Q8NFT6,4242,train
Q96CK0,4243,train
O15240,4244,test
Q14739,4245,test
O76062,4245,test
A7MCY6,4246,train
Q96CM8,4247,train
Q8NAG6,4248,val
P00748,4249,train
O00255,4250,test
Q68DK7,4251,val
P20393,4252,train
Q14995,4252,train
Q13772,4253,train
P59827,4254,train
Q8N554,4255,test
Q7Z7F0,4256,train
P06276,4257,train
P22303,4257,train
Q9Y2D8,4258,train
Q3KP44,4259,train
Q6UVY6,4260,train
Q8IYX3,4261,train
Q02086,4262,train
Q6PEZ8,4263,test
Q7Z5L7,4263,test
Q6NYC8,4264,test
Q9Y6X3,4265,test
Q96C34,4266,train
O95831,4267,train
O15354,4268,val
O60883,4268,val
Q9UJY4,4269,test
Q969P0,4270,train
Q7RTM1,4271,val
Q9UKG9,4272,train
Q93052,4273,train
Q15654,4273,train
Q96Q07,4274,train
Q8IXW5,4275,train
Q8TB96,4276,train
Q9P2C4,4277,train
Q96MW5,4278,train
P09960,4279,train
Q494U1,4280,test
O94955,4281,test
A7MD48,4282,train
P23526,4283,test
O43865,4283,test
Q96HN2,4283,test
Q9H6U8,4284,train
Q96PZ2,4285,val
Q494V2,4286,train
Q9H7Z6,4287,train
O95251,4287,train
P23588,4288,train
Q9NPC7,4289,train
Q17RQ9,4290,train
Q6NUM9,4291,train
O15213,4292,train
Q4VX76,4293,train
Q96P26,4294,train
Q9BXI3,4294,train
P16581,4295,train
P27824,4296,train
O14967,4296,train
Q6L8Q7,4297,train
Q9BSJ5,4298,train
P02771,4299,train
P02768,4299,train
Q9P215,4300,train
P12956,4301,train
Q8IZC4,4302,val
Q6NV75,4303,val
Q8TAT6,4304,train
Q8NEG7,4305,train
Q8IWF6,4305,train
Q86X55,4306,val
O94826,4307,train
Q9NUW8,4308,val
Q8NAB2,4309,train
Q7Z4T8,4310,test
Q8NCW6,4310,test
Q8IYW4,4311,test
P36915,4312,train
Q9H9F9,4313,test
O14772,4314,train
P04843,4315,train
P34925,4316,train
O95935,4317,train
Q96SF7,4317,train
Q6NUS6,4318,val
Q8WXI4,4319,val
Q8WYK0,4319,val
Q676U5,4320,train
Q7L775,4321,train
P52306,4322,train
O43318,4323,train
O15321,4324,train
O75083,4325,val
P17026,4326,val
Q96NJ3,4326,val
Q5VV52,4326,val
Q9UL59,4326,val
Q8N3J9,4326,val
O60662,4327,train
Q6AZY7,4328,train
Q86WA9,4329,train
Q8N9R8,4330,train
O14678,4331,test
Q8TAT5,4332,test
Q16236,4333,val
Q9NZ53,4334,train
Q9Y297,4335,train
Q9UKB1,4335,train
O15297,4336,test
O75604,4337,train
Q96MM7,4338,val
Q8IZP7,4338,val
O60243,4338,val
Q9UIS9,4339,train
Q96EA4,4340,train
P35858,4341,train
Q96NN9,4342,train
Q8IYT1,4343,train
Q8TC56,4343,train
Q8WTR4,4344,train
Q6IBW4,4345,test
Q05D60,4346,train
P35354,4347,val
P23219,4347,val
A8MXQ7,4348,train
P17028,4349,val
P49910,4349,val
Q8NF99,4349,val
P10073,4349,val
Q9H4T2,4349,val
Q96N95,4349,val
Q969J2,4349,val
Q9Y5A6,4349,val
Q86W11,4349,val
Q96LW9,4349,val
O15535,4349,val
Q9BRR0,4349,val
O43309,4349,val
Q3MJ62,4349,val
Q16670,4349,val
Q15776,4349,val
Q6AZW8,4349,val
Q9UNY5,4349,val
Q96M94,4350,train
Q14264,4351,train
P48163,4352,train
P23368,4352,train
Q16798,4352,train
P13056,4353,test
P49116,4353,test
P53350,4354,train
Q6PJ61,4355,train
Q68CZ6,4356,train
Q8N6Q8,4357,train
Q49A17,4358,train
Q86SR1,4358,train
Q9H9A6,4359,train
Q9H1U4,4360,train
Q8N3X6,4361,train
Q15326,4362,train
Q13183,4363,test
Q8WWT9,4363,test
Q9BZW2,4363,test
Q86VL8,4364,test
Q15173,4365,val
Q16537,4365,val
Q15172,4365,val
Q14738,4365,val
Q13362,4365,val
Q07065,4366,train
Q9UH73,4367,val
Q9HAK2,4367,val
Q9H4W6,4367,val
Q9BQW3,4367,val
Q92630,4368,train
Q9NR20,4368,train
O43781,4368,train
Q8NFY9,4369,train
Q9BW04,4370,train
P30154,4371,train
P30153,4371,train
Q96SZ6,4372,train
Q56NI9,4373,train
Q9UGU5,4374,train
O95402,4375,train
P29536,4376,train
Q66K64,4377,train
Q8NHQ9,4378,train
A6NGE4,4379,train
Q5TAQ9,4379,train
Q9NSC7,4380,train
O43272,4381,train
Q5TA45,4382,train
Q9BV36,4383,train
Q5VW38,4384,train
Q96LB3,4385,train
Q9BVL2,4386,test
Q9Y2R4,4387,test
P07199,4388,train
Q9UJX3,4389,train
Q9P0W8,4390,val
P61221,4391,test
P43652,4392,test
Q9NZI8,4393,train
Q9Y6M1,4393,train
O00425,4393,train
Q5FYB1,4394,train
P15848,4394,train
Q5FYB0,4394,train
Q9H999,4395,test
Q9BZ23,4395,test
Q8TE04,4395,test
Q6P1W5,4396,train
Q9Y232,4397,train
Q9Y6F8,4397,train
Q8N8U2,4397,train
Q8N3Y1,4398,val
Q9HA90,4399,train
O43310,4400,train
Q14181,4401,val
Q15051,4402,train
P29350,4403,test
Q06124,4403,test
O60942,4404,test
Q9UHB4,4405,train
Q9NYH9,4406,train
Q9H8M2,4407,train
Q8NHQ1,4408,train
Q9UJX2,4409,train
P04003,4410,train
Q7Z6J6,4411,train
A2A2Y4,4411,train
Q9H2C0,4412,train
Q9UJP4,4413,train
A6NNA2,4414,train
Q15046,4415,train
Q9H1C4,4416,train
Q58FF7,4417,train
Q96HC4,4418,train
Q9Y250,4419,train
Q9NR81,4420,train
Q7Z628,4420,train
Q96AX1,4421,train
Q05513,4422,train
P41743,4422,train
Q7RTS5,4423,train
P57772,4424,train
Q9Y616,4425,test
P26038,4426,train
P35240,4426,train
P35241,4426,train
P15311,4426,train
A5D8V7,4427,train
P20138,4428,train
Q96PQ1,4428,train
Q9Y286,4428,train
O43699,4428,train
Q9NYZ4,4428,train
Q9Y336,4428,train
Q9NQX0,4429,train
Q99572,4430,val
Q7Z7K2,4431,train
Q9Y5X1,4432,test
P28908,4433,train
Q92731,4434,train
P03372,4434,train
Q9BWX5,4435,train
Q92908,4435,train
P43694,4435,train
O00567,4436,val
Q9UNH5,4437,train
O60729,4437,train
A4D256,4437,train
Q05329,4438,train
Q99259,4438,train
Q9Y600,4438,train
Q6UN15,4439,train
Q8NE62,4440,train
Q03989,4441,train
Q96G42,4442,train
O00186,4443,train
P61764,4443,train
Q15833,4443,train
Q86TU7,4444,val
A0AV96,4445,train
Q8TBY0,4445,train
Q9NQ94,4445,train
Q92990,4446,train
Q13322,4447,train
Q14451,4447,train
Q14449,4447,train
P43378,4448,train
Q9Y483,4449,train
O43189,4449,train
Q5T6S3,4449,train
O76083,4450,train
Q8N328,4451,val
Q15723,4452,train
Q8NFJ9,4453,train
Q8IVW6,4454,train
Q99856,4454,train
Q03431,4455,train
P49190,4455,train
Q8WXI9,4456,train
Q7L4E1,4457,train
Q96GW9,4458,val
Q5FYA8,4459,train
P08842,4459,train
P51689,4459,train
P54793,4459,train
P51690,4459,train
Q8TE67,4460,train
Q16526,4461,train
Q49AN0,4461,train
P28799,4462,test
Q9BUH8,4463,val
O00499,4464,train
Q92804,4465,train
P35637,4465,train
Q7Z569,4466,val
Q6ZNA5,4467,train
Q86T96,4468,train
P31939,4469,train
Q8TCT7,4470,train
Q8TCT8,4470,train
Q9UJT2,4471,test
Q9Y251,4472,train
Q8WWQ2,4472,train
P49023,4473,train
O60711,4473,train
O43294,4473,train
Q8N8S7,4474,train
Q8NFR7,4475,train
P41440,4476,train
Q96MW7,4477,train
Q9H900,4478,train
P17812,4479,train
Q9NRF8,4479,train
P07358,4480,train
Q99742,4481,train
O43300,4482,train
Q86VH4,4482,train
Q86UE6,4482,train
Q86VH5,4482,train
Q8IXH7,4483,train
Q6UWP8,4484,train
Q6NUJ5,4485,test
Q9NZV5,4486,train
Q6XYQ8,4487,train
Q86SS6,4487,train
Q9BQG1,4487,train
Q5T7P8,4487,train
P08912,4488,train
P11229,4488,train
P20309,4488,train
Q8N865,4489,train
Q15835,4490,train
P43250,4490,train
P34947,4490,train
P32298,4490,train
Q05215,4491,val
O14682,4492,train
Q9H0H3,4492,train
Q96S65,4493,train
Q8NHP8,4494,val
Q9HD45,4495,train
P0C7X5,4496,train
Q86UZ6,4497,train
Q9NRA2,4498,val
Q8NDX2,4498,val
Q9P2U7,4498,val
Q9P2U8,4498,val
Q8WVV4,4499,train
Q9HC62,4500,train
Q9NSD9,4501,val
O75529,4502,train
Q6P1L5,4503,test
Q86VQ1,4503,test
P14866,4504,train
Q8N1N0,4505,val
O00541,4506,train
O75553,4507,test
Q13939,4508,test
Q8N5S9,4509,train
Q96RR4,4509,train
Q14134,4510,train
Q53T94,4511,train
Q16538,4512,train
Q96BF6,4513,test
Q05932,4514,train
Q96IT1,4515,train
P46060,4516,train
Q9NTJ5,4517,train
Q8N1H7,4518,train
Q2MV58,4519,train
Q96Q27,4520,train
Q8NFF5,4521,train
Q7Z5L9,4522,train
Q8IWD5,4523,train
Q8WWW8,4524,train
Q7KYR7,4525,train
Q13410,4525,train
Q8WVV5,4525,train
Q96KV6,4525,train
O95391,4526,train
Q6ZV50,4527,val
Q9BYE2,4528,train
Q8IXQ5,4529,train
Q9UH03,4530,train
Q9UHD8,4530,train
Q5VWI1,4531,train
Q53FZ2,4532,train
Q68CK6,4532,train
Q6NUN0,4532,train
Q6P461,4532,train
Q08AH1,4532,train
Q08AH3,4532,train
P36269,4533,train
P19440,4533,train
Q08380,4534,train
Q13368,4535,train
Q5T2T1,4535,train
Q8WYN3,4536,train
Q9H175,4536,train
Q96DM1,4537,train
Q9BWN1,4538,test
Q7Z739,4539,train
Q9Y5A9,4539,train
Q9BYJ9,4539,train
Q9NRC1,4540,train
Q8TDW4,4540,train
P40200,4541,test
Q92624,4542,train
Q9H4H8,4543,train
Q8NE31,4544,train
Q8WW52,4545,train
Q9BY44,4546,train
P07476,4547,test
Q13422,4548,val
Q9UKS7,4548,val
Q9H2S9,4548,val
Q8N807,4549,train
Q6J4K2,4550,train
P41214,4551,train
O00481,4552,test
P78410,4552,test
O00478,4552,test
O95365,4553,train
Q96MK3,4554,test
Q8IXL6,4554,test
Q9Y573,4555,val
Q8IU81,4556,test
P07357,4557,train
O75363,4558,test
Q92802,4559,train
O15091,4560,train
Q96RS6,4561,train
Q9UGN5,4562,train
Q8N1G4,4563,train
P05156,4564,train
Q13740,4565,val
Q86X27,4566,train
Q5JS13,4566,train
Q5JTV8,4567,val
Q6PF15,4568,train
O43280,4569,train
Q8N584,4570,train
Q8NCV1,4571,train
Q8WXF7,4572,train
Q8NHH9,4572,train
Q6DD88,4572,train
Q99583,4573,train
Q9NVV4,4574,train
Q9NVN8,4575,train
Q9NPI6,4576,train
O95302,4577,test
Q96AY3,4577,test
Q5BKZ1,4578,train
Q9P2F9,4579,train
O14545,4580,train
Q4G0J3,4581,train
Q9UQ13,4582,train
P04279,4583,val
Q02383,4583,val
Q96BN6,4584,train
Q86UE4,4585,train
A6NN90,4586,test
Q8TF66,4587,train
Q9Y2E8,4588,train
Q9P270,4589,train
Q8N697,4590,train
Q8IY34,4590,train
Q8IZM8,4591,val
Q9BXM7,4592,test
Q8N2H3,4593,train
Q15650,4594,train
Q8NA03,4595,val
P30304,4596,train
P30305,4596,train
Q9GZU1,4597,val
Q8IZK6,4597,val
Q8TDD5,4597,val
Q05C16,4598,train
Q9C0D0,4599,train
Q86U44,4600,train
Q8WX92,4601,train
O75909,4602,train
Q9NXV6,4603,train
O95243,4604,test
Q8NAT1,4605,train
Q9H8W5,4606,val
Q9GZV3,4607,test
Q3MIX3,4608,val
P78333,4609,train
P51654,4609,train
Q8WVR3,4610,train
Q9NWS1,4611,train
Q9HCD5,4612,val
Q9BYV7,4613,train
Q8NFG4,4614,test
O60508,4615,train
Q01201,4616,train
Q5T749,4617,train
O00519,4618,train
Q5VV42,4619,train
Q969N2,4620,train
Q02985,4621,test
Q92496,4621,test
Q14699,4622,val
Q96AP4,4623,train
Q9UJ83,4624,train
Q7Z7A4,4625,train
Q5T160,4626,train
Q9BXQ6,4627,val
Q9BV94,4628,test
Q13651,4629,train
Q6IC98,4630,train
Q96CV9,4631,train
Q9HCI7,4632,train
Q8N6T0,4633,train
Q8TF68,4634,train
Q13416,4635,train
O95793,4636,train
Q9NUL3,4636,train
Q86VW1,4637,train
Q6PI26,4638,train
Q9BZK7,4639,train
O60907,4639,train
Q8WY91,4640,train
Q86T90,4641,train
Q9NZW5,4642,test
Q14168,4642,test
Q96PD5,4643,train
Q9BRG2,4644,train
Q96DX4,4645,train
Q4G176,4646,train
Q9Y6I3,4647,train
Q96M20,4648,train
P38432,4649,train
Q9BYC5,4650,train
Q8NA72,4651,train
Q6UXF1,4652,train
P17098,4653,train
Q8WTU2,4654,train
P07204,4655,train
Q9UQQ2,4656,test
O75030,4657,train
O14948,4657,train
P19484,4657,train
P19532,4657,train
Q3LXA3,4658,test
P28039,4659,train
Q9UGP5,4660,train
Q9HB29,4661,train
P14778,4661,train
O95817,4662,train
O95628,4663,train
A8MQ27,4664,train
O76050,4664,train
Q9NWW7,4665,val
Q9P0K8,4666,train
Q9H5J0,4667,train
P30613,4668,train
P14618,4668,train
P84085,4669,train
P18085,4669,train
P62330,4669,train
P40616,4669,train
P36404,4669,train
P61204,4669,train
P84077,4669,train
P36406,4669,train
Q9Y689,4669,train
Q9H4L4,4670,train
P21589,4671,train
Q14534,4672,train
P48664,4673,train
P43003,4673,train
P43005,4673,train
P43004,4673,train
O00311,4674,train
Q8N6P7,4675,train
O43734,4676,train
Q5TGP6,4677,train
Q86U10,4678,train
Q9Y692,4679,val
Q6ZP65,4680,val
Q96JW4,4681,train
Q96GZ6,4681,train
Q8IVJ1,4681,train
P10809,4682,train
Q6ZUG5,4683,train
Q9H808,4684,train
Q15942,4685,train
Q14956,4686,train
Q14194,4687,train
Q16555,4687,train
Q14195,4687,train
O14531,4687,train
Q9BPU6,4687,train
Q14117,4687,train
Q6NXP0,4688,train
Q96G74,4689,val
Q86UT5,4690,train
Q9NUG4,4691,train
Q10472,4692,train
Q10471,4692,train
Q8IUC8,4692,train
Q96FL9,4692,train
Q8N428,4692,train
Q8IYW5,4693,train
P0CG20,4694,train
Q9NP59,4695,train
Q9GZV8,4696,train
P23141,4697,train
O00748,4697,train
Q6UWW8,4697,train
Q9UKY3,4697,train
Q9NPJ1,4698,val
Q9BUK6,4699,train
Q96AY2,4700,test
Q8NEP4,4701,train
Q96FL8,4702,test
Q9NS93,4703,train
Q96JP5,4704,test
Q8NCP5,4705,test
Q9NRW7,4706,test
Q9Y5S8,4707,train
P04839,4707,train
Q9NPH3,4708,train
A2RTY3,4709,train
Q12980,4710,train
Q9H5N1,4711,train
O75387,4712,train
Q8N370,4712,train
Q9BXB7,4713,train
Q5HYW3,4714,train
P54619,4715,train
Q9UGJ0,4715,train
Q9UGI9,4715,train
Q7L9B9,4716,train
P49281,4717,train
P49279,4717,train
Q8TB73,4718,train
A6NGU5,4719,train
Q14390,4719,train
Q8ND83,4720,train
Q9BRS2,4721,train
Q9NW07,4722,train
Q86XF7,4722,train
Q5T619,4723,val
Q6PML9,4724,train
Q13114,4725,val
O00463,4725,val
O95470,4726,train
Q86YT5,4727,train
Q03111,4728,train
P42568,4728,train
Q96RQ9,4729,train
Q96S06,4730,train
Q6NW34,4731,train
P52429,4732,train
Q9H6Z4,4733,train
Q9BWE0,4734,test
Q96ME7,4735,train
P36871,4736,train
Q15124,4736,train
Q92696,4737,train
Q96I34,4738,train
Q96T49,4738,train
Q6NXT6,4739,test
P37173,4740,train
Q5SSG8,4741,val
Q5VTB9,4742,train
Q6ZS11,4743,train
Q2T9J0,4744,test
O43566,4745,train
Q8N4L1,4746,train
Q8IW70,4746,train
Q969U6,4747,train
O75419,4748,train
Q9NYP3,4749,train
O95196,4750,test
Q9BZB8,4751,train
Q96T92,4752,train
Q00973,4753,train
Q8NHY0,4753,train
Q6UXI9,4754,train
O75398,4755,train
Q9UBW5,4756,train
Q9UK80,4757,train
Q2TBF2,4758,train
Q53GS9,4759,train
Q7RTZ1,4760,train
Q9Y262,4761,val
Q9UF83,4762,train
A8MUU9,4762,train
Q309B1,4763,train
O95361,4763,train
Q9HA77,4764,train
P58335,4765,train
Q9H6X2,4765,train
Q13057,4766,train
Q9HCC0,4767,test
Q8IWE2,4768,train
Q9NRY5,4768,train
Q9H9K5,4769,train
Q969V3,4770,train
Q8WYA6,4771,train
O14773,4772,train
Q9BST9,4773,train
Q4U2R8,4774,val
Q8TCC7,4774,val
P30038,4775,train
P0DPB3,4776,test
B3KU38,4776,test
Q502W7,4777,test
Q86W50,4778,train
Q8NAF0,4779,train
P17023,4780,train
Q14592,4780,train
Q7Z398,4780,train
Q8N6L0,4781,train
O15270,4782,train
Q9NUV7,4782,train
Q8IYJ3,4783,val
P00750,4784,train
P52594,4785,val
Q96QS3,4786,train
Q8WU58,4787,train
P00568,4788,train
Q9Y6K8,4788,train
Q9Y5R5,4789,test
Q96BT3,4790,train
P49902,4791,test
Q96SK2,4792,train
Q53GI3,4793,train
Q5FBB7,4794,train
Q8NBW4,4795,train
Q9Y2W6,4796,train
P78314,4797,test
Q7LFX5,4798,train
P08243,4799,train
O43281,4800,train
Q9UJX0,4801,test
Q9Y236,4801,test
Q0VAK6,4802,train
A6NIV6,4803,train
O00257,4804,train
Q96LW4,4805,train
Q6ZSS3,4806,train
Q8N2I2,4806,train
Q14520,4807,train
Q86UC2,4808,train
Q6UXD7,4809,train
Q86SQ6,4810,train
Q9NY61,4811,train
Q99741,4812,train
P40197,4813,train
Q9UHX1,4814,test
Q969Y0,4815,test
Q96DL1,4816,val
Q6P1R3,4817,train
Q9NXB0,4818,train
Q96KR7,4819,train
Q8N4P6,4820,train
Q5QP82,4821,val
Q13112,4822,test
Q6PGQ7,4823,train
Q9UPY6,4824,train
Q92558,4824,train
Q9Y6W5,4824,train
Q13153,4825,train
Q13177,4825,train
O75914,4825,train
Q9ULP9,4826,train
P54646,4827,train
Q13131,4827,train
Q9NVH1,4828,train
Q14410,4829,test
P32189,4829,test
Q14409,4829,test
Q0D2I5,4830,train
Q5TF58,4830,train
P02748,4831,train
Q8N4S9,4832,train
Q9H0G5,4833,train
P49448,4834,train
P00367,4834,train
P49326,4835,train
Q99518,4835,train
Q01740,4835,train
P31512,4835,train
P31513,4835,train
Q6P1M9,4836,train
Q8NBE8,4837,val
O00592,4838,train
Q9NUQ6,4839,test
O95870,4840,train
P35052,4841,train
O75487,4841,train
Q9Y625,4841,train
Q00597,4842,val
P06744,4843,train
Q9NPH2,4844,val
O75879,4845,test
Q9Y4X5,4846,test
Q13123,4847,train
O76082,4848,train
Q9H015,4848,train
Q9NVR7,4849,test
Q5JTD0,4850,train
P17181,4851,val
P35680,4852,train
Q96LI5,4853,train
Q9ULM6,4853,train
O15530,4854,train
Q6A1A2,4854,train
P15391,4855,train
Q32NB8,4856,test
Q9H4I0,4857,train
Q3SY00,4858,train
O15245,4859,test
O75751,4859,test
O15244,4859,test
P17987,4860,train
Q9Y5J1,4861,train
O75564,4862,train
Q01638,4863,train
P06865,4864,train
P07686,4864,train
Q9BW71,4865,val
P14222,4866,val
Q96S52,4867,train
Q12912,4868,test
Q2M329,4869,train
Q9UPI3,4870,train
Q9Y5Y0,4870,train
Q96K49,4871,train
Q8NBN3,4871,train
Q9NWM0,4872,train
Q7Z6M2,4873,train
P34913,4874,train
Q6GPH6,4875,train
Q92521,4876,val
Q96KC8,4877,train
P09603,4878,train
O95201,4879,train
A0AVF1,4880,train
Q16445,4881,train
P14867,4881,train
P47869,4881,train
P18507,4881,train
Q99928,4881,train
P48169,4881,train
P34903,4881,train
Q49A26,4882,train
Q8IUX8,4883,train
Q15834,4884,val
Q96PX6,4884,val
A6NKD9,4884,val
Q12948,4885,train
Q99958,4885,train
Q6P4A8,4886,train
Q96JT2,4887,train
Q6AW86,4888,val
O75467,4888,val
Q6ZWJ1,4889,val
Q63ZE4,4890,train
Q8IVM8,4890,train
Q9NSA0,4890,train
Q96S37,4890,train
P10599,4891,train
Q86VQ3,4891,train
O00219,4892,train
Q92819,4892,train
P47871,4893,train
O95838,4893,train
Q9UHF4,4894,val
Q5SSJ5,4895,val
Q9BZE9,4896,train
P25705,4897,train
P26599,4898,train
Q9UKA9,4898,train
O95758,4898,train
Q6UY01,4899,train
Q0VFZ6,4900,train
Q9BVS4,4901,train
Q13485,4902,train
Q8WTV0,4903,train
Q9Y6N9,4904,train
Q9H0X4,4905,train
P15586,4906,train
Q9NQ89,4907,train
Q9UQB8,4908,train
Q96NY9,4909,train
P0DN79,4910,train
P35520,4910,train
Q08ET2,4911,train
O15389,4911,train
Q8NDN9,4912,test
O95199,4912,test
Q9NP74,4913,train
Q6XPS3,4914,train
P56180,4914,train
Q9BZR9,4915,train
Q9Y226,4916,test
Q9Y228,4917,train
Q8IYJ2,4918,train
P19525,4919,train
Q16630,4920,val
Q9UL16,4921,train
P14784,4922,train
Q6ZMI3,4923,train
Q96S66,4924,test
Q96A19,4925,test
Q68D86,4925,test
Q8IWA6,4926,val
Q8N108,4927,train
Q7Z3K6,4927,train
P35610,4928,train
Q14247,4929,train
Q7L5Y6,4930,train
P22304,4931,train
Q8IX15,4932,train
P98153,4933,train
O43405,4934,train
Q96QG7,4935,train
Q9NQS3,4936,train
Q9BVP2,4937,train
Q8N878,4938,train
Q9Y6S9,4939,train
P17022,4940,train
Q2M3V2,4941,test
Q6ZMD2,4942,train
Q9H2V7,4942,train
Q8IVW8,4942,train
A6NKU9,4943,train
A6NIY4,4943,train
A0A087WXS9,4944,train
Q6NT04,4945,val
O00400,4946,train
Q86Y34,4947,train
Q14296,4948,test
Q9H857,4949,train
Q86UY8,4949,train
Q9UM21,4950,train
Q9UQ53,4950,train
Q9BYV2,4951,test
Q9BYV6,4951,test
O43776,4952,train
Q8N4V2,4953,val
Q9Y694,4954,train
Q9BUR4,4955,train
P50990,4956,train
P32780,4957,train
Q9HA47,4958,train
Q9BZX2,4958,train
Q9NWZ5,4958,train
O15371,4959,train
Q6ZN32,4960,train
P41162,4960,train
P50548,4960,train
P22307,4961,train
Q6P5Q4,4962,train
Q9NYL9,4962,train
Q9NZR1,4962,train
P28289,4962,train
Q9H9T3,4963,train
Q9NY93,4964,train
Q6PI77,4965,train
O95072,4966,val
P83111,4967,train
Q6ZRI8,4968,train
Q969I6,4969,train
Q96QD8,4969,train
Q8IWB1,4970,train
Q9UIF7,4971,train
Q8NG57,4972,train
Q8TEB1,4973,train
Q8N0U7,4974,train
Q9H211,4975,train
O15355,4976,train
Q5VTL8,4977,train
Q9NRG9,4978,train
Q86V42,4979,train
Q86SU0,4980,train
Q8N0V4,4981,train
Q8N135,4981,train
Q5TEC3,4982,train
Q9UEW8,4983,train
O95747,4983,train
Q8N344,4984,train
P51687,4985,train
Q86XZ4,4986,test
Q8IZ73,4987,train
O75298,4988,val
P49368,4989,train
P57082,4990,test
Q99593,4990,test
O43918,4991,val
P22792,4992,test
Q8TDN2,4993,train
Q7Z4N8,4994,train
O15049,4995,train
Q8TD08,4996,test
Q8NF37,4997,val
Q7L5N7,4997,val
Q643R3,4997,val
Q7Z449,4998,val
Q8N4S0,4999,train
Q9UK59,5000,test
Q64LD2,5001,train
A8MT65,5002,train
Q86TJ5,5002,train
Q96AP0,5003,train
Q5VTE6,5004,train
P07196,5005,test
P17661,5005,test
P41219,5005,test
P08670,5005,test
Q16352,5005,test
P14136,5005,test
Q8NA29,5006,val
Q9H4M9,5007,train
Q9NZN4,5007,train
Q9H223,5007,train
Q9NZN3,5007,train
P18146,5008,train
Q06889,5008,train
P43251,5009,test
Q5D0E6,5010,train
O96017,5011,train
Q8NC44,5012,val
Q8N3Z6,5013,train
P31948,5014,val
Q99832,5015,train
Q8NEB7,5016,train
Q16678,5017,train
Q9NPR9,5018,train
Q9UBI9,5019,train
Q8N543,5020,train
Q5TKA1,5021,train
Q8IYG6,5022,train
Q96SC8,5023,train
Q8TC41,5024,train
O00294,5025,train
O75386,5025,train
P50607,5025,train
Q15554,5026,train
O95394,5027,test
Q8N6G5,5028,val
Q8TDX6,5028,val
Q8WVV9,5029,val
Q9UP65,5030,train
O00482,5031,train
Q13285,5031,train
Q16880,5032,test
Q8N9W5,5033,train
O95954,5034,val
Q96AA3,5035,train
O94941,5036,train
Q5T9L3,5037,train
Q8N8E2,5038,train
Q96L92,5039,train
Q8TAM2,5040,val
P48643,5041,train
P43007,5042,train
Q15758,5042,train
Q8N6S4,5043,train
P17342,5044,train
Q13478,5045,train
O95528,5046,train
Q7Z434,5047,test
Q9NUN5,5048,train
Q9NUL7,5049,train
O43353,5050,train
Q13424,5051,train
Q13425,5051,train
Q13884,5051,train
Q9NZI7,5052,train
Q9NZI6,5052,train
Q12800,5052,train
Q8N0Z9,5053,train
Q92783,5054,train
O75886,5054,train
Q6ZMH5,5055,train
Q16610,5056,train
Q9BYW1,5057,train
Q9NRM0,5057,train
P22732,5057,train
Q9NZN8,5058,train
P05166,5059,train
P36021,5060,train
Q8TF71,5060,train
Q9Y2I2,5061,train
Q96CW9,5061,train
Q8N531,5062,test
Q5XUX0,5063,val
O15156,5064,train
Q12899,5065,train
P50991,5066,train
P49419,5067,val
O60320,5068,train
Q92692,5069,train
P15151,5069,train
Q9H0W5,5070,test
Q69YN2,5071,train
P10155,5072,train
Q6XQN6,5073,train
Q8TC71,5074,train
Q15291,5075,train
Q9UQF0,5076,test
A6NL88,5077,train
Q8WUG5,5078,train
Q5VXD3,5079,train
Q6SPF0,5079,train
Q96IF1,5080,test
Q7L5A3,5081,train
Q49A92,5082,train
Q9UPQ8,5083,train
Q9HBE5,5084,train
Q8IYT4,5085,train
O00629,5086,train
O00505,5086,train
P52292,5086,train
P52294,5086,train
O15131,5086,train
O60684,5086,train
Q9NYG8,5087,val
O95069,5087,val
P57789,5087,val
Q9H972,5088,train
Q96KA5,5089,test
Q9P0J1,5090,test
Q9P2J9,5090,test
Q9ULV1,5091,train
Q86UD5,5092,train
P17643,5093,train
Q96BV0,5094,train
Q8TCT0,5095,val
Q96M34,5096,train
O75191,5097,train
P0C5K6,5098,train
Q96EX3,5098,train
Q8WXH5,5099,train
O75159,5099,train
Q13573,5100,test
Q6UWY0,5101,train
Q9HB96,5102,train
Q9UF12,5103,train
P04062,5104,val
Q03933,5105,train
Q9NSY0,5106,train
Q9UHY1,5106,train
Q6UXG8,5107,train
O94763,5108,train
P13674,5109,train
O15460,5109,train
P51649,5110,test
Q02252,5111,train
P82251,5112,train
Q92536,5112,train
Q9UM01,5112,train
Q9UPY5,5112,train
Q8MH63,5112,train
Q01650,5112,train
Q9UHI5,5112,train
Q9NS82,5112,train
P09923,5113,train
P10696,5113,train
P05186,5113,train
P05187,5113,train
O14544,5114,train
P78371,5115,train
P0C6C1,5116,train
A5PLL1,5116,train
Q3MIP1,5117,train
A6NMK8,5118,train
P15863,5119,train
P55771,5119,train
Q8N159,5120,train
Q13564,5121,val
Q6ZU67,5122,train
Q5ZPR3,5123,test
Q5T5S1,5124,train
Q9BUI4,5125,test
P06133,5126,train
O75795,5126,train
P22310,5126,train
P19224,5126,train
P22309,5126,train
Q9HAW9,5126,train
O60656,5126,train
P36537,5126,train
P54855,5126,train
Q9HAW8,5126,train
Q6UWM9,5126,train
P16662,5126,train
O43242,5127,train
Q8N165,5128,train
Q8TDR2,5128,train
Q9BSA4,5129,val
Q9C0H2,5129,val
Q9H313,5129,val
Q5T8D3,5130,train
Q6ZUT6,5131,train
Q09327,5132,train
Q9Y6F1,5133,train
Q8NC67,5134,train
Q8TDF5,5134,train
Q13094,5135,train
O43175,5136,val
P48443,5137,val
P19793,5137,val
P28702,5137,val
P24557,5138,test
P57057,5139,train
Q8TED4,5139,train
Q8N8W4,5140,train
Q9H816,5141,train
P36894,5142,train
O00238,5142,train
P36897,5142,train
P36896,5142,train
P37023,5142,train
Q04771,5142,train
Q8NER5,5142,train
Q14781,5143,train
Q16572,5144,train
Q15915,5145,train
O60481,5145,train
O95409,5145,train
Q8N9L1,5145,train
Q9BSK1,5146,train
Q6ZN11,5146,train
Q5T5D7,5146,train
Q969W8,5146,train
Q9BS31,5146,train
Q9GZX5,5146,train
Q6GMR7,5147,train
Q9P2B7,5148,train
Q8N7H5,5149,test
Q5VTU8,5149,test
Q5F1R6,5150,train
Q9Y3X0,5151,train
Q02318,5152,train
O60678,5153,train
Q99873,5153,train
Q9NR22,5153,train
Q8N5A5,5154,train
Q96EG3,5155,train
Q9NPQ8,5156,train
Q92925,5157,train
Q6STE5,5157,train
Q96GM5,5157,train
Q92526,5158,train
P40227,5158,train
Q2M3C6,5159,val
A6NJT0,5160,test
Q6P1J9,5161,train
Q02928,5162,train
P13584,5162,train
Q08477,5162,train
Q9HCS2,5162,train
Q9HBI6,5162,train
P78329,5162,train
Q6NT55,5162,train
Q8TC57,5163,train
Q9UKD1,5164,train
Q9BXM9,5165,train
Q9BTV5,5165,train
P22083,5166,train
Q11130,5166,train
P51993,5166,train
P21217,5166,train
Q86U06,5167,train
Q14498,5167,train
Q9UMX9,5168,train
Q6X4W1,5169,train
Q9Y5P3,5170,test
O75475,5171,train
Q7RTT9,5172,test
Q86TW2,5173,train
Q8N9V6,5174,train
Q9NS84,5175,train
Q9Y4C5,5175,train
Q8IXS8,5176,train
Q9BYI3,5176,train
Q96P56,5177,val
Q8N2G8,5178,train
Q86XE3,5179,train
Q9Y2X3,5180,train
Q6UX71,5181,test
Q8IUK5,5181,test
Q8WUY9,5182,train
Q8ND07,5183,train
Q6UXY1,5184,train
Q15517,5185,train
P15907,5186,val
Q96JF0,5186,val
Q3MIT2,5187,train
O43278,5188,train
O75355,5189,train
Q6ZS86,5190,val
Q8N6U8,5191,train
Q00613,5192,train
P06576,5193,train
Q9H3P2,5194,train
P07101,5195,train
Q8IWU9,5195,train
P00439,5195,train
P17752,5195,train
P54577,5196,train
Q8IZF4,5197,test
Q9H3P7,5198,train
P14314,5199,train
Q9NW75,5200,val
Q9H0R6,5201,train
Q9UBE8,5202,train
Q96RE7,5203,train
P04040,5204,train
A2A288,5205,test
P55895,5206,train
Q15813,5207,train
P27338,5208,train
P21397,5208,train
Q5NDL2,5209,train
P56282,5210,val
P19878,5211,train
Q96NM4,5212,test
O94900,5212,test
Q7Z6J9,5213,train
Q8N5T2,5214,train
Q9BVK2,5215,train
Q96S94,5216,train
Q9UK58,5216,train
Q9NQ76,5217,train
Q10713,5218,train
P07237,5219,train
Q13087,5219,train
Q15742,5220,train
Q13506,5220,train
Q9Y2F9,5221,train
Q9H0C5,5221,train
Q96KE9,5221,train
Q9BX70,5221,train
Q96N21,5222,train
Q9H598,5223,train
P54219,5224,train
Q05940,5224,train
P18627,5225,train
Q53LP3,5226,train
Q4W5G0,5227,train
Q9Y4A0,5227,train
Q96EG1,5228,train
Q6ZWL3,5229,train
Q96I76,5230,train
P04196,5231,train
Q9BR76,5232,train
Q92828,5232,train
Q9ULV4,5232,train
Q6QEF8,5232,train
P31146,5232,train
Q9UQ03,5232,train
Q96E52,5233,train
Q8N414,5234,train
Q9BZZ5,5235,train
Q8IZ20,5236,train
P16298,5237,train
P48454,5237,train
Q08209,5237,train
P07602,5238,train
Q8TAA9,5239,train
Q9ULK5,5239,train
P0CG12,5240,train
P14672,5241,test
P11169,5241,test
P11166,5241,test
Q8TDB8,5241,test
P11168,5241,test
Q9BZE0,5242,train
Q8NDH3,5243,train
O15403,5244,test
O43237,5245,val
Q9Y6G9,5245,val
O94921,5246,train
Q96Q40,5246,train
Q07002,5246,train
P24941,5246,train
Q00526,5246,train
Q00537,5246,train
P06493,5246,train
Q00535,5246,train
Q00536,5246,train
Q9UI10,5247,test
Q9HAT2,5248,train
P35398,5249,train
Q92753,5249,train
Q9P2K3,5250,train
Q9UKL0,5250,train
Q8IZ40,5250,train
Q5JPH6,5251,test
Q8WV83,5252,train
Q3SY77,5253,train
P24298,5254,train
Q8TD30,5254,train
Q9H069,5255,train
Q8IVS8,5256,train
Q16625,5257,train
P34059,5258,train
O60240,5259,val
Q9BPZ7,5260,test
O43172,5261,train
Q9P258,5262,val
Q9H1M0,5263,train
P37198,5263,train
Q16222,5264,train
Q3KQV9,5264,train
Q99592,5265,train
P00390,5266,train
Q9Y4K3,5267,train
Q13596,5268,train
O60749,5268,train
Q86SJ2,5269,train
Q495B1,5270,train
Q9Y3I1,5271,train
Q8N884,5272,train
Q9NXP7,5273,train
Q8N5Y2,5274,val
P0C860,5274,val
Q14814,5275,val
Q06413,5275,val
Q02078,5275,val
Q7L1T6,5276,train
Q8N465,5277,train
Q92851,5278,train
Q8N6H7,5279,val
Q9NP61,5279,val
Q14119,5280,test
Q17RP2,5281,val
Q96T60,5282,train
Q6NUJ1,5283,train
A2RU30,5284,val
Q13761,5285,train
Q01196,5285,train
Q13950,5285,train
Q01113,5286,test
Q6ZNC8,5287,train
Q6ZWT7,5287,train
Q5H9S7,5288,train
Q5T124,5289,train
O95498,5290,train
O95497,5290,train
Q9H239,5291,train
Q8TBB5,5292,train
Q9NVN3,5293,train
Q13356,5294,val
Q86TZ1,5295,train
Q9UM82,5296,train
Q9H0W8,5297,train
P55809,5298,train
Q8N6K7,5299,test
Q9Y6I4,5300,train
P35368,5301,train
P35348,5301,train
P16118,5302,train
O60825,5302,train
Q16877,5302,train
Q16875,5302,train
Q96BA8,5303,train
Q70SY1,5303,train
Q8IYS4,5304,val
Q5JU67,5305,train
Q8NCT3,5306,train
Q68EN5,5306,train
Q9UEW3,5307,train
Q8IU57,5308,test
Q01581,5309,train
P54868,5309,train
O43462,5310,train
Q14554,5311,test
A8MUH7,5312,train
Q5T2W1,5312,train
Q96RK4,5313,train
Q6UWH4,5314,train
Q96JA3,5315,test
O95397,5315,test
Q9HB20,5315,test
O14730,5316,train
Q9BU19,5317,train
Q49AM3,5318,test
Q9NUJ3,5319,train
Q8N4U5,5319,train
Q9Y5Q8,5320,train
P28838,5321,train
Q8NCA5,5322,test
Q52LJ0,5322,test
Q86Y33,5323,train
P78412,5324,train
P78413,5324,train
Q8N7W2,5325,train
Q8N9N5,5326,train
Q8NHP6,5327,train
Q5TF39,5328,train
Q8NHS3,5329,test
Q9Y572,5330,val
P51449,5331,test
Q6P9G9,5332,train
Q9NVX7,5333,train
Q9HCM9,5334,train
Q9NP81,5335,train
Q8IV45,5336,test
Q8TED0,5337,train
Q96SY0,5338,val
Q5I0G3,5339,train
I3L273,5340,train
Q9Y5Z0,5341,train
P56817,5341,train
Q9Y575,5342,train
O95260,5343,train
Q9UBZ4,5344,test
Q3MIW9,5345,val
Q9UBG7,5346,train
Q06330,5346,train
Q15223,5347,val
Q96NZ1,5348,val
Q96LT9,5349,test
Q06203,5350,test
A6NFA1,5351,val
Q86V40,5351,val
Q9UL58,5352,train
Q14CX5,5353,train
O00515,5354,train
Q6PJ69,5355,val
Q9NU19,5356,train
Q8WUA7,5356,train
Q70CQ3,5357,train
P35269,5358,train
P11230,5359,test
Q07001,5359,test
Q6ZN18,5360,train
Q9BQA5,5361,train
O75143,5362,train
Q6ZSM3,5363,val
Q9BVI4,5364,val
Q15392,5365,train
Q5T7W7,5366,train
P04798,5367,train
P05177,5367,train
O43824,5368,train
Q9UK23,5369,train
Q14439,5370,train
Q96IK5,5371,val
Q14154,5372,train
Q9H0F5,5373,train
Q7L0R7,5373,train
Q8WVX9,5374,train
Q96K12,5374,train
Q2VPK5,5375,train
P11413,5376,train
P48551,5377,train
Q15646,5378,train
O43660,5379,train
A6NHZ5,5380,val
O60832,5381,val
Q8J025,5382,train
Q9H0C3,5383,train
P24278,5384,train
Q8N680,5384,train
Q9BYT3,5385,train
O60381,5386,train
Q8N468,5387,train
P12268,5388,val
P20839,5388,val
Q9ULR3,5389,train
Q5JR12,5389,train
Q9NQE7,5390,train
P49591,5391,train
Q9BYV1,5392,train
P60509,5393,train
A8MYA2,5394,train
Q96M91,5395,train
Q7Z5Y6,5396,train
P22004,5396,train
P18075,5396,train
P22003,5396,train
P00395,5397,train
Q9H8N7,5398,train
Q6ZNC4,5398,train
Q9H5U6,5399,train
Q92993,5400,train
Q9Y5W3,5401,train
O43474,5401,train
P14373,5402,train
Q96NA8,5403,val
Q2TAY7,5404,test
P21281,5405,test
P15313,5405,test
Q9NYB9,5406,train
Q8IZP0,5406,train
Q9UIX4,5407,train
Q8TAE7,5407,train
Q13705,5408,train
P27037,5408,train
Q9H3R2,5409,train
Q6ZN54,5410,test
Q9NR63,5411,train
O43174,5411,train
Q9Y6R9,5412,train
Q7L804,5413,train
Q8IY51,5414,train
O14901,5415,train
A0A0B4J1U7,5416,train
A0A0C4DH43,5416,train
A0A075B6R2,5416,train
P0DOX3,5416,train
P01880,5416,train
P06331,5416,train
P01817,5416,train
P47870,5417,train
P28472,5417,train
P18505,5417,train
P51451,5418,train
P42685,5418,train
P06239,5418,train
P07948,5418,train
Q9UHR4,5419,test
Q96K62,5420,train
Q9NQV5,5421,train
Q9C029,5422,train
Q9NZK5,5423,train
Q8IW19,5424,train
P19961,5425,train
Q96QD5,5426,train
Q86Z20,5427,train
P48444,5428,test
Q6UX06,5429,train
Q7RTX9,5430,val
P51513,5431,train
Q9UNW9,5431,train
P49257,5432,train
Q96NY8,5433,val
O15446,5434,train
Q96GM8,5435,train
Q8TBC5,5436,train
Q96N20,5437,train
P51815,5437,train
Q5MY95,5438,train
P49961,5438,train
Q9Y5L3,5438,train
P50549,5439,train
P43268,5439,train
P41161,5439,train
Q01101,5440,train
P07954,5441,train
Q9BYM8,5442,test
Q9UKZ1,5443,train
Q7RTY1,5444,val
P49643,5445,train
O00712,5446,train
P08651,5446,train
Q12857,5446,train
Q14938,5446,train
P09622,5447,train
Q5TID7,5448,train
Q5VWM6,5449,train
Q5VXH4,5449,train
P78395,5449,train
O60810,5449,train
Q5VTA0,5449,train
Q9NZ20,5450,train
Q32P41,5451,train
P48436,5452,val
P56693,5452,val
P57073,5452,val
O75602,5453,train
P12081,5454,train
P49590,5454,train
Q15464,5455,train
P04053,5456,train
Q9NP87,5456,train
Q8N1L4,5457,train
Q86W10,5457,train
Q8N118,5457,train
Q9UKT9,5458,train
Q0VDF9,5459,train
Q9Y4I5,5460,train
O95319,5461,train
Q92879,5461,train
P05093,5462,train
Q8WU20,5463,train
O43559,5463,train
A1A5D9,5464,train
Q16602,5465,train
P30988,5465,train
Q92575,5466,train
Q86Y07,5467,train
Q99986,5467,train
P11831,5468,train
Q99542,5469,train
Q8WXA9,5470,train
Q9Y285,5471,val
Q6NXR4,5472,train
Q8N9M5,5473,train
Q16851,5474,test
Q96F86,5475,train
Q02930,5476,val
Q96P66,5477,train
Q9BYG8,5478,train
Q13064,5479,train
Q9UHC7,5479,train
Q13434,5479,train
Q7Z4H8,5480,train
Q6UW63,5480,train
P15289,5481,train
Q8NFQ6,5482,train
Q7Z3B4,5483,train
Q9NQH7,5484,train
Q9Y6M5,5485,train
Q9UGQ3,5486,train
Q9NY64,5486,train
A6NK89,5487,train
Q9BV44,5488,train
O60784,5489,train
Q6ZVM7,5489,train
Q9Y672,5490,val
P41240,5491,train
P42679,5491,train
Q96KP4,5492,train
Q96KN2,5492,train
Q8IVI9,5493,train
Q99457,5494,train
P51956,5495,test
A6NEE1,5496,train
P22680,5497,train
O75881,5497,train
O75052,5498,train
Q96BZ4,5499,train
Q8IV08,5499,train
Q96MC6,5500,train
Q5VZR4,5500,train
Q5SR56,5500,train
O00458,5501,train
Q12894,5501,train
Q96JB5,5502,train
Q8NBM8,5503,train
Q9UHG3,5503,train
P23760,5504,train
P23759,5504,train
O15375,5505,train
P98177,5506,test
A8MYZ6,5506,test
Q9C0B1,5507,train
P09525,5508,train
P50995,5508,train
P04083,5508,train
P27216,5508,train
P20073,5508,train
P07355,5508,train
P13928,5508,train
A6NMY6,5508,train
Q5VT79,5508,train
O00401,5509,train
Q58FF6,5510,train
Q14568,5510,train
Q9P2K6,5511,train
Q03181,5512,val
P37231,5512,val
Q9Y3I0,5513,train
P15336,5514,train
P17544,5514,train
O95948,5515,test
Q9UBC0,5515,test
Q99972,5516,train
O60669,5517,test
O95907,5517,test
P53985,5517,test
O15427,5517,test
Q96AD5,5518,train
Q7Z7B1,5519,train
A6NFX1,5520,val
P34896,5521,train
P34897,5521,train
Q5VZB9,5522,train
Q8N441,5523,train
Q16401,5524,train
Q9UMS4,5525,val
P61011,5526,train
Q96GJ1,5527,train
O00241,5528,val
Q9P1W8,5528,val
Q5TFQ8,5528,val
P78324,5528,val
Q8WUX1,5529,train
Q8IZM9,5529,train
Q99624,5529,train
Q9H2H9,5529,train
Q495M3,5530,train
Q7Z2H8,5530,train
Q6YBV0,5530,train
Q15750,5531,train
Q9BSA9,5532,train
P46937,5533,train
Q86WK7,5534,test
Q13217,5535,train
P11509,5536,val
P20813,5536,val
P11712,5536,val
P20853,5536,val
P10632,5536,val
P05181,5536,val
P24903,5536,val
P33260,5536,val
P33261,5536,val
Q96SQ9,5536,val
Q18PE1,5537,train
Q9HCP6,5538,val
Q16656,5539,train
Q96D46,5540,train
Q8NC56,5541,train
Q86UB2,5542,train
P08684,5543,val
Q9HB55,5543,val
P24462,5543,val
P20815,5543,val
Q5TC79,5544,test
Q8NCN2,5544,test
Q9BTF0,5545,train
O43516,5546,train
Q86X51,5547,train
P11511,5548,train
Q16850,5549,train
Q92985,5550,train
Q6GTS8,5551,train
Q86WB0,5552,train
Q9BWU1,5553,train
P49336,5553,train
Q9NXG6,5554,train
Q9NZ09,5555,train
P42768,5556,train
P51688,5557,val
Q9BUB4,5558,train
P10635,5559,train
Q6VVX0,5559,train
P51589,5559,train
Q9NRM6,5560,train
O00330,5561,val
Q96B70,5562,train
O15488,5563,train
P46976,5563,train
Q8NCB2,5564,test
Q52LD8,5565,test
P63252,5566,train
P48050,5566,train
P48051,5566,train
P48549,5566,train
Q15842,5566,train
Q14654,5566,train
Q14500,5566,train
Q92806,5566,train
Q13610,5567,train
Q9HD40,5568,train
Q12933,5569,train
Q13077,5569,train
Q12874,5570,train
P14868,5571,train
Q96QU6,5572,val
Q6NXE6,5573,train
Q9Y471,5574,train
Q5JU00,5575,train
Q16647,5576,train
Q9UNU6,5576,train
P78414,5577,train
P78415,5577,train
Q86VZ4,5578,train
P47972,5579,train
O95502,5579,train
Q15818,5579,train
P11150,5580,train
P06858,5580,train
Q9Y5X9,5580,train
Q9UM63,5581,train
Q9UPG8,5581,train
Q6DJT9,5581,train
Q71RS6,5582,val
O94919,5583,train
Q6UX41,5584,train
Q9Y6A2,5585,train
Q9H336,5586,train
Q9H0B8,5586,train
A8K8V0,5587,train
P0C7X2,5587,train
Q96CS4,5587,train
Q96H86,5587,train
P20264,5588,train
P49335,5588,train
P20265,5588,train
Q03052,5588,train
Q8WU10,5589,train
Q9C037,5590,train
Q86WT6,5591,train
Q6ZSJ9,5592,train
Q9UL49,5593,val
Q8NEG4,5594,test
Q86XR8,5595,val
P05155,5596,train
O00221,5597,train
P80404,5598,train
Q8NCR0,5599,val
Q8IYK2,5600,test
Q8WWY3,5601,test
Q99640,5602,test
P53041,5603,train
Q8TBG4,5604,test
Q8IUZ5,5604,test
O95279,5605,train
P05546,5606,train
Q12834,5607,train
P30419,5608,train
O60551,5608,train
Q8WUB8,5609,test
Q9UBF9,5610,train
Q9C030,5611,train
Q9C035,5611,train
Q8IYM9,5611,train
Q9BYJ4,5611,train
Q9BT92,5612,train
O15123,5613,val
Q15389,5613,val
Q400G9,5614,train
Q13568,5615,train
O14896,5615,train
Q6Y288,5616,train
Q5T089,5617,test
Q9H6L5,5618,train
O00476,5619,train
Q9Y2C5,5619,train
Q96P09,5620,train
P98170,5620,train
Q9UJA5,5621,train
Q9BZV2,5622,train
O60779,5622,train
Q9BRR6,5623,val
Q9NXN4,5624,train
P48167,5625,train
P42785,5626,val
Q9UHL4,5626,val
Q6P988,5627,train
Q9UM11,5628,train
Q96SL8,5629,train
P0DJD4,5630,train
P38159,5630,train
P0DJD3,5630,train
P0C7P1,5630,train
A6NDE4,5630,train
Q96E39,5630,train
Q15415,5630,train
Q8NE00,5631,test
A6NJL1,5632,train
Q9BUG6,5632,train
O43541,5633,train
O15105,5633,train
Q9HBY8,5634,train
O00141,5634,train
Q96BR1,5634,train
Q8N3R3,5635,train
Q69YU3,5636,train
Q7L591,5637,val
O60443,5638,train
Q9UHK0,5639,test
Q8NEH6,5640,train
P06127,5641,train
Q9UBG3,5642,train
Q8WV16,5643,train
Q8NA75,5643,train
O60548,5644,test
Q9NU39,5644,test
O00358,5644,test
Q13461,5644,test
Q9H9S5,5645,train
Q9NS91,5646,train
P49758,5647,train
P49802,5647,train
Q9UDV6,5648,test
Q8NAP8,5649,train
Q6ZMJ2,5650,train
Q5VZ18,5651,train
Q86SX3,5652,train
P04217,5653,val
O75071,5654,train
Q96HR8,5655,val
A6NCL7,5656,train
P54578,5657,train
P47974,5658,train
Q9Y2I8,5659,train
Q08170,5660,train
Q13247,5660,train
Q07955,5660,train
Q13243,5660,train
Q9H3M0,5661,train
Q14CB8,5662,train
Q8NCC5,5663,train
O60701,5664,train
P49189,5665,train
Q99615,5666,train
O95965,5667,train
Q9NUD9,5668,test
Q15048,5669,train
O95822,5670,train
Q12805,5671,train
Q9UBX5,5671,train
O95967,5671,train
O75952,5672,train
O95376,5673,test
Q8NI99,5674,train
Q9UKU9,5674,train
O95841,5674,train
P55058,5675,val
P12955,5676,train
Q504Y2,5677,train
Q9H9C1,5678,train
Q9UPQ4,5679,train
Q96DC7,5680,train
Q86WK6,5681,train
Q9NX74,5682,train
Q5MAI5,5683,train
Q00532,5683,train
Q92772,5683,train
Q6P531,5684,test
Q5VTY9,5685,train
Q16658,5686,train
P11597,5687,test
Q495W5,5688,train
P58004,5689,train
P58005,5689,train
Q9Y6P5,5689,train
O15393,5690,train
P57727,5690,train
Q9H9L4,5691,train
Q8WUA2,5692,train
Q8N434,5693,train
Q9C0K1,5694,train
Q15043,5694,train
Q9NV64,5695,val
Q9GZU3,5695,val
Q2TAA5,5696,test
Q9HCJ1,5697,train
Q969Y2,5698,train
Q9ULV5,5699,train
Q6ZNE5,5700,val
P43490,5701,train
Q8IYB1,5702,train
Q13098,5703,val
Q9UJT9,5704,train
Q92733,5705,val
Q8NBI5,5706,train
Q8N720,5707,train
Q13188,5708,train
Q13043,5708,train
Q75N03,5709,test
Q8N7E2,5709,test
Q9BRS8,5710,train
O76013,5711,val
Q6A163,5711,val
Q15323,5711,val
Q92764,5711,val
O76015,5711,val
Q86VY9,5712,train
P22570,5713,train
P08697,5714,train
P02675,5715,train
Q9H8X2,5716,train
Q00987,5717,val
Q9BW62,5718,train
O75449,5718,train
Q8WVP7,5719,train
O00409,5720,train
O76021,5721,test
Q8TD55,5722,test
Q8NB12,5723,train
Q8NFT2,5724,train
Q9UHE8,5724,train
Q658P3,5724,train
Q687X5,5724,train
Q6NZ63,5724,train
Q3SY56,5725,train
Q8TDD2,5725,train
Q8IXZ3,5725,train
P0CG40,5725,train
Q8N9U0,5726,train
Q9BXF9,5727,val
Q96M29,5727,val
P10827,5728,train
P10828,5728,train
Q9H0R1,5729,train
Q86T13,5730,train
O15151,5731,train
O14879,5732,test
Q13325,5732,test
P09913,5732,test
P09914,5732,test
O75439,5733,train
P31930,5733,train
P55316,5734,test
O94888,5735,val
Q9H040,5736,train
Q9BQC3,5737,val
P15260,5738,train
P35408,5739,train
Q0VAA2,5740,train
Q9BR77,5741,train
Q5XUX1,5742,train
Q9Y397,5743,train
Q9NUE0,5743,train
Q8IZN3,5743,train
Q96EW2,5744,train
Q13882,5745,test
Q9H3Y6,5745,test
Q9NWH7,5746,test
Q9BV10,5747,train
P00742,5748,train
P00740,5748,train
O75907,5749,train
P16444,5750,test
Q9H4A9,5750,test
Q9H4B8,5750,test
Q13547,5751,train
O15379,5751,train
Q92769,5751,train
Q9BY41,5751,train
Q14774,5752,train
O15374,5753,train
Q9BVG9,5754,train
Q9Y2Y4,5755,train
Q9UNW1,5756,train
Q9NX61,5757,test
Q8NDZ6,5757,test
Q9H2A2,5758,train
Q6P1A2,5759,train
P35367,5760,train
Q96RI1,5761,train
Q9UNF0,5762,train
Q9BY11,5762,train
Q9UKS6,5762,train
Q9BZC1,5763,train
Q96J87,5763,train
Q5SZQ8,5763,train
Q8N6W0,5763,train
Q8N587,5764,val
Q6V9R5,5764,val
O15229,5765,test
Q9NY57,5766,test
Q86UX6,5766,test
P19474,5767,val
O00635,5767,val
Q8NG06,5767,val
Q6AZZ1,5767,val
O95704,5768,train
Q01543,5769,val
P11308,5769,val
Q96RP7,5770,train
P51608,5771,train
P14317,5772,train
Q96CU9,5773,train
Q8WVB3,5774,train
Q8N8D1,5775,train
Q9NVX2,5776,train
O95897,5777,train
Q96PB7,5777,train
Q99784,5777,train
P01019,5778,train
O76064,5779,train
Q9H1Z4,5780,train
Q8WTX9,5781,train
Q6XR72,5782,train
Q9UID6,5783,train
Q9BR11,5784,train
Q99932,5785,val
P51648,5786,train
P30838,5786,train
P43353,5786,train
Q9UHN1,5787,test
Q9BXK5,5788,train
Q8WWR8,5789,train
Q9UQ49,5789,train
P30566,5790,train
P37287,5791,train
O75354,5792,train
O75356,5792,train
Q8TDL5,5793,val
Q9UBX1,5794,val
Q9BXL5,5795,train
Q9UMX1,5796,train
Q05519,5797,train
Q86YJ6,5798,test
Q8IXS2,5799,train
P57764,5800,train
Q6PIY7,5801,train
P26196,5802,test
Q9Y6V7,5803,train
Q9H0S4,5803,train
Q9UHL0,5804,val
Q9NUU7,5804,val
Q9UMR2,5804,val
Q96A33,5805,test
Q9BZI7,5806,train
Q9H1J1,5806,train
Q9UI12,5807,train
Q9P0V9,5808,val
Q14141,5808,val
Q9NVA2,5808,val
Q92599,5808,val
A6NGB9,5809,train
P49753,5810,test
Q86TX2,5810,test
Q8N9L9,5810,test
Q14032,5810,test
P52209,5811,train
Q96DZ1,5812,train
P78411,5813,train
Q9BZI1,5813,train
P49840,5814,train
P49841,5814,train
Q8NDH6,5815,train
Q05084,5815,train
P11182,5816,train
Q13946,5817,train
Q9NP56,5817,train
Q16581,5818,train
P86791,5819,val
O14503,5820,train
Q9C0J9,5820,train
Q9UK12,5821,train
Q9UIE0,5821,train
Q9UK11,5821,train
Q9NWQ4,5822,train
Q9H7C4,5823,val
P19971,5824,train
Q15695,5825,train
Q15696,5825,train
Q9Y6W6,5826,train
Q13283,5827,train
Q9UN86,5827,train
Q9NST1,5828,train
Q5VV17,5829,train
Q9GZU5,5830,val
Q9BZE2,5831,train
Q8N9B8,5832,val
Q9BTU6,5833,train
Q8TCG2,5833,train
Q9NUP7,5834,test
Q9UDY6,5835,train
Q9C019,5835,train
P41595,5836,train
O95081,5837,test
P31751,5838,train
P31749,5838,train
Q9Y243,5838,train
Q8WV93,5839,train
Q96LT7,5840,train
Q6ZMM2,5841,train
Q99704,5842,train
P18428,5843,train
Q6NUT3,5844,train
Q15406,5845,train
P11172,5846,val
Q92743,5847,train
O43464,5847,train
P83110,5847,train
P83105,5847,train
Q9BTD8,5848,train
Q2NL68,5849,train
O14771,5850,test
O60304,5850,test
Q13118,5851,train
P10619,5852,train
Q8TE99,5853,train
Q08431,5854,train
O43854,5854,train
Q96EY1,5855,train
O15519,5856,train
Q12849,5857,train
P15976,5858,train
P23769,5858,train
P23771,5858,train
Q9H074,5859,train
Q14790,5860,train
Q8N461,5861,train
Q6P4F1,5862,train
O75688,5863,train
P35813,5863,train
Q9H310,5864,train
Q9UBD6,5864,train
Q9NQZ2,5865,train
O43493,5866,train
Q9GZZ6,5867,train
Q9UGM1,5867,train
P08173,5868,val
P08172,5868,val
P34969,5869,train
O43916,5870,train
Q7LGC8,5870,train
Q6ZSG2,5871,train
Q96MA6,5872,test
Q9NZM5,5873,train
Q96SL1,5874,train
Q9UJU5,5875,train
P12645,5876,train
P55107,5876,train
Q86VK4,5877,train
O43670,5878,train
Q9NR11,5879,val
P04004,5880,train
Q8NBT0,5881,train
Q8TC44,5881,train
O43236,5882,train
Q8WYJ6,5882,train
Q15019,5882,train
Q16181,5882,train
Q99719,5882,train
Q14108,5883,test
Q9UHJ6,5884,train
Q9UNN4,5885,train
P46098,5886,train
Q969K4,5887,test
Q2M2I3,5888,train
O95995,5889,train
P50579,5890,test
Q02509,5891,val
A6NHN0,5892,test
P0C862,5892,test
Q9UJA9,5893,val
Q9Y6X5,5893,val
Q01518,5894,train
P40123,5894,train
A8MWX3,5895,train
Q6VEQ5,5895,train
Q9NQA3,5895,train
C4AMC7,5895,train
Q969S3,5896,test
P50336,5897,train
Q9BVS5,5898,train
Q6ZMU5,5899,train
Q96F44,5900,train
Q9Y577,5900,train
Q96I59,5901,train
Q9Y2Z4,5902,train
Q9BV35,5903,train
Q6NUK1,5903,train
Q6KCM7,5903,train
P13945,5904,train
P08588,5904,train
P07550,5904,train
B6SEH8,5905,train
P21728,5906,val
P21918,5906,val
O14770,5907,train
Q99687,5907,train
O00470,5907,train
P56270,5908,train
Q86UR1,5909,train
O43148,5910,val
Q9UHG0,5911,train
P11161,5912,train
O60861,5913,train
O14757,5914,train
Q96QF0,5915,train
Q8TBN0,5915,train
Q8IUH3,5916,train
Q9UJW2,5917,train
Q9GZM7,5917,train
Q8N9V3,5918,train
P39900,5919,train
P45452,5919,train
P09238,5919,train
P03956,5919,train
P09237,5919,train
P22894,5919,train
Q9H9S3,5920,train
P61619,5920,train
O75674,5921,test
Q9UHQ1,5922,train
Q9H6Q4,5922,train
Q96DF8,5923,train
Q92917,5924,train
Q9H3G5,5925,train
Q6P2M8,5926,train
Q14012,5926,train
Q8IU85,5926,train
Q96NX5,5926,train
Q9BPX6,5927,train
Q96GA3,5928,val
O43818,5929,test
Q9UBM7,5930,train
A0PJY2,5931,train
Q9BSF8,5932,train
Q7Z5Y7,5932,train
Q96FB5,5933,train
Q2T9K0,5934,train
P26368,5935,test
Q8WUU4,5936,val
Q9BVG3,5937,test
Q7L3T8,5938,train
Q9BY10,5939,train
Q9UJT0,5940,val
Q9BZD2,5941,train
O75844,5942,val
Q96PL5,5943,train
Q9ULA0,5944,train
Q9UBB4,5945,train
Q8NBP5,5946,train
Q6ZUS6,5947,val
Q9UBS8,5948,test
Q8IV63,5949,test
P02774,5950,train
Q06945,5951,train
O15370,5951,train
Q9BSW7,5952,train
Q96ER3,5953,train
Q8IYX7,5954,train
Q86TL0,5955,train
Q9HC44,5956,test
P55084,5957,train
Q16204,5958,train
P48637,5959,val
P41235,5960,val
Q14541,5960,val
P48651,5961,train
P30307,5962,test
Q6ZS72,5963,train
Q96C00,5964,train
Q9NQ55,5965,train
O15269,5966,train
Q8TBK2,5967,train
Q96SA4,5968,train
Q13530,5968,train
Q9NRX5,5968,train
Q96NL0,5969,train
Q59EK9,5969,train
Q86UN3,5970,train
Q86UN2,5970,train
Q9BZR6,5970,train
Q5I7T1,5971,val
Q6P1R4,5972,train
Q86WP2,5973,train
Q16566,5974,train
Q8IW41,5975,train
Q12891,5976,train
Q12794,5976,train
O43820,5976,train
Q68DU8,5977,train
Q96CX2,5977,train
Q6ZWB6,5977,train
Q8NCW0,5978,train
Q96MU8,5978,train
P55347,5979,val
Q96KN3,5979,val
Q6PHR2,5980,train
Q9NQL9,5981,train
P16671,5982,train
Q9Y646,5983,train
P55317,5984,test
Q9Y261,5984,test
P55318,5984,test
Q6ZMY6,5985,train
Q13228,5986,train
Q6UX04,5987,train
Q8N3J2,5988,train
P41091,5989,train
Q2VIR3,5989,train
Q96N66,5990,train
P21554,5991,val
P34972,5991,val
Q8N594,5992,train
Q9UK99,5993,train
P28223,5994,val
Q8IX04,5995,test
Q6B0B8,5996,train
Q9H6B1,5997,test
Q96PM9,5997,test
Q569K4,5997,test
Q8NB16,5998,train
Q495X7,5999,train
P23381,6000,test
Q96K21,6001,train
Q8N684,6002,val
P48723,6003,train
P51843,6004,test
Q969F2,6005,train
Q969G9,6005,train
Q96TC7,6006,train
Q15036,6007,train
Q9BUZ4,6008,test
Q15904,6009,train
Q8NFQ8,6010,test
Q9NWK9,6011,train
Q53EL6,6012,train
Q8TEA1,6013,train
Q9NYL5,6014,train
P27918,6015,train
Q96FA3,6016,train
Q8N2H9,6016,train
Q9HAT8,6016,train
Q7Z572,6017,train
Q5R3I4,6018,train
Q92504,6019,val
Q9BWF2,6020,train
Q9Y512,6021,train
Q9NQ40,6022,val
Q9NUQ7,6023,train
P15036,6024,train
P14921,6024,train
P49005,6025,train
P41586,6026,train
P41587,6026,train
P32241,6026,train
P47872,6026,train
Q9BX59,6027,train
P15882,6028,train
P52757,6028,train
Q9UKX7,6029,train
Q8WXD2,6030,train
Q96GQ5,6031,train
O00220,6032,train
Q6UXT9,6033,train
Q96HE7,6034,train
Q86YB8,6034,train
P08887,6035,train
Q504T8,6036,train
Q9Y2Z9,6037,test
P41279,6038,val
Q9H3H1,6039,train
P16233,6040,train
P54315,6040,train
Q8WXI3,6041,train
Q6PII3,6042,val
O43298,6043,train
P49810,6044,train
P49768,6044,train
P84022,6045,train
O15198,6045,train
Q15797,6045,train
Q15796,6045,train
Q99717,6045,train
Q8IYB5,6046,val
P21917,6047,train
Q9NPF5,6048,val
Q8IV32,6049,train
A8MPY1,6050,train
Q96ID5,6051,test
P04066,6052,test
Q9BTY2,6052,test
Q8IWW8,6053,train
Q9NQ32,6054,train
Q13505,6055,train
Q5HYI7,6055,train
Q8N8Q9,6056,train
Q0D2K0,6056,train
P0CAP1,6057,train
Q86VR2,6058,train
Q86X45,6059,val
P08709,6060,train
Q05D32,6061,train
Q15054,6062,train
Q4KMZ1,6063,test
O75390,6064,train
Q15846,6065,train
Q9BUB5,6066,test
Q9HBH9,6066,test
P21452,6067,train
P29371,6067,train
P25103,6067,train
Q9H3U5,6068,train
P25063,6068,train
Q01094,6069,test
Q14209,6069,test
O00716,6069,test
O75461,6069,test
P56159,6070,train
O00451,6070,train
Q86VV4,6071,train
Q8IUF8,6072,train
O60260,6073,train
Q16719,6074,train
O60687,6075,train
P78539,6075,train
Q9Y5X2,6076,train
Q8NCE0,6077,train
P0DJG4,6078,train
Q86X02,6079,train
Q01850,6079,train
P04198,6080,test
P53778,6081,train
P45984,6081,train
P53779,6081,train
O15264,6081,train
Q16539,6081,train
Q15759,6081,train
P45983,6081,train
Q9BZD4,6082,val
Q8IZ02,6083,train
P49821,6084,train
Q53EZ4,6085,val
Q96I51,6086,val
Q07960,6087,train
P85298,6087,train
Q5SQN1,6088,train
Q15428,6089,train
P01008,6090,train
C9J202,6091,train
Q9BT22,6091,train
P04424,6092,train
B1AKI9,6093,val
Q9BZ68,6094,train
Q9BZ67,6094,train
Q9BX40,6095,train
Q8ND56,6095,train
O75306,6096,train
Q6UXB8,6097,train
P53634,6098,train
Q5T6F0,6099,train
Q5VU92,6099,train
Q00G26,6100,train
Q8TBC4,6101,train
Q9P2R7,6102,train
Q96I99,6102,train
Q9NQG6,6103,train
Q96C03,6103,train
Q9H9P8,6104,train
Q96BY2,6105,train
Q96PV4,6105,train
P0CW24,6105,train
Q8ND90,6105,train
Q9UL42,6105,train
Q9UL41,6105,train
Q7Z4G4,6106,train
Q9Y230,6107,train
Q9Y265,6107,train
Q5VTE0,6108,train
P68104,6108,train
Q05639,6108,train
Q9H9V9,6109,test
P61978,6110,test
Q9BQG2,6111,train
Q16649,6112,train
Q5SRI9,6113,train
Q5VSG8,6113,train
Q9HD26,6114,train
Q5SXH7,6115,train
Q86Y97,6116,val
P10276,6117,train
P10826,6117,train
P13631,6117,train
Q5H9L4,6118,train
Q15545,6118,train
Q9NVC3,6119,val
Q15465,6120,val
O43323,6120,val
Q14623,6120,val
Q92759,6121,train
P18089,6122,train
P18825,6122,train
P08913,6122,train
Q9UJM3,6123,train
Q6UW02,6124,train
Q96CB8,6125,train
Q96EZ8,6126,train
Q7Z601,6127,train
P02790,6128,train
A8MVW5,6129,train
P11926,6130,train
O14977,6130,train
O95674,6131,train
Q92903,6131,train
O75072,6132,train
P04070,6133,train
Q9H173,6134,train
P13489,6135,train
Q7Z3Q1,6136,train
P20333,6137,val
Q6NXT4,6138,train
Q2TAL5,6139,train
P80303,6140,train
Q02818,6140,train
Q9H237,6141,train
Q8TAL5,6142,val
Q68CJ9,6143,train
Q99952,6144,train
O95396,6145,train
Q4VC12,6146,train
P55055,6147,train
Q13133,6147,train
Q9ULW6,6148,train
Q6XZB0,6149,train
Q8WWY8,6149,train
Q9UJW0,6150,train
Q9HAH7,6151,test
Q9P2S5,6152,train
Q6VUC0,6153,train
Q92481,6153,train
Q92754,6153,train
P05549,6153,train
Q7Z6R9,6153,train
Q9Y5C1,6154,train
Q8IYX8,6155,train
Q9NWZ3,6156,train
Q96NT5,6157,train
Q16790,6158,train
Q02790,6159,train
P62942,6159,train
P68106,6159,train
Q13451,6159,train
Q96BH1,6160,test
Q9Y330,6161,train
Q9HAD4,6162,train
O75312,6163,train
Q9NWU1,6164,train
Q8N412,6165,test
Q5VX52,6166,train
Q96AN5,6167,train
A6NNH2,6168,train
D6REC4,6169,train
P16871,6170,train
Q13952,6171,train
Q8N4F0,6172,train
P01730,6173,train
Q9BVA6,6174,train
Q86UB9,6175,train
Q9UGK8,6176,train
O60269,6177,train
Q5VWP3,6178,train
Q8NEY8,6179,train
P62508,6180,train
P11474,6180,train
O95718,6180,train
Q6UWV6,6181,train
Q4AE62,6182,train
Q01415,6183,train
Q1ED39,6184,train
Q96DT6,6185,train
Q9NR12,6186,train
P30520,6187,train
Q8N142,6187,train
Q9Y697,6188,train
Q86WB7,6189,train
P35790,6190,train
Q9Y259,6190,train
Q13887,6191,train
A8MU46,6192,train
P10645,6193,train
O95429,6194,train
Q9HCE5,6195,train
Q9H7H0,6196,train
Q53H76,6197,test
Q8WV28,6198,train
O43159,6199,train
O00232,6200,train
Q6NT16,6201,train
Q6P9B6,6202,train
Q9HAH1,6203,train
P39656,6204,train
Q14542,6205,train
Q99808,6205,train
Q53EU6,6206,train
Q86UL3,6206,train
A4D1U4,6207,train
Q14728,6208,train
Q13867,6209,train
Q5TFE4,6210,val
P19438,6211,test
P43631,6212,train
P43629,6212,train
P43630,6212,train
Q14943,6212,train
Q9H7L2,6212,train
Q99706,6212,train
Q14954,6212,train
P43628,6212,train
Q8NHK3,6212,train
P43632,6212,train
Q8N743,6212,train
P43626,6212,train
O60239,6213,val
P0CG08,6214,train
Q9H5Z6,6215,test
P01767,6216,train
A0A0J9YX35,6216,train
P01772,6216,train
A0A0C4DH38,6216,train
A0A0A0MS14,6216,train
P01780,6216,train
P0DP02,6216,train
P0DOX5,6216,train
P0DOX2,6216,train
P01876,6216,train
P01877,6216,train
A0A0C4DH31,6216,train
P01742,6216,train
P0DP01,6216,train
A0A0B4J1Y9,6216,train
P23083,6216,train
P07099,6217,train
Q92485,6218,train
Q5SWX8,6219,train
Q68D85,6220,train
Q9UKT8,6221,train
Q06546,6222,train
Q9Y4P8,6223,train
Q5MNZ9,6223,train
Q6YP21,6224,train
Q16773,6224,train
Q9P272,6225,test
Q9H788,6226,val
Q96JJ7,6227,train
Q9Y2T3,6228,train
P36551,6229,train
P17735,6230,test
P20749,6231,test
Q9BWT1,6232,train
Q96GN5,6232,train
Q969Q6,6233,val
P36957,6234,train
Q6ZQX7,6235,train
Q8WUX9,6236,train
P02679,6237,train
Q86TP1,6238,val
P22695,6239,train
Q9UJT1,6240,train
Q6ZT21,6241,train
P63151,6242,train
Q00005,6242,train
Q9Y2T4,6242,train
Q66LE6,6242,train
Q9BXJ7,6243,train
O00189,6244,train
Q92484,6245,train
Q8N2F6,6246,train
Q9P291,6246,train
Q9UH62,6246,train
Q9C073,6247,train
O43194,6248,val
Q02742,6249,train
O95395,6249,train
Q9P109,6249,train
P01871,6250,train
Q9BQQ3,6251,train
Q9H8Y8,6251,train
Q9NR50,6252,train
P49411,6253,train
Q9NVF9,6254,train
Q9HBU6,6254,train
P42575,6255,val
Q9HB40,6256,test
O43615,6257,train
P0CI26,6258,train
I1YAP6,6258,train
P0CI25,6258,train
Q96BQ3,6258,train
Q8IWZ4,6258,train
Q6KB66,6259,train
Q96BW9,6260,train
Q5U5X8,6261,train
Q96LP2,6262,train
P41212,6263,test
Q9BTV6,6264,train
Q13418,6265,train
O75874,6266,train
P48735,6266,train
Q5TC84,6267,train
P21757,6268,val
O95363,6269,train
Q9BSI4,6270,train
A6NKC9,6271,train
Q6IQ49,6272,train
Q9NRH3,6273,train
P23258,6273,train
Q9BUF5,6274,train
A6NNZ2,6274,train
Q9BVA1,6274,train
P07437,6274,train
P04350,6274,train
Q9H4B7,6274,train
Q13509,6274,train
P68371,6274,train
Q3ZCM7,6274,train
Q13885,6274,train
P68363,6274,train
Q6PEY2,6275,val
P0DPH7,6275,val
A6NHL2,6275,val
Q9NY65,6275,val
Q9BQE3,6275,val
P0DPH8,6275,val
Q71U36,6275,val
P68366,6275,val
Q9BZJ8,6276,train
Q15306,6277,train
A4D126,6278,train
Q6N075,6279,train
Q02962,6280,test
Q02548,6280,test
Q06710,6280,test
Q96B86,6281,train
Q6NW40,6281,train
Q9NWS9,6282,train
Q9NRM2,6283,train
O95219,6284,train
Q9NS86,6285,val
O43813,6285,val
Q9Y6N5,6286,train
Q15573,6287,test
Q86X95,6288,train
Q15884,6289,train
Q9BU40,6290,train
Q9NZS9,6291,train
Q14457,6292,train
Q15113,6293,train
Q9UKZ9,6293,train
O43934,6294,train
Q9NWS8,6295,val
P19544,6296,train
O43829,6297,train
Q96N11,6298,val
P52597,6299,train
P31943,6299,train
P55795,6299,train
P31942,6299,train
Q96F05,6300,test
Q5EBM0,6301,train
P10909,6302,train
Q13163,6303,train
Q53H54,6304,train
O15533,6305,train
Q99611,6306,train
P49903,6306,train
Q8NA61,6307,test
P34910,6308,train
Q9UNE0,6309,train
Q06547,6310,train
Q8TAK5,6310,train
Q10469,6311,train
P32239,6312,train
P32238,6312,train
Q9UK97,6313,train
Q5W5X9,6314,val
Q9UMR3,6315,train
Q9Y4P3,6316,train
P28347,6317,train
Q99594,6317,train
Q15561,6317,train
Q15562,6317,train
Q9NP70,6318,train
Q9UKT4,6319,train
P50395,6320,train
P31150,6320,train
Q969R8,6321,train
Q8N752,6322,train
P48729,6322,train
P48730,6322,train
P49674,6322,train
Q9HCP0,6322,train
P78368,6322,train
Q9Y6M4,6322,train
Q9UL15,6323,train
O95544,6324,train
Q8NEF3,6325,train
Q13137,6326,train
Q14186,6327,train
Q14188,6327,train
Q9Y651,6328,train
O60248,6328,train
P41225,6328,train
O00570,6328,train
P48431,6328,train
Q9H4F8,6329,train
Q9H3U7,6329,train
Q7Z3H4,6330,train
Q9BQ67,6331,val
Q5T3I0,6332,train
Q8NCF0,6333,test
P12694,6334,train
P26572,6335,train
P51955,6336,test
Q15761,6337,val
Q8WY64,6338,train
P60228,6339,train
Q9NV06,6340,train
Q96M27,6341,test
Q9UGC7,6342,train
O75570,6342,train
Q6PCB0,6343,train
Q9H8M7,6344,train
O95772,6345,train
Q14849,6345,train
Q9HAC7,6346,train
Q96I15,6347,train
Q9HAB3,6348,test
Q6ZNB7,6349,val
Q9H8K7,6350,train
Q9Y5Q0,6351,train
O95864,6351,train
O60427,6351,train
Q96CS3,6352,train
P56545,6353,train
Q13363,6353,train
Q96QA5,6354,train
Q93099,6355,train
Q9Y5N1,6356,test
Q96MD2,6357,train
O14524,6358,train
Q12946,6359,train
Q12947,6359,train
Q96EX2,6360,train
Q9UK55,6361,train
P51811,6362,train
Q7Z699,6363,train
O75351,6364,train
Q9UN37,6364,train
Q9BSQ5,6365,train
Q13324,6366,train
P34998,6366,train
Q8TCB0,6367,train
Q9HD23,6368,train
Q86X53,6369,val
Q7L5Y1,6370,train
O75525,6371,train
Q07666,6371,train
Q5VWX1,6371,train
Q9P289,6372,val
Q9Y6E0,6372,val
O00506,6372,val
O75478,6373,val
Q9Y2B1,6374,train
Q9H095,6375,train
P14416,6376,train
P61201,6377,train
Q9BZG8,6378,train
Q12887,6379,train
A0PJZ3,6380,test
Q4G148,6380,test
P14651,6381,train
P31249,6381,train
O43365,6381,train
Q7L1S5,6382,train
Q9BRK3,6383,train
Q4G0N4,6384,train
Q8N3J6,6385,train
Q9BY67,6385,train
Q9BX97,6386,train
Q6PID8,6387,train
Q8TD10,6388,train
Q8NCJ5,6389,val
Q9HA92,6390,train
Q14142,6391,train
O75056,6392,test
Q5VWP2,6393,val
Q8NEK8,6393,val
Q96IP4,6393,val
Q8N4B4,6394,train
Q8IUI8,6395,train
P25101,6396,train
P24530,6396,train
Q49AR2,6397,train
Q96SW2,6398,train
Q9BXS6,6399,train
Q7L592,6400,train
Q99487,6401,train
Q13093,6401,train
Q9BZV1,6402,train
Q96A84,6403,train
Q7Z6B0,6404,train
Q9H993,6405,train
Q8IV38,6406,val
Q9HCK0,6407,val
Q96BR9,6408,test
Q9BU70,6409,train
P35716,6410,train
Q9BX95,6411,train
Q9NZH0,6412,train
Q9NQ84,6412,train
P58658,6413,train
O75530,6414,test
Q9UHH9,6415,train
Q92551,6415,train
Q96A83,6416,val
Q15084,6417,train
P23515,6418,train
P62191,6419,val
P62333,6419,val
P35998,6419,val
P62195,6419,val
P43686,6419,val
Q8TF74,6420,train
Q9UBN6,6421,train
O14763,6421,train
O75800,6422,train
P04180,6423,train
Q8NCC3,6423,train
Q9Y3T6,6424,train
Q13501,6425,train
Q8N0Z6,6426,train
Q9NVD3,6427,train
Q6PIY5,6428,train
Q6UWR7,6429,train
Q86V85,6430,train
O00591,6431,train
P04181,6432,train
P01106,6433,train
P17980,6434,train
Q08629,6435,train
Q9BQ16,6435,train
Q92563,6435,train
Q86V59,6436,train
Q3SXZ7,6437,train
Q9NP92,6438,val
P54274,6439,train
P29083,6440,train
Q9Y305,6441,train
Q96I13,6442,train
Q06265,6443,train
Q53RD9,6444,val
Q14314,6445,test
Q5T442,6446,train
P55081,6447,train
P0CW27,6448,train
Q5PT55,6449,train
A2IDD5,6450,train
Q86XS8,6451,val
Q9ULK6,6451,val
Q6ZWK6,6452,train
Q96N77,6453,train
O75783,6454,val
Q9NVA4,6455,test
Q92685,6456,train
Q9UHU1,6457,train
Q8N7B9,6457,train
Q92947,6458,test
Q13286,6459,train
Q96EP9,6460,train
O75616,6461,train
Q8N6Q3,6462,train
P49356,6463,train
Q86VR8,6464,train
P15086,6465,train
Q96IY4,6465,train
Q8N4T0,6465,train
P15088,6465,train
Q13895,6466,val
Q99541,6467,train
O60664,6467,train
P29558,6468,train
Q15434,6468,train
Q6XE24,6468,train
Q9H0U9,6469,train
Q9UJ04,6469,train
Q8N831,6469,train
Q9H489,6469,train
O43556,6470,train
Q16586,6470,train
Q9NPE6,6471,train
Q9UNH6,6472,train
Q5VWJ9,6472,train
O75718,6473,train
Q92791,6473,train
P08621,6474,test
Q9NRS4,6475,train
P62495,6476,train
P26641,6477,train
Q8WWN9,6478,train
Q9Y366,6479,train
Q15118,6480,train
Q15120,6480,train
Q15119,6480,train
Q16654,6480,train
Q8IYS1,6481,train
Q8IY84,6482,train
Q9Y664,6483,test
O43929,6484,train
Q96FJ0,6485,train
O95630,6485,train
Q9UKC9,6486,train
Q96IG2,6486,train
P18031,6487,train
P17706,6487,train
Q9H490,6488,train
Q6DKJ4,6489,train
Q15070,6490,train
Q96CW1,6491,train
Q5M7Z0,6492,train
Q86WR7,6493,train
Q8N3G9,6494,val
O43913,6495,val
O75901,6496,train
Q8N2I9,6497,train
Q8WW24,6498,train
O15178,6499,train
P36941,6500,train
Q96C92,6501,test
P17302,6502,train
Q9Y6H8,6502,train
P35212,6502,train
P36382,6502,train
Q7Z7L8,6503,train
Q8NFW8,6504,train
P40424,6505,train
P40426,6505,train
P40425,6505,train
Q96JY0,6506,train
P06733,6507,test
P13929,6507,test
P09104,6507,test
Q6DN72,6508,train
Q96K80,6509,train
Q96Q11,6510,val
Q8IYU8,6511,train
Q7L4I2,6512,train
Q13685,6513,val
Q86UY5,6514,train
Q8NGU9,6515,test
Q99538,6516,train
O95067,6517,train
P14635,6517,train
Q6P4E1,6518,val
Q9BWW9,6519,train
Q9BY78,6520,train
Q7L2K0,6521,train
Q8NAM6,6522,train
Q15831,6523,train
Q96JN0,6524,test
Q9NRG4,6525,val
P20061,6526,train
P55345,6527,train
Q99680,6528,train
Q8N5I2,6529,train
Q15645,6530,train
Q96HM7,6531,train
O95232,6532,val
P20248,6533,train
Q9NWQ8,6534,train
Q8IUD6,6535,train
Q8NBS9,6536,train
Q9BV38,6537,train
Q8TB61,6538,train
O75528,6539,train
P45954,6540,val
Q96HH9,6541,train
Q9UK39,6542,train
Q9H8J5,6543,train
Q5T7M9,6544,train
Q5VUD6,6544,train
Q05048,6545,train
Q9BZS1,6546,train
P32314,6547,train
Q5SQS7,6548,test
Q9C0K7,6549,train
Q7RTN6,6549,train
Q9H2B2,6550,test
Q9BT88,6550,test
P00749,6551,test
P41970,6552,train
P28324,6552,train
Q9BQ95,6553,train
Q5DX21,6554,train
P55010,6555,train
Q6HA08,6556,val
Q8NDZ4,6557,train
Q9NW68,6558,train
Q9UJU6,6559,train
Q9BXG8,6560,train
Q9HB14,6561,train
Q9HB15,6561,train
Q8IV20,6562,train
P42696,6563,train
Q969Z4,6564,train
P82675,6565,train
Q9UIF3,6566,train
P00505,6567,train
P17174,6567,train
P28330,6568,train
P35900,6569,train
P05783,6569,train
Q9Y2G5,6570,val
P43356,6571,test
P43365,6571,test
P43355,6571,test
P43362,6571,test
P43364,6571,test
P43361,6571,test
P43357,6571,test
P43358,6571,test
A2A368,6571,test
P43360,6571,test
Q63ZY6,6572,train
Q96P11,6572,train
Q8N3F9,6573,train
O95393,6574,train
Q9UK05,6574,train
Q8NFZ5,6575,train
Q9NSD4,6576,train
O14863,6577,test
Q9H171,6578,train
Q8NEF9,6579,val
Q8NBX0,6580,train
Q8WU79,6581,train
O96019,6582,val
O94805,6582,val
P17050,6583,train
P06280,6583,train
Q6WN34,6584,test
Q9NWB7,6585,train
O43826,6586,val
Q9Y546,6587,train
Q9C0E8,6588,train
P19419,6589,train
Q14254,6590,train
O75955,6590,train
Q9UKT7,6591,train
Q3SXY8,6592,val
Q8N7C7,6593,train
Q8TEB7,6593,train
Q9NPH0,6594,test
Q9H7B4,6595,test
O00148,6596,train
Q13838,6596,train
P01854,6597,train
Q7Z7G1,6598,train
Q8NEY4,6599,test
P21283,6599,test
Q92466,6600,train
P36578,6601,train
P51606,6602,test
P08138,6603,train
P08185,6604,train
P29622,6604,train
Q86WD7,6604,train
P05543,6604,train
P01011,6604,train
P01009,6604,train
P05154,6604,train
P20062,6605,train
P42765,6606,train
Q9BWD1,6606,train
P24752,6606,train
P11473,6607,train
Q9Y606,6608,train
P24588,6609,train
P78552,6610,train
Q14653,6611,train
Q96RD7,6612,train
Q9HB89,6613,train
Q9GZQ4,6613,train
Q7RTY0,6614,train
Q9GZT9,6615,train
Q96KS0,6615,train
Q9H6Z9,6615,train
Q6BAA4,6616,train
Q6WBX8,6617,train
Q8WU90,6618,train
Q7L8C5,6619,train
A6NEQ2,6620,test
Q02556,6621,train
P26440,6622,train
Q6PI47,6623,train
P08476,6624,train
Q96NU7,6625,val
P22234,6626,train
O43613,6627,train
Q9BQ69,6628,train
A1Z1Q3,6628,train
P25116,6629,val
O60359,6630,train
Q8WXS5,6630,train
Q9Y698,6630,train
Q9UBN1,6630,train
O95810,6631,train
Q9HB21,6632,train
Q9HB19,6632,train
Q8N806,6633,train
Q5FWF6,6634,train
Q7Z5V6,6635,train
Q16576,6636,train
Q09028,6636,train
Q9NX45,6637,train
Q9BZY9,6638,train
Q0VDG4,6639,train
Q12765,6639,train
Q96FV2,6639,train
Q92844,6640,train
P08910,6641,train
Q8N5Z0,6642,test
Q9NXE8,6643,test
Q92989,6644,train
Q96EB1,6645,val
Q13309,6646,train
P09110,6647,train
Q15916,6648,train
Q96LX8,6649,train
P21754,6650,train
Q6PJE2,6650,train
Q66K41,6651,val
P11801,6652,train
Q96QS6,6652,train
Q5QJ74,6653,train
Q15427,6654,train
Q8IUW3,6655,train
B4DS77,6656,train
Q52WX2,6657,train
Q9BS91,6658,train
Q96BI1,6659,train
P30559,6660,train
P37288,6660,train
P30518,6660,train
P47901,6660,train
O15504,6661,train
P34949,6662,test
O60906,6663,train
Q9UNS2,6664,train
Q9BXS5,6665,test
Q9Y6Q5,6665,test
Q9BZE1,6666,train
Q9NXH8,6667,train
Q9GZL7,6668,train
Q9BXW7,6669,test
P15309,6670,train
P11117,6670,train
Q6ZV89,6671,train
O95922,6672,val
Q7M4L6,6673,test
Q86VE9,6674,train
Q9NS68,6675,val
Q8N2R8,6676,train
Q6ZT52,6676,train
Q99999,6677,train
P22830,6678,train
P50440,6679,train
P10588,6680,train
P10589,6680,train
P24468,6680,train
P26367,6681,train
Q99705,6682,train
O75462,6683,test
Q8WUS8,6684,train
A6NKP2,6684,train
O00231,6685,train
Q9GZR2,6686,train
Q99571,6687,train
P51575,6687,train
P56373,6687,train
Q93086,6687,train
B2RXF5,6688,train
Q9C075,6689,train
Q6J9G0,6690,train
P21579,6691,train
O00445,6691,train
Q8N9I0,6691,train
A1L167,6692,val
Q8WVN8,6692,val
Q7Z7E8,6692,val
P08908,6693,train
Q53H12,6694,train
Q14153,6695,train
Q8N9M1,6696,train
Q9BSU1,6697,train
Q9UK53,6698,train
Q9H160,6698,train
Q5VTD9,6699,train
Q99684,6699,train
Q14626,6700,val
Q9BY77,6701,train
O75648,6702,test
Q99983,6703,train
P48426,6704,train
Q8TBX8,6704,train
P78356,6704,train
Q66PJ3,6705,train
Q7L4P6,6706,train
Q9UI42,6707,train
Q8TF44,6708,test
Q92949,6709,val
P18754,6710,train
Q9NVH6,6711,train
Q9Y6I7,6712,test
Q9NYS7,6712,test
Q8IY50,6713,train
Q9BQS2,6714,train
Q8IV01,6715,train
Q9NZU5,6716,test
Q9UGI8,6716,test
P11310,6717,train
P10323,6718,train
Q8NHS2,6719,train
Q9NWX5,6720,train
Q5SQI0,6721,train
Q9BPX7,6722,train
P09543,6723,train
Q9HC36,6724,train
O96009,6725,train
P07339,6725,train
P49642,6726,train
Q96IJ6,6727,val
Q8IU60,6728,train
Q8WXU2,6729,train
Q12951,6730,train
A8MTJ6,6730,train
Q9H2S5,6731,val
Q13641,6732,train
Q5T0B9,6733,train
Q9NW64,6734,train
Q86TJ2,6735,train
Q9H6P5,6736,train
Q9NXR5,6737,train
Q6UXH1,6738,test
Q96HD1,6738,test
Q01344,6739,train
Q99729,6740,train
O14979,6740,train
Q14103,6740,train
Q6NT76,6741,train
O14733,6742,train
P45985,6742,train
Q9UQ07,6743,train
Q9Y6K9,6744,train
Q8NCF5,6745,train
Q7L1Q6,6746,val
Q9Y6E2,6746,val
Q9Y276,6747,test
P14324,6748,train
Q9HAW0,6749,train
Q8NHQ8,6750,train
Q9GZS1,6751,val
P49767,6752,train
O14929,6753,train
Q9Y3Y4,6754,train
Q99536,6755,train
Q9HCJ6,6755,train
Q8TAS1,6756,test
P16930,6757,train
Q16828,6758,train
Q99956,6758,train
Q16829,6758,train
P06732,6759,val
P12277,6759,val
P12532,6759,val
P17540,6759,val
Q8TDV0,6760,val
O75600,6761,train
Q13303,6762,train
O43448,6762,train
Q14722,6762,train
Q9H5V7,6763,train
P30989,6764,train
P36955,6765,train
Q9P1U1,6766,train
Q9C0K3,6766,train
P61158,6766,train
Q9BT04,6767,val
Q9Y2T2,6768,train
P53677,6768,train
Q9UNP4,6769,test
P50454,6770,val
Q9UHA2,6771,train
Q15532,6771,train
O75177,6771,train
P13861,6772,train
P31323,6772,train
Q8IVH4,6773,val
Q8WWW0,6774,test
Q86WH2,6774,test
Q9NS23,6774,test
P43351,6775,train
Q7Z698,6776,val
Q2MJR0,6776,val
Q96AG3,6777,train
Q6GMV2,6778,train
Q969V4,6779,test
Q71F23,6780,train
Q9NXR8,6781,train
Q6YN16,6782,train
Q9NPI9,6783,train
Q58FG1,6784,train
P10523,6785,val
P32121,6785,val
P49407,6785,val
Q8TBH0,6786,train
Q9H3M7,6786,train
Q96B67,6786,train
Q8NCT1,6786,train
Q96E29,6787,train
A6NFY4,6788,train
P00558,6789,train
P07205,6789,train
Q96N19,6790,train
O60478,6790,train
Q9NZ32,6791,train
P05981,6792,train
Q96L12,6793,train
P27797,6793,train
Q8N8V4,6794,train
A5PLN9,6795,train
Q8NC26,6796,train
P11279,6797,train
Q9NY27,6798,train
Q9HCU5,6799,train
Q86VY4,6800,train
Q8IZD0,6801,train
Q9GZT5,6802,train
O00744,6802,train
P37268,6803,train
P27352,6804,train
P28300,6805,train
Q9H000,6806,train
P55211,6807,train
Q9HDC9,6808,train
Q9UQV4,6809,train
Q9UIH9,6810,val
O43586,6811,train
Q9H939,6811,train
Q5M8T2,6812,test
Q9H553,6813,train
Q8WUF8,6814,train
P50552,6815,train
Q9UI08,6815,train
Q8WUD6,6816,train
Q9Y6K0,6816,train
Q6JBY9,6817,train
Q8NFU5,6818,test
Q14CZ8,6819,train
Q9NRD5,6820,test
Q5M9Q1,6821,train
Q8N5F7,6821,train
Q99519,6822,train
Q8N136,6823,train
P05120,6824,train
P50452,6824,train
P50453,6824,train
P35237,6824,train
P30740,6824,train
Q9P1A2,6825,train
Q9H974,6826,train
Q96LT4,6827,val
Q9UKU7,6828,train
Q9Y614,6829,val
Q15018,6830,train
Q15760,6831,train
Q5T2R2,6832,train
Q6ZN01,6833,val
O43505,6834,test
Q96L50,6835,train
P0DPA2,6836,test
Q9NZC7,6837,val
Q9UEE5,6838,train
O94768,6838,train
Q6UWP7,6839,train
Q9H4B0,6840,train
O94864,6841,train
Q96MM3,6842,train
P25490,6842,train
O15391,6842,train
Q9BT81,6843,test
Q9H6I2,6843,test
Q8N228,6844,train
Q92552,6845,train
Q13148,6846,train
P61812,6847,test
P10600,6847,test
Q0P651,6848,val
Q13572,6849,train
Q9UM44,6850,train
Q9NRB3,6851,train
Q8N3Z0,6852,train
Q96IZ5,6853,train
Q9H6R6,6854,test
Q8NHU3,6855,train
Q86VZ5,6855,train
Q9Y519,6856,test
Q6ZMB5,6856,test
Q9UBU6,6857,train
Q16254,6858,train
Q15329,6858,train
Q8NC51,6859,train
Q5JVS0,6859,train
Q96AJ1,6860,train
Q9ULX3,6861,train
Q96ES6,6862,train
O95503,6863,test
Q14318,6864,train
Q8IX90,6865,train
P57081,6866,train
O75541,6867,train
O43463,6868,train
Q9H5I1,6868,train
Q14242,6869,val
Q8TBE7,6870,train
P16219,6871,train
Q6NVV9,6872,val
P30542,6873,train
P29275,6873,train
P29274,6873,train
P0DMS8,6873,train
Q9BTE6,6874,train
P00966,6875,train
P57775,6876,val
O60496,6877,train
Q8WW22,6878,train
P31689,6878,train
O60884,6878,train
Q14642,6879,train
O14874,6880,train
Q86U70,6881,test
O43679,6881,test
Q96ER9,6882,train
Q5VW32,6883,train
Q92966,6884,train
Q5T4F4,6885,train
Q9UBB5,6886,train
O95983,6886,train
O60268,6887,train
Q99469,6888,train
Q6ZMT1,6888,train
Q3YBR2,6889,train
Q969G3,6890,train
Q9H161,6891,test
Q15699,6891,test
O95076,6891,test
Q9UKB5,6892,train
Q9GZS9,6893,train
Q9GZX3,6893,train
Q8NCG5,6893,train
Q8TAX9,6894,train
Q14240,6895,val
P60842,6895,val
P38919,6895,val
O95665,6896,train
Q9Y5X4,6897,test
Q9Y466,6897,test
Q99574,6898,train
P43034,6899,train
P21128,6900,train
Q6IA17,6901,val
Q96LZ7,6902,train
Q96P53,6903,train
Q8IWB7,6903,train
P13473,6904,train
Q13569,6905,val
Q96K37,6906,val
Q7KZN9,6907,train
Q9BT25,6908,test
P31260,6909,train
P28358,6909,train
Q9NYD6,6909,train
Q96LW2,6910,train
Q9BV87,6911,train
Q9Y679,6912,train
O96020,6913,train
P24864,6913,train
Q9Y303,6914,train
Q8N4J0,6915,val
Q12837,6916,train
Q9UG56,6917,train
Q53GL0,6918,train
P54727,6919,train
P54725,6919,train
Q8IYP9,6920,train
O75063,6921,val
O75121,6922,test
P55082,6922,test
A4D1S0,6923,train
Q6UWZ7,6924,train
Q8WU67,6925,train
Q2M3D2,6926,train
Q5TGI0,6927,train
Q8TB45,6928,train
Q6PIU2,6929,train
P22760,6929,train
P12643,6930,train
P12644,6930,train
Q96Q45,6931,train
Q8NBB4,6932,train
Q5VYV7,6933,train
Q8IXU6,6934,train
Q5T1Q4,6934,train
Q96BU1,6935,train
Q03154,6936,train
O14556,6937,train
P04406,6937,train
Q9H3H5,6938,train
P05455,6939,test
Q8N7X4,6940,val
P43366,6940,val
A6NJ78,6941,train
Q96EP5,6942,train
O95390,6943,train
Q499Z3,6944,train
Q15697,6945,train
Q70YC5,6946,test
P39023,6947,train
Q92901,6947,train
O60858,6948,train
Q16186,6949,val
P49640,6950,train
P09529,6951,test
Q9NRN5,6952,train
Q9H4K7,6953,train
Q6P499,6954,train
P50458,6955,train
Q9NQ69,6955,train
Q16816,6956,train
P15735,6956,train
Q9H2C1,6957,train
P48742,6957,train
Q93088,6958,train
Q9H2M3,6958,train
Q8TC90,6959,train
Q6UXH8,6960,train
Q9BSE4,6961,train
Q8N6T3,6962,train
Q06587,6963,train
Q99496,6963,train
B5MCN3,6964,train
Q9UDX3,6964,train
Q9UDX4,6964,train
O76054,6964,train
Q9Y2C2,6965,train
Q96GC9,6966,train
Q9Y2U9,6967,train
Q9BRQ0,6968,train
Q9Y5X3,6969,test
Q9UNH7,6969,test
Q86XE0,6969,test
P48775,6970,train
Q9BY76,6971,train
Q9BS26,6972,val
Q9BT78,6973,train
Q8WWB7,6974,train
P00739,6975,train
P00738,6975,train
P80365,6976,val
P32929,6977,train
Q9BSL1,6978,train
O75830,6979,train
Q1RMZ1,6980,train
Q96P15,6981,train
P29508,6981,train
P48594,6981,train
Q96P63,6981,train
Q9UIV8,6981,train
P0CK97,6982,train
P0CK96,6982,train
P49662,6983,train
P57730,6983,train
P29466,6983,train
Q5EG05,6983,train
Q6ICG6,6984,train
Q15109,6985,train
Q8N205,6986,train
A6NKF1,6987,train
Q9GZZ9,6988,train
O15218,6989,train
Q9H2X3,6990,train
Q9NNX6,6990,train
Q96B23,6991,train
Q9BUU2,6992,train
P51810,6993,train
Q5T953,6994,train
P60484,6995,train
P57723,6996,train
P57721,6996,train
Q15365,6996,train
Q15366,6996,train
Q92968,6997,train
Q8NEZ5,6998,train
Q9C009,6999,val
Q9BUL5,7000,train
Q5EBL4,7001,train
Q9BRR3,7002,train
Q9UHR6,7003,train
Q9NUD5,7004,train
Q9UGK3,7005,val
Q8IWR1,7006,train
O43581,7007,train
Q9BXR0,7008,train
Q96BZ9,7009,train
Q7L0Y3,7010,test
P48728,7011,test
Q6NYC1,7012,train
P14902,7013,train
O14965,7014,train
Q96GD4,7014,train
Q9UQB9,7014,train
Q7Z6K3,7015,train
Q9H1Y3,7016,train
Q6UWY5,7017,train
O60663,7018,train
Q8TE12,7018,train
P34995,7019,train
Q5W0U4,7020,train
H7C350,7021,train
Q6PEW1,7022,train
P04278,7023,train
Q9Y4X4,7024,train
P05121,7025,val
P07093,7025,val
Q9BQE5,7026,train
O95236,7026,train
O14791,7026,train
Q9BPW4,7026,train
Q8N0V5,7027,train
Q6UX73,7028,train
Q86YJ5,7029,test
A6NNE9,7029,test
Q9GZV7,7030,train
Q96S86,7030,train
Q86UW8,7030,train
P10915,7030,train
P50219,7031,val
Q96A59,7032,train
Q8NBJ4,7033,test
Q13561,7034,train
Q8WVQ1,7035,train
Q8WV24,7036,train
Q96NA2,7037,train
O00300,7038,train
Q96I25,7039,train
Q8NBV8,7040,train
Q9H1N7,7041,train
Q9GZN2,7042,train
Q15583,7042,train
Q9C0J1,7043,val
Q9Y2A9,7043,val
Q6ZMB0,7043,val
Q8NFL0,7043,val
P41146,7044,train
P35372,7044,train
P41143,7044,train
P36507,7045,val
Q02750,7045,val
P53602,7046,train
P16150,7047,val
Q9UPV7,7048,train
Q9H2G9,7049,train
Q8N9N2,7050,train
Q15438,7051,train
Q9UIA0,7051,train
Q99418,7051,train
O43739,7051,train
Q5JVX7,7052,train
Q9HB90,7053,train
Q9NQL2,7053,train
P22891,7054,train
Q8NC42,7055,train
Q9NRC8,7056,val
Q9GZV5,7057,test
Q9NVG8,7058,train
Q9BTV4,7059,train
Q92734,7060,train
P15509,7061,train
O60609,7062,train
Q16644,7063,test
P49137,7063,test
Q86VE0,7064,train
Q99551,7065,train
P38571,7066,train
P07098,7066,train
Q5JVF3,7067,train
Q86YH6,7068,train
Q5TDH0,7069,train
O14958,7070,train
P31415,7070,train
O95684,7071,train
Q9Y279,7072,train
Q99442,7073,train
Q9NYB0,7074,train
Q8N4Y2,7075,train
P49441,7076,train
Q9C0C6,7077,train
Q5T2D3,7078,train
Q9Y639,7079,train
P35613,7079,train
Q96G97,7080,train
Q8N126,7081,train
P61647,7082,train
P05423,7083,val
Q8IWV1,7084,train
Q969F8,7085,train
Q9UBI4,7086,train
Q6BEB4,7087,test
Q9H228,7088,val
Q99500,7088,val
P21453,7088,val
O95977,7088,val
O95136,7088,val
P51398,7089,test
O43435,7090,train
Q658L1,7091,train
Q8N2K0,7092,train
Q6NSI3,7093,train
Q9H3Q3,7094,test
Q8NAX2,7095,test
P27930,7096,test
P15291,7097,train
O60512,7097,train
O60513,7097,train
Q9Y4P1,7098,train
Q8WYN0,7098,train
P55085,7099,val
Q9HB65,7100,val
A6NFN3,7101,train
O43251,7101,train
Q9NWB1,7101,train
Q9H497,7102,test
Q8NEZ2,7103,val
P78423,7104,train
B8ZZ34,7105,val
Q9C0D9,7106,test
Q9NY97,7107,test
Q7Z7M8,7108,val
Q9NTK5,7109,test
Q53F39,7110,train
Q9HAS0,7111,train
Q96P71,7112,train
Q7L5Y9,7113,train
P36383,7114,train
P13994,7115,train
Q15007,7116,train
Q03426,7117,val
Q8TAD8,7118,test
Q8WWV3,7119,train
P82933,7120,train
P78381,7121,train
P78382,7121,train
Q9Y2D2,7121,train
Q9H5Q4,7122,train
P06727,7123,val
Q7LC44,7124,train
Q13216,7125,train
O77932,7126,train
Q9NQS5,7127,train
Q9GZN1,7128,train
Q9Y5Y4,7129,train
Q6VVB1,7130,train
Q5JTY5,7131,train
Q8IUF1,7131,train
Q5RIA9,7131,train
Q9BRT8,7131,train
Q96KC9,7132,train
Q6PEW0,7133,train
Q9H6D3,7134,train
P98182,7135,train
Q02127,7136,train
Q9Y371,7137,train
Q9NR46,7137,train
Q6P1K8,7138,train
Q13888,7138,train
Q92665,7139,train
Q7Z6K1,7140,train
Q9Y3Q8,7141,test
Q13510,7142,train
P62879,7143,test
O14775,7143,test
P62873,7143,test
P16520,7143,test
Q9HAV0,7143,test
Q92643,7144,train
Q9BSW2,7145,train
Q8TEY5,7146,train
Q00266,7147,train
P31153,7147,train
Q7Z6J2,7148,train
Q5T9C9,7149,train
Q9UGV2,7150,train
Q9ULP0,7150,train
Q9UN36,7150,train
Q92597,7150,train
Q9UQ80,7151,train
Q5T7V8,7152,train
Q16739,7153,train
O75521,7154,train
Q9H814,7155,train
O14649,7156,train
Q9NPC2,7156,train
Q86UD0,7157,test
Q9BSE2,7158,train
Q6P6C2,7159,train
Q96G23,7160,train
Q8IU89,7160,train
Q6ZMG9,7160,train
Q8N5B7,7160,train
Q9HA82,7160,train
Q05923,7161,train
P28562,7161,train
Q13115,7161,train
Q16690,7161,train
Q86YT9,7162,train
Q6UXV0,7163,train
Q86X24,7164,train
Q6IQ20,7165,train
Q8NFJ6,7166,test
Q8TCW9,7166,test
Q8NBR0,7167,train
Q9BVC3,7168,train
Q9BWS9,7169,train
Q7L8J4,7170,train
Q96G75,7171,train
Q9H871,7171,train
P0CB47,7172,val
Q8NBI6,7173,train
Q9NQR1,7174,val
O60870,7175,test
Q6ZV65,7176,train
Q00978,7177,test
Q5T8I9,7178,train
P32754,7179,train
P50213,7180,train
O43837,7180,train
P51553,7180,train
P21953,7181,test
Q8NBL1,7182,val
Q9NQ29,7183,val
Q9Y383,7183,val
Q9BRP4,7184,train
P54687,7185,train
O15382,7185,train
Q9NWT1,7186,train
P21549,7187,train
Q8N4H0,7188,train
O43791,7189,train
Q6IQ16,7189,train
Q8N0U4,7190,train
Q9NYF3,7191,test
Q99689,7192,train
P15529,7193,train
Q9H0C8,7194,train
Q53T59,7195,train
P51570,7196,train
Q05925,7197,train
P19622,7197,train
Q9H6S1,7198,train
P55209,7199,train
Q99733,7199,train
A6NI72,7200,train
A8MVU1,7200,train
P14598,7200,train
P30411,7201,train
P68400,7202,train
Q8NEV1,7202,train
P19784,7202,train
Q15011,7203,train
Q00587,7204,test
Q92785,7205,train
Q92784,7205,train
O14717,7206,train
P30872,7207,train
P35346,7207,train
P30874,7207,train
Q8IXN7,7208,train
Q9ULI2,7208,train
Q99638,7209,val
Q92546,7210,train
Q8N6V9,7211,train
P09544,7212,val
P56703,7212,val
O00755,7212,val
P56705,7212,val
P41221,7212,val
Q9H1J7,7212,val
Q9Y6F9,7212,val
P56704,7212,val
O96014,7212,val
Q93097,7212,val
P29803,7213,train
P08559,7213,train
P28336,7214,train
P30550,7214,train
Q96FI4,7215,train
P43115,7216,test
Q969G2,7217,train
Q6NZI2,7218,train
O75900,7219,train
Q9P0Z9,7220,train
Q99816,7221,val
Q9NNX1,7222,train
P01137,7223,train
P28221,7224,train
P28222,7224,train
P30939,7224,train
Q6ICH7,7225,test
Q5U4P2,7225,test
Q96AP7,7226,val
Q8IVS2,7227,test
O60667,7228,train
Q9C0F1,7229,train
Q9NXC2,7230,train
Q3B7J2,7230,train
Q12905,7231,train
Q9BTY7,7232,train
O14792,7233,train
Q9Y662,7233,train
Q8IZT8,7233,train
Q99447,7234,test
Q13508,7235,train
Q9Y6C9,7236,train
Q9NZJ7,7236,train
Q15722,7237,train
Q9NPC1,7237,train
Q9HC52,7238,train
Q96DP5,7239,train
Q8N9B4,7240,train
P31350,7241,train
Q7LG56,7241,train
Q7Z6J8,7242,train
Q8IXJ6,7243,train
Q7L273,7244,val
Q5JT82,7245,train
Q8WVF1,7246,train
Q15008,7247,train
Q9NP31,7248,train
Q13686,7249,train
P20142,7250,val
Q9H488,7251,train
Q8N9Z9,7252,test
Q9NUK0,7253,train
Q5VZF2,7253,train
Q9NR56,7253,train
Q9NX36,7254,train
Q96PD7,7255,test
Q8NFZ8,7256,train
P85299,7257,train
Q9UGC6,7258,train
O76081,7258,train
P49795,7258,train
Q9BRI3,7259,val
Q99726,7259,val
Q5JXC2,7260,train
Q8WV60,7261,train
P81877,7262,train
Q9BWW4,7262,train
Q9BWG4,7262,train
Q6PEV8,7263,train
P29016,7264,val
P29017,7264,val
P15812,7264,val
P06126,7264,val
P15813,7264,val
P35453,7265,train
P31271,7265,train
P31276,7265,train
Q92826,7265,train
Q6ZMV7,7266,test
Q9UBX8,7267,train
O43286,7267,train
O75781,7268,test
Q53HC9,7269,train
O75936,7270,test
Q9UKT5,7271,train
O43603,7272,train
Q86XK7,7273,val
Q96FK6,7274,train
P49019,7275,train
Q8TDS4,7275,train
Q8N7C3,7276,train
O95801,7277,train
Q9H0F6,7278,val
Q9NR83,7279,train
P37059,7280,train
A4D1E9,7281,train
Q9NY43,7282,train
Q9BZE3,7282,train
P43119,7283,train
Q7Z6G3,7284,train
Q8N987,7284,train
Q86V24,7285,train
Q96A54,7285,train
P53582,7286,test
Q9Y570,7287,train
Q9Y3P4,7288,val
P31483,7289,train
Q01085,7289,train
Q86VN1,7290,train
Q9HC16,7291,train
Q8IUX4,7291,train
Q96AK3,7291,train
Q9UH17,7291,train
Q9NRW3,7291,train
P00326,7292,train
P07327,7292,train
P08319,7292,train
P00325,7292,train
P11766,7292,train
P28332,7292,train
P40394,7292,train
Q9NWM3,7293,train
Q6NVY1,7294,train
Q96RI0,7295,train
Q6P444,7296,train
D6RGH6,7297,train
Q9NXX6,7298,train
Q8N140,7298,train
Q9BRX2,7299,test
Q01459,7300,train
Q6RFH5,7301,train
Q8N490,7302,train
Q9UI38,7303,test
Q12824,7304,train
Q8N365,7305,val
P28906,7306,train
Q6ZNW5,7307,train
Q8N8R5,7308,train
P25929,7309,train
P50391,7309,train
Q96CB9,7310,val
Q9UBR1,7311,train
P35713,7312,train
Q7Z418,7313,train
O15315,7314,train
Q8TCT6,7315,train
P36402,7316,train
O00590,7317,train
O00170,7318,train
Q9NZN9,7318,train
Q9Y312,7319,train
Q5T8I3,7320,train
Q5T9C2,7320,train
Q2M296,7321,train
P80370,7322,val
Q9NP85,7323,train
P27105,7323,train
O95084,7324,train
Q9H6Y2,7325,train
Q29980,7326,train
Q29983,7326,train
Q9H4B6,7327,test
Q9Y282,7328,train
Q9NTX9,7329,train
Q6UY11,7330,train
Q9NXR7,7331,val
Q15784,7332,train
Q96NK8,7332,train
Q13477,7333,test
Q06828,7334,train
P51888,7334,train
O60938,7334,train
P0DKB5,7335,train
Q6DD87,7336,train
Q6UX15,7337,train
Q9H9P2,7337,train
Q9BQ90,7338,train
Q9NXS2,7339,train
Q16769,7339,train
Q9UHK6,7340,train
Q9UGM5,7341,val
Q8NFW5,7342,train
Q7Z6M4,7343,val
P49146,7344,train
Q96FG2,7345,train
Q03113,7346,train
Q14344,7346,train
P08754,7346,train
P09471,7346,train
P08174,7347,test
O00622,7348,train
Q9UPC5,7349,train
Q9H6Y7,7350,val
O43567,7350,val
F5GYI3,7351,train
P10644,7352,train
P31321,7352,train
Q58FF8,7353,train
Q58FG0,7353,train
Q6ZMR3,7354,train
P07195,7354,train
P00338,7354,train
P07864,7354,train
Q9BYZ2,7354,train
Q13601,7355,train
P26022,7356,test
P07988,7357,train
Q9BUA3,7358,train
P49908,7359,test
Q9NPF8,7360,train
O75689,7360,train
Q8N0Z2,7361,test
Q9P0J7,7362,val
Q9UBC1,7363,train
Q8NFJ8,7364,test
Q8NFH3,7365,train
Q8WTW4,7366,train
P18615,7367,train
P16333,7368,train
O43639,7368,train
Q14576,7369,train
P26378,7369,train
Q12926,7369,train
Q15717,7369,train
Q96LY2,7370,train
Q96AQ1,7370,train
P39748,7371,train
Q96HA4,7372,train
P01100,7373,test
P15408,7373,test
O43173,7374,test
Q96DV4,7375,test
Q96S82,7376,test
Q6YI46,7377,test
Q6DKK2,7378,train
O75635,7379,train
Q9UIK5,7380,train
Q8IYR6,7380,train
B2RXF0,7381,train
C9JTQ0,7382,train
P35414,7383,val
P07585,7384,train
P21810,7384,train
Q9BXN1,7384,train
Q92782,7385,train
Q96EF9,7386,train
Q96K31,7386,train
Q9UNW8,7387,train
O00154,7388,train
Q8NES3,7389,train
Q9Y644,7389,train
O00587,7389,train
Q9H300,7390,train
Q8IXS6,7391,train
A4GXA9,7392,train
Q8TBM8,7393,test
Q9H819,7393,test
Q9NXW2,7393,test
P49354,7394,train
Q86WV6,7395,train
E9PGG2,7396,train
A6NHQ4,7397,train
P78508,7398,train
O60928,7398,train
Q9NX58,7399,train
P07902,7400,train
P51684,7401,train
P32248,7401,train
P51686,7401,train
Q9NPB9,7401,train
Q16543,7402,train
Q5XKL5,7403,train
Q9NRZ7,7404,train
Q9NRZ5,7404,train
Q6P4I2,7405,train
P22626,7406,train
P09651,7406,train
Q32P51,7406,train
Q13151,7406,train
P51991,7406,train
Q96H15,7407,val
Q6ZS10,7408,train
Q96IZ6,7409,test
Q6P1Q9,7409,test
Q9H825,7409,test
P26951,7410,test
Q9BYG0,7411,train
Q8TAX7,7412,train
Q16795,7413,train
P53609,7414,train
Q6ZVX9,7415,train
Q9H7Z7,7416,train
Q9GZT8,7417,train
O75381,7418,val
Q9H0I3,7419,train
Q5NUL3,7420,val
Q8N4Q0,7421,train
Q9Y6U7,7422,test
P41231,7423,train
P51582,7423,train
O60704,7424,train
O60507,7424,train
Q969W1,7425,train
Q15049,7426,val
Q8NG68,7427,test
Q96CM3,7428,test
Q96RQ1,7429,train
O75319,7430,val
Q8TC12,7431,train
Q96NR8,7431,train
Q8NBN7,7431,train
Q9HBH5,7431,train
Q6UX07,7431,train
P01859,7432,train
P01860,7432,train
P01857,7432,train
P01861,7432,train
Q8TCT9,7433,train
Q14094,7434,train
Q8NFA2,7435,train
Q9Y5B8,7436,train
Q9NPB6,7437,test
Q9BYG4,7437,test
Q9BYG5,7437,test
Q96FC7,7438,train
Q92561,7438,train
Q9HB07,7439,train
P58012,7440,val
O43502,7441,train
O15466,7442,train
Q9UNM6,7443,train
A6NED2,7444,train
Q8NEW0,7445,val
O75554,7446,test
Q9H4I3,7447,train
Q1AE95,7448,train
Q8IXX5,7448,train
P52655,7449,train
Q8NCH0,7450,train
Q5T280,7451,train
P56202,7452,train
A8MXV4,7453,train
Q92186,7454,train
Q92187,7454,train
Q11203,7455,train
Q15198,7456,val
P36952,7457,train
P35247,7458,train
Q96LA8,7459,train
Q9HBK9,7460,val
Q99527,7461,train
Q9NW38,7462,train
P35659,7463,train
P08571,7464,train
O00254,7465,test
Q96G91,7466,train
P29992,7467,val
O95837,7467,val
P30679,7467,val
P50148,7467,val
A8MTJ3,7467,val
P04899,7467,val
P11488,7467,val
P19087,7467,val
P63096,7467,val
P19086,7467,val
Q8N998,7468,train
Q8IVL8,7469,train
Q96CD0,7470,val
Q9UJ37,7471,train
Q7L523,7472,train
Q5VZM2,7472,train
Q15035,7473,train
Q15629,7473,train
Q8NBK3,7474,train
Q8NBJ7,7474,train
Q9HCN4,7475,train
Q9NPI8,7476,train
Q7L2H7,7477,train
P12314,7478,train
Q92637,7478,train
Q6P6B1,7479,train
O75444,7480,train
Q15738,7481,train
P56589,7482,train
O75594,7483,test
Q96LB8,7483,test
Q9Y234,7484,test
Q16621,7485,val
P47900,7486,train
Q96HJ3,7487,train
Q02833,7488,train
Q9Y2P8,7489,train
Q969T3,7490,test
Q86W33,7491,test
Q9BRQ8,7492,val
Q9H790,7493,val
Q8WUP2,7494,test
Q9Y5R6,7495,train
Q9BYV8,7496,val
Q9BV79,7497,val
P15104,7498,train
A2RU49,7499,train
P53365,7500,train
P53367,7500,train
Q99788,7501,test
Q9H6B4,7502,train
O43766,7503,train
Q9H1C0,7504,train
Q9HBI1,7505,train
Q9HBI0,7505,train
Q9NVD7,7505,train
O60547,7506,val
Q5T5M9,7507,train
O15143,7508,train
Q92747,7508,train
Q969K3,7509,train
Q8WZ73,7509,train
Q8N3J5,7510,train
Q3LFD5,7511,train
Q9UMW8,7511,train
Q96NB3,7512,train
Q9BTM1,7513,train
P0C0S8,7513,train
Q9P0M6,7513,train
Q71UI9,7513,train
P20671,7513,train
Q6FI13,7513,train
Q99878,7513,train
Q16777,7513,train
Q7L7L0,7513,train
O75367,7513,train
P0C0S5,7513,train
Q96QV6,7513,train
Q93077,7513,train
Q96KK5,7513,train
Q8IUE6,7513,train
P16104,7513,train
Q8IYD9,7514,train
Q7Z6M1,7515,test
Q96RU8,7516,train
Q96RU7,7516,train
Q92519,7516,train
P67809,7517,train
Q9Y2T7,7517,train
P16989,7517,train
P26439,7518,train
Q95365,7519,train
P30480,7519,train
P16190,7519,train
Q31610,7519,train
Q29718,7519,train
P30464,7519,train
Q29865,7519,train
P30685,7519,train
P30479,7519,train
P30450,7519,train
P30491,7519,train
P30459,7519,train
P30484,7519,train
P30486,7519,train
P10314,7519,train
P30495,7519,train
Q9TNN7,7519,train
P13746,7519,train
P04222,7519,train
P30510,7519,train
P30481,7519,train
P30487,7519,train
P30504,7519,train
P30447,7519,train
P10319,7519,train
P10316,7519,train
P30462,7519,train
P05534,7519,train
P16188,7519,train
P30455,7519,train
Q04826,7519,train
P30490,7519,train
P30466,7519,train
Q29960,7519,train
Q09160,7519,train
P04439,7519,train
Q95604,7519,train
P30498,7519,train
P01889,7519,train
Q07000,7519,train
P03989,7519,train
P30460,7519,train
P30505,7519,train
P30485,7519,train
P18463,7519,train
Q29963,7519,train
P18462,7519,train
P30492,7519,train
P30457,7519,train
P01891,7519,train
P01892,7519,train
P30499,7519,train
P10321,7519,train
P30508,7519,train
P30512,7519,train
P18465,7519,train
P13747,7519,train
P30511,7519,train
P17693,7519,train
P01893,7519,train
Q7L5A8,7520,train
Q9Y5Y3,7521,val
P32302,7522,train
O95568,7523,train
P26992,7524,train
Q96CX6,7525,train
P43699,7526,val
Q9H2Z4,7526,val
Q6W5P4,7527,train
Q9BYS8,7528,train
Q96C28,7529,train
Q8N357,7530,train
Q96H72,7531,train
P23610,7532,val
P78545,7533,test
O43889,7534,train
Q9HC73,7535,test
Q68CQ7,7536,train
Q9H1C3,7536,train
Q96IR7,7537,train
Q96H96,7538,train
Q9UNZ2,7539,test
Q14CS0,7539,test
Q9GZP0,7540,train
Q9NRA1,7540,train
Q92604,7541,test
Q9H756,7542,val
Q9NZU7,7543,train
Q9NP86,7543,train
Q9BZW8,7544,train
P45877,7545,train
P23284,7545,train
Q08752,7545,train
O43447,7545,train
Q9NQZ5,7546,test
Q9Y617,7547,train
Q9BZW5,7548,train
Q8TC76,7549,train
Q96KN9,7550,train
Q9NYQ3,7551,train
Q9UJM8,7551,train
P35914,7552,train
Q8TB92,7552,train
Q9Y5K3,7553,train
P49585,7553,train
Q9BV20,7554,train
Q8N8M0,7555,val
Q6ZMN8,7556,train
Q86Y37,7557,train
Q8NCU7,7558,train
A6NLJ0,7558,train
Q14558,7559,train
O60256,7559,train
Q7Z5B4,7560,val
P50749,7561,train
Q6ZTQ3,7561,train
Q9H2F3,7562,train
Q8IZP2,7563,val
P50502,7563,val
Q8NFI4,7563,val
P49366,7564,train
P31785,7565,train
Q9NZJ6,7566,train
Q9Y2S7,7567,train
Q9NVF7,7568,val
Q6MZQ0,7569,train
P78406,7570,train
P49842,7571,val
Q9H668,7572,val
Q99961,7573,train
Q99963,7573,train
Q99962,7573,train
Q16533,7574,train
Q6ZUK4,7575,train
Q6AI12,7576,train
Q53H64,7576,train
Q9Y2C4,7577,train
Q8TBF8,7578,test
Q9BZD3,7579,val
P0CAP2,7579,val
P49682,7580,train
Q99871,7581,test
P78426,7582,test
A6NJ46,7582,test
Q9C056,7582,test
Q86X40,7583,train
Q15078,7584,train
Q13319,7584,train
P06132,7585,train
Q5RL73,7586,train
Q8NA23,7587,train
Q5W0Z9,7588,train
Q9UIJ5,7588,train
O95388,7589,train
O95389,7589,train
Q8WW27,7590,train
Q13304,7591,train
Q8TB36,7592,train
Q96MZ0,7592,train
Q969P5,7593,test
Q8TCJ0,7593,test
P02765,7594,train
Q9Y295,7595,test
P55039,7595,test
O60931,7596,train
O75610,7597,train
P05111,7598,train
P52788,7599,train
Q15633,7600,train
O00442,7601,train
Q8WTS6,7602,train
Q86YD3,7603,val
P62068,7604,train
Q9P2A4,7605,train
Q9H568,7606,test
Q6Q788,7607,train
Q6UXB0,7608,train
Q5VSY0,7609,train
Q15743,7610,train
Q02080,7611,train
O75593,7612,test
P55899,7613,train
P19526,7614,test
Q10981,7614,test
Q8IWS0,7615,train
Q15050,7616,train
O14905,7617,train
O14904,7617,train
P58304,7618,train
Q9NZR4,7618,train
Q06520,7619,train
O00204,7619,train
Q9Y2Z0,7620,train
Q9NQQ7,7621,val
Q2M3R5,7622,train
Q92664,7623,train
Q7L8A9,7624,test
Q86V25,7624,test
P78310,7625,train
Q8NAV2,7626,train
Q53GG5,7627,test
Q92633,7628,train
Q9HBW0,7628,train
Q9UBY5,7628,train
P52952,7629,train
Q8TAU0,7629,train
A6NCS4,7629,train
P12524,7630,train
Q7L3V2,7631,train
Q5BKX8,7632,train
Q96A29,7633,val
Q9NR23,7634,test
Q9NUQ2,7635,test
Q9BWF3,7636,train
Q9BQ04,7636,train
Q15906,7637,train
Q6S9Z5,7638,train
P53990,7639,train
Q9HBU9,7640,train
Q9HBV1,7640,train
Q8NCQ7,7641,train
Q6NTF9,7642,test
Q9P0U1,7642,test
Q96MF2,7643,train
P05062,7644,train
P04075,7644,train
P09972,7644,train
O43427,7645,train
Q96A46,7646,train
Q9UPM6,7647,train
Q68G74,7647,train
Q9NS00,7648,train
P0C7T7,7649,train
Q9H777,7650,train
P35249,7651,train
O75818,7652,test
Q9H6D7,7653,train
Q6PGN9,7654,train
P00813,7655,train
P50052,7656,train
Q9NX46,7657,test
Q9NUD7,7658,train
P52951,7659,train
Q14549,7659,train
Q9UBU8,7660,train
Q15014,7660,train
Q00325,7661,train
Q96DH6,7662,train
O43347,7662,train
Q147X3,7663,test
P46092,7664,train
Q9BRK5,7665,val
Q9H0A6,7666,train
A0AVI4,7667,test
O95551,7668,test
Q9P035,7669,train
Q5VWC8,7669,train
Q13351,7670,test
Q9H1K6,7671,train
P25106,7672,train
P55263,7673,val
Q9H6B9,7674,val
Q8IUS5,7674,val
Q6ZMK1,7675,train
Q9NQS1,7676,train
Q9NV79,7677,train
Q96MG8,7677,train
Q8IVD9,7678,train
P32249,7679,train
Q9NV96,7680,train
Q3MIR4,7680,train
Q9H8G2,7681,train
Q8WXG1,7682,train
Q969M1,7683,train
O96008,7683,train
O75683,7684,train
Q96L03,7685,train
Q6P6B7,7686,train
Q8NBU5,7687,val
O00155,7688,train
Q8WZ79,7689,val
P08397,7690,train
Q9NSB8,7691,val
Q86YM7,7691,val
Q9NSC5,7691,val
P54252,7692,train
Q67FW5,7693,train
P83369,7694,train
Q6P1Q0,7695,train
Q9Y5P6,7696,train
P25025,7697,train
P25024,7697,train
O95273,7698,train
P32246,7699,train
P51685,7699,train
P51681,7699,train
P51679,7699,train
P49238,7699,train
P51677,7699,train
Q15327,7700,train
Q9GZV1,7700,train
Q96HE9,7701,train
Q66K66,7702,test
Q96J42,7703,train
Q9Y484,7704,train
Q5MNZ6,7704,train
Q15435,7705,train
Q01860,7706,train
Q8NE79,7707,train
Q5SGD2,7708,train
O95149,7709,train
Q96EE3,7710,test
Q9UGM6,7711,train
P82650,7712,train
Q96QE5,7713,train
Q86W34,7714,train
Q5H9R4,7715,train
P49685,7716,train
Q9H1X3,7717,train
O00115,7718,train
Q9H6F5,7719,train
Q13258,7720,train
P43116,7720,train
Q96RD0,7721,train
Q96RC9,7721,train
Q15620,7721,train
Q8NH09,7721,train
P0DN80,7721,train
P11177,7722,train
Q02083,7723,train
O00623,7724,train
P21854,7725,train
O60759,7726,train
Q7L513,7727,train
Q9Y231,7728,train
O43488,7729,train
O95154,7729,train
Q8NHP1,7729,train
Q9NR45,7730,train
Q9NTX7,7731,train
O75563,7732,train
Q86WV1,7732,train
Q86VZ1,7733,train
O95600,7734,train
P57682,7734,train
P0C264,7735,train
Q8TBP6,7736,train
Q9BZJ4,7736,train
Q86SK9,7737,val
O00767,7737,val
P30556,7738,test
Q9NX62,7739,train
Q9GZT6,7740,test
Q96AQ8,7740,test
Q96A47,7741,train
P61371,7741,train
O94992,7742,train
Q96MH2,7742,train
Q96D42,7743,train
P25021,7744,train
Q9NZL4,7745,test
Q8ND76,7746,val
Q8N7R7,7746,val
Q9BRP1,7747,train
Q15257,7748,train
O14745,7749,train
Q15599,7749,train
Q7Z5U6,7750,val
B7ZBB8,7751,train
O95210,7752,train
Q96PF2,7753,train
Q99678,7754,train
Q9UBS4,7755,train
P49715,7756,train
Q15391,7757,train
Q9BY21,7757,train
O75503,7758,train
O00303,7759,train
Q00796,7760,train
Q7Z465,7761,train
Q96GS4,7762,train
P48745,7763,train
O76076,7763,train
P29279,7763,train
Q6ZSC3,7764,train
Q96MX6,7765,val
Q8NFJ5,7766,train
Q9NZD1,7766,train
Q8TAQ9,7767,train
Q96DI7,7768,train
Q8NDY3,7769,train
P54922,7769,train
P30533,7770,train
P47898,7771,train
Q9BPY3,7772,val
Q9NWS6,7772,val
Q8TCE6,7773,train
Q9NP08,7774,train
A6NHT5,7774,train
Q9H7T9,7775,train
Q9UN42,7776,train
P14415,7776,train
Q9NUU6,7777,train
Q9H0V9,7778,val
Q12907,7778,val
Q5T440,7779,train
Q9H3Q1,7780,test
Q92185,7781,train
P40938,7782,test
Q504Y3,7783,train
Q9NUC0,7784,train
Q9UJZ1,7785,val
O43529,7786,train
O95872,7787,train
Q9H410,7788,train
Q15653,7789,train
Q9C086,7790,train
P14652,7791,test
Q7LGA3,7792,train
Q7Z2E3,7793,train
O95299,7794,train
Q8N6T7,7795,train
Q6ZSR9,7796,train
A5D8V6,7797,val
Q8N8C0,7798,train
Q15165,7799,train
P27169,7799,train
Q15166,7799,train
Q6PJ21,7800,train
Q13190,7801,train
Q9H1Z9,7802,val
Q9NTN3,7803,train
Q6DHV7,7804,train
P46091,7805,train
Q9NQR9,7806,train
O00182,7807,train
Q86WK9,7808,train
Q8TEZ7,7808,train
P32242,7809,train
P32243,7809,train
Q14982,7810,train
Q9P121,7810,train
Q7Z3B1,7810,train
Q13449,7810,train
A6NGN9,7810,train
Q9H244,7811,train
Q9BPV8,7811,train
Q4G0M1,7812,train
P34810,7813,train
Q9ULX7,7814,train
O43570,7814,train
P78540,7815,train
P05089,7815,train
P35250,7816,test
Q9NS37,7817,train
O43915,7818,train
Q96EK9,7819,train
Q8IYD2,7820,train
Q8IXV7,7820,train
P00480,7821,train
Q96EM0,7822,test
Q9H832,7823,val
Q8N9Y4,7824,train
Q8IUY3,7825,train
Q96FZ2,7826,val
Q8IUQ0,7827,val
Q5SYC1,7827,val
U3KPV4,7828,train
P16442,7828,train
Q92858,7829,train
Q8NHW3,7830,train
Q9Y5Q3,7830,train
Q9NYT0,7831,train
Q6IN84,7832,train
P46663,7833,train
A6NFR6,7834,train
Q8TDN6,7835,train
P25089,7836,val
P21462,7836,val
P25090,7836,val
Q9UHY8,7837,train
B7Z1M9,7838,train
Q9NPC4,7839,train
P40225,7840,val
Q3ZCQ8,7841,train
Q8WUA8,7842,val
Q9NXG2,7843,val
Q12799,7844,train
Q9H9L3,7845,train
Q96BN8,7846,train
Q96JY6,7847,test
Q969V5,7848,train
Q8IYA7,7849,train
Q14994,7850,train
O15372,7851,train
Q6UWB4,7852,train
Q0ZLH3,7853,train
Q96B01,7854,train
Q96A49,7855,train
Q9BSE5,7856,train
P02760,7857,test
P61073,7858,train
P55103,7859,train
P58166,7859,train
Q96JZ2,7860,train
P28356,7861,train
Q8NET6,7862,train
Q9NPF2,7862,train
Q8N335,7863,train
P21695,7863,train
P49770,7864,train
P06729,7865,test
Q5BKX5,7866,train
Q8TCX1,7867,train
Q8N8N7,7868,train
Q12893,7869,train
Q9H1J5,7870,train
Q9BS86,7871,train
Q12972,7872,test
Q6P087,7873,train
Q8N0S2,7874,train
Q8N8B7,7875,train
Q96J01,7876,val
Q5W0B7,7877,test
P61421,7878,train
Q8N8Y2,7878,train
Q96EY9,7879,train
P18848,7880,val
Q96EV8,7881,val
Q9NWR8,7882,train
Q8NE86,7882,train
Q9BYE7,7883,train
Q9BW91,7884,train
P13995,7885,train
Q6N063,7886,train
Q07820,7887,train
P08567,7888,val
Q9UBP4,7889,train
P27544,7890,train
P22674,7891,train
P21730,7892,train
P48556,7893,train
O75787,7894,train
Q9H813,7895,train
O75695,7896,train
Q9GZM5,7897,train
Q7RTV3,7898,train
Q9Y3F4,7899,train
Q12792,7900,train
Q6IBS0,7900,train
Q6ICL7,7901,train
Q16842,7902,train
Q11201,7902,train
Q9H5K3,7903,val
O95455,7904,val
Q8NFB2,7905,train
Q9H7F4,7905,train
Q70UQ0,7906,train
Q14973,7907,train
Q96BW5,7908,train
A2VCK2,7909,train
Q9UIM3,7910,train
Q9H9Y2,7911,test
Q9H1E5,7912,train
Q96MB7,7913,train
Q8NEP7,7914,train
O95825,7915,train
Q8WWH5,7916,train
Q5JRV8,7917,train
Q8TB40,7918,train
Q8WTS1,7918,train
Q17RN3,7919,train
Q8IV48,7920,train
Q8NBI3,7921,train
P10914,7922,train
P14316,7922,train
Q9NWT6,7923,val
Q8IV42,7924,train
P08100,7925,train
P36959,7926,train
Q9P2T1,7926,train
Q14376,7927,test
P09001,7928,train
Q5VVQ6,7929,test
Q9H0U3,7930,test
Q13454,7930,test
Q9BWW7,7931,test
Q15560,7932,train
P23193,7932,train
O75764,7932,train
Q9P0M2,7933,train
O43687,7933,train
Q7Z7A3,7934,train
P25685,7935,train
Q9UDY4,7935,train
O75953,7935,train
Q30201,7936,train
O43681,7937,train
P46734,7938,train
P52564,7938,train
Q8IW45,7939,train
Q6ZNQ3,7940,test
Q5JS37,7941,train
P23511,7942,train
Q6UWU4,7943,train
P14920,7944,train
Q99489,7944,train
Q96DB2,7945,train
Q00577,7946,train
Q9UJV8,7946,train
Q96QR8,7946,train
O15127,7947,train
Q8TAC9,7947,train
Q969E2,7947,train
O14828,7947,train
O15126,7947,train
P02750,7948,train
Q8N9I9,7949,train
P05412,7950,train
P17275,7950,train
P17535,7950,train
A8MVJ9,7951,val
Q9NWY4,7951,val
Q9NP66,7952,train
Q9P0W2,7952,train
Q96GX2,7953,train
Q14CW9,7953,train
O15479,7954,train
A8MXT2,7954,train
O15480,7954,train
O15481,7954,train
P50613,7955,train
O15552,7956,train
O14843,7956,train
O15160,7957,train
O43542,7958,train
P53597,7959,train
Q92765,7960,test
Q6FHJ7,7960,test
Q9UBE0,7961,train
Q15814,7962,train
Q8WVM0,7963,train
Q15853,7964,train
P22415,7964,train
O43827,7965,train
P20933,7966,train
Q9H0I2,7967,val
O94905,7968,train
O75477,7968,train
P98172,7969,train
P52799,7969,train
Q15768,7969,train
Q8IZL9,7970,train
O95274,7971,train
Q86TE4,7972,train
O15527,7973,train
Q8NCY6,7974,train
Q5TEU4,7975,train
Q86YD5,7976,val
Q9GZM8,7977,train
Q9NXR1,7977,train
Q12952,7978,val
P54826,7979,train
Q9BZ19,7980,val
Q9UIB8,7981,val
P50616,7982,train
Q14106,7982,train
Q9Y242,7983,train
Q9NZQ9,7984,train
P02749,7985,train
O76027,7986,train
Q8TC84,7987,train
P16220,7988,train
Q03060,7988,train
P18846,7988,train
P17676,7989,train
Q9H3K2,7990,train
Q99933,7991,train
P35227,7992,train
P35226,7992,train
Q16342,7993,train
Q9BQP7,7994,test
P43657,7995,train
Q8NAA5,7996,test
Q9UJ70,7997,train
Q16589,7998,train
P51959,7998,train
Q9P0K9,7999,train
O95633,8000,train
P19883,8000,train
Q8NBM4,8001,train
Q9NPG8,8002,train
Q96DX7,8003,train
P57768,8004,train
Q96KD3,8005,train
Q8N0S6,8006,val
Q9NS73,8007,train
O00421,8008,train
Q53EV4,8009,train
Q96AM1,8010,train
Q6NTE8,8011,test
Q32ZL2,8012,train
Q8TBJ4,8012,train
Q96GM1,8012,train
A6NMT0,8013,train
Q53RT3,8014,test
Q9BWW8,8015,train
Q9GZN4,8016,train
Q16651,8016,train
Q9Y6M0,8016,train
Q7Z6M3,8017,val
O15541,8018,train
Q8IZP6,8018,train
Q8N0V3,8019,train
Q9BXJ8,8020,train
A0PK00,8020,train
A6NFE2,8021,train
P21731,8022,val
O14862,8023,train
Q1HG43,8024,train
Q1HG44,8024,train
Q96F63,8025,train
Q02338,8026,train
P25105,8027,train
P61962,8028,train
Q96C23,8029,train
Q5JXA9,8030,train
Q99633,8031,train
Q9NX94,8032,train
Q9NRS6,8033,train
Q9GZY8,8034,train
Q9BTX7,8035,train
Q8N1S5,8036,train
Q96HL8,8037,train
O43315,8038,test
Q92482,8038,test
O14520,8038,test
Q3LIE5,8039,train
O00321,8040,train
O00574,8041,train
Q96G28,8042,train
Q9BQA1,8043,val
P48059,8044,val
Q7Z4I7,8044,val
Q5T230,8045,train
P56937,8046,train
Q8N4W6,8047,train
O95400,8048,train
Q9H9S4,8049,train
Q9Y376,8049,train
P62328,8049,train
Q8IZV5,8050,train
Q5T6V5,8051,train
Q96PU8,8052,test
Q86W42,8053,train
Q9BUN1,8054,val
Q95460,8055,test
Q8N3I7,8056,test
Q9H649,8057,train
Q0GE19,8058,train
Q96IZ0,8059,test
O14681,8060,train
Q14565,8061,train
Q06609,8061,train
Q5T9G4,8062,train
Q7Z6L0,8063,train
P40937,8064,train
O75628,8065,test
Q8IYK8,8065,test
P55042,8065,test
P55040,8065,test
Q96MN9,8066,train
Q9GZT4,8067,train
Q9H0A9,8068,train
Q8TD22,8069,train
Q96IW2,8070,train
Q9UNA3,8071,train
Q8IXQ4,8072,train
Q9UNI6,8073,train
Q8N0X4,8074,test
O00398,8075,train
Q9BXC1,8075,train
Q6IFN5,8076,train
Q8NGA0,8076,train
Q15612,8076,train
Q15080,8077,train
Q9Y394,8078,train
Q6ZNG2,8079,train
P07858,8080,train
Q8TBZ6,8081,train
Q9UH36,8082,train
Q96BY9,8083,train
Q6IEG0,8084,train
P20226,8085,train
O76071,8086,train
Q14320,8087,val
Q9Y247,8087,val
Q5HYJ3,8088,train
Q8TAV0,8088,train
O00757,8089,train
P09467,8089,train
Q96H22,8090,test
Q9HCN6,8091,test
P33241,8092,train
P78318,8093,test
Q86YB7,8094,train
Q13825,8094,train
Q9NR21,8095,train
Q9UN81,8096,train
P40926,8097,train
P51884,8098,train
O14832,8099,train
O76075,8100,train
P15407,8101,train
P53539,8101,train
Q3B726,8102,val
Q9NYK5,8103,train
Q07352,8104,train
Q9Y5Z9,8105,train
Q01664,8106,train
O95433,8107,train
Q719I0,8107,train
Q9UJ42,8108,val
Q9Y5R4,8109,train
P31270,8110,test
P31277,8110,test
O43248,8110,test
Q8IYL9,8111,val
Q8IVB5,8112,train
Q9P296,8113,val
Q96C86,8114,test
Q7L211,8115,train
Q6P4A7,8116,train
P37837,8117,train
Q9BV23,8118,train
O43414,8119,train
P38484,8120,train
Q9UG22,8121,train
Q96F15,8121,train
Q9UBP5,8122,train
Q9Y5J3,8122,train
Q9NQ87,8122,train
Q5VT66,8123,val
Q969Z3,8123,val
Q9Y271,8124,train
Q7L3B6,8125,train
Q9NV92,8126,train
Q9BT67,8126,train
Q9Y5Y5,8127,train
Q15762,8128,train
O75794,8129,test
Q9BVH7,8130,val
Q969X2,8130,val
Q96HH6,8131,train
O14657,8132,train
Q5JU69,8132,train
O14656,8132,train
Q13426,8133,val
O75436,8134,train
Q4G0F5,8134,train
O00180,8135,train
Q969T7,8136,train
Q9H0P0,8136,train
Q16570,8137,train
Q8TDX5,8138,train
P31937,8139,test
Q5TC63,8140,train
Q5EB52,8141,train
Q96DD0,8142,train
Q16698,8143,train
Q9Y576,8144,train
P09668,8145,train
Q13291,8146,train
Q9NQ25,8147,train
P25445,8148,train
Q9NPF4,8149,train
Q9P2W9,8150,val
O95238,8151,train
Q96BN2,8152,train
Q03405,8153,train
Q8N4T4,8154,train
P06746,8155,train
O76003,8156,train
Q5UAW9,8157,test
P49639,8158,val
Q9P2W7,8159,train
Q9NPZ5,8159,train
O94766,8159,train
Q86WC4,8160,train
Q8N387,8161,test
P40925,8162,train
Q9BT17,8163,test
Q9H6Y5,8164,train
Q9UIC8,8165,test
Q2I0M4,8166,train
Q9BZM5,8167,train
Q9BZM4,8167,train
Q6H3X3,8167,train
P17707,8168,train
Q9UQ10,8169,train
P25774,8170,test
O60911,8170,test
P43235,8170,test
P07711,8170,test
Q92905,8171,train
Q8N336,8172,train
A6NHQ2,8173,test
P22087,8173,test
Q9H977,8174,train
Q86VZ2,8175,test
P61964,8175,test
Q13487,8176,train
Q96IZ7,8177,train
Q9H2U2,8178,train
Q15181,8178,train
Q9NZL9,8179,val
O75031,8180,train
O75829,8181,val
Q9HB09,8182,test
Q15390,8183,train
Q330K2,8184,train
P78367,8185,train
Q86SQ9,8186,train
Q8N8Q8,8187,train
Q96IV6,8188,train
O95755,8189,train
Q9BZG1,8189,train
Q11206,8190,train
Q9Y4X0,8191,train
Q6DCA0,8191,train
P13804,8192,train
P20042,8193,test
Q8TF65,8194,train
Q8TF64,8194,train
O14908,8194,train
Q969S2,8195,val
A6NL08,8196,train
Q8NG75,8196,train
P0C623,8196,train
Q8NH05,8196,train
Q8NGE5,8196,train
Q8NGI7,8196,train
Q8NH81,8196,train
Q9UKF7,8197,train
Q96DU3,8198,train
Q9H9J2,8199,train
Q06136,8200,train
Q96T54,8201,train
Q53FA7,8202,train
Q86XD5,8203,test
Q86UT8,8204,train
Q99675,8205,test
P29966,8206,train
Q6UXG3,8207,train
Q9UHD1,8208,train
Q9Y266,8209,train
P53611,8210,train
O00273,8211,train
A1A4V9,8212,test
Q53HC0,8213,test
Q9NZC3,8214,train
Q9UIL8,8215,train
A8MZF0,8216,train
O43852,8217,train
Q96D15,8217,train
Q15293,8217,train
Q6UXU4,8218,val
Q96MG2,8219,train
Q9BUD6,8220,train
O95900,8221,test
Q9Y274,8222,train
O60902,8223,train
Q969S0,8224,train
P17542,8225,train
P12980,8225,train
Q9H6J7,8226,train
Q14330,8227,train
Q8TEW6,8228,train
Q9P104,8228,train
Q6PKX4,8228,train
O75752,8229,train
O00151,8230,train
P50479,8230,train
Q8NGJ1,8231,train
Q8NGC7,8231,train
Q8N5I4,8232,train
O43638,8233,train
Q86XW9,8234,test
O95218,8235,train
P31314,8236,train
O43711,8236,train
O43763,8236,train
P13716,8237,train
O00743,8238,train
P62140,8238,train
P36873,8238,train
P62714,8238,train
P60510,8238,train
P62136,8238,train
P67775,8238,train
Q7Z7C7,8239,train
Q9UBQ6,8240,val
Q8N7N1,8241,train
A6NEL3,8241,train
Q96G04,8241,train
Q8TC17,8242,val
O75791,8242,val
P62993,8242,val
Q13588,8242,val
Q9NU53,8243,train
Q3SXM5,8244,train
Q6P5S2,8245,train
Q9NRQ2,8246,train
O15162,8246,train
A6NHX0,8247,train
Q8WTX7,8247,train
P42081,8248,train
Q5JPI3,8249,val
Q9BXJ3,8250,train
M0QZC1,8251,train
Q08257,8252,train
Q14914,8253,val
Q9UET6,8254,test
Q9Y5U2,8255,train
Q9UN30,8256,train
P20132,8257,test
Q96GA7,8257,test
Q9H147,8258,val
Q96PL2,8259,test
Q9Y5K5,8260,val
Q96GS6,8261,train
Q5VST6,8261,train
Q6PCB6,8261,train
Q9Y256,8262,train
Q5TEZ5,8263,train
Q9NUV9,8264,train
Q96L58,8265,train
Q8WZ19,8266,train
Q13829,8266,train
Q9H3F6,8266,train
P37802,8267,train
Q01995,8267,train
Q9UI15,8267,train
Q99439,8267,train
Q15417,8267,train
P51911,8267,train
Q9NWV8,8268,train
Q7RTS3,8269,val
Q96BK5,8270,train
O43684,8271,train
Q13011,8272,test
O75493,8273,train
Q9H920,8274,train
Q8N4F7,8274,train
O75771,8275,train
Q5JUK2,8276,train
Q9H7L9,8277,train
Q9UJ71,8278,train
O60479,8279,val
P56178,8279,val
Q07687,8279,val
Q9UBQ7,8280,test
Q9GZZ0,8281,train
Q5TC12,8282,train
Q69YI7,8283,train
Q86X76,8284,train
Q8NH53,8285,train
Q8NGI0,8285,train
Q8NH55,8285,train
Q6PCB8,8286,val
O75344,8287,train
Q9H425,8288,test
Q8N0Y2,8289,train
Q96IQ7,8290,train
Q9NPJ4,8291,train
Q12796,8291,train
Q9BYB4,8292,train
Q7L5N1,8293,train
Q7L5D6,8294,train
Q13227,8295,train
Q15691,8296,train
Q15555,8296,train
Q9UPY8,8296,train
Q5VY09,8297,train
Q86XE5,8298,train
Q9BZR8,8299,train
Q9UBV7,8300,train
Q9Y375,8301,test
Q5HYK3,8302,train
Q8NFH5,8303,train
Q8NFH4,8304,train
Q9BVC4,8305,train
P11309,8306,train
Q9P1W9,8306,train
Q86V86,8306,train
O75618,8307,train
Q8WXF8,8307,train
P11802,8308,train
Q00534,8308,train
O00602,8309,test
Q15485,8309,test
P55083,8309,test
O75636,8309,test
Q9NXK8,8310,train
O60683,8311,train
Q96P16,8312,val
Q9NQG5,8312,val
A8MV65,8313,train
Q6DKI7,8314,train
P26651,8315,train
Q13790,8316,train
Q04828,8317,test
P14550,8317,test
P15121,8317,test
O60218,8317,test
Q96JD6,8317,test
P52895,8317,test
P17516,8317,test
C9JRZ8,8317,test
P51857,8317,test
P42330,8317,test
Q8WWF6,8318,train
O75190,8318,train
Q9Y5Z6,8319,train
Q5XKR4,8320,train
Q8TD46,8321,train
Q9NQX5,8322,train
Q9H6V9,8323,train
P08574,8324,train
Q6UXA7,8325,train
P43897,8326,train
Q10586,8327,train
Q10587,8327,train
Q16534,8327,train
Q13347,8328,train
Q9BYD6,8329,train
Q96GY0,8330,val
Q5TFG8,8330,val
Q08334,8331,train
P13686,8332,train
O14662,8333,train
Q6PL24,8334,train
Q96KP6,8335,val
Q8WTP8,8336,val
Q96AZ6,8336,val
Q6IAN0,8337,train
Q8N999,8338,train
Q8WWU7,8339,train
P18065,8340,train
Q96F83,8341,train
Q8IUQ4,8342,test
O43255,8342,test
P51665,8343,test
Q9HC07,8344,train
Q8WVE6,8345,train
Q96MH6,8346,val
Q9NY26,8347,train
Q9Y673,8348,train
Q9NUQ9,8349,train
Q9H0Q0,8349,train
P25686,8350,train
Q13516,8351,train
Q6ZVK8,8352,train
O00628,8353,train
P41968,8354,train
Q8NH16,8355,train
Q8NHC8,8355,train
Q8NG97,8355,train
Q8NH03,8355,train
Q8NGX2,8355,train
O15121,8356,train
Q6QHC5,8356,train
Q5PSV4,8357,train
Q9HCU9,8357,train
P51946,8358,train
Q9HA72,8359,train
Q13642,8360,train
Q14192,8360,train
Q13643,8360,train
P08637,8361,train
P31994,8361,train
O75015,8361,train
P31995,8361,train
P12318,8361,train
P55064,8362,train
P55087,8362,train
P29972,8362,train
P41181,8362,train
Q9NUJ7,8363,train
O95847,8364,train
Q9BXS4,8365,train
Q9BW85,8366,train
A8MPS7,8367,test
Q8NCA9,8368,train
P82673,8369,val
P16422,8370,test
P09758,8370,test
Q9Y240,8371,train
Q9H936,8372,train
Q9H1K4,8372,train
P56470,8373,train
Q7Z624,8374,test
Q08722,8375,train
Q9Y5Y7,8376,train
Q96S97,8377,train
Q8N5Y8,8378,train
Q7LFL8,8379,train
Q9H2H0,8379,train
P55735,8380,train
Q9Y388,8381,train
Q9H477,8382,train
Q9BWM7,8383,train
Q9H9B4,8383,train
Q96NB2,8383,train
P78383,8384,train
Q96KB5,8385,train
P24387,8386,train
P58505,8387,train
Q96FV0,8388,val
Q99608,8389,val
P43234,8390,train
P06734,8391,train
Q13630,8392,train
Q9H2L5,8393,train
Q96GD0,8394,train
A6NDG6,8394,train
Q63HM9,8395,train
Q0VAA5,8395,train
Q71RG4,8396,train
Q5T2D2,8397,train
Q1W6H9,8398,test
Q14681,8399,train
Q9NXV2,8399,train
Q8N5Z5,8399,train
P15172,8400,train
Q9BXD5,8401,train
Q96FM1,8402,train
O75821,8403,train
Q8WZ55,8404,train
Q9Y5Y2,8405,test
P53384,8405,test
P32322,8406,train
Q53H96,8406,train
Q96C36,8406,train
Q9Y3S2,8407,train
Q8IW00,8408,train
Q9P2X3,8409,train
Q96QS1,8410,val
Q9HC21,8411,val
Q13155,8412,train
Q6ZQR2,8413,train
P09017,8414,train
P17483,8414,train
Q00056,8414,train
P09016,8414,train
Q6PK18,8415,train
Q8TB37,8416,train
O14626,8417,test
Q9NRG7,8418,train
Q9NRD0,8419,test
Q9P055,8420,train
O43609,8421,train
Q9C004,8421,train
O43597,8421,train
O43610,8421,train
P57060,8422,train
O14734,8423,test
Q96HD9,8424,val
P45381,8424,val
Q99795,8425,train
Q9Y2T6,8426,train
Q8TB03,8427,train
O75452,8428,train
O14756,8428,train
Q9BPW9,8428,train
Q8NEX9,8428,train
Q9Y2S2,8429,train
Q96LL4,8430,train
Q9H7P6,8431,train
Q96QD9,8432,val
Q9Y315,8433,test
P0DN25,8434,train
Q96EU7,8434,train
Q10588,8435,train
P11908,8436,train
P60891,8436,train
P21108,8436,train
Q9Y385,8437,val
Q9H8P0,8438,val
Q16585,8439,train
P59551,8440,train
Q8WVY7,8441,train
P27695,8442,train
Q96J88,8443,val
Q9H1A3,8444,train
Q7L5L3,8445,train
Q8N9F7,8445,train
Q92820,8446,train
O75208,8447,train
Q9H672,8448,train
Q8N1Q1,8449,train
P00915,8449,train
P07451,8449,train
Q9Y2D0,8449,train
P00918,8449,train
P21815,8450,train
P12271,8451,train
P05388,8452,train
Q9H4P4,8453,test
Q14257,8454,train
Q8N8G2,8455,train
P78337,8456,train
O75364,8456,train
Q99697,8456,train
Q86XI6,8457,test
Q9UQK1,8457,test
P63244,8458,train
O75486,8459,train
Q96HF1,8460,val
Q5T4F7,8460,val
Q8N474,8460,val
Q9H2S6,8461,test
P02649,8462,train
Q6J272,8463,train
Q6ZW13,8464,train
O95620,8465,train
P25963,8466,train
O00214,8467,train
Q15012,8468,train
Q86VI4,8468,train
Q9BWQ8,8469,train
Q969X1,8469,train
P53370,8470,train
Q8TE02,8471,train
P59910,8472,train
Q96M95,8473,train
P46736,8474,train
Q9H1D9,8475,train
Q9Y448,8476,train
Q6PF06,8477,train
Q9H6L2,8478,test
Q9Y548,8479,train
Q9BWQ6,8479,train
Q7Z614,8480,val
Q00403,8481,train
Q8IUN9,8482,train
P49918,8483,train
P0C870,8484,train
P09601,8485,train
P30519,8485,train
Q9H2D1,8486,train
Q6IPT4,8487,train
Q8NEJ9,8488,train
Q8WWB5,8489,train
Q5R3K3,8490,train
Q9BRX9,8491,val
Q8TEB9,8492,train
A6NJG2,8493,train
A2RUC4,8494,val
Q8NFV4,8495,train
P12235,8496,train
P05141,8496,train
P12236,8496,train
Q9H0C2,8496,train
Q6PD74,8497,train
Q70Z53,8498,train
Q5SQH8,8499,train
P05198,8500,train
Q9H0W9,8501,train
P10451,8502,test
Q93070,8503,train
Q02978,8504,train
Q9UBX3,8504,train
Q96HY6,8505,train
Q8IY42,8506,train
Q9NXB9,8507,train
A1L3X0,8507,train
Q9BW60,8507,train
Q9NYP7,8507,train
Q9GZR5,8507,train
O14813,8508,train
Q99453,8508,train
Q9Y6E7,8509,train
Q96DB5,8510,train
O95070,8511,test
Q5BJH7,8511,test
Q16836,8512,val
Q14140,8513,train
Q9NSU2,8514,val
Q9H4I8,8515,train
Q96H78,8516,train
Q9BRY0,8517,test
Q96EK4,8518,train
Q9NWD8,8519,val
Q9NT62,8520,train
Q96GK7,8521,val
Q6P2I3,8521,val
Q9BRF8,8522,train
Q14894,8523,train
Q9P287,8524,train
Q8TDX7,8525,train
Q9HC98,8525,train
Q96EZ4,8526,train
Q9UNQ2,8527,train
P47902,8528,train
Q99626,8528,train
O75569,8529,train
Q9Y6I9,8530,val
P04818,8531,train
Q6UXN9,8532,train
Q9Y6J8,8533,train
P08247,8534,train
Q8TBG9,8534,train
Q5VXT5,8534,train
Q16563,8534,train
Q96EQ0,8535,val
O43765,8535,val
P13051,8536,train
O14593,8537,test
Q9H9E1,8537,test
Q96LJ7,8538,train
Q9HC38,8539,train
Q9P127,8540,train
Q8TAX0,8541,train
Q8N2R0,8541,train
O00764,8542,val
P78549,8543,train
Q8NHC7,8544,train
Q53GQ0,8545,test
Q6FI81,8546,val
P22748,8547,train
Q5TBB1,8548,train
Q8NAV1,8549,train
Q96HP4,8550,val
Q96IQ9,8551,train
Q99747,8552,train
Q9UJK0,8553,train
Q9UJJ7,8554,train
Q15628,8555,val
Q12904,8556,train
O14494,8557,val
O14495,8557,val
O43688,8557,val
Q6P2C8,8558,train
Q6TCH7,8559,test
Q9BYD3,8560,train
Q9BV68,8561,train
Q9Y4L5,8561,train
P53007,8562,train
Q9H7M9,8563,val
Q53S58,8564,train
Q86YW5,8565,train
Q641Q3,8566,val
Q9HAB8,8567,train
Q8IXY8,8568,train
P49247,8569,train
Q96CQ1,8570,train
Q6UXL0,8571,test
Q6PJQ5,8572,val
P07306,8573,test
P07307,8573,test
Q9NWW5,8574,train
Q6UWI2,8575,train
Q9UD57,8576,train
Q96AB6,8577,train
O00487,8578,train
Q9NXA8,8579,train
O95159,8580,train
Q9BSV6,8581,train
P18827,8582,train
Q7Z7C8,8583,train
Q16831,8584,train
Q96KN4,8585,train
Q96KN1,8585,train
Q9H9Y4,8586,train
Q9BX67,8587,train
Q9Y2C3,8588,train
Q9H479,8589,train
Q9HA64,8589,train
Q8N5C1,8590,train
Q8NBQ5,8591,train
Q8N3Y7,8591,train
Q7Z5P4,8591,train
O14562,8592,train
Q9H4K1,8593,train
Q96CW6,8594,train
Q8WYR4,8595,test
Q9BT49,8596,test
Q96BW1,8597,val
P55851,8598,train
Q9NRN7,8599,train
Q9HC97,8600,train
A7E2U8,8601,val
P51948,8602,train
Q8NHB7,8603,train
O95158,8604,test
O95861,8605,test
Q12841,8606,train
Q5SW96,8607,test
Q99988,8608,train
Q9NXF8,8609,train
Q9NYG2,8609,train
Q9NZD8,8610,train
Q01534,8611,train
P0CW01,8611,train
Q9UHR5,8612,train
Q9NZ01,8613,train
Q13889,8614,train
Q7L266,8615,val
A6NFT4,8616,train
Q16775,8617,train
O14579,8618,train
Q13287,8619,train
Q9BZQ4,8620,train
Q96AG4,8621,train
Q92890,8622,train
Q9NTX5,8623,train
O43808,8624,val
Q9NP79,8625,train
Q69YZ2,8626,train
Q9NYW0,8627,train
Q9BRL7,8628,val
Q96IW7,8628,val
Q9NUM3,8629,train
Q8N6Q1,8630,train
A8MYB1,8630,train
Q7Z3D4,8631,train
O15165,8632,train
Q969W9,8632,train
Q9UKM9,8633,train
Q86SE5,8633,train
P07910,8633,train
B7ZW38,8633,train
P0DMR1,8633,train
O60812,8633,train
B2RXH8,8633,train
Q9BRJ2,8634,train
Q9H7B2,8635,train
Q86U42,8636,test
P50897,8637,train
Q9BY42,8638,train
Q9NUJ1,8639,train
Q96BJ3,8640,train
Q99848,8641,train
Q6P9H5,8642,train
Q8WWP7,8642,train
Q8IVM0,8643,train
Q96A73,8644,val
P28328,8645,train
Q6BCY4,8646,train
P00387,8646,train
Q9UHQ9,8646,train
Q8N7R0,8647,val
Q9H9S0,8647,val
Q9UJJ9,8648,val
Q14232,8649,train
Q8NDV1,8650,train
Q9H4F1,8650,train
Q15287,8651,train
Q7Z412,8652,val
Q5T653,8653,train
Q96NL1,8654,val
Q9GZS3,8655,val
O75716,8656,train
O95859,8657,train
P24855,8658,train
Q13609,8658,train
Q9Y5I7,8659,val
Q8IWE4,8660,train
Q9NVM6,8661,test
P46108,8662,test
P46109,8662,test
Q9BZM3,8663,train
Q9H079,8664,train
Q569H4,8665,train
Q8NI37,8666,train
P49223,8667,train
P10646,8667,train
Q7Z7J5,8668,train
Q7L190,8668,train
Q8N5C7,8669,test
P50221,8670,train
P50222,8670,train
Q9UBP9,8671,train
Q9NQC8,8672,train
P02686,8673,train
Q8N8R3,8674,train
P35548,8675,train
P28360,8675,train
Q9BRQ3,8676,train
Q9BY49,8677,val
Q99685,8678,train
Q9UNE7,8679,val
P42574,8680,train
P55210,8680,train
Q9UBR2,8681,train
Q9UKJ1,8682,val
Q9UKJ0,8682,val
Q8N0Z8,8683,train
Q8NC24,8684,train
Q63HM1,8685,test
P50876,8686,train
Q7Z419,8686,train
Q9NX52,8687,train
Q92537,8688,val
Q96DC8,8689,train
Q5VYS4,8690,test
P05026,8691,train
Q8N9F0,8692,train
Q969I3,8693,val
A0A0U1RQE8,8693,val
Q8WU03,8693,val
P42126,8694,train
O76061,8695,train
O75840,8696,test
Q99612,8696,test
Q9UMR5,8697,train
P0DMN0,8698,train
O43704,8698,train
P50226,8698,train
O75897,8698,train
O00338,8698,train
P49888,8698,train
P50225,8698,train
P0DMM9,8698,train
P56962,8699,train
P19623,8700,train
P0DME0,8701,val
Q01105,8701,val
Q9NXW9,8702,train
Q63HQ0,8703,train
O75911,8704,train
P49184,8705,train
Q9BU89,8706,train
O75144,8707,train
Q9Y619,8708,train
A6NM36,8709,val
Q9Y314,8710,test
P20941,8711,train
Q13371,8711,train
O43772,8712,train
Q9BVW5,8713,train
Q6GPH4,8714,train
Q8TDQ0,8715,train
O43819,8716,train
O75880,8716,train
Q8N6D5,8717,train
Q9UJA2,8718,train
Q99674,8719,train
Q6P656,8720,val
Q9HAI6,8721,train
Q9BRQ5,8722,train
Q96SN7,8722,train
Q96D31,8722,train
Q9BXY0,8723,train
Q9NZC4,8724,train
Q9H469,8725,train
Q86YI8,8726,train
A8MVS1,8727,train
P0CI00,8727,train
Q6ZN79,8727,train
Q96H79,8728,train
Q15526,8729,train
A8MTL3,8730,test
Q3KQZ1,8731,test
Q68CL5,8732,train
Q6NXT1,8733,train
Q7L4S7,8734,train
O15144,8735,val
P28907,8736,train
Q9BU64,8737,train
Q8NHV1,8738,train
Q8IVV7,8739,train
O95749,8740,train
Q9BQT8,8741,train
Q9NP98,8742,train
P40855,8743,train
Q9NQ48,8744,train
Q9HBL8,8745,train
Q9H9Q4,8746,train
Q9UEE9,8747,train
Q96KX2,8748,train
O95073,8749,train
O75792,8750,train
P35232,8751,train
Q99623,8751,train
Q9H6F2,8752,train
Q9NVV0,8752,train
O95685,8753,train
Q9H7J1,8753,train
Q15493,8754,train
Q92629,8755,val
Q96LD1,8755,val
O75845,8756,train
Q9NVA1,8757,val
Q9Y624,8758,train
Q96M11,8759,train
Q92600,8760,train
Q08708,8761,train
Q9UGN4,8761,train
Q9H4A6,8762,train
Q9H4A5,8762,train
Q9H6K1,8763,val
Q96CA5,8764,test
P25311,8765,test
P20774,8766,train
Q9UH92,8767,train
P50053,8768,train
P54920,8769,train
Q9H115,8769,train
O00560,8770,val
Q9H190,8770,val
Q9NWX6,8771,val
P45378,8772,train
P13805,8772,train
P45379,8772,train
P29372,8773,train
A4D161,8774,train
Q8NBA8,8775,train
Q96CN7,8776,train
Q96AB3,8776,train
P57087,8777,train
P36542,8778,train
Q15274,8779,train
Q14249,8780,train
Q92535,8781,train
A0A1B0GTZ2,8782,train
P0C7I6,8783,train
Q96HH4,8784,train
P46777,8785,val
Q16623,8786,train
Q13277,8786,train
Q12846,8786,train
P61266,8786,train
P32856,8786,train
Q9H1U9,8787,train
Q3SY17,8787,train
P25325,8788,train
Q16762,8788,train
Q9BSH4,8789,train
Q5U3C3,8790,train
Q04323,8791,train
Q9HAV5,8792,test
Q6P1N9,8793,train
Q9NYK6,8794,train
P07992,8795,train
Q15006,8796,test
O14972,8797,train
Q9Y316,8798,train
Q5SQ64,8799,test
Q9NTI7,8800,train
P11836,8801,train
Q99836,8802,train
Q5XG99,8803,train
Q96M98,8804,train
P53004,8805,train
P49069,8806,train
Q9P015,8807,train
Q9Y320,8808,train
Q9H3L0,8809,train
Q9Y399,8810,train
Q9NRD1,8811,train
Q9UK22,8811,train
A6NI79,8812,train
Q6IB77,8813,train
P04233,8814,test
Q8NBV4,8815,train
Q8IY26,8815,train
Q9H400,8816,train
Q9NRY6,8817,val
Q14749,8818,test
Q8NEG2,8819,train
P24385,8820,train
P30279,8820,train
P30281,8820,train
A6NCS6,8821,train
Q92904,8822,test
Q8N4B5,8823,train
Q8N1A0,8824,train
Q9ULZ2,8825,train
Q6UWI4,8826,train
A0PJX4,8826,train
P08865,8827,train
P13726,8828,val
Q5T8R8,8829,train
Q9BQ89,8830,test
Q9NRW4,8831,train
Q9H1R2,8831,train
Q8WXJ9,8832,test
P06748,8833,train
Q5VT99,8834,train
A6NDU8,8835,train
Q6P1S2,8836,train
Q9Y277,8837,train
P45880,8837,train
P21796,8837,train
P49788,8838,train
Q9UL40,8839,train
Q9H898,8839,train
Q86TL2,8840,train
Q8N4C7,8841,val
Q16637,8842,test
O95858,8843,test
H3BS89,8844,train
O95873,8845,train
Q8WXK3,8846,train
Q96DX5,8846,train
Q8N6M0,8847,val
Q9BYG3,8848,test
Q15800,8849,test
Q96E22,8850,val
Q8IZ81,8851,test
P55212,8852,train
Q8NDD1,8853,train
Q96ES7,8854,test
Q9P0G3,8855,train
Q9UBX7,8855,train
Q9Y337,8855,train
P49862,8855,train
Q9UKR3,8855,train
Q9H2R5,8855,train
Q92876,8855,train
P07477,8855,train
O14836,8856,train
P15880,8857,train
Q9P0N9,8858,val
Q6UXB4,8859,train
Q13868,8860,train
Q9NX31,8861,train
A6NIK2,8862,train
Q6ZUT1,8863,train
Q8WY41,8864,train
Q92564,8865,train
Q9BTE7,8865,train
Q7Z5W3,8866,train
A5D6W6,8867,train
P49406,8868,train
Q14165,8869,train
Q99614,8870,train
O43623,8871,train
Q3KNW1,8871,train
O95863,8871,train
Q16635,8872,val
Q9UIY3,8873,test
Q8WVP5,8874,val
O95379,8874,val
Q6P589,8874,val
Q5GJ75,8874,val
Q9H8T0,8875,train
Q8IX29,8876,train
P28845,8877,test
Q9NUI1,8878,train
Q9H019,8879,train
P50135,8880,train
Q9UIV1,8881,train
Q9UFF9,8881,train
Q9H3H3,8882,train
Q96B33,8883,train
Q8WWC4,8884,train
Q9NPE2,8885,train
Q96L15,8886,train
Q86WA6,8887,train
Q5SRE7,8888,val
A6NGB7,8889,train
Q6ZP29,8890,train
Q5SVS4,8891,train
Q9Y365,8892,train
P29084,8893,train
Q9NUL5,8894,val
Q5BJD5,8895,val
Q15024,8896,train
Q5JPI9,8897,train
A6NH11,8898,test
Q8TCQ1,8899,val
Q5T0T0,8899,val
Q96G21,8900,train
P24593,8901,train
P17936,8901,train
P51164,8902,train
Q9NZQ7,8903,train
Q9NWS0,8904,train
P30084,8905,train
P35219,8906,train
O00625,8907,train
Q14135,8908,train
Q6ZTW0,8909,val
Q9UIW0,8910,train
Q99598,8911,train
Q9Y2B4,8912,train
Q9BUV0,8913,val
P18440,8914,train
P11245,8914,train
Q8N7S6,8915,train
Q969X5,8916,train
Q8IUH2,8917,train
P57076,8918,train
P17481,8919,test
P13378,8919,test
P31273,8919,test
Q6PII5,8920,train
Q8TDQ1,8921,val
A8K4G0,8921,val
P46926,8922,train
Q8TDQ7,8922,train
Q7Z6A9,8923,train
P00491,8924,train
Q96HS1,8925,train
O43396,8926,train
Q9HA38,8927,train
Q9BQE6,8928,test
Q96FX7,8929,train
Q9NZ63,8930,val
Q8TC26,8931,train
A1XBS5,8932,train
Q96MP8,8933,test
Q6PHW0,8934,train
Q8N5M1,8935,test
Q6PK04,8936,train
Q15116,8937,train
P30039,8938,train
Q8NCW5,8939,train
Q5SZD4,8940,train
Q5JQC4,8941,train
Q02878,8942,train
B0YJ81,8943,test
Q6Y1H2,8943,test
Q9Y2Y9,8944,val
Q9BXK1,8944,val
Q13886,8944,val
Q53H82,8945,train
P0C7M4,8946,train
Q9BQY4,8946,train
O95456,8947,train
Q13595,8948,test
P62995,8948,test
Q14011,8948,test
Q9H765,8949,test
P05230,8950,val
P09038,8950,val
P33681,8951,train
P29218,8952,train
O14732,8952,train
Q6IPU0,8953,train
Q96F24,8954,train
O75631,8955,train
P24071,8956,train
Q8N5S3,8957,train
Q9GZN7,8958,train
F8VTS6,8959,train
A6NLU0,8959,train
Q6GTX8,8960,train
O75558,8961,train
Q9NX07,8962,train
Q96E09,8963,train
Q7Z309,8963,train
Q9H467,8964,val
A0A0U1RRI6,8965,train
Q7Z7K6,8965,train
Q8N0W5,8966,train
Q93015,8967,train
Q9BPW8,8968,train
O75323,8968,train
P47755,8969,train
P52907,8969,train
O60930,8970,train
P43307,8971,val
P80217,8972,train
P60174,8973,train
Q96Q83,8974,train
P46952,8975,train
P0C7U9,8976,val
P0C2W1,8977,train
Q53TN4,8978,train
Q9UBY8,8979,train
O94760,8980,train
O95865,8980,train
Q56P03,8981,test
Q9BXJ5,8982,train
Q9Y275,8983,train
Q9H9H4,8984,test
Q9NPL8,8985,test
Q9UGB7,8986,train
P49675,8987,train
P07951,8988,train
P67936,8988,train
P09493,8988,train
P06753,8988,train
Q9H2P9,8989,train
Q9ULR0,8990,train
Q8N954,8991,train
Q96EL1,8992,train
O75340,8993,train
Q9UBV8,8993,train
Q8NG50,8994,test
Q8TCB7,8995,test
Q9BR01,8996,train
Q9UHW5,8997,train
Q8TAM6,8998,train
Q8N3Z3,8999,val
O60725,9000,train
P52945,9001,train
Q13126,9002,train
P24863,9003,train
Q99943,9004,train
O15120,9004,train
Q6UWY2,9005,train
P51124,9005,train
P78345,9006,test
P47985,9007,train
P0C7P4,9007,train
Q92956,9008,val
Q86UF1,9009,train
Q4V9L6,9010,train
A6ND91,9011,train
O75712,9012,train
P08034,9012,train
P29033,9012,train
O95452,9012,train
Q719H9,9013,train
Q96SI1,9013,train
Q8WV48,9014,train
Q8IYS5,9015,val
Q8IYJ0,9016,train
Q8N8Q3,9017,test
Q07021,9018,train
Q96QU4,9019,train
A6NGY1,9019,train
Q9NVT9,9020,test
P11086,9021,train
Q9P1C3,9021,train
Q9Y3B9,9022,train
P09012,9023,train
P08579,9023,train
Q96BF3,9024,train
Q7Z7D3,9025,val
Q9Y4U1,9026,test
O60671,9027,train
P84103,9028,train
Q16629,9028,train
Q9BRL6,9028,train
Q01130,9028,train
Q9BR61,9029,train
P10768,9030,train
Q8WX77,9031,train
Q16270,9031,train
P82970,9032,train
P31275,9033,train
Q9Y2D1,9034,train
Q9NPF0,9035,train
Q9BQI9,9036,train
Q96IY1,9037,train
O43709,9038,train
Q9BXJ1,9039,train
Q9BXI9,9039,train
Q9Y272,9040,test
Q96D21,9040,test
P57052,9041,train
P50591,9042,train
P48023,9043,train
P52954,9044,test
Q96S21,9045,train
Q12829,9045,train
P0C0E4,9045,train
P29692,9046,train
P24534,9046,train
P11049,9047,train
Q9Y2V0,9048,test
Q15744,9049,train
Q13268,9050,val
Q9BTZ2,9050,val
Q53HL2,9051,train
Q9UN19,9052,train
Q9Y3A4,9053,train
Q9NSQ0,9053,train
Q9H3N1,9054,test
O43543,9055,train
Q9UJQ1,9056,train
P21912,9057,train
O43247,9058,train
Q96LJ8,9059,train
Q8NC01,9060,train
Q96AQ9,9061,train
Q9HCC6,9062,train
Q14469,9062,train
Q9BWC9,9063,train
O14893,9064,test
O60921,9065,train
Q68D91,9066,train
Q9HAN9,9067,train
Q8IWD4,9068,test
O75474,9069,train
Q92837,9069,train
Q96LR9,9070,train
Q9H2W6,9071,train
Q86U90,9072,train
O00165,9073,train
Q9H8W4,9074,train
Q96S99,9074,train
Q9BQ50,9075,train
Q9UMQ3,9076,train
Q9HBU1,9076,train
Q9BQ75,9077,train
P54709,9078,train
P41217,9079,train
Q6ZTZ1,9080,train
Q9NQ33,9081,train
Q7RTU5,9081,train
Q96CS2,9082,train
P49638,9083,val
Q9H5J8,9084,train
P51674,9085,train
Q13491,9085,train
Q96EF6,9086,train
Q9NX47,9087,train
Q9H2K0,9088,train
Q9BT09,9089,val
Q8N129,9089,val
Q6ZUS5,9090,test
P20645,9091,train
P60201,9092,train
P16152,9093,train
O75828,9093,train
P47756,9094,train
P40306,9095,test
Q99436,9095,test
Q6P2H8,9096,train
P43489,9097,train
O95229,9098,train
Q86T03,9099,train
Q8N4L2,9099,train
P98066,9100,train
Q15404,9101,train
P25942,9102,val
Q9NPC3,9103,test
P27707,9104,train
Q16854,9104,train
Q5T013,9105,train
Q9Y5U4,9106,train
O15503,9106,train
Q16740,9107,train
Q9Y6Z7,9108,train
Q9NQR4,9109,train
Q9GZU7,9110,train
O15194,9110,train
O14595,9110,train
P28074,9111,train
P28062,9111,train
Q13239,9112,train
Q9H6Q3,9112,train
Q6ICL3,9113,train
H3BQB6,9114,train
O43240,9115,train
Q9UKR0,9115,train
Q9UBP6,9116,val
O15400,9117,train
Q86Y82,9117,train
O76038,9118,train
Q9NYZ1,9119,train
Q96ET8,9119,train
Q96B26,9120,train
Q9Y6N1,9121,train
Q96H12,9122,train
Q9NVZ3,9123,train
Q8NC96,9123,train
O94903,9124,train
P62955,9125,train
Q13938,9126,train
Q8WWF8,9126,train
Q8N4C9,9127,val
P19387,9128,train
Q96B21,9129,train
Q9NWC5,9129,train
Q6ZUI0,9130,train
Q5T0D9,9130,train
O14753,9131,train
Q9BRP0,9131,train
A0PK05,9132,train
Q9NQT5,9133,train
A8MTA8,9134,val
Q6ZVX7,9135,train
Q9UBW8,9136,train
Q9H9Q2,9136,train
Q14CZ0,9137,val
P13598,9138,train
Q9H1Y0,9139,train
P15559,9140,train
P16083,9140,train
Q8IWP9,9141,train
Q9BUN5,9141,train
O14618,9142,train
P00441,9142,train
Q8TB68,9143,train
Q9BVX2,9144,train
Q9NUM4,9144,train
Q96A25,9144,train
Q70HW3,9145,train
Q17R31,9146,train
Q8NA92,9147,train
Q9H0E2,9148,train
P48507,9149,train
Q15013,9150,train
Q8N1L9,9151,train
Q9BQ51,9152,train
P78380,9153,train
O95096,9154,train
Q8N4S7,9155,train
Q86UD1,9156,train
Q9UHF1,9157,train
P23025,9158,train
Q96BD6,9159,test
Q96A44,9159,test
P21583,9160,train
Q9NWB6,9161,train
Q8WUB2,9162,train
Q9NTM9,9163,train
Q30167,9164,val
Q30134,9164,val
Q9TQE0,9164,val
P13761,9164,val
P01911,9164,val
Q9GIY3,9164,val
P13760,9164,val
Q95IE3,9164,val
P04229,9164,val
P20039,9164,val
P79483,9164,val
P13762,9164,val
Q30154,9164,val
P01920,9164,val
P05538,9164,val
P13765,9164,val
P04440,9164,val
Q92813,9165,train
A2RU54,9166,val
Q96D96,9167,train
Q96EY5,9168,train
Q5SZI1,9169,train
A1L170,9170,test
O00287,9171,train
O75663,9172,train
Q9BXY4,9173,train
Q2MKA7,9173,train
Q9Y478,9174,train
O43741,9174,train
Q9ULW3,9175,train
Q5RKV6,9176,train
Q96ND0,9177,train
Q6P2I7,9178,test
P01589,9179,train
P31269,9180,test
P31274,9180,test
P17482,9180,test
Q96FW1,9181,test
Q96DC9,9181,test
Q5VZY2,9182,val
Q9H2C2,9183,train
P0C7V0,9184,train
P05937,9185,train
P22676,9185,train
Q8IUW5,9186,train
P32119,9187,train
Q13162,9187,train
P30048,9187,train
Q06830,9187,train
Q8N567,9188,train
Q8N2U9,9189,val
Q92530,9190,val
Q9Y5M8,9191,test
Q6URK8,9192,train
Q8IY95,9193,train
Q9BUJ0,9194,test
Q96IU4,9194,test
Q8TAY7,9195,train
P01583,9196,train
Q14773,9197,train
P21964,9198,train
Q9NPJ6,9199,train
Q9H008,9200,test
Q9H0R4,9200,test
Q8NET5,9201,train
P08861,9202,val
P09093,9202,val
Q9BQI4,9203,train
Q14493,9204,test
P15927,9205,train
Q9NQ88,9206,train
A5PLL7,9207,train
P17947,9208,test
Q53HV7,9209,train
Q9Y5X0,9210,train
Q9Y5W9,9210,train
Q8NG11,9211,train
Q96FV3,9211,train
P62079,9211,train
Q3YBM2,9212,train
O00124,9213,train
Q96SZ5,9214,train
Q99967,9215,train
Q9BPX1,9216,train
Q6IQ19,9217,train
Q9Y2W7,9218,train
Q9NZI2,9218,train
Q9NS61,9218,train
Q6PIL6,9218,train
O95760,9219,train
P20719,9220,train
P09067,9220,train
P09630,9220,train
Q00444,9220,train
Q03014,9221,val
O95297,9222,train
Q96K30,9223,val
Q96G27,9224,train
O15260,9225,train
Q5VUJ9,9226,test
Q8WUU5,9227,train
Q9BS16,9228,train
P49716,9229,test
O95639,9230,val
P01584,9231,train
A8MTZ7,9232,train
Q9BRJ9,9233,train
Q7L2Z9,9234,train
Q99618,9235,train
P53701,9236,test
P39687,9237,train
Q9BTT0,9237,train
Q92688,9237,train
O43423,9237,train
O95626,9237,train
P78346,9238,train
Q8TCF1,9239,train
Q6UXV4,9240,train
P58340,9241,val
Q96D70,9242,train
Q8NC06,9243,val
Q96JC9,9244,train
Q96CJ1,9244,train
Q96G25,9245,train
P0DPI2,9246,train
Q9NXJ0,9247,train
P01210,9248,train
Q96PG2,9249,test
P08246,9250,train
P20160,9250,train
P24158,9250,train
P27701,9251,train
P02647,9252,train
Q9BYD2,9253,train
Q13261,9254,train
Q9Y3V2,9255,train
Q7L8W6,9256,train
O43736,9257,train
Q9Y287,9257,train
Q9NQX7,9257,train
P01189,9258,train
Q8WV22,9259,train
A4D2B0,9260,train
Q0PNE2,9261,val
I3L3R5,9262,val
P15428,9263,train
P62424,9264,train
P0DMS9,9265,train
Q9NYN1,9266,train
Q9Y580,9267,train
O94907,9268,train
Q9UBU2,9268,train
Q6UX65,9269,train
P48060,9270,train
Q6UWM5,9270,train
Q9H5J4,9271,train
Q8NC54,9272,train
O60828,9273,train
Q9NV23,9274,train
Q9BQ65,9275,train
Q8WW43,9276,train
Q96BI3,9276,train
Q5QGZ9,9277,val
Q8WTQ4,9278,train
P10746,9279,train
Q9Y3A0,9280,train
A0A1B0GVN3,9281,train
Q9NPC6,9282,train
Q9H607,9283,train
P40261,9284,train
O95050,9284,train
Q96BZ8,9285,train
O75489,9286,train
Q8WUJ1,9287,train
Q8IVN8,9288,test
P61247,9289,train
Q969U7,9290,test
P28070,9291,train
A6NGC4,9292,train
Q9P0T4,9293,test
Q96C55,9293,test
Q9UK33,9293,test
Q9HBM6,9294,train
Q16594,9294,train
Q96HV5,9295,train
Q96S16,9296,train
O75431,9297,train
P25786,9298,train
Q96FE7,9299,train
E5RIL1,9300,train
P28068,9301,train
P62701,9302,train
P22090,9302,train
A0A1B0GWB2,9303,train
Q9BU76,9304,test
Q8TD07,9305,train
A6NNA5,9306,train
Q8IXM6,9307,train
Q96EH8,9308,train
Q5UCC4,9309,train
Q8N6M3,9310,test
Q8TCZ2,9311,test
Q92871,9312,train
O15305,9312,train
Q96E11,9313,test
Q6UXZ0,9314,train
Q13571,9315,train
P06870,9316,train
P20151,9316,train
P07288,9316,train
Q8NHM4,9316,train
Q8WXF0,9317,train
O75494,9317,train
Q8NCR6,9318,train
Q99865,9319,train
Q9Y657,9319,train
Q9BPZ2,9319,train
Q5JUX0,9319,train
Q56A73,9319,train
Q6PID6,9320,train
Q8IXQ9,9321,train
Q96C57,9322,test
P12544,9323,train
O43561,9324,train
Q86VU5,9325,train
P12004,9326,train
P25789,9327,test
Q9ULC0,9328,train
Q8N456,9329,train
Q9UHY7,9330,train
Q9P0I2,9331,train
Q92506,9332,train
P29965,9333,train
Q969G5,9334,train
Q9H0X6,9335,train
Q7Z7H8,9336,val
P17861,9337,test
Q969T9,9338,val
Q96PM5,9339,train
Q14847,9340,train
Q9NVS9,9341,train
P35270,9342,val
O94778,9343,train
Q6NS38,9344,train
P30040,9345,test
P28067,9346,train
Q99714,9347,train
P56856,9348,test
Q96PG8,9349,train
Q9UHG2,9350,train
Q96BQ5,9351,test
P26842,9352,val
Q9BUB7,9353,val
O95478,9354,train
Q9BSF4,9355,train
O75841,9356,train
Q8N8R7,9357,train
Q6UWP2,9358,train
P01909,9359,test
P01903,9359,test
P06340,9359,test
P20036,9359,test
O60762,9360,train
Q8WXX5,9361,train
Q4G0X4,9362,train
Q5VVH5,9363,train
Q13145,9364,train
Q9BSM1,9365,train
Q9BV99,9366,val
O96011,9367,train
O75192,9367,train
Q53HI1,9368,train
Q9BQY9,9369,train
Q96GG9,9370,train
Q6PH85,9370,train
Q12983,9371,train
O60238,9371,train
P18669,9372,train
P15259,9372,train
Q8N0Y7,9372,train
P07738,9372,train
Q6ICB4,9373,train
Q8N4B1,9373,train
Q96EU6,9374,train
P68543,9375,train
O14798,9376,train
Q8WVF5,9377,train
Q6IPR3,9378,train
P18405,9379,train
Q9NZ43,9380,train
Q8N2K1,9381,test
P08833,9382,train
Q3B7T3,9383,train
Q8TBF5,9384,train
P0C7W6,9385,train
O75822,9386,train
Q96K19,9387,train
P0DMT0,9387,train
Q99990,9388,train
O95231,9389,val
P60953,9390,train
P60763,9390,train
P15153,9390,train
P84095,9390,train
Q7L0Q8,9390,train
Q96L33,9390,train
P63000,9390,train
Q9H7V2,9391,train
O95721,9392,train
Q96H20,9393,train
Q9Y676,9394,train
Q8IY45,9395,train
O95336,9396,train
Q9UKY7,9397,train
P22692,9398,train
O14645,9399,train
Q14331,9400,train
Q9NSE2,9401,val
Q15466,9402,train
Q9UMY1,9403,train
Q9BY71,9404,train
Q04741,9405,train
Q04743,9405,train
P12319,9406,train
P14207,9407,train
P15328,9407,train
P62917,9408,train
Q9H902,9409,train
Q9BRK0,9409,train
Q6NUK4,9409,train
Q9H6H4,9409,train
Q969M3,9410,train
Q8WV99,9411,train
Q8N6M9,9411,train
Q6MZT1,9412,test
P82914,9413,train
Q96IK0,9414,train
Q9P2Z0,9415,train
Q86V81,9416,train
Q8TBR7,9417,train
Q9NW81,9418,val
P56915,9419,test
Q16633,9420,train
Q3KNV8,9421,val
Q86SE9,9421,val
Q9H063,9422,train
Q9NP55,9423,train
P61026,9424,train
P51153,9424,train
Q96AX2,9424,train
Q92930,9424,train
Q9ULW5,9424,train
Q92928,9424,train
P61006,9424,train
A4D1S5,9424,train
Q86YS6,9424,train
P59190,9424,train
O00584,9425,train
Q13084,9426,train
P25787,9427,train
O14818,9427,train
Q8TAA3,9427,train
Q15527,9428,train
Q9NUR3,9429,test
Q96B36,9430,val
P24539,9431,train
Q8TC29,9432,train
O43822,9433,train
P25788,9434,train
P0DPD7,9435,test
P08311,9436,train
P10144,9436,train
P20718,9436,train
P23946,9436,train
Q96BD8,9437,val
Q07011,9438,test
O60499,9439,test
O43752,9439,test
Q96L08,9440,train
P09661,9441,test
P27348,9442,train
P62258,9442,train
P63104,9442,train
P31946,9442,train
Q04917,9442,train
P31947,9442,train
P61981,9442,train
P38117,9443,train
Q92988,9444,train
P56179,9444,train
P56177,9444,train
Q9BQ13,9445,train
Q75WM6,9446,train
P01213,9447,train
A8MYP8,9448,train
Q96PU9,9448,train
Q9UMS0,9449,train
Q9GZU8,9450,train
O14613,9451,train
Q9UKI2,9451,train
Q9NRW1,9452,val
Q9H0N0,9452,val
P20340,9452,val
Q9UHJ9,9453,train
P61289,9454,train
Q06323,9454,train
P41273,9455,train
Q9BTK6,9456,train
Q9BWV2,9457,train
Q9Y6Z5,9458,train
P50402,9459,train
O95571,9460,train
Q9H2A7,9461,val
Q4G0S7,9462,train
P41247,9463,train
Q9NQY0,9464,train
P00746,9465,train
P48509,9466,train
Q8N1D0,9467,train
P02746,9468,test
P02747,9468,test
P02745,9468,test
Q9BWL3,9469,val
Q9NVK5,9470,train
P04156,9471,val
Q96S44,9472,test
P54821,9473,val
Q99811,9473,val
Q9NW97,9474,train
Q8TAP8,9475,train
O60637,9476,train
Q8TBZ9,9477,train
P0C1Z6,9478,train
Q9Y3A2,9479,val
Q86TN4,9480,train
O75937,9481,train
Q9P0N8,9482,train
Q86UD3,9482,train
Q9NY35,9483,train
Q9Y5N6,9484,test
Q9Y2B2,9485,train
Q96FF9,9486,train
P20851,9487,train
Q14201,9488,train
Q8N2A8,9489,train
Q9UKA8,9490,train
Q14206,9490,train
P53805,9490,train
Q8NB15,9491,val
Q9NRX1,9492,train
O43291,9493,train
P53674,9494,train
P53672,9494,train
P53673,9494,train
P26998,9494,train
P33316,9495,train
P15514,9496,train
A8MTQ0,9497,train
Q8TDC0,9498,train
Q9BUN8,9499,train
O95931,9500,test
Q8WY22,9501,train
Q9NX20,9502,train
Q86XT2,9503,val
Q9BSH5,9504,train
Q13432,9505,train
A6NIH7,9505,train
O95150,9506,train
B4E2M5,9507,train
P49447,9508,test
P51858,9509,val
Q5TGJ6,9509,val
Q6UWN5,9510,test
Q7Z2X4,9511,test
Q14990,9512,train
Q6ZN17,9513,train
Q9H9Z2,9513,train
P19256,9514,train
O95249,9515,train
A6NLC5,9516,train
Q5U4N7,9517,train
Q9HD33,9518,train
O75888,9519,train
Q96EY8,9520,train
Q6ZNX1,9521,test
Q9Y3A5,9522,test
P13284,9523,train
P30793,9524,test
P17931,9525,train
Q8WV92,9526,train
P19404,9527,val
E7ERA6,9528,train
O43508,9529,train
Q9BRU9,9530,train
O43657,9531,train
P41732,9531,train
P62753,9532,train
P13984,9533,train
O95292,9534,train
Q9P0L0,9534,train
Q6IED9,9535,train
P54107,9536,train
P54108,9536,train
Q8WYH8,9537,val
Q9UNL4,9537,val
Q9H2W1,9538,val
P25189,9539,train
Q8TBE9,9540,val
Q8N7B6,9541,test
Q8N1B3,9542,train
Q9BSJ6,9543,val
Q6DKI1,9544,train
P18124,9544,train
Q9BPW5,9545,train
Q6T310,9545,train
Q9BVV7,9546,train
Q8N801,9547,train
Q15773,9548,train
Q96SJ8,9549,train
Q8IWL1,9550,val
Q8IWL2,9550,val
Q8WVN6,9551,train
Q9Y3Y2,9552,train
Q8N9E0,9553,train
Q5BKY9,9553,train
Q2TAA2,9554,val
Q15056,9555,train
P09497,9556,train
P09496,9556,train
Q16653,9557,train
O75352,9558,train
Q9UFN0,9559,train
Q96MF7,9560,train
P23560,9561,test
F5H4A9,9562,train
Q92915,9563,train
P61328,9563,train
Q92913,9563,train
Q8N6D2,9564,train
Q5SWH9,9565,train
Q9Y5K8,9566,test
P52823,9567,train
Q9BRN9,9568,train
P57088,9569,train
Q96MF6,9570,train
Q9H8M1,9570,train
Q9H3R5,9571,test
P60900,9572,train
Q8NBZ9,9573,train
O75586,9574,train
Q96GY3,9575,train
Q9UI43,9576,val
Q9BXJ4,9577,train
Q9BVT8,9578,train
Q16560,9579,train
Q96DX8,9580,train
Q9BQQ7,9580,train
Q00059,9581,train
Q9P1T7,9582,train
Q99750,9582,train
Q9UHQ4,9583,train
P51572,9583,train
Q9Y6H3,9584,train
Q9NX40,9585,train
Q8NDC0,9586,train
O95467,9587,train
Q8WVD3,9588,train
P51580,9589,train
Q8NCL8,9590,train
Q9UKR8,9591,train
Q86XK3,9592,train
Q9NPD3,9593,train
Q96DG6,9594,train
Q8N6F8,9595,train
O60573,9596,train
P56537,9597,train
Q5U649,9598,train
Q9BUT1,9599,train
Q92979,9600,val
Q7Z4W1,9601,train
Q01362,9602,train
Q92730,9603,train
P52198,9603,train
P61587,9603,train
Q9HBH0,9603,train
Q06643,9604,train
Q9BSR8,9605,train
O95716,9606,train
Q9NP72,9606,train
Q6IQ22,9606,train
P20337,9606,train
Q9H0U4,9606,train
Q96E17,9606,train
P62820,9606,train
Q99426,9607,train
Q9Y224,9608,train
Q495A1,9609,train
Q8N8L6,9610,val
Q92567,9611,train
A1KXE4,9611,train
P09417,9612,train
Q5SZD1,9613,test
O95476,9614,train
O75871,9615,val
Q9H8H3,9616,train
Q6UX53,9616,train
Q8NBZ0,9617,train
A0JLT2,9618,train
P0CG30,9619,train
P30711,9619,train
P56749,9620,train
Q5TBK1,9621,train
Q9H1E3,9622,val
Q9HBH1,9623,train
P09326,9624,train
Q8IYL3,9625,train
P23396,9626,train
Q9GZY6,9627,train
O95926,9628,train
Q9BVC6,9629,train
Q14714,9630,train
Q86VZ6,9631,train
Q96CS7,9632,test
Q9UF11,9632,test
Q9H446,9633,train
Q9H3S4,9634,train
Q96CG8,9635,train
P78417,9636,train
Q9H4Y5,9636,train
Q96GX9,9637,train
Q9H7X0,9638,train
Q9NPA0,9639,train
Q8N319,9640,train
Q8IW40,9641,train
P31944,9642,train
Q9BUP3,9643,train
Q9BXU8,9644,train
P02792,9644,train
P02794,9644,train
Q8N4E7,9644,train
Q8NHG8,9645,train
Q8ND25,9645,train
P20396,9646,val
Q9Y2R9,9647,train
Q8N2E6,9648,train
Q9NWZ8,9649,val
A6NMX2,9650,train
P06730,9650,train
P28066,9651,train
Q8N4E4,9652,train
Q9H2J4,9652,train
P04085,9653,train
P01127,9653,train
Q9NP64,9654,train
P01138,9655,train
Q9BXL8,9656,train
Q96HA9,9657,train
P20618,9658,val
Q9Y5U5,9659,train
Q8N2G6,9660,train
Q8N7Y1,9661,train
Q9NQ35,9662,val
O60635,9663,train
Q9P031,9664,test
Q6UXN8,9665,train
O95866,9666,train
Q9NNZ3,9667,val
O95976,9668,train
Q9BUP0,9669,train
Q96C19,9669,train
P09564,9670,train
Q9P0P8,9671,train
Q8TDB4,9672,train
Q8WU68,9673,train
Q01081,9673,train
P0DN76,9673,train
Q6PI78,9674,train
Q86XT9,9675,val
P08294,9676,train
Q53RY4,9677,train
P14678,9678,val
P63162,9678,val
Q96A56,9679,train
Q8WW62,9680,train
Q5T1C6,9681,train
Q96NT3,9682,train
P24592,9683,train
Q8N9N7,9684,train
Q96LR2,9685,train
Q9UKD2,9686,val
Q9GZP9,9687,train
Q9NR28,9688,train
Q8WVL7,9689,test
Q9UL46,9690,train
P28065,9691,train
P28072,9691,train
Q9H0Z9,9692,test
Q9BX46,9692,test
P54819,9693,train
Q9UIJ7,9693,train
Q8N6N2,9694,train
Q92623,9694,train
Q8N5M4,9694,train
P19397,9695,train
O14817,9695,train
O75954,9695,train
O75368,9696,train
P55822,9696,train
Q9UJC5,9696,train
Q6ICC9,9697,train
Q8WTV1,9698,val
O95500,9699,val
O95832,9699,val
P57739,9699,val
O14493,9699,val
O95471,9699,val
Q5JTZ5,9700,val
Q92843,9701,test
Q07817,9701,test
P10415,9701,test
P0C024,9702,train
Q8ND94,9703,test
P17677,9704,train
Q712K3,9705,train
P60604,9705,train
P62253,9705,train
P49427,9705,train
O43921,9706,val
P52797,9706,val
P52803,9706,val
P52798,9706,val
P08962,9707,train
Q9BSD3,9708,train
O75940,9709,train
O75204,9710,val
Q3KRA9,9711,train
Q9UNN8,9712,train
P14138,9713,train
Q9Y3B8,9714,train
Q70IA6,9715,train
Q92886,9716,train
Q86UY6,9717,train
P55061,9718,train
Q8N4T8,9719,train
Q14088,9720,train
Q15286,9720,train
Q15771,9720,train
Q9H082,9720,train
Q96A37,9721,train
Q9Y508,9721,train
Q8NC69,9722,train
Q9ULC3,9723,train
P19075,9724,train
Q9UMR7,9725,train
P54105,9726,train
Q6UX82,9727,train
Q5VWZ2,9728,train
Q8WV74,9729,train
Q86UP9,9730,train
Q8N6I1,9731,train
P50553,9732,train
Q99929,9732,train
P21926,9733,train
P60033,9733,train
O60636,9733,train
Q6BDI9,9734,train
Q96EC8,9735,train
Q8TAG5,9736,train
Q5HYI8,9737,train
Q9UHV2,9738,train
Q9UNK0,9739,test
Q9HD15,9740,train
Q9Y4P9,9741,train
Q8IZU3,9742,train
P22794,9743,test
Q86WR6,9744,val
Q14353,9745,train
Q8N699,9746,test
Q6UWV2,9747,test
P41227,9748,train
Q9BSU3,9748,train
Q9UJG1,9749,train
O75425,9749,train
Q9UJ68,9750,train
P01732,9751,train
P49771,9752,val
Q5TA31,9753,train
A4D1T9,9754,train
Q68D42,9755,train
Q9NVX0,9756,train
Q9BRQ6,9757,val
Q9NS28,9758,train
Q1ZZU3,9759,train
Q96HP8,9760,train
Q7Z7H5,9761,train
Q9BVK6,9761,train
P0DPA3,9762,train
Q86XR7,9763,train
P48307,9764,train
Q9BQD7,9765,train
Q9NQT4,9766,train
P58499,9767,train
Q8IWL3,9768,train
Q8N9Z2,9769,train
Q99801,9770,train
Q8IZR5,9771,train
Q9H6D8,9772,train
Q8NAU1,9772,train
Q14512,9773,test
P32971,9774,train
Q9BTP6,9775,val
Q96IU2,9775,val
Q9BQ24,9776,test
P04183,9777,train
Q9NX57,9778,train
O95473,9779,train
Q9NP99,9780,train
Q2I0M5,9781,val
Q8WUN7,9782,train
Q9HAC8,9782,train
Q14696,9783,val
P24001,9784,train
Q96EH3,9785,train
Q8WW14,9786,test
Q9NYP9,9787,train
O43513,9788,train
Q9HAP6,9789,val
Q9NUP9,9789,val
O14910,9789,val
P26717,9790,train
P26715,9790,train
Q9BVG4,9791,train
Q9BY43,9792,train
Q96CF2,9792,train
Q9H444,9792,train
P55075,9793,train
Q3C1V8,9794,train
Q8WWA1,9795,train
O43760,9796,train
O43759,9796,train
O43761,9796,train
Q6ZVK1,9797,val
Q6P4H8,9798,train
Q9H8W3,9799,test
P31268,9800,train
P09629,9800,train
P31267,9800,train
P17509,9800,train
O95999,9801,val
Q13253,9802,train
P15692,9803,test
Q9NX09,9804,train
Q8IX05,9805,train
Q96EQ8,9806,train
Q9UEU0,9807,train
Q9NZS2,9808,train
Q86W74,9809,train
Q1ZYL8,9810,train
Q9BVC5,9811,val
P68402,9812,train
Q15102,9812,train
Q8IV03,9813,train
A6NK58,9814,val
Q8WVC6,9815,train
Q5TGL8,9816,train
O95372,9817,test
O75608,9817,test
Q96BR5,9818,train
Q9NPI5,9819,val
Q9NWW6,9819,val
O95237,9820,train
Q15125,9821,test
Q8WVD5,9822,train
Q8IUX1,9823,train
Q9BWG6,9824,train
Q9BU02,9825,val
P09936,9826,train
P15374,9826,train
P98173,9827,train
Q96BQ1,9827,train
Q92520,9827,train
Q9NSI2,9828,train
A8MVS5,9829,val
O43482,9830,train
Q9H867,9831,train
Q8N8Q1,9832,train
O14569,9832,train
P40259,9833,train
Q9H6E4,9834,train
Q8TAB5,9835,train
Q8N7C4,9836,test
Q9BRX8,9837,train
Q13445,9838,test
Q9Y3A6,9838,test
Q53R12,9839,train
Q9P126,9840,train
Q9P013,9841,train
Q96HU8,9842,test
O95661,9842,test
O95057,9842,test
Q9H7E9,9843,test
Q9GZU0,9844,train
Q14213,9845,train
Q6UW56,9846,test
P50539,9847,train
Q14582,9847,train
Q05195,9847,train
Q9BW11,9847,train
P54368,9848,train
Q8TCD5,9849,train
Q9NPB1,9849,train
Q6ZUX7,9850,train
Q6P9G0,9851,val
Q96LW7,9852,train
Q12981,9853,train
Q96AT9,9854,train
Q5W5W9,9855,train
Q9UNT1,9856,train
Q08623,9857,test
Q15631,9858,train
Q8IWT1,9859,val
Q8IY57,9860,train
Q8N488,9860,train
Q9H0W7,9861,train
Q9HB71,9862,train
Q9NWU2,9863,train
A6NMD0,9864,train
P56746,9865,train
P78369,9865,train
Q96S90,9866,train
Q96S96,9867,train
Q9UHF3,9868,train
Q9UHE5,9868,train
P00403,9869,train
P22061,9870,val
O95619,9871,val
Q96E35,9872,train
Q9H8U3,9873,train
Q6NT89,9874,train
Q8WZ82,9875,train
Q9BR10,9876,train
Q9H3H9,9877,train
Q969E4,9877,train
Q6IPX3,9877,train
Q96EI5,9877,train
Q5H9L2,9877,train
O75391,9878,train
Q5JUR7,9879,train
O43809,9880,train
Q13907,9881,train
Q9BXS1,9881,train
Q9NX63,9882,train
P80723,9883,train
P11912,9884,train
P05814,9885,train
F2Z333,9886,val
O75832,9887,train
Q9BZD6,9888,train
O14530,9889,val
Q9BSN7,9890,val
Q9Y2Y6,9891,train
P22352,9892,train
P07203,9892,train
P18283,9892,train
O75715,9892,train
Q7RTV5,9893,val
Q15005,9894,train
P36543,9895,train
Q96A05,9895,train
Q9NRH1,9896,train
Q7Z6K5,9897,train
Q96LL9,9898,train
P22492,9899,train
P16402,9899,train
P16401,9899,train
Q02539,9899,train
P16403,9899,train
P10412,9899,train
Q9Y2Q3,9900,train
Q8N6S5,9901,train
Q8NCR9,9902,train
Q9Y3A3,9903,train
Q9UL25,9904,train
P51148,9904,train
P57729,9905,train
Q13637,9905,train
O14966,9905,train
Q9NRG1,9906,train
P00492,9906,train
P13727,9907,train
Q9Y2Y8,9907,train
O75934,9908,train
O15172,9909,train
P78330,9909,train
O14543,9910,train
A2RU48,9911,test
Q9P016,9912,train
Q5QGT7,9913,train
P52566,9914,train
P52565,9914,train
Q99819,9914,train
Q8TAA5,9915,train
Q9HAV7,9915,train
P09488,9916,train
P46439,9916,train
P21266,9916,train
Q03013,9916,train
P28161,9916,train
O15551,9917,train
P56747,9917,train
P56748,9917,train
O00501,9917,train
O95484,9917,train
P15173,9918,train
Q5VXU3,9919,test
Q9UKJ5,9919,test
Q96MW1,9920,train
Q00688,9921,train
Q8TBE3,9922,test
P30041,9923,val
Q9BVK8,9924,test
Q16890,9925,train
P55327,9925,train
Q96J77,9925,train
Q9NQZ6,9926,train
Q9HBM1,9927,train
Q9Y3Q3,9928,train
Q9Y3B3,9928,train
Q9Y235,9929,train
Q6P587,9930,train
Q9UBT3,9931,test
P02743,9932,train
P02741,9932,train
Q6UWD8,9933,train
Q8N5X7,9934,train
Q9GZQ3,9935,train
Q9BV86,9936,train
Q96CT7,9937,train
O15318,9938,train
Q9BT43,9938,train
O00264,9939,train
O15173,9939,train
Q99720,9940,train
Q9BRT9,9941,train
Q5PR19,9942,train
B3SHH9,9943,train
O00233,9944,train
Q8WUJ0,9945,val
Q9GZX9,9946,val
Q9UBS3,9947,train
Q9BTL4,9948,train
P27144,9949,train
O95848,9950,train
Q9BS40,9951,train
O43633,9952,train
Q9Y3E7,9953,train
Q9Y680,9954,train
P26885,9954,train
Q9NWM8,9954,train
Q8WUX2,9955,train
Q9BUX1,9955,train
Q16763,9956,train
O15217,9957,val
Q7RTV2,9957,val
P09210,9957,val
Q16772,9957,val
P08263,9957,val
A9UHW6,9958,train
P04179,9959,train
Q96E40,9960,train
Q8TBB0,9961,train
Q969K7,9962,train
Q8TAE8,9963,train
Q9H5V9,9964,train
Q9HBJ8,9965,train
P49763,9966,train
Q6UYE1,9967,train
P51157,9968,train
P51159,9969,train
P20336,9969,train
O00194,9969,train
Q8TA86,9970,val
Q13242,9971,train
Q9HCN8,9972,train
Q99470,9972,train
Q9NP50,9973,train
Q9UK41,9974,train
Q5JR98,9975,train
A8MQB3,9976,train
Q8WWG9,9977,train
Q86VG3,9978,train
Q14129,9979,val
Q9BY27,9979,val
P10747,9980,train
Q8NB37,9981,test
A6NCQ9,9982,train
O95707,9983,train
P51809,9984,train
P16035,9985,test
P01033,9985,test
P35625,9985,test
O75446,9986,val
Q9HAJ7,9986,val
Q8IXH6,9987,train
Q9H0Y0,9988,val
O75629,9989,train
Q32NC0,9990,train
Q96FF7,9991,train
Q9H213,9992,train
Q9UKK9,9993,train
Q9BXU9,9994,train
Q86V35,9994,train
P11233,9995,train
P62834,9995,train
O14807,9995,train
Q92963,9995,train
Q99578,9995,train
P62070,9995,train
P10301,9995,train
Q96A58,9995,train
P61224,9995,train
P61225,9995,train
P01116,9995,train
P01112,9995,train
P11234,9995,train
P10114,9995,train
Q9Y3L5,9995,train
P01111,9995,train
Q86UA6,9996,train
Q9Y255,9997,val
P49755,9998,train
Q9Y296,9999,train
Q7Z7N9,10000,train
Q96AQ2,10001,train
Q9BW30,10002,train
O94811,10002,train
Q9ULY5,10003,train
Q9NZZ3,10004,train
Q9UHD4,10005,train
Q8WXB1,10006,train
Q9UBQ5,10007,train
O14668,10008,train
Q96DA2,10009,train
Q8N4Z0,10009,train
Q8WUD1,10010,train
P61106,10010,train
P61019,10010,train
P57735,10010,train
P20338,10010,train
P62491,10010,train
Q15907,10010,train
P61018,10010,train
Q12962,10011,val
Q6PIF2,10012,train
P82930,10013,train
Q07699,10014,train
Q9NY72,10014,train
Q9BSB4,10015,train
Q9NZH6,10016,train
Q96BX8,10017,test
Q7L9L4,10017,test
Q86TA1,10017,test
Q70IA8,10017,test
Q9H8S9,10017,test
Q9BQE9,10018,train
Q8WUZ0,10018,train
Q9NUP1,10019,train
Q9NYX4,10020,train
P62906,10021,train
P0C7T8,10022,test
Q96AJ9,10023,train
Q8TBF4,10024,train
O96004,10025,train
P61296,10025,train
Q587J8,10026,train
Q8WTR2,10027,train
P50238,10028,train
P52943,10028,train
Q6Q6R5,10028,train
P30626,10029,train
P28676,10029,train
Q9P2W1,10030,train
Q9NY12,10031,train
Q99807,10032,train
O43708,10033,test
P26718,10034,train
Q9NXF7,10035,train
Q9BRX5,10036,train
Q6ZTI6,10037,train
Q8N5W9,10037,train
Q96A35,10038,val
Q8IV31,10039,train
Q9P0N5,10040,train
Q96HE8,10040,train
P62826,10041,train
Q96F25,10042,test
Q6P1X6,10043,val
P0CF74,10044,test
P15814,10044,test
P0DOX7,10044,test
P0DOX8,10044,test
P0DOY2,10044,test
P0CG04,10044,test
A0M8Q6,10044,test
P01701,10044,test
B9A064,10044,test
P0DOY3,10044,test
Q8IV50,10045,train
O60487,10046,test
P61020,10047,val
Q9UL26,10047,val
Q969Q5,10047,val
Q13636,10047,val
P20339,10047,val
Q9H0T7,10047,val
P50914,10048,train
Q8N983,10049,train
Q8NDZ9,10050,train
Q587I9,10051,train
O60939,10052,train
O75396,10053,train
Q9BTP7,10054,train
P67870,10055,val
Q99766,10056,train
Q92882,10057,val
Q9Y5N5,10058,train
Q8N565,10059,train
Q96HJ5,10060,train
Q86SE8,10061,train
Q8WVE0,10062,train
P27635,10063,test
Q96L21,10063,test
Q86Y79,10064,train
P30044,10065,train
Q9UKL6,10066,train
Q7RTU1,10067,train
P0C7M8,10068,val
Q96BS2,10069,train
Q96KS9,10070,val
O43731,10071,train
Q5TA50,10072,val
Q9BSH3,10073,test
Q9UGY1,10074,train
O75251,10075,train
Q9UQN3,10076,train
O00559,10077,train
P40337,10078,train
Q6FIF0,10079,val
O76080,10079,val
Q92522,10080,train
Q9NSY2,10081,train
Q6X4U4,10082,train
Q9BQB4,10082,train
Q969F1,10083,test
Q9NVV9,10084,train
Q8NDB6,10085,train
Q8N128,10086,test
O14735,10087,train
Q9Y581,10088,train
P48047,10089,train
Q9BUL8,10090,val
Q9HBJ0,10091,train
P56597,10092,train
O14653,10093,train
Q9NTK1,10094,val
Q16667,10095,val
Q9UMX3,10096,val
Q96GC5,10097,train
Q9BZX4,10098,train
Q9HAT0,10098,train
P23919,10099,train
Q9Y6I8,10100,train
Q2TAM9,10101,train
P05408,10102,train
P05305,10103,val
Q9H944,10104,train
P05231,10105,val
A0A1B0GUA9,10106,val
Q9BW66,10107,train
Q8TAL6,10108,train
Q9GZP4,10109,train
Q969X0,10110,test
Q00765,10111,val
Q96HR9,10111,val
P26373,10112,val
Q96DE0,10113,train
Q9BRJ7,10113,train
P60880,10114,train
O00161,10114,train
Q96AH0,10115,train
Q9BQ15,10115,train
Q13103,10116,train
Q15544,10117,train
A6NLC8,10117,train
Q9UI95,10118,train
O95816,10119,train
O00217,10120,train
Q4VC05,10121,train
Q494R4,10122,train
O75638,10123,train
P78358,10123,train
Q16595,10124,val
P19388,10125,train
P08134,10126,train
P61586,10126,train
P62745,10126,train
O00212,10126,train
Q8NFX7,10127,train
O95857,10128,train
Q12999,10128,train
P82979,10129,test
Q8N0U2,10130,train
Q9NQ31,10131,train
O43402,10132,train
P10966,10133,val
P09211,10134,train
Q86W47,10135,train
Q9BYQ7,10136,train
Q9BYT5,10136,train
Q9BYR9,10136,train
Q9BYQ6,10136,train
Q9BYR5,10136,train
Q9BYQ5,10136,train
Q9BYQ8,10136,train
P61923,10137,train
Q9P299,10137,train
Q6ZRY4,10138,train
Q93062,10138,train
Q9NXJ5,10139,train
Q96DZ7,10140,train
O14925,10141,train
Q9NSA1,10142,train
Q99627,10143,train
Q8TEA8,10144,test
Q9NRN9,10145,train
Q9NZD2,10146,train
O75496,10147,train
Q8TED1,10148,train
P12829,10149,train
P05976,10149,train
P08590,10149,train
P14649,10149,train
P60660,10149,train
O60936,10150,train
Q9H305,10151,train
Q9H0R3,10152,test
Q8N511,10153,val
Q99075,10154,test
Q8N131,10155,train
P62241,10156,val
Q8WUY1,10157,train
Q96MN5,10158,val
Q13158,10159,train
Q86WR0,10160,train
Q9BUE0,10161,test
Q8NHZ7,10162,train
A0A1B0GVZ6,10162,train
Q96FT9,10163,train
P25208,10164,train
P16455,10165,train
Q9BTE0,10166,train
P51965,10167,train
Q969T4,10167,train
Q9Y2X8,10167,train
P61077,10167,train
P51668,10167,train
Q96LR5,10167,train
P62837,10167,train
Q9BRV8,10168,val
Q9BX74,10169,test
Q8TAG6,10170,train
Q96AH8,10171,train
P51149,10171,train
P51151,10171,train
Q9NP90,10171,train
Q8WW59,10172,train
P07766,10173,train
Q96NL8,10174,train
O75508,10175,train
Q567V2,10176,train
Q8WUY8,10177,train
O60682,10178,train
O43680,10178,train
P30043,10179,train
Q96GV9,10180,test
Q96K17,10181,train
P20290,10181,train
Q9NQ50,10182,train
Q9NWU5,10183,train
O43399,10184,train
Q14761,10185,train
P13224,10186,val
Q14197,10187,train
Q13007,10188,train
Q9H081,10189,train
Q96G30,10190,train
Q96HA8,10191,train
Q14919,10192,val
P20827,10193,train
Q01151,10194,train
Q7Z2W9,10195,train
P49720,10196,train
Q6P1K2,10197,val
Q8IYI0,10198,train
Q9BWT6,10199,train
Q96DR4,10200,train
Q86W54,10201,train
Q9BYN8,10202,train
P55789,10203,train
Q9H741,10204,train
Q19T08,10205,train
P41236,10206,train
Q6NXS1,10206,train
Q13257,10207,test
Q9Y5Z4,10208,train
P02511,10209,train
P04792,10209,train
Q9BUH6,10210,test
Q9NV56,10211,test
Q96S19,10212,val
Q9GZP1,10213,val
P84157,10214,train
Q96MC5,10215,train
H3BNL1,10216,test
Q9NXU5,10217,train
P46782,10218,train
A0A1B0GUJ8,10219,train
Q9Y535,10220,test
P61313,10221,train
Q05066,10222,train
Q7Z4H3,10223,train
Q9BRP8,10224,val
Q9UD71,10225,train
Q6I9Y2,10226,train
Q96CD2,10227,val
Q9Y294,10228,val
Q9NVP2,10228,val
Q9UPM9,10229,train
P49914,10230,train
Q15041,10231,train
Q9NX04,10232,train
P40429,10233,train
Q6NVV1,10233,train
Q96EY4,10234,train
Q92737,10235,train
Q53H80,10236,train
Q9H9L7,10236,train
Q9BVM2,10237,train
O95997,10238,test
Q9NZH4,10238,test
Q9NZH5,10238,test
P15018,10239,train
Q6QNY0,10240,train
A0PJW6,10241,train
Q15040,10242,test
Q8TAC2,10242,test
Q8N755,10243,train
Q8WVJ9,10244,train
Q15672,10244,train
Q9BYL1,10245,train
O14894,10246,train
P30408,10246,train
P48230,10246,train
P05452,10247,val
O75596,10247,val
P07360,10248,train
Q9Y6G5,10249,train
O14931,10250,val
Q8NDX9,10251,train
Q96FZ7,10252,train
Q9NTU7,10253,train
P23435,10253,train
Q9NYL4,10254,train
P49721,10255,train
P02753,10256,train
Q8WUK0,10257,train
Q15363,10258,train
Q7RTU7,10259,test
Q12870,10259,test
P34741,10260,train
Q8N8I0,10261,val
P82664,10262,train
P36405,10263,train
Q13795,10263,train
P02763,10264,train
P19652,10264,train
Q96KC2,10265,train
P40617,10265,train
P49703,10265,train
P56559,10265,train
Q16619,10266,train
Q07507,10267,val
Q9NX70,10268,train
Q9Y693,10269,train
Q9NUS5,10270,test
Q16878,10271,train
P61086,10272,train
Q5JXB2,10272,train
P61088,10272,train
O14713,10273,train
Q6NTF7,10274,train
Q9NTU4,10275,train
Q15528,10276,train
F8WCM5,10277,train
Q86VX2,10278,val
Q9H9H5,10279,train
P78560,10280,val
Q8N1A6,10281,train
Q9BV19,10282,train
Q8N5L8,10283,train
Q9BUL9,10283,train
Q1RN00,10284,train
Q96NC0,10285,train
O60232,10286,train
Q3SXP7,10287,train
Q9NWT8,10288,test
P31941,10289,train
Q07108,10290,test
Q9UF47,10291,train
Q9H3Z4,10291,train
Q9NS71,10292,train
Q86X83,10293,val
Q9H0A8,10294,train
Q9HD42,10295,train
Q7LBR1,10295,train
P80188,10296,train
Q9H2I8,10297,train
P0DI83,10298,train
Q9UKB3,10299,train
O43583,10300,test
P46527,10301,train
Q9Y324,10302,train
P52815,10303,train
Q9NQ34,10304,train
Q9P0T7,10304,train
Q86X19,10305,train
O15498,10306,train
Q9BUR5,10307,test
Q8TBF2,10308,val
O14508,10309,train
Q9Y6B6,10310,train
Q9NR31,10310,train
P31431,10311,train
Q6UXH0,10312,train
Q9H6L4,10313,test
Q5XKK7,10314,train
Q8IW50,10314,train
O95147,10315,test
Q9H596,10315,test
O43521,10316,train
Q9P000,10317,train
Q04900,10318,test
Q99748,10319,train
P61758,10320,train
Q0P5N6,10321,train
P11686,10322,val
Q9NPD8,10323,train
P36969,10324,train
Q16774,10325,train
Q8NBT2,10326,test
P36639,10327,train
Q53FT3,10328,train
Q6NUJ2,10329,train
Q99653,10330,val
O43745,10330,val
Q969J3,10331,train
Q96GE6,10332,train
Q9UJY1,10333,val
P84098,10334,test
Q9Y3P8,10335,train
O15258,10336,val
Q6UWH6,10337,train
P30085,10338,train
Q14691,10339,train
Q5W111,10340,train
Q9UJW9,10341,train
Q9NVS2,10342,train
P49006,10343,val
Q8IZ57,10344,train
Q9BX93,10345,train
Q3MHD2,10346,train
P13498,10347,val
P55957,10348,train
Q8WTZ4,10349,train
Q7Z3Z2,10350,train
Q8N7I0,10351,train
Q96E93,10352,train
Q9NR77,10353,train
Q96KW9,10354,train
P62341,10355,train
Q9H6X4,10356,train
Q9H061,10357,train
Q8WXC3,10358,train
Q9ULZ3,10358,train
Q6P4D5,10359,train
Q9Y3B2,10360,train
Q9UBI1,10361,train
Q9BSY9,10362,test
A8MZ97,10363,val
P21781,10364,train
Q9Y3B1,10365,val
Q9Y584,10366,train
Q9Y3C0,10367,train
Q9NP77,10368,train
P62081,10369,test
P46781,10370,val
P82912,10371,train
Q8IXQ3,10372,train
Q16527,10373,train
P50461,10373,train
P21291,10373,train
Q9BRJ6,10374,train
O95998,10375,val
P07305,10376,train
Q9BY32,10377,val
Q9HD36,10378,train
P61601,10379,train
P62166,10379,train
P62760,10379,train
P37235,10379,train
Q9UM19,10379,train
P84074,10379,train
P59780,10380,test
Q92572,10380,test
Q0P641,10381,train
P32970,10382,train
Q96FX8,10383,train
Q8NDX6,10384,train
Q96L94,10385,val
Q9Y343,10385,val
P17900,10386,train
Q9Y6A4,10387,val
Q14116,10388,val
Q99877,10389,val
P33778,10389,val
Q99880,10389,val
P62807,10389,val
Q16778,10389,val
Q5QNW6,10389,val
P06899,10389,val
O60814,10389,val
P23527,10389,val
P57053,10389,val
Q96A08,10389,val
Q6DN03,10389,val
Q6DRA6,10389,val
P58876,10389,val
Q93079,10389,val
Q8N257,10389,val
Q99879,10389,val
Q3C1V1,10390,train
Q99966,10391,train
Q9BXH1,10392,train
Q8IXL7,10393,train
Q9Y3D2,10393,train
Q07812,10394,train
P32969,10395,train
Q96GF1,10396,test
Q99942,10396,test
Q9Y3B7,10397,train
P17152,10398,train
Q8TBK6,10399,train
Q9NYS0,10400,train
Q9NYR9,10400,train
Q15126,10401,train
P67812,10402,train
P0C7V7,10402,train
Q9BY50,10402,train
Q8N8A8,10403,train
Q5HYR2,10404,train
Q6PI98,10405,train
P83916,10406,train
P45973,10406,train
Q13185,10406,train
Q15669,10407,train
Q969E8,10408,test
Q7Z6V5,10409,train
Q99828,10410,train
A6NFQ7,10411,test
Q7Z4R8,10412,train
Q9HAF1,10413,train
Q16558,10414,train
Q92478,10415,train
Q9UHP7,10415,train
Q9BSD7,10416,train
Q8WZA0,10417,train
O00399,10418,train
Q96H35,10419,train
P78317,10420,val
P41222,10421,train
Q9Y3D9,10422,test
Q8TBP5,10423,train
Q4LDG9,10424,train
P57055,10425,train
Q8WWM9,10426,train
Q86XA0,10427,train
Q9H910,10428,train
Q8N668,10429,train
O15431,10430,train
O14683,10431,train
Q99497,10432,test
O43674,10433,train
Q8N5H3,10434,val
Q96GI7,10434,val
Q8WU39,10435,train
P05090,10436,train
Q7RTS1,10437,train
Q8IVP5,10438,train
Q9BWH2,10438,train
P0C7W0,10439,train
Q6UW68,10440,train
P16949,10441,train
Q93045,10441,train
Q9NZ72,10441,train
Q9H169,10441,train
P03986,10442,train
Q9BQE4,10443,train
Q5DJT8,10444,train
Q8NHU0,10444,train
P0DMU9,10444,train
Q9NRV9,10445,train
P01562,10446,train
Q14442,10447,test
O96007,10448,train
Q9BSG0,10449,val
O95445,10450,train
Q7Z6I8,10451,train
Q9NZE8,10452,train
Q07020,10453,train
O75915,10454,train
O60831,10454,train
P79522,10455,val
Q9BYC8,10456,train
Q8IUR0,10457,test
Q9NX00,10458,train
Q96B54,10459,train
Q16385,10460,train
O60224,10460,train
Q7RTT5,10460,train
Q16384,10460,train
O60225,10460,train
Q9UM00,10461,train
Q6NW29,10462,train
O75223,10463,train
Q8IX19,10464,train
O00746,10465,test
O60361,10465,test
P15531,10465,test
P22392,10465,test
Q13232,10465,test
P30086,10466,train
Q8TDH9,10467,train
P00374,10468,train
Q86XF0,10468,train
Q6T311,10469,train
P19237,10470,test
P48788,10470,test
Q9Y2Q9,10471,train
Q9Y6B2,10472,train
Q5T6J7,10473,train
Q9BQA9,10474,train
P55145,10475,train
Q49AH0,10475,train
Q9HD47,10476,val
O95169,10477,train
O75935,10478,train
Q6P4F2,10479,train
Q9H0F7,10480,train
O75884,10481,train
Q6PIZ9,10482,train
P62380,10483,train
Q9NVJ2,10484,train
Q96BM9,10484,train
Q969W3,10485,train
Q5XKR9,10485,train
Q96LM5,10486,train
Q9BW83,10487,train
Q9UM13,10488,train
Q9BV29,10489,test
P14209,10490,train
P04090,10491,train
Q9Y248,10492,train
Q9Y328,10493,train
P42857,10493,train
Q9NV12,10494,train
Q9UI14,10495,train
Q9UNL2,10496,train
Q86YL5,10497,val
Q8IUE0,10498,train
Q969M7,10499,train
P35318,10500,val
Q8N5I9,10501,train
Q16626,10502,train
Q9H7X7,10503,train
P47710,10504,train
Q9BU61,10505,train
Q9H875,10506,train
Q04760,10507,train
Q8TCA0,10508,train
Q96EK6,10509,train
Q96LC9,10510,train
P18621,10511,train
Q8TAI7,10512,test
Q15382,10512,test
Q8NHV9,10513,test
Q96RJ3,10514,val
Q96CG3,10515,val
Q02223,10516,val
P10109,10517,train
Q96RK1,10518,train
Q9NQ30,10519,train
Q9NV31,10520,val
Q9H772,10521,train
O60565,10521,train
Q9NQ92,10522,train
Q9NPA3,10523,train
Q8NI32,10524,train
Q13875,10525,val
Q9H1M3,10526,train
O95561,10527,train
P61081,10528,train
P23510,10529,train
Q4KMG9,10530,train
P43308,10531,val
P55001,10532,train
Q9NPB0,10533,train
O00193,10534,train
Q6P9G4,10535,train
P62256,10536,train
Q5J8M3,10537,train
A6NEN9,10538,train
Q9NX76,10539,train
Q8N5M9,10540,train
Q9NX08,10541,train
Q53RE8,10542,train
Q96NT1,10543,train
Q9Y342,10544,train
Q8IZV2,10544,train
Q13951,10545,val
P09693,10546,train
P04234,10546,train
Q8WXF5,10547,train
Q9BTE1,10548,train
Q8N6N3,10549,train
Q9UBQ0,10550,val
Q8N6U2,10551,train
Q96MX0,10552,val
Q9NQE9,10553,train
Q16082,10554,train
Q9Y2B0,10555,train
A0A024RBG1,10556,train
Q96G61,10556,train
Q9NZJ9,10556,train
Q8NFP7,10556,train
O95989,10556,train
Q68G75,10557,train
P41271,10558,train
Q9BQJ4,10559,train
Q5T215,10560,train
O43617,10560,train
Q13442,10561,train
A0A1B0GTK4,10562,train
Q9NX38,10563,val
Q9ULC4,10564,train
P0CG01,10565,train
Q8WYK2,10566,train
P18847,10566,train
P53801,10567,train
Q9Y221,10568,val
Q10589,10569,train
Q96NT0,10570,train
Q5VVC0,10571,train
Q9H0U6,10572,train
Q5MJ10,10573,train
Q5MJ08,10573,train
Q5MJ07,10573,train
P09466,10574,test
P61009,10575,train
Q96LM6,10576,train
P07741,10577,train
Q6NZ36,10578,train
Q9NSP4,10579,train
P01275,10580,train
P01344,10581,train
Q9UHF5,10582,train
Q8WXS3,10583,train
Q9H6K4,10584,train
Q9BV57,10585,train
Q8N4P3,10586,train
Q9Y6M9,10587,train
Q8TAP9,10588,train
Q9Y3E5,10589,train
O00762,10590,train
P57086,10591,test
Q8N7M0,10592,train
Q96MD7,10593,train
Q9NVQ4,10594,val
O60888,10595,test
Q9GZX6,10596,train
Q8WW12,10597,val
O75607,10598,train
Q96HR3,10599,train
Q9H204,10600,train
A1A4G5,10601,train
Q9Y3C1,10602,train
P61599,10603,train
P35070,10604,train
P32321,10605,train
Q03135,10606,val
Q96DB9,10607,train
Q9BYD1,10608,test
P62913,10609,train
P01850,10610,train
A0A5B9,10610,train
O15145,10611,train
P20800,10612,train
Q8N6F7,10613,val
Q5SXM8,10614,val
Q32M92,10615,train
Q96IM9,10616,train
Q8WWB3,10617,train
Q5VTH2,10618,train
Q8IVW1,10619,test
P12272,10620,train
Q8IXB3,10621,val
Q9UHD0,10622,train
Q9UBH0,10623,train
P18510,10623,train
P62633,10624,train
Q13352,10625,train
P39210,10626,train
Q86V88,10627,test
Q96PE7,10628,train
Q969L2,10629,test
Q01658,10630,train
A0A1B0GUX0,10631,train
Q02543,10632,train
Q9UKY0,10633,train
Q9BQB6,10634,train
Q8N0U8,10634,train
Q9BQD3,10635,test
Q9BQ61,10636,val
Q5BJF2,10637,train
Q9BRG1,10638,test
C9JI98,10639,val
Q9H2J1,10640,test
Q4G0W2,10641,val
Q9NYY1,10642,val
Q9P032,10643,test
O43181,10644,train
Q6ZUU3,10645,train
Q06141,10646,train
Q9NRX2,10647,train
O15304,10648,train
Q9Y3C4,10649,train
P19105,10650,train
O14950,10650,train
Q02045,10650,train
P24844,10650,train
Q01449,10650,train
Q96A32,10650,train
P10916,10650,train
Q8IUC1,10651,train
Q52LG2,10651,train
Q8IUC0,10651,train
Q8TD06,10652,train
O95994,10652,train
Q96FZ5,10653,train
Q96T52,10654,train
Q16548,10655,train
A8K5M9,10656,train
O43324,10657,train
Q9GZN8,10658,train
P07320,10659,train
P07315,10659,train
Q96NB1,10660,train
Q9Y5S9,10661,train
O00258,10662,train
O43598,10663,train
Q969H8,10664,train
P60323,10665,train
P02489,10666,train
O14558,10666,train
Q9BTX3,10667,train
Q12974,10668,train
O75365,10668,train
Q93096,10668,train
Q5SV17,10669,test
P51571,10670,train
Q13361,10671,train
P82663,10672,val
Q5TGI4,10673,train
P23434,10674,train
P51970,10675,train
O96000,10676,train
Q9UMX5,10677,train
Q9UL45,10678,train
Q9UGQ2,10679,train
P62487,10680,val
O95881,10681,train
Q8N1X5,10682,train
Q96AW1,10683,train
Q6ZWK4,10684,train
O60493,10685,train
Q9UMY4,10685,train
Q99595,10686,train
O60830,10686,train
Q56UQ5,10687,val
P13693,10687,val
O15182,10688,test
P0DP25,10688,test
P27482,10688,test
Q9NZT1,10688,test
Q12798,10688,test
P41208,10688,test
Q86SG4,10689,train
Q3ZCW2,10690,train
Q9Y3D8,10691,train
Q8IXM2,10692,train
Q96KJ9,10693,train
P13073,10693,train
P78543,10694,test
P62324,10694,test
Q13522,10695,val
Q8WVI7,10695,val
Q8WW01,10696,train
P21673,10697,val
Q96F10,10697,val
Q5JX69,10698,train
Q9NY56,10699,train
P30990,10700,train
Q9H773,10701,val
P63098,10702,train
Q9UDW3,10703,train
Q9H609,10704,train
Q9UBY9,10705,test
P49913,10706,train
Q9GZZ1,10707,train
Q8N183,10708,train
Q8N9X3,10709,train
O14944,10710,train
P35638,10711,val
Q5T5A4,10712,test
Q99643,10713,train
Q2NL98,10714,train
Q8NEQ6,10715,val
P35321,10716,train
P22528,10716,train
Q9UBC9,10716,train
P30536,10717,val
P0DMU3,10718,train
Q8IZ96,10719,test
Q9UHA7,10720,train
Q9NZH8,10720,train
Q6PI97,10721,train
A8MZ59,10722,train
Q6ICB0,10723,train
Q15038,10724,test
P42773,10725,test
P55273,10725,test
P86397,10726,test
Q5JXX7,10727,train
P21741,10728,val
P21246,10728,val
P59998,10729,val
Q96FN9,10730,train
P30049,10731,val
Q92934,10732,train
Q8IWT0,10733,val
Q9Y3C8,10734,val
Q53FP2,10735,train
Q96EL2,10736,train
O15273,10737,train
P58557,10738,train
Q96GL9,10739,train
P0C2L3,10739,train
Q2TAP0,10740,train
Q7Z5G4,10740,train
P54849,10741,val
P54851,10741,val
P54852,10741,val
Q9UFW8,10742,train
Q9H1K1,10743,train
Q8WXD5,10744,train
Q8WW33,10745,test
Q8IZS7,10746,test
Q9UDX5,10747,train
Q8WUD4,10748,train
Q2NKX9,10749,train
Q13405,10750,train
E9PB15,10751,val
Q9NX18,10752,train
Q99757,10753,train
P01579,10754,val
P60981,10755,train
P23528,10755,train
Q9Y281,10755,train
Q9H3J6,10756,train
O15496,10757,train
P61968,10758,train
O15205,10759,test
P24522,10760,train
O75293,10760,train
Q8N9N8,10761,train
P30050,10762,train
Q5BJH2,10763,test
Q96C90,10764,train
Q8TAE6,10764,train
O60613,10765,val
Q9H8M9,10766,train
Q9NVM1,10766,train
P05161,10767,train
Q17RY6,10768,train
Q9ULX9,10769,train
O15525,10769,train
O60675,10769,train
Q9NV35,10770,test
Q8IYN6,10771,train
P38936,10772,train
P20963,10773,train
Q8TDP1,10774,train
Q8WY98,10775,val
Q8N8H1,10776,train
Q6EBC2,10777,val
Q9NS18,10778,train
Q8N112,10779,train
P53816,10780,train
Q9NWW9,10780,train
Q9UL19,10780,train
Q96F85,10781,train
Q9Y2Y0,10782,train
Q9UHA3,10783,train
O15428,10784,train
Q13526,10784,train
P63208,10785,train
Q8N6I4,10786,train
Q96MT0,10787,train
Q99969,10788,test
Q969H6,10789,train
A6NKF7,10790,train
Q9BTA0,10791,train
Q9BUY7,10792,train
Q6NT52,10793,test
Q96PD4,10794,val
Q9BX68,10795,test
P49773,10795,test
Q5TBC7,10796,test
Q9H5X1,10797,train
Q9Y3D0,10797,train
P51636,10798,train
Q9NPI0,10799,train
P40933,10800,val
O95711,10801,train
Q99732,10802,test
Q6IAA8,10803,test
Q96D98,10804,train
Q8TCC3,10805,train
Q9H1E1,10806,train
Q93091,10806,train
P10153,10806,train
P12724,10806,train
Q969E3,10807,val
Q96B96,10808,train
P04216,10809,test
Q16514,10810,train
P02585,10811,train
P63316,10811,train
P20292,10812,train
Q8NAS9,10813,train
P47928,10814,train
Q02535,10814,train
P41134,10814,train
O75947,10815,val
Q99547,10816,train
P61244,10817,train
Q13323,10818,train
Q9NWV4,10819,val
P46778,10820,train
M5A8F1,10821,train
A6NKW6,10822,train
Q8WV19,10823,train
O95562,10823,train
Q15185,10824,train
P01135,10825,test
Q8WVH0,10826,val
Q7Z7G2,10826,val
Q9BUT9,10827,val
C9JLW8,10827,val
Q9Y4H4,10828,train
A6NK44,10829,train
Q9Y6Y9,10830,train
Q6PI25,10831,train
P47914,10832,train
O75865,10833,test
Q86SZ2,10833,test
Q9UIL1,10834,test
P09234,10835,train
Q6UXU6,10836,train
Q6PEY1,10837,train
Q3ZCQ3,10838,val
Q6W0C5,10839,train
P01591,10840,train
Q6RW13,10841,train
Q6P582,10842,val
Q6NZ67,10842,val
P57054,10843,train
Q717R9,10844,train
Q9H9R9,10845,train
P62280,10846,test
P25791,10847,train
Q8N5N7,10848,train
P63279,10849,train
P49459,10849,train
P63146,10849,train
P24666,10850,train
P10124,10851,test
P53680,10852,val
Q96PC3,10852,val
P61966,10852,val
P56377,10852,val
A6PVY3,10853,train
Q8WVJ2,10854,test
P83731,10855,train
O95807,10856,train
P11441,10857,test
P98179,10858,train
Q15170,10859,train
Q9UBK9,10860,train
Q9BWK5,10861,train
Q86SX6,10862,train
Q8N292,10863,train
P52298,10864,train
A1L162,10865,train
P34096,10866,val
P07998,10866,val
P62750,10867,val
Q8N2H4,10868,train
O14561,10869,train
P42771,10870,train
P46695,10871,train
Q8NEQ5,10872,train
Q5FWF7,10873,test
Q8WVK2,10874,val
Q9Y225,10875,train
Q9H9V4,10875,train
Q15649,10876,train
P10620,10877,test
Q969G6,10878,val
O96001,10879,train
Q8N9Q2,10880,train
Q4LEZ3,10881,train
Q5VZT2,10882,train
P02144,10883,val
Q56VL3,10884,val
Q9UHV9,10885,train
Q99471,10886,train
Q6UW88,10887,val
Q6PH81,10888,train
A2VDF0,10889,val
Q9H4G4,10890,val
Q9Y3C5,10891,train
Q9H633,10892,train
O14933,10893,val
P68036,10893,val
A0A1B0GUS4,10893,val
O43257,10894,val
Q8NCS4,10895,val
Q96AT1,10896,train
Q96A26,10897,train
Q86U28,10898,train
Q9UK76,10899,train
Q9GZV4,10900,train
P63241,10900,train
Q53FV1,10901,train
Q8N138,10901,train
Q9P0S3,10901,train
Q9NX24,10902,train
Q9NX14,10903,val
P78537,10904,train
Q16540,10905,train
Q9P0P0,10906,val
B7Z8K6,10907,train
O00422,10908,train
O15511,10909,train
Q9BPX5,10909,train
Q9Y2V2,10910,val
Q9Y534,10910,val
P0DMQ5,10911,train
Q9BVM4,10912,train
Q8WUR7,10913,train
Q9Y530,10914,train
Q04941,10915,train
Q9NZG7,10916,train
Q92982,10916,train
Q9UBR5,10917,val
Q9Y3D6,10918,train
Q53GA4,10919,train
Q9Y5J5,10919,train
O14880,10920,train
O14684,10921,train
P62269,10922,train
Q7Z422,10923,val
Q8WWZ1,10924,train
P61916,10925,train
Q6ZTY9,10926,train
Q9Y6H1,10927,test
Q8WYQ3,10927,test
Q96NZ9,10928,train
P62277,10929,train
Q5BIV9,10930,train
Q15506,10931,train
Q5I0X7,10932,train
P62263,10933,val
Q8N6K0,10934,train
Q96B02,10935,train
Q8N9R6,10936,train
O43924,10937,train
Q16873,10938,train
Q99735,10938,train
P53567,10939,train
P52434,10940,train
P55008,10941,train
Q9BQI0,10941,train
Q9BVJ7,10942,val
Q96DA6,10943,train
Q9Y5T4,10943,train
P02724,10944,test
Q12988,10945,train
P20674,10946,val
Q9NRP0,10947,train
A6NGQ2,10948,test
Q15828,10949,train
Q9NW61,10950,train
Q9BYC9,10951,train
Q9NX01,10952,train
Q86X60,10953,test
Q6L9T8,10953,test
Q6P3W2,10954,train
Q8N111,10955,train
Q96A72,10956,train
P61326,10956,train
Q7Z4W2,10957,train
P61626,10957,train
Q6NZY7,10958,val
O75575,10959,train
Q9NZ81,10960,train
P46776,10961,train
Q9P0M9,10962,train
O60896,10963,train
Q04837,10964,train
O60869,10965,train
Q8WYQ4,10966,val
P07492,10967,train
Q6EEV4,10968,train
Q9HBL7,10969,train
P49789,10970,test
Q96E14,10971,train
Q9BRP9,10972,train
P02042,10973,train
P68871,10973,train
P02100,10973,train
P69891,10973,train
P69892,10973,train
Q6NXT2,10974,train
P68431,10974,train
P0DPK5,10974,train
P0DPK2,10974,train
P49450,10974,train
Q71DI3,10974,train
Q16695,10974,train
P84243,10974,train
A6NCE7,10975,train
Q9H492,10975,train
Q9GZQ8,10975,train
Q9BXW4,10975,train
P60520,10975,train
Q5BKU9,10976,train
Q96A00,10977,train
P02766,10978,train
Q15819,10979,train
Q13404,10979,train
P50583,10980,test
P03950,10981,train
P56851,10982,train
Q9NRF9,10983,test
A4QMS7,10984,train
Q96NS8,10985,train
Q5T686,10986,train
O95751,10987,train
Q9BWD3,10987,train
Q17RB0,10987,train
A6ZKI3,10987,train
Q8NI22,10988,train
P12273,10989,train
O75459,10990,train
Q4V321,10990,train
Q13070,10990,train
Q6NT46,10990,train
Q13068,10990,train
Q9UEU5,10990,train
O43169,10991,train
P00167,10991,train
P01034,10992,train
O76095,10993,train
P62249,10994,train
P32320,10995,train
Q9NWA0,10996,train
Q9GZY4,10997,val
Q03393,10998,train
Q9UI09,10999,val
P14555,11000,train
Q9UNK4,11000,train
O76096,11001,val
Q5VUE5,11002,train
P62841,11003,train
P61254,11004,val
Q9UNX3,11004,val
Q6P1L8,11005,train
Q15388,11006,train
Q9Y5R8,11007,val
Q9NXH3,11008,train
P57105,11009,train
Q6UWF3,11010,train
P39019,11011,train
Q9P0J0,11012,train
Q4VC31,11013,val
P41223,11014,train
P09132,11015,train
Q8WVE7,11016,test
O95990,11017,train
Q9H098,11017,train
A8MQ03,11018,train
Q13503,11019,val
Q9Y547,11020,train
O14602,11021,train
P47813,11021,train
Q9Y587,11022,test
Q14657,11023,train
P62266,11024,train
O15432,11025,train
Q9NPD7,11026,train
Q9UKK6,11027,train
Q9NPJ8,11027,train
P60983,11028,test
O60234,11028,test
Q14019,11029,train
O15392,11030,train
Q6QNY1,11031,train
Q9H7X2,11032,train
O15514,11033,train
Q9Y6G3,11034,train
Q6ZNB5,11035,train
P83876,11036,train
Q9NS69,11037,train
P02008,11038,train
Q6B0K9,11038,train
P09105,11038,train
P69905,11038,train
Q9UJ90,11039,train
Q8N4Q1,11040,train
Q9Y3D5,11041,train
Q8WW35,11042,train
Q6P5X5,11043,train
C9JVW0,11044,train
Q05315,11045,train
Q06055,11046,train
P05496,11046,train
P48201,11046,train
Q96PE5,11047,train
Q86Y39,11048,train
Q13901,11049,train
P06881,11050,train
P01258,11050,train
P10092,11050,train
O75379,11051,test
Q9NWH2,11052,train
Q9Y244,11053,train
Q69YW2,11054,train
Q5EBL8,11055,train
P07737,11056,train
P35080,11056,train
Q6GMV3,11057,train
P0DI81,11058,train
P0DI82,11058,train
Q96B42,11059,train
Q9UL33,11060,train
Q19AV6,11061,train
O75817,11062,train
P62829,11063,train
P01848,11064,train
P37840,11065,train
Q16143,11065,train
O76070,11065,train
Q9NPJ3,11066,train
Q9UKR5,11067,train
P02689,11068,train
Q0Z7S8,11068,train
P15090,11068,train
Q01469,11068,train
P05413,11068,train
A6NFH5,11068,train
O15540,11068,train
Q6XXX2,11069,train
O94772,11070,train
Q9NWQ9,11071,train
O94817,11072,train
Q86WQ0,11073,test
Q9Y4Z0,11074,train
H0YL14,11075,train
Q9H322,11076,train
O14598,11076,train
Q96N06,11077,train
P0DPE8,11078,train
Q8WUH1,11079,train
Q14641,11080,train
Q9P003,11081,train
Q8N2Z9,11082,train
Q8NA97,11083,test
Q6P161,11084,train
A6NC05,11085,train
Q15726,11086,train
P09455,11087,train
P29373,11087,train
P29762,11087,train
O15235,11088,train
Q96C01,11089,train
Q9Y3E0,11090,train
P17568,11091,train
Q8WV07,11092,test
Q9Y3E2,11093,val
Q9H3K6,11093,val
P46779,11094,train
P0C851,11095,train
Q6P5S7,11096,train
Q9H4X1,11097,train
Q8IXM3,11098,train
Q9BYN0,11099,train
Q9BUV8,11100,val
P52758,11101,test
Q9Y3D3,11102,train
C9J7I0,11103,train
Q9H1P6,11104,train
Q8IVA1,11105,test
Q9Y5U8,11106,train
P0DKB6,11106,train
Q86WX3,11107,train
Q5T4H9,11108,val
P61353,11109,train
O95295,11110,train
P37108,11111,train
Q5BN46,11112,val
P47929,11113,train
O43716,11114,train
Q8N6L1,11115,train
Q96R05,11116,train
P82980,11116,train
K7EJ46,11117,train
P62910,11118,train
P08708,11119,test
Q8N5K1,11120,train
Q9NZ45,11120,train
Q9BTT4,11121,train
Q9Y5Q6,11122,train
Q5JQS6,11123,train
Q02577,11124,train
P05162,11125,train
P09382,11125,train
Q9NQP4,11126,train
A6NHG4,11127,train
P30046,11127,train
O00585,11128,train
Q16378,11129,train
O00488,11130,train
Q9NV29,11131,train
A6NL82,11132,train
O14810,11133,train
Q6PUV4,11133,train
Q02363,11134,train
Q9NUG6,11135,train
O15116,11136,train
P0DPB6,11137,train
P62847,11138,train
Q8TEF2,11139,train
C9JQL5,11140,train
P13164,11140,train
Q01629,11140,train
Q01628,11140,train
Q8N726,11141,train
Q075Z2,11142,train
P25398,11143,val
A0A1B0GW64,11144,train
Q9BV90,11145,train
P03973,11146,test
Q9UFV3,11147,train
O60880,11148,train
O14796,11148,train
Q8N8J7,11149,train
Q9BVV8,11150,train
Q4G0I0,11151,train
Q8IY31,11152,train
O15243,11153,train
Q8N3F0,11154,train
Q9Y3C7,11155,train
Q9Y237,11156,train
Q9BZA5,11157,train
Q8N4V1,11158,train
Q9H840,11159,train
Q8N8F7,11160,val
Q16674,11161,train
Q8N7H1,11162,train
Q9NRG0,11163,train
Q15121,11164,test
A6NGS2,11165,train
P62244,11166,train
Q9H0N5,11167,train
P61457,11167,train
O75264,11168,train
Q7Z2X7,11169,train
O60829,11169,train
Q96GU1,11169,train
Q5JRK9,11169,train
P35542,11170,val
P0DJI8,11170,val
P0DJI9,11170,val
Q9Y2R5,11171,val
P09912,11172,val
Q9BRT6,11173,train
O95168,11174,train
P10606,11175,train
O15212,11176,train
Q8IV56,11177,val
P20366,11178,train
Q9NP84,11179,test
Q9BUE6,11180,train
Q9NX55,11181,val
Q86UW2,11182,test
P56556,11183,train
O95139,11184,train
P55769,11185,train
P13987,11186,val
Q9HBI5,11187,train
Q7Z7F7,11188,train
Q6P5R6,11189,train
P35268,11189,train
O60783,11190,train
P51161,11191,train
P02776,11192,test
P02775,11192,test
P04921,11193,test
Q9Y605,11194,train
Q96HT8,11194,train
P61970,11195,val
O95563,11196,train
Q9NRJ3,11197,train
P61218,11198,train
P61236,11199,train
Q96NS1,11199,train
Q9ULR5,11200,train
Q9BPZ3,11200,train
P53999,11201,train
P55056,11202,train
P07148,11203,train
Q9NR55,11204,train
Q16520,11204,train
P0C7P0,11205,train
Q9BRT2,11206,train
Q99622,11207,test
Q9Y3M2,11208,train
Q9P1U0,11209,val
O60927,11210,val
P62318,11211,train
O75956,11212,train
O14519,11212,train
Q3KRA6,11213,train
O14737,11214,test
Q8N9A8,11215,train
Q9Y2Q5,11216,train
O95415,11217,val
Q9NRX4,11218,train
P62899,11219,train
Q9UI30,11220,train
Q9Y3B4,11221,train
P36954,11222,val
P82932,11223,train
Q9NRP4,11224,train
P62851,11225,train
Q9Y3D7,11226,train
O95867,11227,train
Q9BRA0,11228,train
Q5JTJ3,11229,train
Q9HBH7,11230,train
Q5H9J7,11230,train
Q8WU43,11231,train
O75380,11232,train
Q9UHA4,11233,test
O95059,11234,val
O14907,11235,train
Q14508,11236,train
Q15543,11237,train
P47224,11238,val
A0A075B6I4,11239,train
P80748,11239,train
A0A0G2JS06,11239,train
A0A075B6J6,11239,train
A0A075B6K6,11239,train
Q969L4,11240,train
P22466,11241,train
Q86TS9,11242,train
Q5JS54,11243,train
Q8TAI1,11244,train
Q9Y6J6,11245,val
P42766,11246,train
Q9BRA2,11247,train
Q6IPW1,11248,train
Q5TZK3,11249,train
Q6NVV7,11250,train
Q96A22,11251,train
O60925,11252,train
A1L168,11253,train
P0DPB5,11254,train
Q9BT73,11255,train
Q8IZQ5,11256,train
Q9H7C9,11257,train
O43325,11258,val
P40305,11259,train
E9PRG8,11260,train
O43768,11261,train
P56211,11261,train
P60006,11262,test
Q9H246,11263,train
Q8WVK7,11264,train
P35244,11265,train
P62699,11266,train
A0A0C4DH24,11267,train
P01602,11267,train
A0A0C4DH72,11267,train
P01594,11267,train
A0A075B6P5,11267,train
P06310,11267,train
P04433,11267,train
P06312,11267,train
A0A0C4DH67,11267,train
A0A075B6S5,11267,train
A0A0C4DH68,11267,train
P01619,11267,train
P06315,11267,train
P01611,11267,train
A0A0A0MT36,11267,train
P04432,11267,train
Q96D05,11268,train
P0CG13,11269,train
P0C842,11270,train
H3BRN8,11271,val
Q96A57,11272,train
Q13542,11273,train
Q13541,11273,train
O60516,11273,train
Q9BUF7,11274,train
P55773,11275,test
O60519,11276,train
O43555,11277,train
Q9NWD9,11278,train
B2RBV5,11279,train
O95298,11280,train
Q96FH0,11281,train
O00175,11282,train
A0A0B4J266,11283,train
P04437,11283,train
A0A0B4J279,11283,train
Q16864,11284,train
P62314,11285,test
O43805,11286,train
P60866,11287,test
Q6UXB2,11288,train
P61769,11289,train
P58546,11290,train
P23763,11291,train
Q15836,11291,train
P63027,11291,train
O75348,11292,train
Q96LB4,11292,train
O95670,11292,train
Q15370,11293,test
O15155,11294,train
Q9UFG5,11295,train
Q96BP2,11296,train
Q5XKP0,11297,val
Q9BTL3,11298,train
P03979,11299,val
A0A0C4DH27,11299,val
P62316,11300,train
A8MU93,11301,train
Q5RI15,11302,train
Q16655,11303,train
P19957,11304,val
Q6RUI8,11305,train
Q9H1A7,11306,test
P52435,11306,test
O95164,11307,train
P49207,11308,train
P63272,11309,train
Q9UHQ7,11310,train
Q9BRU2,11310,train
Q8IYN2,11310,train
Q9NR33,11311,train
P0DMB2,11312,train
Q9P086,11313,train
Q9H0R8,11314,test
O95166,11314,test
Q9UBU3,11315,test
Q9NZV6,11316,train
Q16718,11317,test
Q52LA3,11318,train
P51808,11319,test
P63172,11319,test
Q96GE9,11320,train
Q96HQ2,11321,train
Q16568,11322,train
Q5T870,11323,train
Q8WUH6,11324,train
P61278,11325,train
O95183,11326,train
P49901,11327,test
P0DP58,11328,test
P01215,11329,train
P12872,11330,train
P06307,11331,train
A6NFY7,11332,train
P05386,11333,train
P05387,11333,train
A0A1B0GX68,11334,train
P04435,11334,train
P01733,11334,train
Q9BRT3,11335,train
P14174,11336,train
P62888,11337,train
Q8NFU3,11338,train
Q5JNZ5,11339,train
P62854,11339,train
A6NJI1,11340,train
Q7Z6K4,11341,test
O14548,11342,train
P14406,11342,train
Q13113,11343,test
O43653,11344,train
A0A589,11345,test
A0A539,11345,test
A0A576,11345,test
A0A577,11345,test
A0A075B6N1,11346,train
A0A5B6,11346,train
Q9H3Y8,11347,train
Q96I23,11348,train
P06702,11349,train
P80511,11349,train
P04271,11349,train
O95182,11350,test
Q8N6N6,11351,train
P41567,11352,train
O60739,11352,train
P61803,11353,train
Q96HJ9,11354,train
Q8IVY1,11355,train
Q9UBF6,11356,train
P62877,11356,train
Q8N2U0,11357,train
O43914,11358,train
Q5H943,11359,train
Q86UU9,11360,train
P01737,11361,train
Q504U0,11362,train
P09565,11363,test
Q96EL3,11364,train
Q9Y421,11365,train
Q15369,11366,test
Q15004,11367,train
P20962,11368,train
P06454,11368,train
Q4V326,11369,train
Q96GT9,11369,train
Q8WWM1,11369,train
P14927,11370,train
Q9NYM9,11371,train
P81605,11372,train
Q6ZSJ8,11373,train
Q9BSY4,11374,train
Q7RTV0,11375,train
P20472,11376,test
Q5TA76,11377,val
Q9BYE3,11377,val
Q5TA81,11377,val
Q5TA82,11377,val
Q5T5A8,11377,val
Q5T5B0,11377,val
P35326,11377,val
P35325,11377,val
Q96RM1,11377,val
P22532,11377,val
P22531,11377,val
P18077,11378,train
O75896,11379,train
O75920,11380,train
P84101,11380,train
Q9BV81,11381,train
Q6UW32,11382,train
Q96DE5,11383,train
P52926,11384,train
P17096,11384,train
B4DJY2,11385,train
Q9GZT3,11386,train
P52657,11387,train
P12074,11388,train
Q02221,11388,train
P56181,11389,train
A0A1B0GUC4,11390,train
A0A0U1RRK4,11391,train
Q5VUM1,11392,test
Q9Y2Y1,11393,train
O75347,11394,train
A0A087WTH1,11395,train
A6NM66,11396,train
P18859,11397,val
A0PJW8,11398,train
Q53S33,11399,val
H3BR10,11400,train
Q96E16,11401,val
A0A1B0GWG4,11402,test
A2A2V5,11402,test
Q9HCU8,11403,train
P01834,11404,train
O43920,11405,train
P83881,11406,train
Q969Q0,11406,train
Q9NR00,11407,train
Q9Y291,11408,train
Q9P0S2,11409,train
Q9GZP8,11410,val
P35754,11411,train
Q9BW72,11412,train
Q9Y2R0,11413,train
Q9Y284,11414,train
Q9UII2,11415,train
Q7Z7K0,11416,train
P99999,11417,train
Q96B45,11418,test
Q9Y3U8,11419,train
P61578,11420,train
P61576,11420,train
Q53QV2,11421,train
P31949,11422,train
A6NFZ4,11423,train
Q8N5W8,11423,train
O96015,11424,train
Q86TU6,11425,test
Q9HCY8,11426,train
Q9NRY2,11427,train
P84090,11428,val
Q5U5X0,11429,test
P08493,11430,train
Q99417,11431,train
P27469,11432,train
P63165,11433,train
P55854,11433,train
P61956,11433,train
Q6EEV6,11433,train
G2XKQ0,11433,train
Q99525,11434,train
P62805,11434,train
Q9BU68,11435,train
Q9NS26,11436,train
Q9NS25,11436,train
Q9NY87,11436,train
P82909,11437,train
Q9Y5J6,11438,train
P55000,11439,train
Q08648,11440,train
L0R6Q1,11441,val
Q96FQ6,11442,train
Q9Y6H6,11443,train
Q9UK45,11444,train
O75964,11445,train
P62310,11446,train
Q9BW61,11447,train
P51397,11448,train
Q86T20,11449,train
Q5BKY6,11450,train
Q9Y6A9,11451,test
Q9BQC6,11452,train
Q9NZD4,11453,val
P61604,11454,train
Q9BTM9,11455,train
Q9NPA8,11456,train
Q9P021,11457,train
Q5VU69,11458,val
P02655,11459,train
Q9NZ42,11460,train
Q86SG5,11461,train
P31151,11461,train
P33764,11462,train
P06703,11462,train
P26447,11462,train
P29034,11462,train
Q5I0X4,11463,train
P0DN24,11464,val
Q9BXV9,11465,test
Q3Y452,11466,train
Q9BV40,11467,test
Q8N0T1,11468,train
P05204,11469,val
Q15651,11469,val
P05114,11469,val
O00479,11469,val
P02652,11470,train
O43678,11471,train
Q0VGL1,11472,train
Q96QK8,11473,train
Q9UNZ5,11474,train
P14621,11475,test
P07311,11475,test
Q9C005,11476,test
Q9UGL9,11477,train
Q15053,11478,val
P02656,11479,train
O43676,11480,train
P04080,11481,test
P01040,11481,test
Q5T3Y7,11482,train
Q9BYR8,11483,train
Q9BYR7,11483,train
O75971,11484,train
Q99584,11485,train
Q5T871,11486,train
O00453,11487,train
P01303,11488,train
Q5JTB6,11489,test
Q9H1C7,11490,train
Q9P0B6,11491,train
P61927,11492,train
Q0VAQ4,11493,train
Q96KF7,11494,val
P23297,11495,train
P60903,11495,train
P25815,11495,train
Q9Y5J9,11496,train
O60220,11496,train
A8MV81,11497,val
Q9Y241,11497,val
Q02325,11498,train
Q15195,11498,train
Q8TF09,11499,train
Q9NP97,11499,train
P78556,11500,train
P22362,11501,train
P60468,11502,test
O95777,11503,train
L0R819,11504,test
Q9Y333,11505,val
Q7Z7B7,11506,test
Q9H0Q3,11507,val
O00168,11507,val
A0A096LP01,11508,train
P0DKX4,11509,test
O75556,11510,train
Q13296,11510,train
Q9BSF0,11511,train
Q9Y5L4,11512,train
Q96FQ7,11513,train
P59666,11514,train
Q01523,11514,train
P59665,11514,train
Q9Y6D0,11515,train
P56134,11516,val
Q9Y258,11517,train
Q6UW78,11518,val
A0A2R8YCJ5,11519,train
Q8IUB5,11520,train
Q9H299,11521,train
P48061,11522,train
P05109,11523,train
Q9UBK5,11524,train
A8MTZ0,11525,train
Q96KT6,11526,train
P61513,11527,val
Q96EX1,11528,train
Q9BQ48,11529,train
P62304,11530,train
Q3B7I2,11531,train
Q9Y4Y9,11532,train
O43504,11533,train
P0DJ93,11534,train
P07919,11535,train
P11684,11536,val
L0R8F8,11537,train
Q9HD34,11537,train
Q49B96,11538,train
D3DTV9,11539,train
A0A1B0GVQ0,11540,train
O95969,11541,train
P62072,11542,train
Q13015,11543,train
Q6IPR1,11544,train
P63167,11545,train
Q96FJ2,11545,train
B3EWG6,11546,train
Q14802,11547,test
P59646,11547,test
Q9Y5J7,11548,train
Q8NEX6,11549,train
Q8NEX5,11549,train
O75531,11550,train
O96033,11551,train
Q9UHP9,11552,train
O75324,11553,train
Q8N6N7,11554,train
P07108,11554,train
Q5EE01,11555,train
O00483,11556,train
Q9NRX3,11556,train
P63302,11557,train
P82921,11558,train
Q9NYJ1,11559,train
P49458,11560,train
Q629K1,11561,train
Q9BWJ5,11562,train
P62306,11563,train
P62312,11563,train
P30273,11564,train
P14854,11565,train
Q9NQG1,11566,test
P61960,11567,train
Q8NFU4,11568,val
P58062,11569,train
Q7Z4G1,11570,train
Q8NHZ8,11571,train
O95167,11572,val
Q9NRR3,11573,train
Q9NRR8,11573,train
Q9NYG5,11574,train
Q71UM5,11575,train
P42677,11575,train
P04155,11576,train
P20155,11577,test
P30047,11578,train
P60002,11579,train
P02654,11580,test
P63220,11581,train
Q9BUW7,11582,val
Q08AG7,11583,train
Q8IVN3,11584,train
O60356,11585,train
Q8NEE0,11586,test
O14949,11587,train
P60606,11588,train
Q96FX2,11589,val
Q9Y5U9,11590,val
Q6UWS5,11591,val
Q16517,11592,train
Q9HD64,11593,train
O15342,11594,train
Q8NHE4,11594,train
Q9P1F3,11595,train
A8MT69,11596,val
Q6UWK7,11597,train
Q9NSA3,11598,train
A8MTT3,11599,train
Q6UWN8,11600,train
P58549,11601,train
P24311,11602,train
P29377,11603,val
Q96S95,11604,train
Q7Z7J9,11604,train
P33552,11605,val
P61024,11605,val
Q17RA5,11606,train
P24310,11607,train
Q9NRP2,11608,train
Q92686,11609,train
Q6UW10,11610,train
B2RUZ4,11611,train
Q6PB30,11612,test
Q9C010,11613,train
Q5TGZ0,11614,test
Q969E1,11615,train
Q8NHG7,11616,test
O43677,11617,val
Q6UWT2,11618,train
Q5J5C9,11619,test
Q9Y5V0,11620,train
O43715,11621,train
P62308,11622,train
Q15847,11623,train
Q8TCD1,11624,train
Q96GX8,11625,train
Q9Y2B9,11626,train
P61925,11627,train
O75506,11628,train
Q8WUW1,11629,test
Q9BQ49,11630,train
Q9UBI6,11631,train
Q9UK08,11631,train
P63215,11631,train
P50150,11631,train
P50151,11631,train
P63218,11631,train
O60262,11631,train
P59768,11631,train
P09669,11632,train
A1L188,11633,train
Q7Z3B0,11634,val
Q96B49,11635,train
Q8TBQ9,11636,train
Q9NRX6,11636,train
Q86WW8,11637,test
P0DJ07,11638,train
Q9BZL1,11639,train
Q9BPY8,11640,val
O14610,11641,train
P61952,11641,train
Q8WTQ1,11642,train
Q9Y675,11643,train
Q6ZYL4,11644,train
Q69YU5,11645,train
O15239,11646,train
P63173,11647,train
P60896,11648,train
Q9UI72,11649,train
P62857,11650,train
P56385,11651,test
P04733,11652,train
P02795,11652,train
P13640,11652,train
P25713,11652,train
P0DM35,11652,train
P07438,11652,train
P04732,11652,train
P04731,11652,train
P80294,11652,train
Q8N339,11652,train
P80297,11652,train
P48539,11653,train
A6NKN8,11653,train
P0DMW3,11654,test
P60059,11655,test
O00244,11656,train
P56277,11657,train
P03928,11658,train
P62875,11659,train
Q9P2W3,11660,train
Q8WVX3,11661,train
Q9Y6X1,11662,train
Q8N6R1,11662,train
Q8N300,11663,train
P54710,11664,train
O75394,11665,test
H3BMG3,11666,val
Q9NPE3,11667,train
Q8TAD7,11668,train
Q9UDW1,11669,train
Q14061,11670,val
Q9Y5L2,11671,test
P15954,11672,train
P02808,11673,train
Q9BXW3,11674,train
A6NGU7,11675,test
P62861,11676,val
Q3ZM63,11677,val
O75438,11678,train
Q96IX5,11679,train
P53803,11680,train
P58511,11681,train
P56378,11682,train
Q96I36,11683,train
Q8NCU8,11684,test
P62273,11685,train
A0A0B4J2F0,11686,val
Q13794,11687,train
P26678,11688,train
Q96EH5,11689,train
P62891,11689,train
Q8N4H5,11690,train
P15516,11691,train
