accession,cluster_id,split
Q8WZ42,0,train
Q8WXI7,1,train
Q8NF91,2,train
Q7Z5P9,3,train
Q5VST9,4,val
Q03001,5,train
Q9UPN3,6,train
Q5CZC0,7,train
Q8WXH0,8,train
P20929,9,train
Q8WXG9,10,train
Q09666,11,train
Q8IVF2,12,train
Q9HC84,13,test
P98088,14,train
Q96RW7,15,test
Q9NU22,16,train
O14686,17,train
Q9UKN1,18,train
Q9Y6R7,19,train
B4DH59,20,train
Q5TAG4,20,train
A0A087WUL8,20,train
P0DPF2,20,train
Q63HN8,21,train
O75445,22,train
Q5T4S7,23,train
Q02817,24,train
Q9Y6V0,25,train
Q4G0P3,26,train
P58107,27,val
Q8NDA2,28,train
Q86UQ4,29,train
Q92736,30,train
Q15413,30,train
P21817,30,train
Q2LD37,31,train
Q6V0I7,32,val
Q8NEZ4,33,train
Q15751,34,train
Q9NR09,35,train
O95714,36,train
Q96M86,37,val
Q9P2P6,38,train
Q15149,39,test
P46783,39,test
Q9NQ39,39,test
O75592,40,train
P98164,41,test
Q14204,42,val
Q8TE73,43,train
Q96JB1,43,train
Q07954,44,val
Q9NZR2,44,val
Q9NYQ8,45,train
Q8TDW7,45,train
Q14517,45,train
Q9NZJ4,46,val
P04114,47,train
Q16609,48,train
P00747,48,train
P08519,48,train
Q685J3,49,train
Q9UFH2,50,train
Q9NYC9,50,train
Q8IVF4,51,train
Q9P225,52,train
P98160,53,train
Q5THJ4,54,val
Q12955,55,test
Q7Z6Z7,56,train
Q8NCM8,57,train
P98161,58,train
Q8WXX0,59,train
Q8TD57,59,train
Q9P2D7,59,train
P22105,60,train
Q86WI1,61,train
Q8TCU4,62,train
Q9C0G6,63,train
P78527,64,val
P08F94,65,train
Q8N3K9,66,train
P20930,67,train
Q7Z7G8,68,train
Q86XX4,69,train
Q9Y4D8,70,train
Q03164,71,val
Q01484,72,val
Q9UPA5,73,train
Q96JG9,74,val
Q99996,75,train
Q9Y4A5,76,test
Q99698,77,train
Q709C8,78,train
Q7Z408,79,train
Q7Z407,79,train
Q15911,80,train
O15230,81,train
P11532,82,train
Q13474,82,train
Q9NRC6,83,train
Q96T58,84,test
Q96Q15,85,val
O60494,86,val
Q4LDE5,87,train
Q86UP3,88,train
Q70CQ2,89,train
Q9UKN7,90,train
Q8IZQ1,91,train
Q0VDD8,92,train
Q8IZT6,93,train
P78509,94,train
P46939,95,train
Q5T011,96,train
P51587,97,train
P13611,98,train
A4UGR9,99,test
Q9H251,100,train
O95613,101,val
Q16787,102,train
Q9HCU4,103,train
Q9NYQ6,103,train
Q9NYQ7,103,train
Q96JQ0,104,train
Q15772,105,train
Q14789,106,train
Q8N2C7,107,train
P46013,108,train
Q6ZRS2,109,val
P49792,110,train
P0DN26,110,train
P0DN37,110,train
A0A075B767,110,train
A6NKT7,110,train
Q9UNP9,110,train
Q7Z3J3,110,train
P0DJD0,110,train
O14715,110,train
Q9Y536,110,train
A0A0B4J2A2,110,train
P0DJD1,110,train
Q99666,110,train
P62937,110,train
P43487,110,train
P30405,110,train
Q9H799,111,test
Q6ZTR5,112,train
Q6ZS81,113,train
P12111,114,test
Q96RL7,115,train
Q5SZK8,116,train
P0C091,116,train
Q5T1H1,117,train
Q6ZTU2,118,train
Q96L91,118,train
P42858,119,train
O60673,120,train
P24043,121,train
P25391,121,train
Q5VT06,122,train
P49454,123,train
O60229,124,test
O75962,124,test
Q86VW2,124,test
Q96N23,125,train
Q6ZR08,126,train
Q12982,127,train
Q8WUY3,127,train
Q86WG3,127,train
Q99715,128,train
Q13315,129,train
Q8IYS8,130,train
Q96IK1,130,train
Q8NFC6,130,train
Q12830,131,val
Q9Y485,132,train
Q8TDJ6,132,train
Q8IWI9,133,test
O94915,134,train
Q5TBA9,134,train
Q8TD26,135,train
Q3L8U1,135,train
Q9P2D1,135,train
Q9HCK8,135,train
Q68DQ2,136,train
Q9NR48,137,train
O15417,138,train
O43149,139,train
O95359,140,train
Q8NFP9,141,train
P50851,141,train
Q02388,142,train
P02462,142,train
P08572,142,train
P29400,142,train
Q01955,142,train
P53420,142,train
Q14031,142,train
O15050,143,train
Q6V1P9,144,train
P35556,145,train
P35555,145,train
Q75N90,145,train
Q9Y520,146,train
Q6ZQQ6,147,val
P15924,148,train
Q5D862,149,train
Q86YZ3,149,train
Q8TDX9,150,val
Q7Z7M0,151,train
P25054,152,train
O15018,153,train
P21359,154,train
Q9NR99,155,train
P04275,156,test
Q12802,157,train
Q9Y493,158,train
P0CG35,158,train
Q6KC79,159,train
P78559,160,test
O95071,161,train
Q9BXT5,162,train
O75691,163,train
Q9P273,164,train
Q9UKZ4,164,train
Q9NT68,164,train
Q6N022,164,train
P01266,165,test
Q14571,166,train
Q14643,166,train
Q14573,166,train
Q6ZNJ1,167,train
Q9H5I5,168,train
Q9UQ35,169,train
P21333,170,train
Q14315,170,train
O75369,170,train
O60281,171,test
P15822,172,test
Q8IYW2,173,val
Q9UMN6,174,train
Q02224,175,train
Q96L73,176,train
O96028,176,train
Q6ZS30,177,train
Q7Z333,178,train
Q92616,179,train
Q6UB99,180,train
Q9BYK8,181,train
Q13535,182,test
Q9P281,183,train
Q9P2D8,184,train
Q99973,185,val
A6H8Y1,186,train
Q9Y2H9,187,train
Q6P0Q8,187,train
O60307,187,train
O15021,187,train
Q6WRI0,188,train
Q9UPU5,189,train
A6NMZ7,190,train
A8TX70,190,train
Q9ULT8,191,train
Q8IWZ3,192,train
O75179,192,train
Q9C0D2,193,train
Q86UK0,194,train
O75417,195,train
Q9HCE0,196,train
Q9C0A1,197,train
Q9NY15,198,train
O00507,199,val
Q93008,199,val
Q8IUG5,200,train
Q9H254,201,train
Q9BYW2,202,test
P0DPK3,203,test
P46531,203,test
Q9UM47,203,test
Q04721,203,test
Q8WWQ8,204,test
P42345,205,train
B2RTY4,206,train
Q9Y490,207,train
Q9Y4G6,207,train
Q15652,208,test
Q68DK2,209,train
Q8TEP8,210,train
P16112,211,train
Q5S007,212,test
Q92508,213,train
Q8IWT3,214,test
Q2M2H8,215,train
O43451,215,train
P14410,215,train
Q9Y618,216,val
P49327,217,train
O00555,218,test
Q96JM2,219,train
P46100,220,train
P11717,221,train
Q8IVL1,222,train
Q12923,223,train
Q96AY4,224,train
O15078,225,train
Q5UIP0,226,train
Q13813,227,test
P46821,228,train
Q5JWR5,229,test
Q7Z442,230,train
Q13085,231,train
O00763,231,train
Q8NDH2,232,train
P31629,233,train
Q96JI7,234,train
Q9BV73,235,train
Q92793,236,test
Q09472,236,test
O75376,237,train
Q6W4X9,238,train
Q9BZC7,239,train
Q5VWN6,240,train
P18583,241,train
Q7Z2Y8,242,train
P02549,243,train
Q9UGM3,244,train
O43866,244,train
Q5T1R4,245,train
Q8IWN7,246,train
Q01082,247,test
P11277,247,test
O15020,247,test
P02751,248,train
Q8IVL0,249,val
Q9H4A3,250,train
O95180,251,train
O43497,251,train
A5YKK6,252,train
A2RRP1,253,train
Q6PRD1,254,train
Q9H2D6,255,train
P12270,256,val
O15027,257,train
Q9HCK1,258,train
Q4AC94,259,train
A6NE01,260,train
P00451,261,train
P08922,262,train
Q96KF2,262,train
Q5VU43,263,train
Q8NG31,264,train
Q9H6A9,265,train
Q96RV3,265,train
A6NKB5,265,train
Q00975,266,train
Q15878,266,train
Q6P2Q9,267,train
Q3ZCN5,268,train
Q7Z7A1,269,train
Q6UVK1,270,train
Q6RI45,271,train
Q9NSI6,271,train
Q8WWQ0,271,train
Q13023,272,val
P23470,273,test
P23471,273,test
O95996,274,train
Q9P212,275,test
Q9Y3R5,276,train
Q9Y3S1,277,train
Q07864,278,train
O14497,279,train
Q5VUA4,280,train
O95477,281,train
P78363,281,train
O60287,282,test
Q8WYP5,283,train
Q9Y2F5,284,train
Q9NTG1,285,test
Q9C0G0,286,train
Q9C0F0,287,train
Q68DE3,288,train
O75165,289,val
Q9H869,290,test
Q3T8J9,290,test
Q9BTC0,291,val
Q8NFD5,292,train
Q14667,293,train
Q13439,294,train
Q5JSZ5,295,train
Q86VV8,296,train
P27708,297,train
P31327,297,train
P12259,298,train
Q9P0X4,299,train
Q6Q759,300,val
Q13936,301,val
Q01668,301,val
Q9Y6J0,302,train
Q13402,303,train
Q8NB66,304,train
O14795,304,train
Q9UPW8,304,train
Q92673,305,train
O95425,306,test
Q7Z5N4,307,train
Q58EX2,307,train
Q9UHV7,308,train
Q71F56,308,train
P50748,309,train
Q8N3C0,310,train
P24821,311,test
Q8N201,312,train
Q96BY6,313,train
Q5H8C1,314,train
Q5TH69,315,train
Q93074,316,train
Q86YW9,316,train
Q86TB3,317,train
Q99102,318,train
Q9UIF8,319,train
Q9Y566,320,train
Q13459,321,train
P48634,322,val
Q5VYJ5,323,train
P56715,324,train
O75443,325,train
Q5THK1,326,train
P49750,327,train
Q8IZY2,328,test
Q9H583,329,train
Q96HP0,330,test
Q96N67,330,test
O75643,331,test
Q8NFU7,332,val
Q9ULL4,333,train
O43157,333,train
Q14674,334,val
Q6PIF6,335,val
Q14980,336,test
Q12789,337,val
Q2KJY2,338,train
Q86YA3,339,train
Q5HYC2,340,train
P42356,341,train
A4QPH2,341,train
Q8NF50,342,train
Q9Y2I7,343,test
O60522,344,val
P35658,345,test
Q8N4C6,346,train
Q14676,347,train
A7KAX9,348,train
Q9NZM1,349,train
O75923,349,train
E9PAV3,350,train
Q9BZK3,350,train
Q9H009,350,train
Q13765,350,train
Q96BY7,351,train
Q5JSL3,352,val
Q9BZ29,352,val
Q8WYB5,353,test
Q86XA9,354,val
Q9P2D3,354,val
O75970,355,train
O00468,356,train
Q8IVV2,357,train
Q14686,358,train
Q96PE2,359,train
Q6UB98,360,train
Q9HD67,361,train
A0AVI2,362,train
Q92614,363,train
O60469,364,val
Q8TD84,364,val
Q8IYD8,365,train
Q92576,366,train
P17927,367,test
Q2VPA4,367,test
Q6GYQ0,368,test
P51610,369,train
Q9Y5Z7,369,train
Q92817,370,train
Q14008,371,train
Q8IZD9,372,train
Q8N1I0,372,train
Q9P219,373,train
Q3V6T2,373,train
O14578,374,train
P53804,375,train
Q15154,376,val
Q9BX84,377,train
Q5TZA2,378,train
Q15858,379,train
P35499,379,train
P35498,379,train
Q14524,379,train
Q9NY46,379,train
Q9UQD0,379,train
Q99250,379,train
Q38SD2,380,train
Q92621,381,test
A6NHR9,382,val
Q92794,383,train
Q99466,384,train
Q7RTP6,385,train
O94851,385,train
Q6N021,386,train
Q12873,387,train
Q8TDI0,387,train
Q14839,387,train
P23467,388,train
Q9HC10,389,train
Q2WGJ9,389,train
Q8TF72,390,train
P35749,391,val
P35579,391,val
P35580,391,val
Q7Z406,391,val
Q14669,392,train
Q9C0D5,393,train
Q9HCD6,393,train
O60293,394,train
Q8NEV8,395,train
Q68DN1,396,train
Q9Y623,397,val
P13533,397,val
Q9UKX3,397,val
Q9Y2K3,397,val
Q9H6N6,397,val
P12882,397,val
P13535,397,val
A7E2Y1,397,val
P12883,397,val
P11055,397,val
Q9UKX2,397,val
Q9UKL3,398,train
O60318,399,train
Q15643,400,train
Q14966,401,train
Q12888,402,train
P24928,403,train
Q6ZMW3,404,train
Q05BV3,404,train
Q9UPS6,405,train
Q8NDV7,406,train
Q9UGU0,407,val
Q5T5U3,408,train
Q6YHU6,409,train
Q9HCM3,410,train
Q4ZG55,411,train
P18433,412,train
P10586,412,train
Q13332,412,train
P23468,412,train
P23469,412,train
Q9H1A4,413,train
Q5T5P2,414,train
Q07283,415,train
P42694,416,train
Q562E7,417,train
A6QL64,418,train
Q8N2N9,418,train
Q5JPF3,418,train
Q2TAZ0,419,train
Q9P2N4,420,train
P59510,420,train
P09848,421,train
Q9H227,421,train
Q6ZU64,422,train
Q9Y4D7,423,train
Q9C091,424,train
Q9UPY3,425,val
Q8TDM6,426,train
Q9P2E3,427,train
Q15746,428,train
Q13129,429,train
Q5TCS8,430,train
Q7Z2Z1,431,train
O14513,432,train
Q7Z401,433,test
Q5VZ89,433,test
Q5JRA6,434,train
Q96L96,435,train
Q7Z5J4,436,train
Q9Y4B5,437,train
Q5TF21,437,train
O75096,438,train
Q9UIF9,439,train
A3KMH1,440,train
Q9UKA4,441,train
Q9P2P1,442,train
O75147,443,train
P51805,444,train
Q9UIW2,444,train
O75051,444,train
Q9HCM2,444,train
Q4ZHG4,445,train
Q96SN8,446,test
Q5VU65,447,train
Q8TEM1,447,train
Q6ZT12,448,train
Q8IZJ3,449,train
Q92545,450,val
Q9H2Y7,451,train
Q9ULI4,452,train
P16157,453,test
Q8NEY1,454,train
Q13698,455,train
Q8N7Z5,456,train
Q2PPJ7,457,train
Q8IZX4,458,val
P21675,458,val
Q14690,459,train
Q14185,460,test
Q92608,460,test
Q9H7D0,460,test
Q86WG5,461,test
O95248,461,test
Q86WI3,462,train
Q96QT4,463,test
P38398,464,train
P29122,465,train
Q92824,465,train
P16519,465,train
P29120,465,train
P09958,465,train
Q92538,466,train
Q9Y6X6,467,train
Q9P242,467,train
Q8IZD2,468,train
O95153,469,train
Q9ULV0,470,train
Q9Y4I1,470,train
Q9NQX4,470,train
Q96MT7,471,train
Q9Y6D6,472,train
Q9Y6D5,472,train
O14981,473,train
Q6ZVL6,474,train
Q5VYK3,475,train
Q9UL36,476,val
Q96QE3,477,train
Q14997,478,test
Q702N8,479,train
O15031,480,train
P02452,481,train
P02458,481,train
P05997,481,train
P12107,481,train
Q5TAT6,481,train
P08123,481,train
P02461,481,train
Q9BXS0,481,train
P20908,481,train
P25940,481,train
A7E2V4,482,train
Q68CP9,483,train
Q8IY92,484,train
Q9UPQ9,485,train
O15015,486,train
O14646,487,train
O14647,487,train
P11137,488,train
Q9NQT8,489,train
Q9H1H9,489,train
P55196,490,train
Q16363,491,train
Q9C093,492,test
P16144,493,train
Q14767,494,test
Q96Q89,495,train
Q96RT7,496,train
P52948,497,train
O60333,498,val
Q12756,498,val
Q69YN4,499,train
Q5JV73,500,val
P49815,501,train
Q9BY89,502,train
Q9P2F8,503,train
O60292,503,train
O43166,503,train
Q460N5,504,train
Q5VW36,505,train
Q8NI35,506,test
Q9BYP7,507,train
P55268,508,train
P07942,508,train
Q05707,509,train
A9Z1Z3,510,test
D6RIA3,511,train
Q7Z6E9,512,train
Q9BXP8,513,train
Q13219,513,train
Q9UI33,514,train
M0R2J8,515,val
Q02952,516,val
Q9ULH0,517,train
Q86UW6,518,train
O94822,519,train
Q8N6G6,520,train
P82987,520,train
Q7LBC6,521,train
A4D0S4,522,train
Q86V15,523,train
O60437,524,train
Q8IWV8,525,train
Q8IWV7,525,train
Q6W2J9,526,train
P39060,527,test
Q5SRE5,528,test
Q76NI1,529,train
Q9UG01,530,train
Q07157,531,train
Q96KV7,532,val
Q9HCM1,533,val
Q9H792,534,val
P0C0L4,535,train
P0C0L5,535,train
Q9ULI1,536,train
Q9Y4F3,537,train
Q8IZF0,538,train
Q2KHR3,539,train
Q9HBL0,540,train
Q5VT25,541,train
Q9Y5S2,541,train
Q09013,541,train
Q9HCF6,542,val
Q7Z4N2,542,val
Q9BYB0,543,train
Q86VF7,544,train
Q9C0C2,545,train
Q7KZ85,546,train
Q9UKK3,547,val
Q8N1P7,548,test
Q9Y4K1,548,test
Q96JM4,549,train
Q9NZ56,550,train
O60449,551,train
Q14766,552,train
Q15811,553,train
Q9NZM3,553,train
O95602,554,train
Q9Y4F4,555,train
Q13029,556,train
Q7Z3U7,557,train
O60346,558,train
Q6ZVD8,558,train
Q17RW2,559,val
Q5H9U9,560,train
Q8IY21,560,train
Q9HDB5,561,train
P58401,561,train
Q9Y4C0,561,train
Q9ULB1,561,train
P58400,561,train
Q9P2S2,561,train
Q5H9F3,562,train
Q6NSI1,563,train
Q9UPS8,563,train
O94986,564,train
Q9BZZ2,565,train
Q9ULL0,566,train
Q6R327,567,train
O15047,568,test
Q8IZH2,569,train
Q8N1W1,570,train
Q8WZ64,571,train
Q99758,572,val
Q9P1Z9,573,val
Q8IVF5,574,train
Q2M3C7,575,train
Q14999,576,train
O75038,577,train
Q4KWH8,577,train
Q86UR5,578,val
Q9UJD0,578,val
Q8N9V7,579,val
Q9HCJ0,580,train
Q9BY66,581,train
P29375,581,train
Q9UGL1,581,train
P41229,581,train
Q86U86,582,test
Q92766,583,train
P52746,584,train
O00443,585,train
O00750,585,train
P58397,586,train
Q9UKP4,586,train
P52179,587,test
Q70EL1,588,train
Q8IWJ2,589,train
Q8WWI1,590,train
Q149N8,591,train
P63313,592,test
Q01118,592,test
Q5JPB2,593,train
P01031,594,train
Q00610,595,train
P53675,595,train
A6NES4,596,train
O75037,597,train
Q7Z4S6,597,train
Q9Y6Y1,598,train
Q9UK61,599,train
Q5T200,600,train
Q8N7X0,601,train
Q8NDM7,602,test
Q5VV67,603,val
Q9H0J4,604,train
Q8WZ74,605,val
P01024,606,test
O43151,607,train
Q70Z35,608,train
Q8TCU6,608,train
Q9C0I4,609,train
Q9UPZ6,609,train
Q96Q42,610,val
P46940,611,train
Q86VI3,611,train
Q13576,611,train
H7BZ55,612,train
Q6T4R5,613,train
Q9HCK4,614,train
Q9Y6N7,614,train
O95785,615,train
Q9P1Y6,616,val
Q9P2K8,617,train
Q15058,618,train
Q8WXG6,619,train
P51531,620,train
P51532,620,train
Q5TAX3,621,train
O15054,622,train
Q8IUA7,623,train
Q8WWZ7,623,train
Q8NDA8,624,train
Q9UFD9,625,train
A6NNM3,625,train
Q9H3S7,626,train
Q96QE4,627,val
O60309,627,val
Q9BTT6,628,train
Q14160,628,train
P11388,629,train
Q02880,629,train
Q8NFW1,630,train
Q8N2S1,631,train
Q9BXT8,632,val
A6NE52,633,train
P48681,634,train
Q13395,635,train
Q9P2K1,636,test
P29376,637,val
Q9UM73,637,val
O60303,638,train
Q8N139,639,train
Q4W5N1,639,train
Q8WWZ4,639,train
O94911,639,train
Q8NEV4,640,train
Q8WXR4,640,train
Q13796,641,train
P26358,642,train
O75197,643,val
O75581,643,val
Q5SYE7,644,val
Q96PN6,645,train
A2VDJ0,646,train
O95631,647,train
P11047,647,train
Q9Y6N6,647,train
Q9Y6R4,648,train
Q96RK0,649,train
Q76N89,650,train
Q9P2P5,650,train
Q8NFA0,651,train
P35125,651,train
Q07092,652,train
O75140,653,test
Q5TGY3,654,train
Q5T5Y3,655,train
Q9Y4G8,656,val
Q8TEU7,656,val
Q04637,657,train
O43432,657,train
Q8IW93,658,train
Q12774,658,train
A5YM69,658,train
Q9Y6X0,659,train
Q8TDY2,660,train
Q8NI27,661,train
P56381,661,train
Q13009,662,val
Q8N2E2,663,test
Q9Y4F5,664,train
Q5K651,665,train
Q8IVG5,665,train
Q9GZU2,666,test
Q9NZV7,666,test
P10070,667,train
Q7Z745,668,val
O60241,669,train
Q5SW79,670,val
Q96L14,670,val
O60242,671,train
O14514,671,train
Q9C0B2,672,test
Q7Z2Y5,673,train
O60706,674,train
Q09428,674,train
Q15648,675,val
P10071,676,train
Q5SYB0,677,val
Q6XZF7,678,train
Q9P265,679,train
Q9Y2E4,679,train
Q14689,679,train
Q6ZQQ2,680,train
A1L4H1,681,train
O15056,682,test
O43426,682,test
O60486,683,val
Q6ZWJ8,684,train
Q9P2R6,685,train
O15061,686,train
Q149M9,687,train
Q6PGP7,688,train
O15069,689,train
Q96JN8,690,train
Q5T890,691,train
Q9NZM4,692,train
Q9ULG1,693,train
Q9NRL2,694,val
O94913,695,train
Q9NYU2,696,train
Q9NYU1,696,train
Q6DT37,697,train
Q9NRD9,698,train
Q9NRD8,698,train
Q5VZL5,699,train
O95789,699,train
Q92887,700,val
P33527,700,val
O15438,700,val
Q8WWN8,701,train
Q9NZN5,702,train
Q9NRJ4,703,train
O75095,704,train
Q8IXJ9,705,train
Q7Z3T8,706,val
Q7Z460,707,train
O75122,707,train
Q12766,708,val
Q96NW7,709,train
Q8TEK3,710,train
O75094,711,train
O94813,711,train
O75093,711,train
Q9BVV6,712,train
P35573,713,train
O94916,714,train
Q96JP2,715,train
Q5RHP9,716,train
Q9BX26,717,train
Q96QB1,718,train
Q92502,718,train
Q9Y3M8,718,train
Q14146,719,train
Q96F81,720,val
Q8N3D4,721,train
Q92547,722,train
O15085,723,train
Q8TER5,724,train
O60336,725,train
O43379,725,train
Q5QGS0,726,train
Q8N2Y8,727,train
Q9P2D6,728,test
Q13233,729,train
Q14004,730,train
P50750,730,train
Q9NYV4,730,train
Q9ULD9,731,val
P07814,732,train
Q8TEQ6,733,train
Q9Y4B6,734,train
P57071,735,train
P39880,736,train
Q13948,736,train
Q9Y2I1,737,train
Q8IWU2,738,train
O95255,739,test
O94759,740,train
A4FU69,741,train
Q13017,742,test
Q9NRY4,742,test
Q9UKJ3,743,train
Q5THR3,744,train
P35670,745,train
Q04656,745,train
O94823,746,train
Q9P241,746,train
O60312,746,train
Q86UU0,747,test
Q08378,748,train
P42695,749,train
Q8IWB6,750,val
Q9UMD9,751,train
O75064,752,train
Q5VYS8,753,train
Q86X10,754,test
Q9P267,755,train
Q8IVE3,756,train
Q9ULM0,756,train
Q9ULL8,757,test
P0DP91,758,test
Q03468,758,test
Q5T3U5,759,train
Q96QZ7,760,train
Q9P227,761,train
Q9Y4E6,762,val
Q08AD1,763,train
Q13428,764,train
Q6DN90,765,train
Q5JU85,765,train
O14529,766,train
O60306,767,train
Q12879,768,train
Q13224,768,train
Q14957,768,train
O15399,768,train
Q9BXF3,769,train
Q6AHZ1,770,train
Q9UIG0,771,train
P20742,772,train
P01023,772,train
Q5TCQ9,773,test
P13569,774,train
Q9UBG0,775,test
Q92626,776,test
Q14C86,777,train
Q9BQS8,778,train
A6NC98,779,train
P49790,780,train
O95490,781,train
O94910,781,train
Q9HAR2,781,train
Q9C000,782,train
Q9Y2G2,782,train
Q9UPX8,783,train
Q5SXM2,784,train
Q5SNV9,785,train
Q9Y4B4,786,train
Q5VTT5,787,train
P54296,787,train
Q15596,788,train
A0JNW5,789,test
Q6BDS2,789,test
Q13018,790,train
Q99590,791,train
P30414,792,train
Q6ZNL6,793,train
P09884,794,test
Q96RY7,795,train
Q92859,796,test
P43146,796,test
Q9BXM0,797,train
Q5VT52,798,train
Q96Q04,799,train
Q9UPV0,800,train
Q6P1J6,801,train
Q9ULI0,802,train
Q6PL18,802,train
P22897,803,val
Q86UL8,804,train
O15360,805,train
O60244,806,test
Q5T9S5,807,train
A8K2U0,808,train
Q6ZRR7,809,train
Q86VB7,810,train
Q9NR16,810,train
Q9UHC1,811,train
P28827,812,test
Q92729,812,test
O14522,812,test
Q9BXW9,813,train
Q6ZP82,814,train
Q96P48,815,train
Q13635,816,train
Q29RF7,817,train
Q9NTI5,817,train
O14924,818,test
O43665,818,test
O75747,819,train
Q6YHK3,820,train
Q6ZUB1,821,test
Q68CZ2,822,train
Q2M1Z3,823,train
Q5VXU9,824,train
Q10570,825,val
Q9C0A6,826,train
Q15788,827,train
Q96T23,828,train
Q15262,829,train
Q7Z591,830,train
P30622,831,train
Q9UDT6,831,train
Q9BZ95,832,val
O15440,833,train
Q12769,834,train
Q9Y2L5,835,test
Q711Q0,836,train
A2PYH4,837,train
Q76L83,838,train
Q6F5E8,839,train
P29475,840,train
P29474,840,train
Q7Z5J8,841,train
O43314,842,train
Q6PFW1,842,train
Q14191,843,train
Q6IE36,844,train
Q8WXD9,845,val
Q8WXE0,845,val
Q9UNF1,846,test
Q12816,846,test
O43293,847,train
Q9UIK4,847,train
P53355,847,train
Q6ZV73,848,train
Q9H6S0,849,val
Q9ULJ7,850,train
Q5VV63,851,train
O75882,851,train
Q8N3P4,852,train
Q14207,853,train
Q3MJ40,854,train
Q6NUI1,854,train
Q8IYA2,854,train
A2RUR9,854,train
Q76LX8,855,train
O75161,856,train
O00512,857,val
O95405,858,train
Q9Y6Q9,859,train
Q4ADV7,860,train
O94964,861,train
Q8WYL5,862,train
Q76I76,862,train
Q2V2M9,863,train
Q9ULM3,864,train
Q86US8,865,train
Q68DA7,866,train
P54132,867,test
Q9BZF9,868,train
Q8TER0,869,train
B1AJZ9,870,train
Q86UF2,871,train
Q96PC5,871,train
Q96RT6,871,train
Q8IX94,871,train
A4FU28,871,train
Q96RT1,872,val
Q9UQ26,873,train
Q9H426,873,train
O15014,874,train
O15040,875,train
Q15075,876,train
Q9P2E9,877,train
Q7Z3K3,878,val
Q63HR2,879,test
Q86YV5,880,train
Q49AJ0,881,train
P82279,882,train
Q9NXG0,883,train
Q92954,884,val
Q13075,885,train
Q5TB80,886,train
A7MBM2,887,train
Q86VH2,888,train
O14607,889,train
O15550,889,train
Q6P2E9,890,train
Q15021,891,test
Q04912,892,train
Q9BY12,893,train
Q9BXX3,894,train
Q9BXX2,894,train
Q8WWL7,895,train
Q92628,896,val
Q96D09,897,train
Q5JY77,897,train
P42704,898,test
Q9BWH6,899,train
Q9H2M9,900,train
A3KN83,901,train
Q9P2K9,902,train
O75694,903,train
O14802,904,val
P08581,905,train
O75116,906,train
Q13464,906,train
Q9NS87,907,train
Q8NET4,908,train
P39059,909,train
Q9H7P9,910,train
Q96MS0,911,train
Q6P158,912,train
Q96M83,913,train
Q9ULL1,914,train
P78357,915,train
Q8WX93,916,train
Q9UHN6,917,train
Q9Y2I6,918,train
Q14152,919,train
Q8NDG6,920,train
P06213,921,val
P08069,921,val
Q9ULI3,922,test
O75976,923,train
P14384,923,train
Q96HA7,924,train
Q86UU1,925,train
Q9UBW7,926,train
Q8IY17,927,train
Q6ZV29,927,train
Q14112,928,test
Q96K76,929,train
Q6ZN16,930,train
Q99683,930,train
O95382,930,train
Q6ZMQ8,931,train
Q9NRR4,932,train
Q8ND23,933,train
Q5VZK9,934,train
Q14202,935,train
Q5JR59,936,test
O15013,937,val
Q9HCE6,937,val
Q7Z478,938,val
Q5T7B8,939,test
Q9ULK4,940,train
Q9Y2G9,941,val
Q2KHR2,942,train
P35968,943,train
P35916,943,train
Q15059,944,train
O60885,944,train
Q6ZSZ5,945,train
Q8WUJ3,946,test
P52701,947,train
O95819,948,train
Q9UKE5,948,train
Q8N4C8,948,train
Q96J65,949,train
Q9UHC9,950,train
Q9P266,951,test
Q99570,952,val
A6NKG5,953,train
Q92752,954,test
Q96Q06,955,train
Q86UP2,956,train
Q8TEW0,957,train
Q12767,958,train
Q9ULU8,959,train
Q86UW7,959,train
O60503,960,train
Q9P2D0,961,train
Q70CQ4,962,train
Q14678,963,test
Q9BZ72,964,train
A4D1E1,965,val
Q9UPX0,966,train
Q9BZA7,967,test
Q9BZA8,967,test
Q9HC56,967,test
Q92823,968,train
O94856,968,train
Q6ZU65,969,val
Q9H6K5,970,train
Q9H0D2,971,val
Q8IZF2,972,train
Q2M1P5,973,train
Q96PV0,974,test
P21860,975,train
P00533,975,train
P04626,975,train
Q15303,975,train
Q8NEZ3,976,train
Q9H4Z2,977,train
Q9Y4E1,978,train
Q641Q2,978,train
Q9UKV3,979,train
O14525,980,train
O75129,980,train
Q9HAW4,981,train
Q9HC77,982,train
P17948,983,train
O15067,984,val
P47989,985,train
Q06278,985,train
Q8IWK6,986,train
Q96PE1,986,train
Q9Y4H2,987,test
Q12913,988,train
Q8TE82,989,train
Q04118,990,train
Q9C0J8,990,train
Q9UPT6,991,test
O60271,991,test
Q9Y2K7,992,train
Q8NHM5,992,train
Q8N6C5,993,train
Q8N122,994,val
Q07889,995,train
Q07890,995,train
O95163,996,train
Q14005,997,train
Q9UHC6,998,train
Q9BZ76,998,train
Q9C0A0,998,train
Q8WYK1,998,train
Q7Z494,999,train
Q9HCH0,1000,train
Q56UN5,1001,test
Q9NVI1,1002,val
Q9BQG0,1003,train
O95271,1004,train
Q9H2K2,1004,train
Q9H582,1005,train
Q6TFL3,1006,train
O15439,1007,train
Q6R2W3,1008,train
Q9H9J4,1009,train
Q9BXA9,1010,train
Q9NSC2,1010,train
Q96RG2,1011,test
Q7Z589,1012,train
Q14CM0,1013,test
Q8IZU2,1014,train
O14594,1015,train
Q9Y2K2,1016,train
Q9Y4C1,1017,train
Q5TCY1,1018,train
O95342,1019,train
P21439,1019,train
P08183,1019,train
Q86TC9,1020,train
Q10571,1021,train
Q96PU5,1022,test
P46934,1022,test
Q5DID0,1023,train
O94966,1024,train
Q6P2S7,1025,val
Q96L93,1026,train
Q7Z4L5,1027,train
Q68CZ1,1028,train
Q9NRP7,1029,train
Q5XPI4,1030,train
Q9UMZ2,1031,train
Q99700,1032,train
Q4LE39,1033,train
Q92878,1034,test
Q9H7N4,1035,train
O14976,1036,test
Q96K83,1037,train
Q2M1K9,1037,train
P51816,1038,val
Q9BYE9,1039,train
Q68DX3,1040,train
O75153,1041,train
Q86UK5,1042,train
P08575,1043,train
P12821,1044,train
O75533,1045,train
Q9NS15,1046,train
Q9UPT8,1047,train
Q0VF96,1048,train
O95155,1049,val
Q9HCE3,1050,train
O15090,1051,train
O43520,1052,train
O60423,1052,train
Q6P4R8,1053,train
Q9UQP3,1054,train
Q6Y7W6,1055,val
Q96KQ7,1056,train
Q9H9B1,1056,train
O60343,1057,train
Q9C0C7,1058,train
Q5JTH9,1059,train
Q9UM54,1060,val
Q9BX66,1061,val
Q9C0C9,1062,train
Q15047,1063,train
O94854,1064,train
O15534,1065,train
P16885,1066,train
P19174,1066,train
A6NGG8,1067,train
O14841,1068,train
Q8TF17,1069,train
Q9NTJ3,1070,train
Q6ZUT9,1071,train
Q6IQ26,1071,train
O14559,1072,train
Q15468,1073,train
Q4KMG0,1074,train
Q96KN7,1075,train
Q5IJ48,1076,test
Q9P218,1077,train
O43933,1078,train
Q6WKZ4,1079,train
Q14692,1080,train
Q6EMB2,1081,val
Q9UHF7,1082,test
A6NHJ4,1083,train
Q14590,1083,train
A2RRD8,1083,train
Q6ZMV8,1083,train
Q14587,1083,train
Q14593,1083,train
Q5MCW4,1083,train
Q6ZN19,1083,train
Q8TF20,1083,train
Q8NEM1,1083,train
P17038,1083,train
Q02386,1083,train
Q86YE8,1083,train
Q9UK13,1083,train
Q9UII5,1083,train
Q96SE7,1083,train
Q96IR2,1083,train
Q9H8G1,1083,train
Q2M3X9,1083,train
Q9P255,1083,train
Q9HCL3,1083,train
Q03924,1083,train
Q8NB50,1083,train
P52744,1083,train
Q8TAQ5,1083,train
Q8IYN0,1083,train
Q8TF32,1083,train
Q96MU6,1083,train
Q86XU0,1083,train
Q32M78,1083,train
O75290,1083,train
Q96H40,1083,train
Q8TD23,1083,train
Q6ZNG1,1083,train
Q9UC06,1083,train
O14628,1083,train
Q2M3W8,1083,train
Q8N823,1083,train
A8MQ14,1083,train
Q6ZN06,1083,train
Q03923,1083,train
Q05481,1083,train
Q86Y25,1083,train
Q8N7M2,1083,train
Q9UK10,1083,train
P0DKX0,1083,train
P0CB33,1083,train
A6NN14,1083,train
Q6ZN08,1083,train
Q86XN6,1083,train
Q03938,1083,train
P35789,1083,train
B4DX44,1083,train
P17035,1083,train
Q8N8J6,1083,train
O95780,1083,train
A8MUV8,1083,train
Q8WXB4,1083,train
Q6P3V2,1083,train
Q2VY69,1083,train
Q9H7R5,1083,train
Q6ZNA1,1083,train
Q8N9Z0,1083,train
Q6PF04,1083,train
Q8IYB9,1083,train
Q8NE65,1083,train
Q8IW36,1083,train
P51508,1083,train
Q5HY98,1083,train
O75437,1083,train
Q9UJW7,1083,train
Q5SXM1,1083,train
Q5JVG8,1083,train
Q9Y2Q1,1083,train
Q0VGE8,1083,train
Q9NYT6,1083,train
Q96N58,1083,train
Q14588,1083,train
Q3SXZ3,1083,train
A8MTY0,1083,train
A6NNF4,1083,train
Q9P2J8,1083,train
B4DXR9,1083,train
Q9NV72,1083,train
Q96JC4,1083,train
Q5JVG2,1083,train
Q08AN1,1083,train
Q6ZR52,1083,train
Q8N4W9,1083,train
Q96LW1,1083,train
Q9Y473,1083,train
O43345,1083,train
Q3ZCX4,1083,train
P17025,1083,train
Q9UJU3,1083,train
A6NK75,1083,train
Q96NG8,1083,train
P0DPD5,1083,train
Q6PDB4,1083,train
P0CJ79,1083,train
Q9NSJ1,1083,train
Q8N782,1083,train
O75820,1083,train
P17019,1083,train
Q8WV37,1083,train
Q8N859,1083,train
A6NP11,1083,train
Q96JF6,1083,train
Q15928,1083,train
Q9HCG1,1083,train
Q96N38,1083,train
Q86UE3,1083,train
O75373,1083,train
P17097,1083,train
Q7L2R6,1083,train
Q03936,1083,train
Q14586,1083,train
Q5VIY5,1083,train
Q9NZL3,1083,train
Q12770,1084,train
Q9UPP5,1085,train
O15118,1086,train
Q14203,1087,train
Q7L576,1088,train
Q96F07,1088,train
O95428,1089,test
Q9HAZ2,1090,test
O00370,1091,train
Q8IV33,1092,train
Q96C45,1093,train
Q5TIA1,1094,test
Q14896,1095,train
Q5VU97,1096,test
Q92797,1097,train
Q96ST3,1098,train
Q13972,1099,train
O14827,1099,train
O60610,1100,train
Q9HAU5,1101,train
P11274,1102,train
Q12979,1102,train
Q96PX9,1103,train
Q9UPN6,1104,train
Q5KSL6,1105,train
Q9ULD2,1106,train
Q6VMQ6,1107,train
Q08211,1108,train
Q13045,1109,val
Q8WXC6,1109,val
Q96RY5,1110,train
Q00341,1111,train
O95486,1112,train
O95487,1112,train
P69849,1113,train
Q15155,1113,train
Q5JPE7,1113,train
Q92610,1114,val
O95759,1115,train
Q6ZT07,1115,train
Q66K14,1115,train
Q99707,1116,train
Q562F6,1117,train
P78312,1118,train
Q8NE09,1119,train
P26640,1120,train
Q5ST30,1120,train
P41252,1121,val
Q52LW3,1122,train
O95622,1123,train
O43306,1123,train
O75128,1124,train
P48553,1125,train
P28290,1126,train
Q8WXX7,1127,train
Q96PY6,1128,train
P0CL83,1129,train
Q8N3U4,1129,train
Q9UJ98,1129,train
Q8WVM7,1129,train
Q92835,1130,train
O15357,1130,train
O75334,1131,train
Q13136,1131,train
Q96NH3,1132,test
P29374,1133,train
Q2M3G0,1134,train
P32004,1135,train
O14654,1136,train
Q3T906,1137,test
Q1MSJ5,1138,train
P15941,1139,train
O15055,1140,val
Q9UBS9,1141,train
Q86SQ0,1142,train
Q9UBZ9,1143,train
P40145,1144,train
Q86VF2,1145,train
Q14028,1146,test
Q9NQW8,1146,test
Q2NKX8,1147,train
Q70E73,1148,train
Q7Z5R6,1148,train
Q96MR6,1149,train
Q8TDY8,1150,train
Q9UJ55,1151,train
Q96MG7,1151,train
P29144,1152,train
Q9P1Y5,1153,train
Q96HA1,1154,val
A6NF01,1154,val
A8CG34,1154,val
Q9BX63,1155,test
O14604,1156,train
Q27J81,1156,train
O14727,1157,train
Q7Z6G8,1158,val
P14543,1159,train
A6NM62,1160,train
P10745,1161,train
O75995,1162,train
Q9NSI8,1162,train
O94885,1162,train
Q15477,1163,train
Q92833,1164,train
Q00169,1165,train
P48739,1165,train
Q9BZ71,1165,train
O00562,1165,train
Q6IQ55,1166,test
Q96QP1,1167,train
Q9P243,1168,train
Q6ZRQ5,1169,test
Q96J92,1170,test
Q16720,1171,train
Q01814,1171,train
P20020,1171,train
P23634,1171,train
Q8N398,1172,train
A8K8P3,1173,train
P35568,1174,train
O60500,1175,train
Q9BZV3,1176,train
Q9HBG6,1177,train
P04920,1178,train
P48751,1178,train
Q9NUA8,1179,train
P54098,1180,train
Q3B7T1,1181,val
Q9Y219,1182,train
P78504,1182,train
Q8N1G0,1183,val
Q8NHU2,1184,train
Q86VP6,1185,train
O75155,1185,train
Q12791,1186,train
Q9H0E9,1187,train
Q9H2G2,1188,train
Q14683,1189,test
Q8NDV3,1189,test
Q9UL54,1190,train
Q9H2K8,1190,train
Q7L7X3,1190,train
Q9NVE5,1191,train
P46020,1192,test
P46019,1192,test
Q01970,1193,train
O95239,1194,train
Q2VIQ3,1194,train
Q6ZU35,1195,train
Q9HCE9,1196,test
Q8NDI1,1197,train
P08603,1198,train
Q9BXR6,1198,train
Q03591,1198,train
P36980,1198,train
O00411,1199,train
Q5JUK3,1200,train
Q6UVM3,1200,train
Q03112,1201,train
Q13201,1202,train
Q8IWY9,1203,test
Q92620,1204,train
Q5T481,1205,train
Q9UPW5,1206,train
P51826,1207,train
P55265,1208,train
Q9H7F0,1209,train
Q99569,1210,train
Q9UQB3,1210,train
Q9BZH6,1211,train
Q8TE57,1212,train
P53621,1213,val
Q6ZS17,1214,val
O95450,1215,train
Q8WXS8,1215,train
O15072,1215,train
Q96JH7,1216,train
Q96PQ0,1217,train
Q8WY21,1217,train
Q9UPU3,1217,train
Q8IX06,1218,train
Q8N1G1,1218,train
P0C843,1218,train
Q86SQ4,1219,train
Q9H5Z1,1220,test
O60231,1220,test
Q14562,1220,test
Q9H6R0,1220,test
O43143,1220,test
Q86XP1,1221,train
Q16760,1221,train
O94979,1222,train
Q9NQW1,1222,train
O60841,1223,train
Q5T1M5,1224,train
A1L390,1225,train
Q9NZ71,1226,train
Q2NKJ3,1227,train
Q9UQE7,1228,train
Q15393,1229,train
Q14687,1230,train
Q9NQ66,1231,test
Q00722,1231,test
Q9P260,1232,train
Q16827,1233,train
Q6ZMY3,1234,train
O15016,1235,test
Q9ULL5,1236,train
Q9P217,1237,test
Q9H7M6,1237,test
Q9HCJ5,1237,test
Q5T848,1238,train
Q9UBN7,1239,train
Q86Z02,1240,train
Q9H2X6,1240,train
Q9H422,1240,train
P0C2Y1,1241,train
Q86T75,1241,train
Q9H094,1241,train
Q6P3W6,1241,train
Q3BBV0,1241,train
P0DPF3,1241,train
Q3BBV2,1241,train
P55201,1242,val
O95696,1242,val
O60315,1243,train
Q9NZQ8,1244,test
Q8TD43,1244,test
Q6U841,1245,train
Q9Y6M7,1245,train
Q9Y6R1,1245,train
Q2Y0W8,1245,train
Q96Q91,1245,train
Q8TAQ2,1246,test
Q92922,1246,test
Q4L180,1247,train
Q7Z7B0,1247,train
P55017,1248,train
Q13621,1248,train
P55011,1248,train
Q8IZU8,1249,train
P41594,1250,val
Q13255,1250,val
Q9BXT6,1251,train
A4D2P6,1252,train
P51825,1253,test
Q7Z570,1254,train
Q5T8A7,1255,val
Q8TF62,1256,train
P98198,1256,train
O00533,1257,train
O94761,1258,train
Q9UNS1,1259,val
Q86Y13,1260,train
P01133,1261,train
Q8TE59,1262,train
Q8TEW8,1263,train
Q9ULD4,1264,train
Q53EP0,1265,train
Q9Y2H6,1265,train
Q9HAV4,1266,train
Q9H0H0,1267,train
Q53SF7,1268,val
Q9HD20,1269,train
Q9UL51,1270,test
Q9P1Z3,1270,test
Q9Y3Q4,1270,test
O60741,1270,test
Q504Q3,1271,train
O94983,1272,train
P56645,1273,train
Q96PN7,1274,train
Q5JYT7,1275,train
Q14679,1276,train
Q6P1X5,1277,train
Q13615,1278,test
Q9NYA4,1278,test
A2RUS2,1279,train
P49796,1280,train
P49798,1280,train
P57771,1280,train
P41220,1280,train
O15492,1280,train
O95347,1281,train
Q9P2M7,1282,train
Q9NS40,1283,test
Q12809,1283,test
Q9H252,1283,test
Q8N157,1284,train
Q8NAP3,1285,train
O75335,1286,train
O75145,1286,train
Q5VT97,1287,train
Q7L2E3,1288,train
O75054,1289,train
O60879,1290,train
Q9NSV4,1290,train
Q96R06,1291,train
Q13753,1292,train
Q6AWC2,1293,train
Q9NQC3,1294,train
Q9BTW9,1295,train
Q9UPQ3,1296,train
Q96P47,1296,train
Q99490,1296,train
Q58EX7,1297,val
Q5TC82,1298,test
Q9HBD1,1298,test
Q9P2F6,1299,train
Q7Z5K2,1300,val
Q9UDY2,1301,test
Q5VZ46,1302,train
P54259,1303,train
Q9UJF2,1304,train
Q5VWQ8,1304,train
Q8N5P1,1305,train
P61129,1305,train
O43593,1306,train
Q6PIJ6,1307,train
Q14865,1308,test
Q5T0Z8,1309,train
Q9UKX5,1310,train
Q9Y2Q0,1311,test
Q9NTI2,1311,test
Q15678,1312,train
Q16825,1312,train
P29597,1313,train
P23458,1313,train
O94812,1314,test
Q14671,1315,train
Q8TB72,1315,train
Q9UL68,1316,train
Q01538,1316,train
O60284,1316,train
Q86YC2,1317,train
P28715,1318,train
Q9ULU4,1319,train
Q5T5C0,1320,train
Q9Y2K9,1320,train
Q9NPG4,1321,test
A6NCI4,1322,train
P98095,1323,train
Q8IUL8,1324,train
O75339,1324,train
Q99550,1325,test
Q9C0H9,1326,train
P07947,1327,train
P08631,1327,train
P12931,1327,train
P42684,1327,train
P00519,1327,train
P09769,1327,train
P06241,1327,train
Q9UPP2,1328,train
Q9P2L0,1329,train
P17301,1330,train
Q13683,1331,train
P23229,1331,train
Q6AI08,1332,train
Q9BXT4,1333,train
Q0VF49,1334,train
Q9H0B3,1335,test
Q9NQ11,1336,train
Q9P2J2,1337,val
P56199,1338,train
Q6ZRV2,1339,train
P38570,1340,train
Q92896,1341,train
P11498,1342,test
Q9C0B9,1343,train
Q4G0N8,1344,train
Q587J7,1345,train
Q5TEA3,1346,train
P98196,1347,train
Q9Y2G3,1347,train
Q8NB49,1347,train
Q9P2J5,1348,train
Q15147,1349,test
P30876,1350,test
Q2M389,1351,train
Q8IX21,1352,train
Q6PD62,1353,test
Q63HM2,1354,train
Q6ZWH5,1355,val
Q13751,1356,train
P07996,1357,val
P35442,1357,val
P49746,1357,val
P35443,1357,val
P49747,1357,val
O75132,1358,train
Q96EV2,1359,train
P20701,1360,train
O60290,1361,train
Q9P2R3,1362,train
Q86TI0,1363,train
Q76FK4,1364,val
Q8TF40,1365,test
P48357,1366,train
Q7Z6L1,1367,train
Q9H7Z3,1368,train
Q9Y613,1369,test
Q92574,1370,train
Q92618,1371,test
P20702,1372,train
Q13349,1372,train
P11215,1372,train
Q9UHB7,1373,train
O75182,1374,train
Q9UNY4,1375,train
Q9NSY1,1376,train
Q5H9B9,1376,train
Q2M2I8,1376,train
O14917,1377,train
Q12768,1378,train
Q09MP3,1379,train
Q6ZRH7,1380,train
P48552,1381,train
Q9BQS7,1382,train
P00450,1382,train
Q8IUX7,1383,train
Q96SM3,1383,train
Q8N436,1383,train
Q9BV47,1384,train
Q5VZP5,1384,train
P51452,1384,train
Q8IY37,1385,val
Q8WUM0,1386,train
Q8IZL2,1387,val
Q96JN2,1388,train
Q9H257,1389,train
Q9BXL7,1389,train
Q8NEN9,1390,train
P35228,1391,train
Q7RTW8,1392,train
O14617,1393,train
P27816,1394,train
O43847,1395,train
Q9Y2G1,1396,train
Q8WW38,1397,train
Q9C0E2,1398,test
Q13591,1399,val
Q9P283,1399,val
P49641,1400,train
Q16706,1400,train
Q9NY47,1401,train
P54289,1401,train
Q2VWP7,1402,train
Q06190,1403,train
Q9Y5P8,1403,train
Q9UP95,1404,test
Q9Y666,1404,test
Q9H2X9,1404,test
Q9UHW9,1404,test
Q8IX12,1405,test
A8MYU2,1406,train
Q8TBY9,1407,train
Q8TAB3,1408,train
P35251,1409,train
Q96Q05,1410,train
Q2NKQ1,1411,train
Q9NQV6,1412,val
Q12772,1413,test
P36956,1413,test
O95104,1414,train
O75110,1415,train
O43861,1415,train
Q9H6R4,1416,train
Q8TF21,1417,test
O60266,1418,train
Q14147,1419,test
Q9C0D6,1420,train
Q9NXL9,1421,test
Q86XI2,1422,train
O60732,1423,train
Q9UBF1,1423,train
P43363,1423,train
Q96LZ2,1423,train
Q9NRM1,1424,train
Q5SVZ6,1425,train
Q14993,1426,train
Q4G0X9,1427,train
Q14432,1428,train
Q13370,1428,train
Q13203,1429,train
Q00872,1429,train
Q14324,1429,train
Q96AE7,1430,train
A6NNT2,1431,train
A6BM72,1432,train
Q96KG7,1432,train
Q16531,1433,val
Q8NB25,1434,train
Q66GS9,1435,val
P28749,1436,train
Q08999,1436,train
A6NJU9,1437,train
O75200,1437,train
A6NHN6,1437,train
A6NJ64,1437,train
Q96JK9,1438,train
P35590,1439,train
Q02763,1439,train
O15068,1440,train
P20585,1441,train
Q8IZS8,1442,test
Q7Z3S7,1442,test
Q68D51,1443,train
Q9H6A0,1443,train
Q9ULE3,1443,train
P78524,1443,train
Q92540,1444,test
Q9BY07,1445,train
Q9UPM8,1446,train
Q9NP73,1447,val
O43795,1448,test
O00159,1448,test
Q9UBC5,1448,test
Q92619,1449,train
Q9HCL0,1450,train
Q9H9Y6,1451,train
Q5JTC6,1452,train
P18206,1453,val
Q9NPG3,1454,test
Q7RTY7,1455,train
B4DYI2,1456,test
Q92625,1457,train
Q9NW08,1458,train
Q7Z392,1459,val
Q5TCZ1,1460,train
Q8TES7,1461,train
Q86Y26,1462,test
Q6P0N0,1463,train
Q9P203,1464,train
Q9Y2H2,1465,train
Q68CR1,1466,train
P52333,1467,train
O60674,1467,train
P46379,1468,train
Q6IQ32,1469,train
P33076,1470,train
Q8IZL8,1471,train
Q15208,1472,train
Q9NRM7,1472,train
Q9Y2H1,1472,train
O95835,1472,train
Q92900,1473,val
O75717,1474,train
Q8TDY4,1475,train
O43150,1475,train
Q9ULH1,1475,train
Q9UPZ3,1476,train
Q9Y2A7,1477,train
P55160,1477,train
Q9Y3R0,1478,train
Q9C0E4,1478,train
Q13625,1479,val
Q6IMN6,1480,train
Q15111,1481,train
Q9UPR0,1481,train
O15164,1482,train
Q9UPN9,1482,train
Q8IWB9,1483,train
Q96QU8,1484,test
Q2UY09,1485,train
P37275,1486,train
Q9NQW6,1487,test
Q9P275,1488,val
P78332,1489,train
Q70EL4,1490,train
P56524,1491,train
Q9UQL6,1491,train
Q8WUI4,1491,train
Q9UKV0,1491,train
Q16821,1492,train
Q6IQ23,1493,train
Q9NNW5,1494,train
Q5T0N1,1495,train
Q12986,1496,train
Q0IIM8,1497,train
Q7Z2Z2,1498,train
Q96JA1,1499,train
Q6UXM1,1499,train
O94898,1499,train
O75762,1500,train
Q9HBR0,1501,test
Q14157,1502,train
Q5T6F2,1502,train
Q08828,1503,train
P40818,1504,train
Q5T035,1505,train
Q9NZB2,1505,train
Q14126,1506,train
O75912,1507,train
Q13574,1507,train
Q9P2H0,1508,train
Q69YQ0,1509,train
P63128,1510,train
Q9H324,1511,train
Q9UKP5,1511,train
Q9HAU0,1512,train
O15083,1513,train
Q8IUD2,1513,train
Q9NZJ5,1514,train
Q9HD43,1515,train
Q8TCU5,1516,train
O60391,1516,train
Q01804,1517,train
Q9BWV1,1518,train
Q9P278,1519,train
P07949,1520,train
Q86YR7,1521,val
Q5M9N0,1522,train
Q8IX03,1523,train
Q9GZR1,1524,val
Q12965,1525,train
O00160,1525,train
Q14DG7,1526,test
Q8N3T6,1526,test
Q14C87,1526,test
Q96L42,1527,test
Q9UQ05,1527,test
P28340,1528,train
P09619,1529,train
P16234,1529,train
P08151,1530,val
O60518,1531,train
O00410,1531,train
Q7Z3B3,1532,train
P80192,1533,test
Q5TCX8,1533,test
Q16584,1533,test
Q02779,1533,test
A6QL63,1534,train
Q8N961,1534,train
Q7Z2W7,1535,val
Q9BSJ8,1536,train
O43896,1537,val
Q02846,1538,train
Q3MJ13,1539,train
P48736,1540,train
Q93009,1541,test
Q9H2P0,1542,train
Q8NCX0,1543,train
Q7Z6I6,1544,train
Q93073,1545,train
Q8IY18,1546,train
P53396,1547,train
Q8TDG4,1548,train
Q96PY5,1549,train
Q8IVF7,1549,train
O95466,1549,train
Q7Z5M5,1550,train
O94875,1551,train
O60721,1552,train
Q6ZN30,1553,train
Q9UBL0,1554,train
Q15032,1554,train
P0DMP2,1555,val
P98171,1555,val
Q7Z6B7,1555,val
P0DJJ0,1555,val
O75044,1555,val
O43295,1555,val
Q96SB3,1556,test
Q9ULJ8,1556,test
Q8NHU6,1557,train
O14776,1558,train
Q4L235,1559,val
P42702,1560,train
Q13127,1561,train
O75151,1562,train
Q6PKG0,1563,test
Q659C4,1563,test
O75164,1564,train
O94953,1564,train
Q6B0I6,1564,train
B2RXH2,1564,train
Q9NX05,1565,train
Q8TE56,1566,train
O00203,1567,val
Q13367,1567,val
Q9C0B7,1568,train
P53992,1569,val
O94855,1569,val
Q6ZU80,1570,train
Q86W24,1571,val
P82094,1572,train
Q93100,1573,train
Q9UMS6,1574,train
P55198,1575,train
Q5W0Q7,1576,train
Q9ULE0,1577,train
Q96SB8,1578,train
Q8NFM4,1579,train
Q08462,1579,train
P51828,1579,train
Q70J99,1580,train
Q96KQ4,1581,test
Q8TEQ8,1582,train
O43156,1583,train
Q9P2G1,1584,train
Q9ULH7,1585,train
Q9H2T7,1586,train
Q9UIA9,1586,train
Q8N1F8,1587,train
Q0VD83,1588,train
P00973,1589,train
Q9Y6K5,1589,train
P29728,1589,train
O00267,1590,train
Q9Y2J2,1591,train
Q8NG08,1592,test
Q13423,1593,train
O75808,1594,train
O43683,1595,train
O00268,1596,test
Q8N0W3,1597,train
Q4VCS5,1598,train
Q9UPQ0,1599,train
Q15386,1600,train
Q9ULD8,1601,train
Q9C0H5,1602,test
Q9UPN4,1603,train
Q8IX01,1604,train
B1ANS9,1605,train
Q17R98,1606,train
Q63HK5,1607,train
Q6ZSZ6,1607,train
Q8TEX9,1608,train
Q6AI39,1609,train
Q6ZRK6,1610,train
Q5FWF4,1611,train
Q8IZF5,1612,val
Q5VYM1,1613,train
Q9Y4D1,1614,test
Q86T65,1614,test
P41180,1615,train
Q13905,1616,test
Q96RU2,1617,test
Q9UHP3,1617,test
Q05469,1618,train
O60524,1619,train
A5PLK6,1620,train
Q8N8A2,1621,val
Q8NB46,1621,val
O15084,1621,val
Q32MH5,1622,val
Q86V48,1623,train
Q12968,1624,train
Q14934,1624,train
O95644,1624,train
Q96JH8,1625,train
B2RU33,1626,train
Q6S8J3,1626,train
A5A3E0,1626,train
Q6S5H5,1626,train
P0CG38,1626,train
P0CG39,1626,train
Q9BYX7,1626,train
Q9BYD9,1626,train
P63267,1626,train
P63261,1626,train
Q562R1,1626,train
P62736,1626,train
P42025,1626,train
P68133,1626,train
P60709,1626,train
P61163,1626,train
P68032,1626,train
P61160,1626,train
Q7Z7G0,1627,train
Q8WWM7,1628,train
Q9C0D4,1629,train
Q96KR1,1630,train
Q13393,1631,train
Q6UY14,1632,train
Q70EK8,1633,train
Q99576,1634,train
Q15714,1634,train
Q9H2E6,1635,train
Q8NFY4,1635,train
P25092,1636,train
Q96EP0,1637,train
Q8IZA0,1638,train
Q5VV43,1638,train
O14980,1639,train
O95206,1640,test
P42338,1641,train
O00329,1641,train
Q13308,1642,train
O15063,1643,train
O60245,1644,train
Q08174,1644,train
Q6ZW49,1645,train
B7ZAP0,1646,train
Q5R372,1646,train
Q9Y3P9,1646,train
Q5M775,1647,train
Q7Z3V4,1648,train
P42336,1649,test
Q9Y4F9,1650,train
P55197,1651,train
O75146,1652,test
O00291,1652,test
O75526,1653,train
Q8N7X1,1653,train
Q8NF64,1654,train
Q9ULJ6,1654,train
Q8TDZ2,1655,train
Q14139,1656,train
Q96MI9,1657,train
Q8WVS4,1658,train
Q9ULJ3,1659,train
Q76G19,1660,train
Q9UPQ7,1660,train
Q6ZMN7,1660,train
Q96DN5,1661,train
Q96S38,1662,val
Q7RTR2,1663,train
Q9Y283,1664,train
Q15334,1665,train
Q6P1M3,1665,train
Q9NQ38,1666,test
P00995,1666,test
P08648,1667,train
P53708,1667,train
P06756,1667,train
P08514,1667,train
A0A096LP49,1668,train
Q9NX02,1669,train
Q8WX94,1669,train
O94827,1670,val
Q9Y4E5,1671,train
P20594,1672,train
P16066,1672,train
Q9UPP1,1673,train
Q9P2N5,1674,train
Q96JE7,1675,test
Q9ULE4,1676,train
P51530,1677,val
Q66K74,1678,train
Q5EBL2,1679,train
Q9NYW8,1680,train
Q15072,1680,train
O75123,1680,train
Q9BY31,1680,train
P17031,1680,train
Q96NJ6,1680,train
Q9UJW8,1680,train
Q06730,1680,train
P0CG24,1680,train
Q52M93,1680,train
Q7Z3V5,1680,train
Q86WZ6,1680,train
Q6ZMW2,1680,train
P17041,1680,train
Q2M218,1680,train
P51523,1680,train
Q96SK3,1680,train
P17027,1680,train
P17039,1680,train
Q06732,1680,train
Q86T29,1680,train
Q9Y2H8,1680,train
Q3ZCT1,1680,train
P17014,1680,train
B7Z6K7,1680,train
P17032,1680,train
Q3MIS6,1680,train
P51814,1680,train
Q5TYW1,1680,train
Q7Z7L9,1680,train
Q6P2D0,1680,train
Q499Z4,1680,train
Q4V348,1680,train
Q09FC8,1680,train
Q14585,1680,train
Q5JUW0,1680,train
P0CJ78,1681,test
Q7Z410,1682,test
Q6JQN1,1683,train
P22314,1684,train
A0AVT1,1684,train
P41226,1684,train
Q6DHV5,1685,val
Q9BQI6,1686,train
P57678,1687,val
Q5GLZ8,1688,train
Q15034,1688,train
Q9Y4G2,1689,train
Q8NDX1,1690,train
P52732,1691,train
Q9H3R0,1692,test
O15197,1693,train
P29320,1693,train
P29323,1693,train
P29317,1693,train
P54760,1693,train
Q5JZY3,1693,train
P54764,1693,train
Q15375,1693,train
P54762,1693,train
P29322,1693,train
P54753,1693,train
P21709,1693,train
P54756,1693,train
Q8TF46,1694,train
Q03701,1695,train
P28370,1696,train
O60264,1696,train
O94887,1697,train
Q9Y4F1,1697,train
O14490,1698,train
Q9P1A6,1698,train
Q9BXX0,1699,train
O95625,1700,val
Q9UJQ4,1701,train
Q2KHT3,1702,train
Q14703,1703,train
Q9Y4C4,1704,train
O15034,1705,train
Q05397,1706,test
Q6ZP01,1707,train
P26006,1708,train
O60566,1709,train
Q96NW4,1710,train
Q9BQF6,1711,train
Q8IYT8,1712,train
O75385,1712,train
Q9NR97,1713,val
Q9NYK1,1713,val
Q02413,1714,val
Q86W28,1715,train
Q9NYI0,1716,train
O75362,1717,train
Q9Y2H5,1718,train
Q9H0E3,1719,train
Q9Y5B9,1720,train
P20936,1721,test
Q6ZRI6,1722,train
O15294,1723,train
Q9HCM7,1724,train
Q9NS56,1725,train
Q6PJG2,1726,train
Q5T2S8,1727,train
Q6ZRS4,1728,train
P17040,1729,train
Q8N8Y5,1729,train
P15918,1730,train
O14983,1731,train
P16615,1731,train
Q93084,1731,train
Q8NFZ0,1732,train
Q68E01,1733,train
P42285,1734,train
Q9Y5Q5,1735,train
Q96FS4,1736,train
Q8NB14,1737,train
Q9Y4D2,1738,train
Q96P70,1739,train
Q9P2E7,1740,train
Q9NTJ4,1741,train
Q9HC29,1742,train
Q6PJP8,1743,train
Q05DH4,1744,train
P32926,1745,train
Q86SJ6,1745,train
Q12860,1746,train
Q9P232,1746,train
Q02246,1746,train
Q8IWV2,1746,train
Q9UQ52,1746,train
P54707,1747,train
P13637,1747,train
P05023,1747,train
P20648,1747,train
P50993,1747,train
Q9Y2L6,1748,train
Q9P2Q2,1748,train
Q76KP1,1749,train
Q13873,1750,train
Q07912,1751,test
O95373,1752,train
O15397,1752,train
Q5VY43,1753,train
Q9BX69,1754,train
Q5JRX3,1755,test
P63092,1756,train
Q5JWF2,1756,train
P38405,1756,train
Q96P20,1757,test
Q9UF33,1758,val
Q9NZV1,1759,train
Q96KW2,1760,train
Q86UV5,1761,train
Q9P206,1762,train
Q5JRC9,1763,train
Q5HY64,1763,train
Q13797,1764,val
P13612,1764,val
O75420,1765,test
Q9NWH9,1766,train
Q9NRE2,1767,train
G9CGD6,1768,test
Q8WXI2,1768,test
Q6P9H4,1768,test
Q9H5P4,1769,train
P59045,1770,train
P20023,1771,train
Q9Y6X9,1772,train
Q9C099,1773,train
Q9BWT7,1774,train
Q9NR96,1775,train
P33176,1776,train
Q12840,1776,train
O60282,1776,train
O95197,1777,train
Q7L014,1778,train
P59923,1779,train
O14974,1780,test
Q96T76,1781,train
A5PL33,1782,train
O76039,1783,train
Q6ZMS4,1784,train
Q9Y6R6,1784,train
P17029,1784,train
Q9HCZ1,1784,train
P17020,1784,train
O14709,1784,train
P17036,1784,train
Q9H0M5,1784,train
O94892,1784,train
Q9P0L1,1784,train
Q9Y2P7,1784,train
Q99676,1784,train
Q9HBT7,1784,train
Q9ULM2,1784,train
Q9P2E2,1785,train
O15042,1786,train
Q6UXG2,1787,val
A8MWY0,1787,val
P12109,1788,train
Q4G0T1,1789,test
P07197,1790,test
P12036,1790,test
A4D0V7,1791,train
Q86WZ0,1792,val
Q9H4L7,1793,train
Q53GL7,1794,train
Q6WCQ1,1795,test
Q9H0A0,1796,test
Q12882,1797,train
Q9BYX4,1798,train
Q9UIQ6,1799,train
Q9NPP4,1800,val
A5PKW4,1801,train
Q9BQI7,1801,train
Q99575,1802,train
Q9UKU6,1803,train
Q9BYH1,1804,train
Q6UXD5,1804,train
Q53EL9,1804,train
Q9UII4,1805,train
Q8IVU3,1805,train
Q96RT8,1806,train
Q69YH5,1807,train
Q86YN6,1808,test
Q9ULD0,1809,train
Q02218,1809,train
Q6P4F7,1810,train
Q24JP5,1811,train
O94988,1812,train
Q8TBY8,1813,train
Q7Z6P3,1814,train
Q93033,1815,val
Q92834,1816,train
P23378,1817,train
P98073,1818,train
Q9BXU1,1819,train
Q8IWE5,1820,train
Q6ZUX3,1821,train
P14735,1822,val
Q6P9B9,1823,train
P12110,1824,train
O94832,1825,train
B0I1T2,1825,train
Q9P2H5,1826,val
Q6ZMP0,1827,train
A8MW92,1828,train
Q63HQ2,1829,train
Q8N3X1,1830,val
Q8IZP9,1831,train
Q9Y2M0,1832,val
P54198,1833,train
Q92585,1834,train
Q9Y6C2,1835,test
Q9UPR3,1836,train
Q92932,1837,val
Q16849,1837,val
E7EW31,1838,train
P13497,1839,train
Q9Y6L7,1839,train
O43897,1839,train
Q9BPX3,1840,train
O76041,1841,val
P09874,1842,train
Q5VVW2,1843,train
Q9P1Z0,1844,train
Q96AX9,1845,test
O75665,1846,test
Q9BVI0,1847,test
Q9UEF7,1848,train
Q9NSE4,1849,train
O43303,1850,train
Q5T1B0,1851,test
Q86W92,1852,train
O00754,1853,train
Q86YV0,1854,test
O95398,1855,val
Q92565,1855,val
Q8WZA2,1855,val
Q5T0W9,1856,train
P22102,1857,train
E0CX11,1857,train
Q9Y2E5,1858,train
Q8TEH3,1859,train
Q14289,1860,train
P49916,1861,train
O43424,1862,train
Q9ULK0,1862,train
Q14527,1863,train
Q9H2U1,1864,test
Q7Z2K8,1865,train
Q9Y5I4,1866,train
Q9Y5F6,1866,train
Q9Y5H2,1866,train
Q9Y5H3,1866,train
Q8WZ75,1867,train
Q5T8P6,1868,train
Q13523,1869,train
Q9Y467,1870,train
Q15735,1871,test
Q9BT40,1871,test
Q8IX07,1872,train
Q86YT6,1873,train
O43147,1874,train
Q6UXY8,1875,train
Q6ZVH7,1876,train
P11171,1877,test
Q9H4G0,1877,test
O43491,1877,test
P78364,1878,train
Q96QT6,1879,train
Q9BXL6,1880,train
Q7L3S4,1881,train
A6NFI3,1881,train
Q969F9,1882,train
Q9HCE1,1883,train
Q96DN6,1884,train
Q5XXA6,1885,train
Q9NQ90,1885,train
Q08379,1886,train
Q96JQ2,1887,train
Q5VTR2,1888,train
O75150,1888,train
Q2VWA4,1889,train
Q13472,1890,val
Q8IXT5,1891,train
Q8N283,1892,train
Q86YS7,1893,val
Q9Y6Y8,1894,train
Q12866,1895,test
P30530,1895,test
Q8IX30,1896,train
Q8IWY4,1896,train
Q9NQ36,1896,train
Q9Y4L1,1897,train
Q6DN12,1898,train
Q6DN14,1898,train
Q8IXT1,1899,train
Q2TAC6,1900,test
P78347,1901,test
Q6L9W6,1902,train
Q5HYA8,1903,train
Q5T7N3,1904,train
Q8N5C6,1905,train
Q75QN2,1906,train
Q7RTR0,1907,train
Q96MN2,1907,train
Q01954,1908,train
Q6ZNA4,1909,train
Q8N766,1910,test
P36888,1911,val
A0A0J9YWL9,1912,test
A0A0J9YY54,1912,test
P38935,1913,train
Q01968,1914,train
P32019,1914,train
Q9Y2H0,1915,test
Q92543,1916,train
Q92527,1917,train
Q8NF67,1917,train
Q8IVF6,1917,train
P57679,1918,train
O94762,1919,train
Q8ND04,1920,train
O75448,1921,train
O95259,1922,train
Q8NCM2,1922,train
Q6ZVD7,1923,train
Q8N9B5,1924,test
P35523,1925,val
P51788,1925,val
A0AUZ9,1926,train
Q92974,1927,test
Q8N960,1928,train
Q8TB24,1929,train
P49588,1930,train
Q5JTZ9,1930,train
Q6PKC3,1931,train
Q9NRA8,1932,train
Q16513,1933,train
Q86VD1,1934,train
Q6IEE7,1935,train
P08235,1936,test
Q5H8A4,1937,train
Q8NDX5,1938,train
O60237,1939,train
P22681,1940,train
Q13191,1940,train
Q9ULV8,1940,train
Q659A1,1941,train
O94985,1942,train
Q9H4D0,1942,train
Q9BQT9,1942,train
Q75V66,1943,val
Q4KMQ2,1943,val
Q9BYT9,1943,val
Q32M45,1943,val
Q13107,1944,train
Q9Y4E8,1944,train
Q15042,1945,train
Q5FWE3,1946,val
Q8NAT2,1947,train
O00423,1948,train
Q32P44,1948,train
O95834,1948,train
Q9HC35,1948,train
Q13608,1949,train
Q9P0K7,1950,train
P39086,1951,test
Q13003,1951,test
Q16099,1951,test
Q16478,1951,test
Q13002,1951,test
Q8WTW3,1952,train
Q99650,1953,train
Q8TD19,1954,train
Q86T82,1955,val
P22670,1956,train
P48378,1956,train
P48380,1956,train
Q86YH2,1957,test
Q6N043,1957,test
P59817,1957,test
Q8ND82,1957,test
P86452,1958,train
O95886,1959,train
Q6UB35,1960,val
P11586,1960,val
O94933,1961,train
O94991,1961,train
Q9P1Q0,1962,train
Q8IWR0,1963,train
Q9UGR2,1963,train
Q96T37,1964,train
P48995,1965,train
Q9UBN4,1965,train
Q9UL62,1965,train
Q9H987,1966,train
O94973,1967,train
O95782,1967,train
O75460,1968,test
Q96RD9,1969,train
Q96PE3,1970,val
Q86W56,1971,train
P10721,1972,train
P07333,1972,train
Q9Y2K5,1973,val
Q15431,1974,train
C9J069,1975,train
Q86UT6,1976,train
Q96G01,1977,test
Q8TD16,1977,test
Q6ZMZ3,1978,train
Q8WVB6,1979,val
Q9UI26,1980,val
Q9H694,1981,train
Q6PJI9,1982,test
O43182,1983,train
Q96A65,1984,train
P57103,1985,train
Q9UPR5,1985,train
P32418,1985,train
Q9P253,1986,train
P19021,1987,val
Q14CX7,1988,train
Q15029,1989,train
Q92622,1990,val
Q8N612,1991,train
O95980,1992,train
P55060,1993,train
O00444,1994,train
Q96H55,1995,train
Q9P107,1996,train
Q92771,1997,train
Q96FC9,1997,train
A8MPP1,1997,train
Q96RN1,1998,train
P19838,1999,train
O94804,2000,train
Q13563,2001,val
Q9Y5W8,2002,test
O00192,2003,train
O60716,2003,train
Q9BXB1,2004,train
O75473,2004,train
Q9HBX8,2004,train
Q2KHM9,2005,train
Q63HK3,2006,train
Q8IWY8,2006,train
B7ZC32,2007,train
P15144,2008,train
O75173,2009,train
Q8TE58,2009,train
Q9UNA0,2009,train
Q9UHI8,2009,train
Q9UP79,2009,train
Q12852,2010,train
O43283,2010,train
Q14596,2011,val
O75170,2012,train
Q5H9R7,2012,train
Q9UPN7,2012,train
P84550,2013,train
O94972,2014,train
Q96JG6,2015,train
Q6VY07,2016,train
Q86VP3,2016,train
Q14114,2017,train
P98155,2017,train
P01130,2017,train
Q7Z3J2,2018,train
P51784,2019,train
Q5U651,2020,train
Q9UPU7,2021,train
Q6ZN28,2022,train
Q9P0V3,2022,train
Q15020,2023,test
O94829,2024,train
P21399,2025,train
P48200,2025,train
Q96HW7,2026,train
O60763,2027,test
O43592,2028,train
Q9NVH2,2029,train
Q6NV74,2030,train
Q9Y5B0,2031,val
Q5JSP0,2032,train
Q96M96,2032,train
P98174,2032,train
Q7Z6J4,2032,train
Q9UBS5,2033,train
O60313,2034,train
Q9NZ08,2035,train
Q6P179,2035,train
Q9Y4C8,2036,train
Q02241,2037,train
P36776,2038,test
Q9H1B5,2039,train
Q86Y38,2039,train
Q9UHL9,2040,test
Q8N5R6,2041,test
Q9Y2L1,2042,train
Q9UL01,2043,train
Q9HCI5,2044,train
Q9HAY2,2044,train
O75400,2045,train
Q6NWY9,2045,train
Q07075,2046,train
Q96P44,2047,train
O00339,2048,train
O15232,2048,train
Q9NQC7,2049,val
Q13111,2050,train
Q9H4I2,2051,val
Q8IY63,2052,train
Q9UK96,2053,test
Q8NFP4,2054,train
Q7Z553,2054,train
Q9Y2W1,2055,val
Q7Z4H7,2056,val
O43184,2057,train
Q9BZ11,2057,train
Q9H013,2057,train
Q8N8E3,2058,train
Q9Y2S6,2059,test
Q8IYE0,2059,test
Q5T7W0,2060,train
Q9NZC9,2061,train
Q9Y239,2062,train
Q6UXZ4,2063,train
Q8IZJ1,2063,train
O95185,2063,train
Q49A88,2064,train
Q86VM9,2065,train
Q8TCN5,2066,test
Q99460,2067,train
O60296,2068,train
Q9UPV9,2068,train
Q15424,2069,train
Q14151,2069,train
Q60I27,2070,train
P35221,2071,train
P26232,2071,train
Q9UI47,2071,train
P53618,2072,train
A2RUB1,2073,train
P10253,2074,train
Q8N6Y1,2075,train
Q0P6D6,2076,train
Q5T0F9,2077,train
Q6P1N0,2077,train
Q8NI36,2078,train
Q12872,2079,train
Q9H8M5,2080,train
Q8NE01,2080,train
Q9NRU3,2080,train
Q6P4Q7,2080,train
Q86TH1,2081,train
Q9Y5H5,2082,train
Q9Y5I0,2082,train
Q9UN74,2082,train
Q9UN73,2082,train
Q9Y5E9,2082,train
Q9Y5I1,2082,train
Q9Y5E7,2082,train
Q9Y5H8,2082,train
Q9UN75,2082,train
Q9Y5I3,2082,train
Q9Y5I2,2082,train
Q9H1P3,2083,train
Q9BXW6,2083,train
Q9H0D6,2084,val
Q8TF05,2085,train
Q76M96,2086,train
Q8IVT5,2087,train
Q6VAB6,2087,train
Q8WYQ9,2088,train
Q9H8L6,2089,train
Q10567,2090,train
P63010,2090,train
Q86UP8,2091,train
Q6EKJ0,2091,train
A2RUB6,2092,val
Q8IXZ2,2093,train
Q99558,2094,train
Q8TBZ2,2095,train
Q58F21,2096,train
Q96MK2,2097,train
Q9Y5W7,2098,train
P27987,2099,train
P23677,2099,train
P19823,2100,train
Q9H3U1,2101,train
Q86XN7,2102,train
Q8TET4,2103,train
Q14697,2103,train
Q01973,2104,train
Q01974,2104,train
Q9UNX4,2105,train
Q14CN2,2106,train
Q9UQC9,2106,train
A8K7I4,2106,train
Q03188,2107,train
Q6P5Z2,2108,train
Q16512,2108,train
Q8NI08,2109,train
P52824,2110,train
Q96JK2,2111,train
Q9Y2K6,2112,train
Q8TEY7,2112,train
Q9ULD6,2113,train
Q86UX2,2114,train
O00408,2115,train
A5D8W1,2116,train
Q9UFE4,2117,train
O75899,2118,train
O94906,2119,train
Q9H270,2120,val
Q6ZMT4,2121,train
Q9P2S6,2122,train
Q8WY36,2123,train
Q01831,2124,val
Q96QC0,2125,test
Q8IYF3,2126,train
Q7Z7M9,2127,train
Q14149,2128,train
Q05586,2129,val
Q8IZQ8,2130,train
Q86XP3,2131,train
Q86XL3,2132,train
Q8TE76,2133,train
Q8TEV9,2134,train
Q8NCU4,2135,val
Q9ULT6,2136,train
Q6ULP2,2137,train
Q96C12,2138,train
Q9Y5G0,2139,train
Q9Y5F8,2139,train
Q9Y5H4,2139,train
Q9Y5G5,2139,train
Q9UN70,2139,train
Q9Y5G4,2139,train
Q9UN71,2139,train
Q9Y5F9,2139,train
Q9Y5G6,2139,train
Q9Y5G3,2139,train
Q9Y5H1,2139,train
Q9Y5H0,2139,train
Q9Y5G7,2139,train
P43246,2140,test
Q9H4L5,2141,train
Q9BZF2,2141,train
Q9BZF3,2141,train
Q9HCH5,2142,train
P13671,2143,val
Q9HCR9,2144,train
Q8IXF0,2145,train
Q6IWH7,2146,test
O14939,2147,train
P05164,2148,train
P07202,2148,train
P11678,2148,train
P22079,2148,train
P06401,2149,train
Q9NTZ6,2150,train
Q86TD4,2151,train
P54277,2152,train
Q9BZQ6,2153,train
O43525,2154,train
Q9NR82,2154,train
O95427,2155,train
Q969V6,2156,val
O14786,2157,train
O60462,2157,train
Q9BRR8,2158,train
Q9Y210,2159,train
Q8TCY9,2160,train
P98175,2161,train
P52756,2161,train
Q9H3T3,2162,train
Q9H3T2,2162,train
Q14624,2163,train
Q8N3V7,2164,train
Q6P3W7,2165,train
Q5VWG9,2166,train
Q9NXF1,2167,train
Q6XUX3,2168,train
Q9BZQ8,2169,train
Q9H6U6,2170,train
P06400,2171,test
Q8HWS3,2172,train
Q9BYX2,2173,train
Q86XK2,2174,train
Q9HCG7,2175,train
Q8TE49,2176,train
Q6GQQ9,2176,train
P26045,2177,train
P29074,2177,train
P57059,2178,train
A0A0B4J2F2,2178,train
Q9H0K1,2178,train
Q9P2F5,2179,train
Q15785,2180,train
Q07617,2180,train
Q9UDR5,2181,train
Q76MJ5,2182,val
Q9NY74,2183,test
Q00013,2184,train
O14936,2184,train
Q17RG1,2185,train
P57740,2186,train
Q13469,2187,train
O95786,2188,train
P57737,2189,train
Q13822,2190,train
O14638,2190,train
P22413,2190,train
O60308,2191,train
Q9Y2I9,2192,train
Q96KP1,2193,train
O15327,2194,train
Q9UMF0,2195,train
P05362,2195,train
P32942,2195,train
Q7Z3C6,2196,train
Q674R7,2196,train
Q9Y5L0,2197,train
P00352,2198,train
P30837,2198,train
O94788,2198,train
P05091,2198,train
P47895,2198,train
O75891,2198,train
Q3SY69,2198,train
Q2TB90,2199,val
P35557,2199,val
P19367,2199,val
P52789,2199,val
P52790,2199,val
Q8N163,2200,train
Q75T13,2201,train
A6NCI8,2202,train
O00308,2203,train
Q9H0M0,2203,train
Q96J02,2203,train
Q9Y4C2,2204,train
A0FGR8,2205,test
P20849,2206,train
Q14055,2206,train
Q14050,2206,train
Q9NYF8,2207,train
Q96S15,2208,val
Q15849,2209,train
Q13336,2209,train
P10275,2210,train
Q96HY7,2211,train
A6NEC2,2212,train
P55786,2212,train
O94967,2213,train
O95049,2214,train
Q9HAP2,2215,train
Q15269,2216,train
Q9Y6H5,2217,val
O43909,2218,train
P18858,2219,train
P98194,2220,test
Q9UL12,2221,train
P40189,2222,train
Q9NQS7,2223,train
Q9Y5B6,2224,train
P53814,2225,train
A6NC57,2226,test
Q92636,2227,train
O60502,2228,train
Q8IWX8,2229,train
Q2TAC2,2230,train
P19022,2231,train
P55283,2231,train
P55291,2231,train
Q92889,2232,train
Q9UPX6,2233,train
P22059,2234,train
Q969R2,2234,train
Q6ZXV5,2235,train
Q14833,2236,train
Q14831,2236,train
Q14832,2236,train
O00222,2236,train
Q14416,2236,train
Q14159,2237,train
Q9NYF5,2238,train
B5ME19,2239,train
Q99613,2239,train
Q12967,2240,val
Q9NZL6,2240,val
Q8IZJ4,2240,val
Q9BXP2,2241,val
Q9H8V3,2242,train
Q08345,2243,train
Q9BXU7,2244,train
Q5JSH3,2245,train
Q13620,2246,val
Q13619,2246,val
O75061,2247,test
Q92888,2248,train
Q08AF3,2249,train
Q68D06,2249,train
Q7Z7L1,2249,train
Q8IYM2,2249,train
P0C7P3,2249,train
Q6IEE8,2249,train
Q15139,2250,val
O94806,2250,val
Q9BZL6,2250,val
Q9Y6K1,2251,train
Q9UBC3,2251,train
Q9Y2U8,2252,test
Q6ZNB6,2253,train
Q96GW7,2254,train
Q9ULS6,2255,train
Q92953,2255,train
Q14721,2255,train
Q6PIU1,2255,train
A1X283,2256,train
Q8WUA4,2257,train
P35609,2258,train
O43707,2258,train
P12814,2258,train
Q08043,2258,train
P49917,2259,train
Q96AV8,2260,train
P19827,2261,train
Q06033,2261,train
P02730,2262,train
Q9HB75,2263,train
Q9Y620,2264,train
Q92698,2264,train
Q7KZF4,2265,train
Q5T601,2266,train
Q96EK7,2267,train
O60337,2268,train
Q5SVQ8,2269,train
Q8IYU2,2270,train
Q8N9W4,2271,train
Q1XH10,2272,train
Q13200,2273,train
Q9HCG8,2274,val
Q17RS7,2275,val
Q92562,2276,train
Q9P202,2277,val
Q13492,2278,val
O60641,2278,val
Q96CW5,2279,val
P78344,2280,train
Q8TDI8,2281,train
Q8TDI7,2281,train
O75078,2282,train
Q9P0K1,2282,train
O75077,2282,train
P48058,2283,train
P42261,2283,train
P42263,2283,train
P42262,2283,train
P35606,2284,train
Q9P2G4,2285,train
Q8WXE9,2286,test
Q15361,2287,train
Q8TCG1,2288,train
Q96DY7,2289,train
P49736,2290,train
Q9Y6F6,2291,train
Q12959,2292,train
P78352,2292,train
Q92796,2292,train
Q15700,2292,train
Q8ND61,2293,train
O15455,2294,train
Q86UK7,2295,train
Q9P2N6,2296,train
Q8IY33,2297,train
Q8IYB3,2298,train
Q9NXZ1,2299,train
Q5QJ38,2300,train
Q7Z2K6,2301,train
Q008S8,2302,train
Q8IYH5,2303,train
Q15031,2304,train
Q9H5L6,2305,train
Q92667,2306,train
Q8N9C0,2307,train
Q8N137,2308,train
Q7Z2W4,2309,train
Q9BVN2,2310,train
Q96PV7,2311,train
Q9BSJ2,2312,train
Q08554,2313,test
Q02487,2313,test
Q14574,2313,test
Q00653,2314,test
Q8NEL9,2315,train
Q9C0I3,2316,train
P56192,2317,train
Q5T5J6,2318,train
Q9HCM4,2319,train
Q9H329,2319,train
Q7Z5Q5,2320,train
C9JH25,2321,train
Q7Z3E2,2322,train
Q92973,2323,train
O14787,2323,train
Q8NI77,2324,train
Q6V1X1,2325,train
Q86TI2,2325,train
Q9ULV3,2326,train
A6NNC1,2327,train
Q86WJ1,2328,train
Q99708,2329,train
P32927,2330,train
Q92539,2331,train
Q14693,2331,train
O75113,2332,test
P48764,2333,val
Q14940,2333,val
Q6ZN55,2334,train
P42566,2335,test
Q14118,2336,train
Q8WYP3,2337,train
Q9Y2X9,2338,train
Q13435,2339,train
P55157,2340,train
Q9Y4K4,2341,train
Q8IVH8,2341,train
Q9C0K0,2342,train
Q9H165,2342,train
Q2TBE0,2343,train
P10072,2344,val
Q9NQV7,2344,val
Q16600,2344,val
Q86UQ0,2344,val
Q6P1L6,2344,val
Q9C0F3,2344,val
Q6U7Q0,2344,val
Q5VUG0,2345,train
Q9UHJ3,2345,train
Q9NV70,2346,test
Q96SI9,2347,train
Q12906,2347,train
Q14764,2348,train
Q8TEA7,2349,train
Q8NB90,2350,val
Q8IYM0,2351,train
P59044,2352,val
Q96KM6,2353,train
Q9ULK2,2354,train
O15265,2354,train
Q8IWG1,2355,train
Q9Y334,2356,train
Q8NBS3,2357,test
O76024,2358,train
O95235,2359,train
Q8NDT2,2360,train
Q06418,2361,train
Q5VUB5,2362,train
Q9BZF1,2363,test
Q9H0X9,2363,test
O14526,2364,val
Q6ZUM4,2365,val
O94880,2366,train
Q96EN8,2367,train
Q96NR3,2368,train
Q7Z6J0,2369,train
P04035,2370,train
Q58A45,2371,train
Q9HCC9,2372,val
Q8NEB9,2373,train
Q3SYG4,2374,test
Q6ZT98,2375,train
Q5JSJ4,2376,train
Q9UL03,2376,train
P27815,2377,train
Q08493,2377,train
Q08499,2377,train
Q07343,2377,train
Q8NDL9,2378,train
Q9Y5Q9,2379,val
Q96JC1,2380,test
Q14246,2381,train
A0FGR9,2382,train
O60658,2383,train
O95263,2383,train
Q6ZTQ4,2384,train
Q4FZB7,2385,val
Q01780,2386,train
Q8IYB7,2387,val
P52849,2388,train
Q9H3R1,2388,train
P52848,2388,train
O95803,2388,train
Q5D1E8,2389,train
Q5HYM0,2389,train
Q9C0D7,2389,train
P12830,2390,train
P22223,2390,train
P29590,2391,train
Q7Z3Z3,2392,train
Q8IUR5,2393,train
Q8TEJ3,2394,val
Q86X52,2395,test
Q70JA7,2395,test
Q99959,2396,train
Q8TDD1,2397,train
Q0VG06,2398,train
Q68EM7,2399,train
Q17R89,2399,train
Q68CR7,2400,train
Q8WYR1,2401,val
Q8NHY3,2402,train
Q8NCN5,2403,train
O00462,2404,train
Q9P2B2,2405,train
Q9H330,2406,train
P26583,2407,val
O15347,2407,val
P09429,2407,val
P23497,2407,val
B2RPK0,2407,val
P23109,2408,train
Q01433,2408,train
Q01432,2408,train
Q96GX5,2409,test
A6NNL0,2410,train
Q5VT03,2410,train
Q9UKW4,2411,train
P52735,2411,train
P15498,2411,train
Q53TQ3,2412,train
Q2VPB7,2413,train
Q9Y2X0,2414,train
Q8IWC1,2415,train
Q8ND30,2416,test
Q9H706,2417,train
Q9BXP5,2418,train
Q14974,2419,train
O76074,2420,train
Q7L590,2421,train
Q13206,2422,train
Q05086,2423,test
Q9NXC5,2424,val
Q96CT2,2425,test
Q8TF61,2426,train
Q8N573,2427,train
O60890,2428,train
A1A4S6,2428,train
Q9UNA1,2428,train
A6NI28,2428,train
Q9H6E5,2429,train
Q6QNK2,2430,train
Q75VX8,2431,train
Q9Y678,2432,train
Q9UBF2,2432,train
Q9UKY1,2433,train
Q6NUP7,2434,train
Q8NEE8,2435,train
A7XYQ1,2436,train
Q5W041,2437,train
Q8NDZ2,2438,train
P56696,2439,train
O43526,2439,train
Q5T655,2440,train
Q96DR7,2441,train
Q5VV41,2441,train
Q8WTR7,2442,train
Q96DT7,2443,test
Q8IWU6,2444,train
Q8IWU5,2444,train
Q14162,2445,train
Q96GP6,2445,train
Q8NET8,2446,train
Q9Y5S1,2446,train
Q9HBA0,2446,train
Q68DC2,2447,test
P0C881,2448,test
Q9UBT6,2449,train
Q99814,2450,train
Q16665,2450,train
P50570,2451,train
Q9UQ16,2451,train
Q05193,2451,train
O00429,2451,train
Q7Z3F1,2452,train
P56945,2453,train
O15146,2454,train
Q7Z3I7,2455,train
A6NM28,2455,train
Q9UEG4,2455,train
Q96CX3,2455,train
Q9NQZ8,2455,train
Q9H5H4,2455,train
Q6ZNH5,2455,train
Q6NX45,2455,train
P10075,2455,train
Q15572,2456,train
P51797,2457,train
Q8WUM4,2458,train
Q2Q1W2,2459,train
P0CG31,2460,train
Q8N184,2460,train
Q96NI8,2460,train
B4DU55,2460,train
Q9Y2G7,2460,train
Q8NB42,2460,train
Q08ER8,2460,train
O60765,2460,train
Q8NHY6,2460,train
Q8TF47,2460,train
Q96ND8,2460,train
Q494X3,2460,train
Q5JNZ3,2460,train
Q8NCK3,2460,train
Q9BRH9,2460,train
Q9Y2P0,2460,train
Q7Z340,2460,train
Q9UJN7,2460,train
P52738,2460,train
Q6NX49,2460,train
Q5CZA5,2460,train
Q8TBZ5,2460,train
Q3KNS6,2460,train
Q9UJL9,2460,train
Q9NQX6,2460,train
Q15937,2460,train
Q49AA0,2460,train
Q6P280,2460,train
Q96NL3,2460,train
Q6ECI4,2460,train
Q86YF9,2461,train
Q8NEN0,2462,test
Q86VR7,2463,train
Q13342,2464,train
Q9H930,2464,train
A0AVK6,2465,train
Q9NXE4,2466,train
Q9UI17,2467,train
Q6N069,2468,train
Q9BXJ9,2468,train
P02671,2469,train
Q9NWF9,2470,train
Q96F46,2471,train
Q5T7N2,2472,val
Q8IW35,2473,train
O43490,2474,train
Q8N608,2475,train
P42658,2475,train
Q86Y91,2476,test
Q9UBC2,2477,train
P33991,2478,train
P45974,2479,train
Q92995,2479,train
Q8N3F8,2480,train
Q13444,2481,train
O60331,2482,train
A2A3N6,2482,train
O14986,2482,train
Q99755,2482,train
P55036,2482,train
O95985,2483,train
Q15276,2484,train
A4D2B8,2485,train
Q68D20,2485,train
P54278,2485,train
Q92854,2486,train
Q92750,2487,train
Q99665,2488,train
Q9Y2T1,2489,train
O15169,2489,train
Q13415,2490,train
Q8N944,2491,train
Q9UKV8,2492,train
Q9UL18,2492,train
Q9HCK5,2492,train
Q9H9G7,2492,train
Q5T447,2493,test
P35913,2494,train
P51160,2494,train
P16499,2494,train
Q99549,2495,train
Q5C9Z4,2496,train
Q58WW2,2497,train
Q8NBP0,2498,train
Q8N5H7,2499,train
Q8WUH2,2500,train
Q9Y561,2501,train
O75074,2501,train
Q8NFW9,2502,train
Q9GZR7,2503,test
Q96JP9,2504,test
Q9Y2D5,2505,train
Q8NB91,2506,train
P13591,2507,train
O15394,2507,train
Q8TDW0,2508,train
Q6P9F7,2508,train
Q6NSJ5,2508,train
Q7L1W4,2508,train
Q8IWT6,2508,train
Q8IXK0,2509,test
Q2QGD7,2510,train
P98168,2510,train
P98169,2510,train
Q9ULT0,2511,train
Q86TV6,2511,train
O60602,2512,train
P13639,2513,train
O95757,2514,train
P34932,2514,train
Q92598,2514,train
P78316,2515,train
P33981,2516,train
O15381,2517,train
Q9ULE6,2518,test
Q9HBG4,2519,train
Q9Y487,2519,train
Q93050,2519,train
Q13488,2519,train
P09327,2520,train
O15195,2520,train
O75366,2520,train
Q6PJF5,2521,train
Q96CC6,2521,train
Q9BUJ2,2522,train
Q00839,2522,train
Q16832,2523,train
Q86Y56,2524,val
Q9HCS7,2525,train
Q6NSI4,2526,train
Q5K4E3,2527,train
P20231,2527,train
Q15661,2527,train
Q9Y5Y6,2528,test
Q8N0Z3,2529,train
Q8IXQ6,2530,train
Q2NL67,2531,train
Q8N3A8,2531,train
Q9BYN7,2532,train
Q96T21,2533,train
P49754,2534,train
Q5JQC9,2535,test
B1AK53,2536,train
Q9NRI5,2537,train
Q9NSG2,2538,train
Q96RS0,2539,train
O75969,2540,val
Q86WA8,2541,val
Q2M3G4,2542,train
Q9NP71,2543,train
Q7RTX0,2544,train
Q9NS62,2545,train
O60341,2546,train
Q9BQK8,2547,train
Q9H8H2,2548,test
Q63ZY3,2549,train
P52630,2550,train
Q03167,2551,train
Q9H501,2552,train
O14511,2553,train
Q15283,2554,train
Q14644,2554,train
Q5MIZ7,2555,train
Q6IN85,2555,train
Q6ZMV5,2555,train
Q86XP0,2556,train
Q68DD2,2556,train
Q8N2Q7,2557,train
Q9NZ94,2557,train
Q8N0W4,2557,train
Q8NFZ4,2557,train
Q5VTH9,2558,val
Q9H2Y9,2559,train
P35869,2560,train
Q9BZJ0,2561,val
P43243,2562,train
P06737,2563,train
P11216,2563,train
P11217,2563,train
P42226,2564,train
Q8IY81,2565,train
Q53R41,2566,train
P20273,2567,train
Q8IWW6,2568,train
Q53QZ3,2568,train
Q5VWQ0,2569,train
Q6PCB5,2569,train
Q9UQ84,2570,train
Q15398,2571,train
Q99743,2572,train
O15516,2572,train
Q9HBB8,2573,train
Q6P2P2,2574,train
Q96PX8,2575,val
Q9H156,2575,val
Q8IW52,2575,val
Q9H5Y7,2575,val
Q8NE71,2576,val
O43900,2577,train
Q7Z3G6,2577,train
Q96MT3,2577,train
A8MVX0,2578,test
Q96N16,2579,train
Q5VZ66,2579,train
Q96AA8,2579,train
P49756,2580,train
Q6P3X3,2581,train
Q8N841,2582,train
Q7RTY8,2583,test
P10643,2584,train
Q6ZN44,2585,train
Q9NP58,2586,test
Q92613,2587,train
Q9NQC1,2587,train
Q6IE81,2587,train
Q6MZW2,2588,train
Q6ZVC0,2589,val
P51957,2590,train
Q3KQU3,2591,train
O94989,2592,train
Q4V328,2593,train
Q9BYV9,2594,train
Q8N653,2595,train
Q4G0U5,2596,train
Q9Y468,2597,train
P80108,2598,train
Q6NY19,2599,train
Q9H3E2,2600,train
Q5FWF5,2601,train
Q9UJA3,2602,train
Q16620,2603,train
Q16288,2603,train
Q9Y2L8,2604,train
Q8TE23,2605,train
O00206,2606,train
Q9H269,2607,test
Q9UP83,2608,val
Q9NV58,2609,val
Q6ZMZ0,2609,val
Q96AC6,2610,train
Q04671,2611,train
Q9C0C4,2612,train
Q9NTN9,2612,train
Q9Y6A5,2613,train
Q658Y4,2614,train
Q9NRZ9,2615,test
Q13724,2616,train
Q02410,2617,train
O96018,2617,train
Q99767,2617,train
Q9Y6X8,2618,test
Q92831,2619,val
Q92830,2619,val
Q5VSL9,2620,train
Q9ULQ0,2620,train
Q9Y4R8,2621,val
Q9UBB9,2622,train
Q9NVR5,2623,train
Q52LR7,2624,train
Q9H2F5,2624,train
Q9NYF0,2625,train
Q8N394,2626,train
Q15582,2627,train
Q15063,2627,train
Q5T1N1,2628,train
Q99062,2629,train
Q9H5V8,2630,train
Q8NEM0,2631,train
Q86V20,2632,train
Q13263,2633,test
Q9UHX3,2634,train
P48960,2634,train
Q8N1G2,2635,train
O43196,2636,train
Q14511,2637,train
Q8N271,2638,train
Q96P50,2639,train
Q15027,2639,train
Q15057,2639,train
Q9H7U1,2640,train
Q92918,2641,train
Q12851,2641,train
Q9BVG8,2642,train
Q8N7U6,2643,test
Q14D04,2644,train
Q13099,2645,train
Q8TBZ0,2646,test
Q5T3F8,2647,train
O94886,2647,train
Q9P1W3,2647,train
Q12864,2648,train
Q8NBJ9,2649,train
Q9NXL6,2649,train
P57078,2650,train
Q9NPR2,2651,train
Q99523,2652,train
Q9ULF5,2653,train
Q8IWA0,2654,test
P14151,2655,train
P16109,2655,train
Q5BJF6,2656,test
O75309,2657,train
P23508,2658,train
Q5VVJ2,2659,train
Q5T5X7,2660,train
Q13634,2661,train
Q9H159,2661,train
P55285,2661,train
P55286,2661,train
Q9Y6N8,2661,train
P55289,2661,train
Q9ULB4,2661,train
Q9UJ99,2661,train
P55287,2661,train
Q9HBT6,2661,train
Q9ULB5,2661,train
Q9BQI5,2662,train
Q14BN4,2663,train
Q7Z4V0,2664,train
P35712,2665,train
Q92738,2666,test
Q5R3F8,2667,train
P0C7U0,2667,train
Q9HCL2,2668,train
Q8WUF5,2669,test
Q96JB2,2670,train
Q8IXR5,2671,train
A5YM72,2672,train
Q6IA86,2673,train
Q9BQ52,2674,train
P46977,2675,train
Q8TCJ2,2675,train
Q6P995,2676,test
A8MVW0,2677,train
Q96M69,2678,test
O75626,2679,train
Q9P2K2,2680,train
P24394,2681,train
O75815,2682,val
Q9UDY8,2683,train
Q9UHI6,2684,train
P30260,2685,train
P78325,2686,test
P78536,2687,train
Q13387,2688,val
O15033,2689,train
Q5CZ79,2690,test
A0PJZ0,2690,test
Q5VUR7,2690,test
Q5SQ80,2690,test
Q4UJ75,2690,test
Q9Y5T5,2691,train
O43313,2692,test
A6ND36,2693,train
P16591,2694,train
P07332,2694,train
P22607,2695,train
P11362,2695,train
P21802,2695,train
P22455,2695,train
Q8NB78,2696,val
Q9UGT4,2697,train
Q9UKN8,2698,val
O75843,2699,test
O43747,2699,test
Q9UJX6,2700,train
Q12929,2701,train
Q86XH1,2702,test
A6NCM1,2702,test
Q6PJG6,2703,train
Q96L46,2704,train
P20807,2704,train
P04632,2704,train
Q9Y2G0,2705,test
Q14156,2705,test
Q14566,2706,test
Q96GE4,2707,train
Q9BUQ8,2708,test
Q8N1F7,2709,train
Q9H1R3,2710,train
Q32MK0,2710,train
Q8N6M6,2711,train
Q13443,2712,train
Q96ST2,2713,train
Q7Z3E5,2714,train
Q8N4X5,2715,val
P51793,2716,train
P51790,2716,train
P51795,2716,train
P0C7V6,2717,train
Q8NEM7,2717,train
P22735,2718,train
P00488,2718,train
Q13164,2719,train
P28482,2719,train
P27361,2719,train
Q9UBF8,2720,train
Q92832,2721,train
Q99435,2721,train
Q9ULQ1,2722,val
P19634,2723,train
Q6AI14,2723,train
Q9UBY0,2723,train
Q9Y597,2724,val
Q8TBC3,2724,val
P54253,2725,train
P55884,2726,train
Q70EL2,2727,train
Q6ZMV9,2728,val
Q8IVU1,2729,train
Q9Y6W3,2730,test
Q8TEQ0,2731,test
Q8IUI4,2731,test
Q96JE9,2732,val
Q15345,2733,train
P46087,2734,train
Q96JM3,2735,train
O94901,2736,train
Q5T4T6,2737,train
Q5TB30,2738,test
Q8N5U6,2739,train
Q9BXR5,2740,val
Q15399,2740,val
Q9Y2C9,2740,val
A8K0R7,2741,train
Q7L0X0,2742,train
Q8TAG9,2743,train
Q9Y2D4,2743,train
Q9H9P5,2744,train
Q9C0B0,2744,train
Q0JRZ9,2745,train
O75152,2746,train
A0A1B0GTU1,2746,train
O60447,2747,train
Q96CN4,2747,train
Q96JS3,2748,train
Q6P3X8,2748,train
Q8TF30,2749,train
Q1A5X7,2749,train
P25205,2750,train
Q32MZ4,2751,train
Q96KG9,2752,train
Q03518,2753,train
Q4KMP7,2754,train
Q9BXI6,2754,train
Q8IV04,2754,train
Q12788,2755,train
Q9UJX5,2756,train
Q8NA82,2757,train
Q9Y2R2,2758,test
O43299,2759,train
Q9HCB6,2760,val
O60733,2761,test
P55072,2762,train
Q6ZUJ8,2763,train
Q5SZL2,2764,val
Q96ME1,2765,train
Q7Z403,2766,val
P17010,2767,train
P08048,2767,train
Q9Y462,2767,train
Q8TF01,2768,train
O75410,2769,train
Q9BYF1,2770,train
P51798,2771,val
P23743,2772,test
Q9Y6T7,2772,test
P49619,2772,test
O43374,2773,train
C9J798,2773,train
O95294,2773,train
Q2NL82,2774,val
Q8IYR2,2775,train
Q8TCG5,2776,val
P50416,2776,val
Q92523,2776,val
Q14155,2777,train
Q15052,2777,train
Q13105,2778,train
Q58FF3,2779,train
P14625,2779,train
P08238,2779,train
P07900,2779,train
Q96PU4,2780,train
Q96T88,2780,train
O75582,2781,train
O75676,2781,train
Q9UBS0,2781,train
P26639,2782,train
Q9BW92,2782,train
A2RTX5,2782,train
Q8IZ83,2783,train
Q99459,2784,train
Q8IV53,2785,train
Q6P3S1,2785,train
P25440,2786,train
Q9UKN5,2787,val
Q9UP52,2788,train
Q8WTT2,2789,test
Q96PV6,2790,train
Q9NYL2,2791,test
A8MT70,2792,train
Q8NHH1,2793,test
O43290,2794,train
Q15542,2795,train
Q6ZSY5,2796,train
P05106,2797,test
P05556,2797,test
P18564,2797,test
P18084,2797,test
Q8IYF1,2798,train
Q14241,2798,train
Q14694,2799,train
Q8TF76,2800,val
Q9UBK2,2801,train
O75534,2802,test
P05107,2803,train
P26010,2803,train
Q9Y446,2804,train
Q9Y5E4,2805,train
Q96TA0,2805,train
Q9Y5E1,2805,train
Q9Y5E5,2805,train
Q9Y5F2,2805,train
Q9NRJ7,2805,train
Q9Y5E6,2805,train
Q96PB1,2806,test
O43815,2807,train
Q13033,2807,train
Q9Y345,2808,train
P48067,2808,train
Q9UN76,2808,train
Q8TEL6,2809,train
Q9UQ90,2810,train
Q9Y4W6,2810,train
Q96K78,2811,test
Q8IV61,2812,train
Q8TDF6,2812,train
Q7LDG7,2812,train
O95267,2812,train
Q17R60,2813,val
P04629,2814,train
Q9BWU0,2815,val
Q96GQ7,2816,train
Q96D71,2817,val
Q68CJ6,2818,test
Q96QK1,2819,train
Q9H1B7,2820,val
Q9Y263,2821,val
Q58DX5,2822,train
P21127,2823,test
Q9UQ88,2823,test
Q15131,2823,test
P54886,2824,test
Q92609,2825,train
Q6NUI2,2826,train
Q9P0L2,2827,train
Q7KZI7,2827,train
P27448,2827,train
Q96L34,2827,train
O94874,2828,train
Q9UQR1,2829,train
P42229,2830,train
P51692,2830,train
Q9UBV2,2831,train
Q5TEA6,2831,train
Q8IXB1,2832,train
Q05682,2833,train
P0C221,2834,train
Q7Z736,2835,train
O14782,2836,train
A6NEL2,2837,train
Q15459,2838,test
Q7Z5L2,2839,val
Q6NUQ1,2840,train
P23921,2841,train
Q6P2D8,2842,train
Q92845,2843,train
Q6ZSS7,2844,train
Q7LBE3,2845,train
O95479,2846,train
Q8NA54,2847,train
Q8NAC3,2848,train
Q8WXE1,2849,train
Q09161,2850,train
Q3KR16,2851,train
Q5SV97,2852,train
P21580,2853,train
Q147U1,2854,train
Q14584,2854,train
Q96MR9,2854,train
Q9BUY5,2854,train
Q9HAQ2,2855,train
Q5HYK7,2856,train
Q9BTN0,2857,train
Q6PJG9,2857,train
Q9ULH4,2857,train
Q9P244,2857,train
Q9HBZ2,2858,train
P27540,2858,train
P51178,2859,train
Q8N3E9,2859,train
Q9BRC7,2859,train
Q86VP1,2860,train
Q6P996,2861,train
Q6P474,2861,train
Q96RN5,2862,train
P49321,2863,train
A6H8M9,2864,train
Q8IV36,2865,train
Q99835,2866,val
Q9HCI6,2867,train
P15502,2868,train
P41002,2869,train
O00534,2870,val
Q8TB22,2871,test
Q8IYB8,2872,train
Q9NQ75,2873,train
Q16549,2874,val
Q8N3S3,2875,train
Q9UMS5,2875,train
O94782,2876,val
Q02447,2877,val
P08047,2877,val
Q99985,2878,train
Q13275,2878,train
P41218,2879,train
Q16666,2879,train
Q6K0P9,2879,train
Q8NDB2,2880,train
Q9H9E3,2881,train
P33151,2882,train
P08237,2883,train
P17858,2883,train
Q01813,2883,train
Q6XPR3,2884,train
O60603,2885,train
Q9H1K0,2886,train
Q02446,2887,train
Q66K89,2888,train
Q9NR30,2889,train
Q9BQ39,2889,train
Q5VVM6,2890,train
Q96ST8,2891,val
Q13671,2892,train
Q68DV7,2893,test
Q8TCS8,2894,train
Q9C026,2895,train
Q6ZTA4,2895,train
O15117,2896,train
Q9NP80,2897,train
Q9Y2G8,2898,val
Q9H8E8,2899,val
Q9Y2W3,2900,val
Q8N393,2901,val
Q9BZL4,2902,train
Q86WC6,2902,train
Q08AM6,2903,train
Q9UID3,2904,train
A1A5B4,2905,val
P19447,2906,train
Q8TD31,2907,train
Q9P2I0,2908,train
P40121,2909,train
Q9Y6U3,2909,train
P06396,2909,train
Q96JK4,2910,train
O15553,2911,test
Q9UIU6,2912,val
Q15475,2912,val
Q9NPC8,2912,val
P0C869,2913,val
P14923,2914,train
P35222,2914,train
Q6ZMT9,2915,test
P16383,2916,train
Q8NA19,2917,train
Q96JM7,2917,train
Q05209,2918,train
Q6ZMI0,2919,train
O75157,2920,train
Q709F0,2921,test
Q99798,2922,train
Q9NR71,2923,val
Q8NEC5,2924,train
Q93034,2925,train
Q8TBE0,2926,train
Q9Y233,2927,test
Q8IX18,2928,train
Q9H4M7,2929,train
Q969S9,2930,train
Q9HBM0,2931,train
O43264,2932,test
Q9Y2J4,2933,train
Q9Y5V3,2934,train
Q8IWQ3,2935,test
Q8TDC3,2935,test
Q6P9A3,2936,train
Q9BWM5,2936,train
Q8IVP9,2936,train
Q3SY52,2936,train
Q6P9A1,2936,train
E7ETH6,2936,train
Q9H707,2936,train
P17021,2936,train
O43361,2936,train
Q8NEK5,2936,train
P52740,2936,train
Q9HCX3,2936,train
Q8IZU9,2937,train
Q96J84,2937,train
Q12815,2938,train
Q08495,2939,val
O94929,2939,val
O14639,2939,val
Q6H8Q1,2939,val
Q6NUN7,2940,train
Q9NXD2,2941,train
Q96II8,2942,test
Q9NXL2,2943,train
O15211,2944,train
Q9HBF4,2945,train
Q5VTJ3,2946,train
P04150,2947,train
O14964,2948,train
Q9P2H3,2949,train
Q99728,2950,train
Q9NU02,2951,train
Q6ZVF9,2952,test
Q2TAL8,2953,train
Q16799,2954,test
Q13616,2955,train
Q5U5R9,2956,train
O95672,2957,val
Q96PD2,2958,test
Q674X7,2959,train
P47897,2960,train
O15041,2961,train
Q13214,2961,train
Q14563,2961,train
O60347,2962,test
Q9P2M4,2962,test
Q9UKQ2,2963,train
O15204,2963,train
Q8IZ52,2964,train
Q9P2E5,2964,train
Q86YV9,2965,train
Q96CN9,2966,train
Q8NBF1,2967,train
Q8NEA6,2967,train
Q13495,2968,train
Q96JB6,2969,train
P58215,2969,train
Q9Y4K0,2969,train
Q5SW24,2970,train
Q6PCD5,2971,test
Q96IC2,2972,train
Q86TY3,2973,test
Q8IV76,2974,train
Q9NVE7,2975,train
Q17RB8,2976,train
Q8WYQ5,2977,train
Q96TA2,2978,train
Q04725,2979,train
Q04726,2979,train
Q04724,2979,train
Q04727,2979,train
Q08117,2979,train
A5PLN7,2980,train
Q8IY22,2981,train
Q5XG87,2982,train
Q8NDF8,2982,train
Q14494,2983,train
Q9UKI8,2984,train
Q86UE8,2984,train
Q8TBB6,2985,train
Q5TAP6,2986,train
Q9BVJ6,2986,train
A6NDV4,2987,train
Q9HCN3,2987,train
Q86TB9,2988,train
P98082,2989,train
P40763,2990,train
Q14765,2990,train
P42224,2990,train
Q96N46,2991,train
O95754,2992,train
Q06481,2993,train
P05067,2993,train
P42892,2994,train
Q8IYT2,2995,train
P83436,2996,val
Q5T3J3,2997,train
P26012,2998,train
Q5BKX6,2999,train
Q8TED9,3000,test
Q8N556,3000,test
Q13618,3001,train
Q08J23,3002,test
P0DP72,3003,train
Q15436,3004,train
Q15437,3004,train
Q8TBP0,3005,train
Q92805,3006,val
Q8IYY4,3007,val
Q7Z4T9,3008,train
Q9NT22,3009,train
Q8N568,3010,train
O43602,3010,train
O15075,3010,train
P15056,3011,train
P10398,3011,train
P04049,3011,train
Q76B58,3012,train
P81133,3013,train
Q14190,3013,train
Q7Z7L7,3014,train
Q03519,3015,train
Q9NP78,3015,train
Q12884,3016,train
P27487,3016,train
Q96PH1,3017,val
Q5VUJ6,3018,train
P11387,3019,train
Q969P6,3019,train
Q6ZSB9,3020,train
Q8TAD4,3021,train
Q9C0B5,3022,train
Q9ULC8,3022,train
Q9H1D0,3023,train
Q9NRH2,3024,val
Q5W0V3,3025,train
Q86V87,3025,train
P01833,3026,train
P17480,3027,train
Q9BXB4,3028,train
Q9BXB5,3028,train
P16473,3029,train
P40879,3030,test
Q7L8L6,3031,train
P00751,3032,train
P06681,3032,train
Q6T4P5,3033,train
Q7Z2D5,3033,train
Q08050,3034,train
P35711,3035,train
Q01826,3036,train
Q9UPW6,3036,train
Q16853,3037,train
Q8N957,3038,val
Q9Y463,3039,train
Q13627,3039,train
P40939,3040,train
Q6P2H3,3041,train
O43930,3042,test
P17612,3042,test
P22612,3042,test
Q13237,3042,test
O43422,3043,train
Q6ZWE6,3044,train
Q9H3S1,3045,train
Q93075,3046,train
Q9Y2X7,3047,train
Q14161,3047,train
Q9BRB3,3048,train
Q9ULD5,3049,train
Q6ZMS7,3049,train
Q9UGP8,3050,train
P02786,3051,train
P18074,3052,train
Q9Y222,3053,train
Q9BT23,3054,train
Q9UHB6,3054,train
Q496Y0,3055,train
Q5HY92,3056,train
Q9NW13,3057,train
Q6WRX3,3058,train
Q9C0D3,3058,train
Q9NQ86,3059,train
Q7Z4K8,3059,train
Q9BXS9,3060,train
Q96NX9,3061,train
Q9UI36,3061,train
Q2PZI1,3062,val
Q6NUT2,3062,val
Q6NXN4,3062,val
Q8WUQ7,3063,train
Q92870,3064,train
O00213,3064,train
P56182,3065,val
Q14684,3065,val
Q16891,3066,train
P10636,3067,test
P38435,3068,train
Q12797,3069,train
Q8NG48,3070,train
Q8WXW3,3071,train
Q76N32,3072,train
Q9ULG6,3073,train
O95140,3074,val
Q8IWA4,3074,val
P48547,3075,val
Q96PR1,3075,val
Q14003,3075,val
Q03721,3075,val
Q4G0A6,3076,val
Q8IYL2,3077,test
Q9HBX9,3078,train
Q9HCE7,3079,train
Q9HAU4,3079,train
Q9H1I8,3080,train
Q9HCU0,3081,train
Q68CQ4,3082,train
O75154,3083,train
P40692,3084,test
Q8N3Y3,3085,val
O95461,3085,val
Q08AE8,3086,val
Q8WWL2,3086,val
Q9NRF2,3087,train
Q5QJE6,3088,train
O60645,3089,val
Q92674,3090,test
O15111,3091,test
O14920,3091,test
Q765P7,3092,test
O43312,3092,test
Q9UJX4,3093,test
Q8WY54,3094,train
P49593,3094,train
Q5GFL6,3095,val
Q9C0H6,3096,train
Q96PQ7,3096,train
Q9NR64,3096,train
Q96N64,3097,train
Q9BRZ2,3098,train
Q13433,3099,train
Q96HI0,3100,train
O43719,3101,train
A2A3K4,3102,train
Q1X8D7,3103,train
Q1L5Z9,3104,train
O60934,3105,train
Q5UE93,3106,train
Q13427,3107,train
Q9H2U9,3108,train
Q14872,3109,train
O94993,3110,train
O14830,3111,train
Q9NRL3,3112,val
Q9BVQ7,3113,train
O75175,3114,train
P10243,3115,train
Q569K6,3116,train
Q6IV72,3117,train
Q8NHX9,3118,train
O75027,3119,train
Q9NVP4,3120,train
Q96RP9,3121,train
P19801,3122,train
P52736,3123,train
Q9Y3M9,3123,train
Q14929,3123,train
Q68BL8,3124,test
P22033,3125,train
P08473,3126,train
Q17RM4,3127,train
Q9Y3Q0,3128,train
Q9HBA9,3128,train
Q04609,3128,train
Q9UKY4,3129,train
Q9BRR9,3130,train
P47712,3131,train
Q9Y3T9,3132,train
Q6MZP7,3133,train
Q5JST6,3134,train
A1L4K1,3135,train
P78562,3136,train
Q96HU1,3137,train
Q14244,3138,train
Q8N264,3139,train
Q7Z5H3,3139,train
P49589,3140,train
O14672,3141,val
P43155,3142,train
P28329,3142,train
Q9HDC5,3143,val
Q9BR39,3143,val
Q8WXH2,3143,val
Q96JJ6,3143,val
Q8NCD3,3144,train
Q71SY5,3145,train
Q86YD1,3145,train
Q9C0I1,3146,train
Q13835,3147,train
Q9ULW0,3148,train
Q9UFB7,3149,train
Q9Y2D9,3149,train
A4D1P6,3150,val
Q96EB6,3151,train
O15066,3152,test
Q9Y496,3152,test
O00391,3153,train
Q9Y6A1,3154,test
Q6UWL2,3155,train
Q92800,3156,test
Q15910,3156,test
Q9BQN1,3157,train
Q1KMD3,3158,train
Q96TA1,3159,train
Q14137,3160,train
O95876,3161,train
Q13586,3162,train
Q9P246,3162,train
Q86VI1,3163,test
Q16394,3164,train
Q16819,3165,train
Q16820,3165,train
P51003,3166,train
Q9BWT3,3166,train
Q8TB52,3167,test
Q15418,3168,val
P51812,3168,val
Q9UK32,3168,val
P23443,3168,val
Q15349,3168,val
Q9UBJ2,3169,val
P33897,3169,val
Q8IYA6,3170,test
Q13617,3171,train
Q6UXK2,3172,val
O14498,3172,val
P46459,3173,train
Q8N1W2,3174,val
Q8N895,3174,val
Q8TF39,3175,train
Q9C040,3176,train
O75382,3176,train
P27658,3177,train
Q03692,3177,train
Q9H9A5,3178,train
Q8NFI3,3179,train
Q7L7V1,3180,val
Q9UKI9,3181,train
P14859,3181,train
P09086,3181,train
Q13207,3182,train
O15119,3182,train
Q8IYQ7,3183,train
P54802,3184,train
Q9Y4J8,3185,train
O60941,3185,train
Q8IZE3,3186,train
P16070,3187,train
Q7L1I2,3188,train
Q496J9,3188,train
Q7L0J3,3188,train
Q5KU26,3189,val
Q99567,3190,train
Q96JG8,3191,train
P78563,3192,val
Q05823,3193,train
Q5T4D3,3194,train
Q9HC78,3195,train
Q96EE4,3196,train
Q09328,3196,train
Q15003,3197,train
Q8WUT4,3198,train
Q9UQQ1,3199,train
Q92499,3200,train
Q9UER7,3201,train
O94868,3202,train
Q9UNA4,3203,train
Q8IZ41,3204,train
Q96MC2,3205,train
Q8TDB6,3206,val
Q2VYF4,3207,train
O95202,3207,train
Q9NS39,3208,train
O95475,3209,train
O95343,3209,train
Q8N196,3209,train
P19320,3210,val
Q15022,3211,train
P50443,3212,train
Q9H2B4,3212,train
Q9Y6B7,3213,train
Q8NFM7,3214,train
P41250,3215,train
P16284,3216,train
Q02809,3217,train
O00469,3217,train
O60568,3217,train
Q92615,3218,train
P08582,3219,train
Q9NRK6,3220,train
Q96CP6,3221,train
Q3KR37,3221,train
Q14746,3222,train
Q32M88,3223,train
Q92786,3224,train
Q9UEY8,3225,train
P35611,3225,train
P35612,3225,train
Q9NY33,3226,train
Q8NFT8,3227,train
P54840,3228,train
P13807,3228,train
P24723,3229,val
Q04759,3229,val
Q02156,3229,val
Q96SU4,3230,train
Q32P28,3231,train
Q8IVL5,3231,train
Q8IVL6,3231,train
O14640,3232,test
O14641,3232,test
Q92997,3232,test
P54792,3232,test
P51659,3233,train
Q9NQX3,3234,test
Q6PJT7,3235,train
O00522,3236,train
Q9GZN6,3237,train
O14867,3238,train
Q9UL63,3239,test
Q33E94,3240,train
Q8WVT3,3241,test
Q9Y6Q2,3242,train
O15344,3243,train
Q9UJV3,3243,train
Q6ZW31,3244,train
Q9NUT2,3245,train
Q9UPT5,3246,train
Q8NEE6,3247,train
P33992,3248,val
P28698,3249,train
Q9H7X3,3249,train
Q96LA5,3250,train
Q96P31,3250,train
Q96LA6,3250,train
Q6SJ93,3251,train
Q9UBT7,3252,test
Q9Y4W2,3253,train
P85037,3254,train
Q01167,3254,train
Q7Z2T5,3255,val
Q14526,3256,train
Q96JB3,3256,train
Q96T17,3257,train
O15259,3258,train
P13010,3259,train
P23276,3260,train
Q9NV66,3261,train
Q6NUM6,3261,train
P13798,3262,train
P48449,3263,test
Q02108,3264,test
P33402,3264,test
Q8NI17,3265,test
Q96AQ6,3266,train
Q13823,3267,train
Q8TBA6,3268,train
Q92952,3269,train
Q9UGI6,3269,train
Q9H2S1,3269,train
O15554,3269,train
Q8N103,3270,train
Q86SP6,3271,test
Q8NHY2,3272,train
O60583,3273,train
O60563,3273,train
P47736,3274,test
Q684P5,3274,test
Q695T7,3275,train
Q9H2J7,3275,train
Q9H1V8,3275,train
Q8TDW5,3276,train
Q9NZJ0,3277,test
Q9P2K5,3278,train
P52272,3278,train
Q9UBB6,3279,train
P17844,3280,train
Q92841,3280,train
Q3YEC7,3281,train
Q16348,3282,train
P46059,3282,train
Q13061,3283,train
Q6VN20,3284,val
Q96S59,3284,val
Q9P2N2,3285,train
Q8TEC5,3286,train
Q9UHD2,3287,train
Q14164,3287,train
Q7Z5Q1,3288,train
Q8NE35,3288,train
Q17RY0,3288,train
Q92560,3289,train
P05165,3290,train
Q8N448,3291,train
Q8TBB1,3291,train
Q9Y2L9,3292,train
O75427,3292,train
P27986,3293,train
O00459,3293,train
Q92569,3293,train
Q5VWT5,3294,train
P12755,3295,train
P14210,3296,train
Q96ED9,3297,train
Q86VS8,3297,train
Q9UJC3,3297,train
P28331,3298,test
O75112,3299,val
Q9H6T0,3300,train
Q6NXG1,3300,train
Q9Y2G4,3301,train
Q96MU7,3302,train
Q4J6C6,3303,val
O94844,3304,train
Q9BYZ6,3304,train
Q8NA31,3305,train
P43304,3306,train
Q96JJ3,3307,train
Q96BJ8,3307,train
Q92556,3307,train
Q8NI51,3308,train
P49711,3308,train
P46199,3309,train
Q8NBF2,3310,test
P50747,3311,train
Q5W0B1,3312,train
Q8IU68,3313,train
Q9H8Y5,3314,val
Q5VZE5,3315,test
Q96RQ3,3316,train
Q8NEP3,3317,train
Q8N187,3318,train
Q9HAU8,3319,train
Q9H4A4,3319,train
Q96T83,3320,train
Q92581,3320,train
Q8IVB4,3320,train
Q96SZ4,3321,val
O00139,3322,train
Q8N4N8,3322,train
Q99661,3322,train
Q8IYI6,3323,train
O00418,3324,train
Q6PJW8,3325,test
Q71RC2,3326,train
Q96BD0,3327,train
Q6ZQN7,3327,train
Q86UG4,3327,train
Q6SZW1,3328,test
Q5FVE4,3329,train
Q96GR2,3329,train
A8MZA4,3330,test
A0A1B0GV03,3330,test
O75330,3331,val
Q6UWE0,3332,train
Q7Z388,3333,train
Q6ZPD9,3333,train
Q8TAM1,3334,train
Q08426,3335,train
Q7Z402,3336,val
Q8N1B4,3337,train
Q32MQ0,3338,val
Q8TE68,3339,train
Q9NR61,3340,test
O00548,3340,test
Q96M32,3341,train
Q9UJY5,3342,train
Q9NZ52,3342,train
Q9P2Y4,3343,train
Q9NZQ3,3344,train
Q9UKJ8,3345,train
Q5T6C5,3346,val
Q17RC7,3347,train
Q9Y223,3348,val
P31152,3349,train
Q16659,3349,train
Q9Y608,3350,train
Q9H6R7,3351,train
Q13144,3352,train
Q9BXC9,3353,train
P56975,3354,train
Q6UXH9,3355,train
O43548,3356,val
P21980,3356,val
O95932,3356,val
Q9H9D4,3357,train
O95573,3358,train
O60488,3358,train
Q9NYZ3,3359,train
Q969H4,3360,train
Q9H8H0,3361,train
A6NGR9,3362,train
Q96RL1,3363,train
O96013,3364,train
Q9P286,3364,train
Q9NQU5,3364,train
Q96T68,3365,train
Q53GD3,3366,val
Q8IWA5,3366,val
Q8NCS7,3366,val
P33993,3367,train
Q8NE18,3368,train
P53794,3369,train
Q2M3M2,3369,train
P13866,3369,train
Q9NY91,3369,train
Q8WWX8,3369,train
A0PJK1,3369,train
Q9UPU9,3370,val
Q5PRF9,3370,val
Q93063,3371,train
Q6NSI8,3372,train
Q9Y6D9,3373,train
Q9BYH8,3374,test
Q9Y2Z2,3375,train
Q12996,3376,train
Q6P3S6,3377,train
Q9H307,3378,train
Q9UH99,3379,train
Q2M385,3380,train
Q9H3W5,3381,train
O75325,3381,train
Q6UXK5,3381,train
Q96CP2,3382,train
Q4VC44,3382,train
Q5TD94,3383,train
Q8N8K9,3384,train
P20592,3385,train
P20591,3385,train
Q2TV78,3386,val
P26927,3386,val
O94776,3387,train
Q13330,3387,train
Q9BTC8,3387,train
Q8IWZ6,3388,test
Q8IYE1,3389,train
Q8N8Z6,3390,train
B3KS81,3391,train
O43304,3392,train
Q92503,3392,train
Q8IZW8,3393,train
Q9H6S3,3394,train
Q8IVH2,3395,train
Q9H334,3395,train
O15409,3395,train
Q8IYT3,3396,train
Q6NSJ0,3397,train
P07384,3398,val
P17655,3398,val
A6NHC0,3398,val
Q6ZUT3,3399,test
A0AV02,3400,train
Q8N302,3401,test
Q8TC05,3402,val
P57058,3403,train
Q9HCJ2,3404,train
Q9HBW1,3404,train
Q9NT99,3404,train
Q7Z4F1,3405,val
P55290,3406,train
Q9Y2K1,3407,train
Q99797,3408,train
Q9Y253,3409,train
Q5SWA1,3410,train
Q86SQ7,3411,train
Q9H0E7,3412,test
Q70CQ1,3412,test
Q7Z404,3413,train
O15060,3414,train
G3V0H7,3415,train
Q9NYB5,3415,train
P46721,3415,train
Q9Y6L6,3415,train
Q9NPD5,3415,train
Q8IUC6,3416,train
Q8N5C8,3417,train
P51617,3418,train
Q9UBD5,3419,train
O75342,3420,train
O15296,3420,train
Q9BYJ1,3420,train
O94830,3421,test
A2AJT9,3422,train
Q9NWN3,3423,val
Q4KMQ1,3424,train
Q9UQF2,3425,train
Q9UPT9,3426,test
A6NNY8,3426,test
Q70EK9,3426,test
O94850,3427,test
Q96I24,3428,train
Q96AE4,3428,train
Q92945,3428,train
Q9H116,3429,test
Q2TAK8,3430,train
Q5H9M0,3430,train
P19338,3431,train
Q8N5V2,3432,train
Q3MIN7,3433,train
P48147,3434,train
Q9UIG8,3435,test
P02787,3436,train
P02788,3436,train
Q92541,3437,train
Q9NYY8,3438,train
Q9NVR2,3439,train
Q6ZW61,3440,train
Q14123,3441,train
Q01064,3441,train
P54750,3441,train
A4FU01,3442,train
Q8N307,3443,train
Q92542,3444,train
Q5HYW2,3445,train
Q2YD98,3446,test
Q14444,3447,train
Q08945,3448,train
O94956,3449,train
O94876,3450,train
O75069,3450,train
Q9ULS5,3450,train
Q9NUQ8,3451,train
Q9UKG1,3452,train
Q8NEU8,3452,train
P49959,3453,train
Q86TG7,3454,train
Q6P3R8,3455,train
Q8NCN4,3456,train
Q8NG27,3457,train
O43164,3457,train
Q9UGI0,3458,train
Q6UWL6,3459,train
Q9NVR0,3460,val
Q9UJ41,3461,train
Q96T51,3462,val
Q8WXA3,3462,val
Q7L099,3462,val
Q9NVU0,3463,train
O00471,3464,train
Q4G163,3465,train
P20810,3466,test
Q9NQG7,3467,train
Q9BU23,3468,train
Q969H0,3469,train
Q9H4Q3,3470,train
Q9NX78,3471,train
Q6NZY4,3472,train
P08253,3473,train
P14780,3473,train
Q15233,3474,train
Q8WXF1,3474,train
P23246,3474,train
Q9H078,3475,train
Q9NQR7,3476,train
Q6IA69,3477,train
O14523,3478,train
Q9NPG1,3479,train
O60353,3479,train
Q7L622,3480,train
Q9NVM9,3481,train
Q8N143,3482,train
P41182,3482,train
Q969R5,3483,train
Q05BQ5,3483,train
Q8N350,3484,train
Q9NZP8,3485,train
P00736,3485,train
P17600,3486,train
O14994,3486,train
Q92777,3486,train
Q9H892,3487,val
Q96DZ5,3488,train
Q8N3C7,3488,train
Q96EF0,3489,train
Q9Y217,3489,train
Q9Y216,3489,train
Q9BYT8,3490,train
P52888,3490,train
Q9H4Z3,3491,train
Q12931,3492,train
Q9H992,3493,train
O15247,3494,train
Q9Y696,3494,train
O00299,3494,train
O95833,3494,train
Q96NY7,3494,train
Q9NZA1,3494,train
Q8N6Y0,3495,test
O15234,3496,train
Q96MT8,3497,train
Q8ND24,3498,train
Q8N9T8,3499,train
O95352,3500,train
P23142,3501,train
Q99941,3502,train
Q5SY16,3503,train
Q8IZ21,3504,train
Q6Y2X3,3505,train
P13688,3506,train
P31997,3506,train
Q00887,3506,train
Q15238,3506,train
Q9UQ72,3506,train
P06731,3506,train
P40199,3506,train
P40198,3506,train
Q14002,3506,train
Q04446,3507,train
Q9H0J9,3508,train
Q9UF56,3509,train
Q9H0K6,3510,val
Q6ZT62,3511,train
Q9Y3L3,3511,train
Q9NR19,3512,train
A9YTQ3,3513,train
Q9Y592,3514,train
O75127,3515,train
P10244,3516,train
Q96GD3,3517,train
Q9UQR0,3517,train
O15254,3518,train
Q96QV1,3519,train
Q92902,3520,train
Q14978,3521,train
Q8N6R0,3522,train
Q9H720,3523,train
Q9UKM7,3524,train
Q9P2Y5,3525,val
Q9UI46,3526,train
O94769,3527,train
Q5VIR6,3528,val
P23327,3529,train
Q9NUY8,3530,train
Q96M02,3531,val
P48740,3532,train
O00187,3532,train
Q06210,3533,train
O94808,3533,train
Q9UBK8,3534,train
Q8NC60,3535,val
Q96RL6,3536,train
Q96LC7,3536,train
A6NMB1,3536,train
Q6ZRP7,3537,train
Q9BZW7,3538,test
Q9UKU0,3539,train
Q9ULC5,3539,train
P33121,3539,train
Q53GS7,3540,train
Q86XR2,3541,train
Q9H0V1,3542,train
O43167,3543,train
Q8IV35,3544,test
Q9NX65,3545,train
P05771,3546,train
P05129,3546,train
P17252,3546,train
Q96GX1,3547,train
Q9H3C7,3548,train
Q86VQ0,3549,train
O00461,3550,train
Q9Y426,3551,train
Q86VW0,3552,val
Q9UBH6,3553,test
Q96MP5,3554,train
Q5W0A0,3555,train
Q9NZN1,3556,train
Q9NP60,3556,train
Q68DH5,3557,train
Q7Z417,3558,train
Q6ZW33,3559,train
Q8IZF3,3560,train
P49418,3561,train
Q02040,3562,train
Q6IPM2,3563,train
Q9Y4A8,3564,train
Q6TGC4,3565,train
Q9H461,3566,train
Q9Y2J0,3567,train
Q9UNE2,3567,train
Q14183,3567,train
Q14184,3567,train
O96006,3568,test
P42167,3569,train
P42166,3569,train
Q86XJ1,3570,train
O43903,3570,train
Q13480,3571,train
P29973,3572,train
Q16281,3572,train
Q8IV77,3572,train
Q6ZU52,3573,val
Q6PCT2,3574,train
Q9NYA3,3575,train
Q49AG3,3576,train
Q9Y2A4,3577,train
P15621,3577,train
P17017,3577,train
Q9UC07,3577,train
Q8N8Z8,3577,train
Q9H7R0,3577,train
Q8N972,3577,train
C9JN71,3577,train
Q8TBZ8,3577,train
Q3KP31,3577,train
P17024,3577,train
Q8NEP9,3577,train
Q96GE5,3577,train
Q8N7K0,3577,train
Q7L945,3577,train
Q8TA94,3577,train
Q68EA5,3577,train
P52737,3577,train
Q15935,3577,train
P16415,3577,train
Q9H2G4,3578,train
Q9NYJ8,3579,train
Q08188,3580,train
Q9Y653,3581,train
Q53ET0,3582,train
P49915,3583,train
Q8NBP7,3584,val
Q86SG6,3585,val
Q86YC3,3586,train
Q96SD1,3587,train
Q9NVM4,3588,train
O43823,3589,train
O60393,3590,train
A8K979,3591,train
Q9UKA1,3592,train
Q9P1Z2,3593,val
P78424,3594,train
Q14863,3594,train
Q6IQ21,3595,train
Q8TDR0,3596,test
Q9HCJ3,3597,train
Q8IY67,3597,train
O75864,3598,val
Q9HAS3,3599,train
O43868,3599,train
O00337,3599,train
Q504Y0,3600,train
Q8TC07,3601,val
Q9HA65,3601,val
Q96QF7,3602,train
P16452,3603,train
Q06495,3604,val
Q8N130,3604,val
O95436,3604,val
O15226,3605,train
Q86WN1,3606,val
Q9NR80,3607,train
Q96N96,3607,train
O43307,3607,train
Q7Z353,3608,test
O14975,3609,test
Q5K4L6,3609,test
Q9Y2P5,3609,test
Q9Y2P4,3609,test
Q9HBW9,3610,train
Q96EY7,3611,train
Q7L2J0,3612,train
Q5T2E6,3613,train
Q9NQV8,3614,train
O15231,3615,train
Q9HB58,3616,train
Q6NUQ4,3617,val
Q9NUB1,3618,train
P35626,3619,train
P25098,3619,train
Q5JTW2,3620,train
P0C7T5,3621,val
Q9BSC4,3622,val
P09871,3623,train
Q96SB4,3624,train
Q9UPE1,3624,train
P78362,3624,train
P10074,3625,val
O95171,3626,train
Q96NL6,3627,train
Q3MII6,3628,train
Q9HBE1,3629,train
Q9NVU7,3630,val
Q8IUZ0,3631,train
Q9HCS5,3632,test
Q969X6,3633,train
Q6P2C0,3634,train
Q6UX68,3635,train
A8MT19,3636,train
Q8TCX5,3636,train
Q8IUC4,3636,train
O60294,3637,train
A1A5C7,3638,train
Q9H6R3,3639,val
Q9UL17,3640,val
O95936,3640,val
O43301,3641,train
Q96MM6,3641,train
Q9H4B4,3642,train
Q9NYY3,3642,train
Q8N8U9,3643,train
Q68DL7,3644,val
P54803,3645,train
O00237,3646,train
Q9Y252,3647,train
Q07837,3648,train
Q68D10,3649,train
Q15843,3650,train
P62987,3650,train
P62979,3650,train
P0CG47,3650,train
P0CG48,3650,train
Q9UKF6,3651,test
A8MX76,3652,train
Q8IWF2,3653,train
Q96RR1,3654,test
P12757,3655,train
Q8N3L3,3656,test
Q9NUQ3,3656,test
P40222,3656,test
Q9Y450,3657,train
Q53H47,3658,train
Q8WU76,3659,train
P49221,3660,train
P81274,3661,train
Q86YR5,3661,train
Q86V97,3662,train
Q8WVZ9,3662,train
O43395,3663,train
O14978,3664,val
Q6NSZ9,3664,val
Q13769,3665,train
Q155Q3,3666,test
Q96DU7,3667,train
Q8WWK9,3668,train
Q5U623,3669,train
Q99081,3670,train
P15884,3670,train
Q5SRH9,3671,train
Q5VTQ0,3671,train
Q16650,3672,train
O00566,3673,train
Q9NTW7,3674,train
Q9NPA5,3674,train
O75943,3675,train
Q96NU1,3676,val
Q99424,3677,train
Q15067,3677,train
Q99501,3678,train
Q96BD5,3679,train
P04637,3680,train
Q9H3D4,3680,train
O15350,3680,train
O15228,3681,train
Q96AC1,3682,train
Q86UX7,3682,train
Q9BQL6,3682,train
P23352,3683,train
Q7Z4Q2,3684,train
Q8IVT2,3685,train
Q3SXY7,3686,train
Q96PX1,3687,train
O60291,3687,train
Q8WUM9,3688,train
Q08357,3688,train
P11021,3689,train
P17066,3689,train
P0DMV9,3689,train
P38646,3689,train
P48741,3689,train
P54652,3689,train
P11142,3689,train
P0DMV8,3689,train
P34931,3689,train
Q2TB18,3690,train
Q460N3,3691,train
Q5T6L9,3692,train
Q14393,3693,train
P07225,3693,train
O15037,3694,test
Q12889,3695,train
Q15782,3695,train
Q6UXI7,3696,train
Q9H172,3697,train
P45844,3697,train
C9JLR9,3698,train
O75746,3699,test
Q9UJS0,3699,test
Q96C10,3700,val
P16435,3701,test
Q9NZT2,3702,train
Q96RD6,3703,train
Q15061,3704,train
Q8N5D0,3705,train
Q8TAF3,3706,val
O15062,3707,train
P49848,3708,train
Q6UWJ1,3709,train
P05060,3710,train
Q92994,3711,train
Q6UWU2,3712,train
P16278,3712,train
Q9UGP4,3713,train
A6NIX2,3713,train
Q05655,3714,train
P51787,3715,train
Q9BQ70,3716,train
Q9UQC2,3717,train
Q96N76,3718,train
Q8WYA0,3719,train
Q0ZGT2,3720,train
Q8N3R9,3721,train
P51813,3722,train
Q06187,3722,train
P42680,3722,train
P42681,3722,train
Q08881,3722,train
A1IGU5,3723,train
Q9BTX1,3724,train
P09917,3725,train
P18054,3725,train
P16050,3725,train
Q09019,3726,train
Q8TBZ3,3726,train
Q9UBU7,3727,train
Q6PIW4,3728,train
O75807,3729,train
Q9NQW7,3730,val
O43895,3730,val
O94810,3731,train
O75916,3731,train
Q9P1V8,3732,train
Q8N2M8,3733,test
O60299,3734,train
O43524,3735,val
Q12778,3735,val
Q06787,3736,train
P51114,3736,train
P51116,3736,train
A6NDB9,3737,train
Q05516,3738,train
Q9BW19,3739,test
Q2M2Z5,3740,train
Q6EMK4,3741,train
P12429,3742,train
P08758,3742,train
P08133,3742,train
Q9UJ72,3742,train
Q9H221,3743,val
Q8IUR7,3744,test
Q9NPB8,3745,val
Q8NCG7,3746,train
Q9HC96,3747,train
Q86T24,3748,test
Q8NEM2,3749,train
Q96NG3,3750,train
Q86V21,3751,train
Q13546,3752,train
O60504,3753,train
Q8TD17,3754,train
Q9UDV7,3754,train
O76094,3755,train
P54257,3756,train
P51817,3757,train
P22694,3757,train
Q13976,3757,train
Q96C24,3758,val
Q8N7J2,3759,train
Q9Y3E1,3760,val
Q7Z4V5,3760,val
Q96CN5,3761,val
Q9NVP1,3762,train
Q96M63,3763,train
Q96QH2,3764,train
Q8TF50,3765,train
O95447,3766,test
Q6Q0C0,3767,test
Q9UNK9,3768,test
Q9Y6X4,3769,val
P18850,3770,train
Q9BRK4,3771,train
Q9BSK4,3772,val
Q96JP0,3772,val
Q6MZZ7,3773,train
Q86UA1,3774,train
Q96PK6,3775,train
Q9UJ78,3776,test
P50281,3777,val
P51511,3777,val
P51512,3777,val
Q9Y5R2,3777,val
Q9BVL4,3778,train
P37088,3779,train
Q7RTS9,3780,train
Q8N442,3781,train
O94925,3782,test
Q9UI32,3782,test
Q9BX10,3783,train
O00178,3783,train
Q969S8,3784,train
O96005,3785,train
P30203,3786,train
P81408,3787,train
Q0VDD7,3788,train
O76090,3789,train
Q8N1M1,3789,train
Q8NFU0,3789,train
Q13438,3790,train
Q9BX79,3791,train
Q9UGJ1,3792,train
Q8NFR9,3793,train
Q8WVC0,3794,train
Q8N8A6,3795,train
Q5SNT2,3796,train
Q13470,3797,train
Q8NDP4,3798,train
Q15973,3798,train
Q8IZC7,3798,train
Q8IYI8,3798,train
Q08AG5,3798,train
Q9BS34,3798,train
Q0D2J5,3798,train
Q96I27,3798,train
Q96BR6,3798,train
Q8N0X7,3799,train
O75326,3800,train
Q9UQM7,3801,test
Q13554,3801,test
Q13557,3801,test
Q13555,3801,test
Q13614,3802,train
Q13496,3802,train
Q13613,3802,train
Q9Y2J8,3803,train
Q9UM07,3803,train
Q9ULW8,3803,train
Q96M89,3804,train
Q9H6T3,3805,train
Q96S55,3806,test
Q6PK81,3807,train
Q96K75,3807,train
Q6ZNG0,3807,train
Q96NG5,3807,train
Q96JL9,3807,train
Q8N988,3807,train
Q13360,3807,train
Q14807,3808,train
Q96B97,3809,train
Q86WT1,3810,train
Q8N4P2,3810,train
Q9BY84,3811,train
Q13202,3811,train
Q8ND71,3812,val
Q12934,3813,train
P02545,3814,train
P20700,3814,train
Q03252,3814,train
Q8N5G2,3815,train
Q96EP1,3816,train
Q8WU17,3817,train
Q2TB10,3818,train
Q8NC74,3819,train
Q14515,3820,train
P09486,3820,train
P31040,3821,train
Q96BT7,3822,test
Q99607,3823,train
Q96MT1,3824,train
Q99805,3825,train
Q92544,3825,train
Q96T25,3826,val
Q8N392,3827,train
O15079,3828,test
Q9NX95,3828,test
Q5VUJ5,3829,train
Q3KP66,3830,train
Q68CP4,3831,train
Q14392,3832,train
O15523,3833,train
O00571,3833,train
P20711,3834,val
P19113,3834,val
Q9UHV5,3835,train
Q9H714,3836,train
O43572,3837,train
Q8IYS0,3838,test
Q14CZ7,3839,train
Q9UJ14,3840,train
Q9H093,3841,train
O60285,3841,train
Q9UI40,3842,train
Q99467,3843,train
P57075,3844,val
Q9H7D7,3845,train
Q96PZ0,3846,train
P05160,3847,train
Q9NQ79,3848,train
Q8NHV4,3849,train
O00305,3850,train
Q08289,3850,train
P54284,3850,train
Q02641,3850,train
Q9NZU1,3851,train
O43155,3851,train
Q9NZU0,3851,train
Q8NFH8,3852,train
Q8WZA1,3853,train
P54136,3854,train
Q9NW15,3855,train
Q3B820,3856,train
P0CG23,3857,train
Q8TE77,3858,train
A1L020,3859,test
Q5U5Q3,3859,test
Q6ZN04,3859,test
Q9NXH9,3860,train
P28288,3861,train
Q8TAP6,3862,train
Q9H089,3863,train
P17813,3864,train
Q2TAA8,3865,train
O00116,3866,train
P52569,3867,test
P30825,3867,test
Q8WY07,3867,test
P23786,3868,train
Q9NV88,3869,train
P54829,3870,train
P35236,3870,train
Q15256,3870,train
Q7Z3E1,3871,train
Q96DM3,3872,train
Q6UVJ0,3873,train
C9JQI7,3874,val
Q96FV9,3875,train
Q8TCP9,3876,train
P0CF97,3876,train
Q8WWI5,3877,train
Q8N4M1,3877,train
Q92611,3878,test
Q9H6X5,3879,train
Q86SF2,3880,val
P42357,3881,train
Q9Y2V7,3882,train
Q9BW27,3883,train
P42898,3884,train
Q8N309,3885,train
Q6ZW76,3886,train
P24386,3887,train
P26374,3887,train
Q01844,3888,val
Q9P0U4,3889,val
Q2M243,3890,train
Q86W26,3891,train
Q9NY59,3892,train
Q96KR4,3893,train
Q15311,3894,train
Q9BVA0,3895,train
Q9NZV8,3896,train
Q9NSA2,3896,train
Q9UK17,3896,train
Q53HC5,3897,train
Q9P2J3,3897,train
Q9P2N7,3897,train
O75509,3898,train
P49748,3899,train
Q9H845,3899,train
Q9UNQ0,3900,test
Q9HBG7,3901,train
Q04756,3902,train
Q96IV0,3903,train
Q03169,3904,val
Q9NW82,3905,train
Q9NYA1,3906,test
Q9NRA0,3906,test
Q96JX3,3907,train
P15923,3908,train
P33908,3909,train
Q9NR34,3909,train
O60476,3909,train
O43439,3910,val
Q06455,3910,val
O75081,3910,val
A6NMB9,3911,train
Q9BXF6,3912,train
Q96GC6,3913,train
P22460,3914,train
P22459,3914,train
P17658,3914,train
Q09470,3914,train
P22001,3914,train
P16389,3914,train
O14829,3915,val
Q13049,3916,train
Q9BZQ2,3917,train
P35475,3918,train
Q8IW92,3919,val
Q8NCI6,3919,val
Q68BL7,3920,train
Q86VX9,3921,train
Q7L1V2,3921,train
P0C671,3922,train
Q66K79,3923,train
P16870,3923,train
Q9NPY3,3924,train
Q9BY15,3925,train
P07359,3926,val
Q6ZN84,3927,train
Q86WS4,3928,train
Q86UU5,3929,test
Q9Y6R0,3930,train
P49757,3930,train
O75925,3931,test
Q8N2W9,3931,test
Q9Y6X2,3931,test
O75928,3931,test
P08236,3932,train
Q15486,3932,train
Q9NPI1,3933,train
P35663,3934,train
A6NIE6,3935,train
Q9NYV6,3935,train
Q86XN8,3936,val
Q9H7E2,3937,train
Q9H222,3938,train
Q14680,3939,train
Q9NVC6,3940,val
Q8NCE2,3941,train
Q6PI73,3942,train
Q8N149,3942,train
Q8N423,3942,train
Q8NHJ6,3942,train
O75023,3942,train
Q8N6C8,3942,train
O75022,3942,train
P59901,3942,train
A6NI73,3942,train
Q8NHL6,3942,train
Q5GH73,3943,test
Q5GH72,3943,test
Q5GH76,3943,test
Q9UGH3,3944,train
Q9UHI7,3944,train
P51693,3945,train
Q9UNN5,3946,train
Q96G46,3947,train
Q86X29,3948,val
P46063,3949,train
Q86VQ6,3950,val
Q16881,3950,val
Q9NNW7,3950,val
P51170,3951,train
Q8TF42,3952,train
Q16643,3953,val
Q96QE2,3954,train
O15353,3955,train
Q9H0M4,3956,train
O95125,3957,train
Q15397,3958,train
Q9NXZ2,3959,test
Q9NVI7,3960,train
Q5T2N8,3960,train
Q5T9A4,3960,train
Q8NBF6,3961,train
Q9UFC0,3962,train
P10515,3963,train
P53671,3964,train
P53667,3964,train
Q8N3J3,3965,test
A0A0J9YXQ4,3966,train
A0A0J9YX94,3966,train
Q9BTA9,3967,train
Q6P5W5,3968,train
P78348,3969,train
Q16515,3969,train
Q96FT7,3969,train
Q96MY7,3970,train
Q14332,3971,train
Q9ULW2,3971,train
Q13467,3971,train
O75084,3971,train
Q9UP38,3971,train
O00144,3971,train
Q9P209,3972,train
Q49MG5,3973,train
Q8NI60,3974,train
P43121,3975,train
P30291,3976,train
Q9H7S9,3977,train
Q96F45,3977,train
Q96FN5,3978,train
Q9H2H8,3979,train
Q9Y3C6,3979,train
Q96BP3,3979,train
Q6PCB7,3980,train
Q6P1M0,3980,train
Q9ULX6,3981,train
Q8NG66,3982,train
P30101,3983,train
P13667,3983,train
Q13409,3984,train
O14576,3984,train
Q8IWZ8,3985,train
P42331,3986,train
Q17RD7,3987,train
Q8NB59,3987,train
Q6PI48,3988,test
Q9HC58,3989,train
Q8NFF2,3989,train
P0CB38,3990,test
Q9H361,3990,test
Q13310,3990,test
Q96DU9,3990,test
Q4VXU2,3990,test
Q5JQF8,3990,test
P11940,3990,test
Q9BSG1,3991,train
Q12901,3991,train
Q8IZ26,3991,train
O43296,3991,train
Q8N9F8,3991,train
Q16587,3991,train
P15622,3991,train
Q6ZS27,3991,train
Q96PQ6,3991,train
Q9HBT8,3991,train
Q8N141,3991,train
Q8NA42,3991,train
Q6ZMY9,3991,train
Q75MW2,3992,train
Q6NUN9,3992,train
P01042,3993,train
Q14166,3994,train
Q9P0U3,3995,train
O95905,3996,train
Q14533,3997,train
Q9NSB4,3997,train
Q9NSB2,3997,train
P78386,3997,train
O43790,3997,train
P13647,3997,train
P04259,3997,train
P48668,3997,train
Q14CN4,3997,train
P35908,3997,train
Q7RTS7,3997,train
P04264,3997,train
P05787,3997,train
P02538,3997,train
Q3SY84,3997,train
Q86Y46,3997,train
Q7Z794,3997,train
P08729,3997,train
Q01546,3997,train
O95678,3997,train
Q8N1N4,3997,train
Q5XKE5,3997,train
P12035,3997,train
P19013,3997,train
Q9NRR6,3998,train
Q9UKV5,3999,train
Q0P6H9,4000,val
Q92959,4001,train
Q1EHB4,4002,val
Q92911,4002,val
Q8N695,4002,val
Q5TEJ8,4003,train
Q9NWL6,4004,train
Q8TC92,4005,train
Q16206,4005,train
O14777,4006,val
Q9Y6Y0,4007,train
Q53EQ6,4008,train
Q6TDP4,4009,train
Q9Y2M5,4009,train
Q9NXS3,4009,train
O95198,4009,train
O94889,4009,train
Q53G59,4009,train
Q9UH77,4009,train
Q9BTE3,4010,train
Q8WVM8,4011,train
Q9H611,4012,train
O15484,4013,train
Q9Y6Q1,4013,train
Q9H6W3,4014,train
A0A0U1RRE5,4015,train
Q9Y2W2,4015,train
Q8N1K5,4016,train
O95208,4017,train
Q9H201,4017,train
Q02297,4018,train
P35558,4019,train
Q16822,4019,train
P10242,4020,train
P07911,4021,train
P55259,4021,train
O00472,4022,test
Q6NSJ2,4023,train
P51168,4024,train
A4FU49,4025,train
Q9UBT2,4026,train
Q5JVL4,4027,val
Q96PP8,4028,train
P32455,4028,train
Q96PP9,4028,train
Q6ZN66,4028,train
Q9H0R5,4028,train
P32456,4028,train
Q8N8V2,4028,train
P13196,4029,train
O95453,4030,train
Q8IYB4,4031,train
P50542,4031,train
Q15637,4032,train
Q99502,4033,train
O00167,4033,train
Q99504,4033,train
O95677,4033,train
Q8IUR6,4034,train
Q9P2B4,4035,train
Q9Y5K6,4036,train
Q71H61,4037,train
Q8N3T1,4038,train
Q5VWK0,4039,train
Q96MY1,4040,train
O94818,4040,train
C9JSJ3,4041,train
Q5H9K5,4042,train
Q9NPI7,4042,train
P52747,4043,train
P36508,4043,train
P08240,4044,train
P03952,4045,train
P03951,4045,train
Q96LD4,4046,train
Q96MH7,4047,train
P10912,4048,train
P49759,4049,train
Q9HAZ1,4049,train
P49761,4049,train
P49760,4049,train
Q96JB8,4050,train
Q9NY28,4051,train
Q6IS24,4051,train
Q6P9A2,4051,train
Q9HCQ5,4051,train
Q86YS3,4052,train
O14744,4053,train
P48506,4054,train
Q9ULJ1,4055,val
Q86U38,4056,train
Q9NZB8,4057,train
Q8WYA1,4058,train
O00327,4058,train
Q15025,4059,train
Q9NSD5,4060,train
P48066,4060,train
P23975,4060,train
Q01959,4060,train
Q99884,4060,train
P30531,4060,train
P31645,4060,train
P31641,4060,train
P48029,4060,train
P48065,4060,train
Q6UWB1,4061,train
Q9ULN7,4062,train
P43405,4063,train
Q9Y289,4064,train
P40238,4065,val
O43246,4066,train
Q9BZE4,4067,train
O75167,4068,train
Q6ZRF8,4069,train
A8MVM7,4070,train
O15209,4071,train
Q9H511,4072,test
Q53GT1,4073,train
Q9NUX5,4074,train
Q5TGY1,4075,train
Q6UUV9,4076,test
Q8IYS2,4077,train
Q86YP4,4078,train
Q9BTV7,4079,train
Q8TDN4,4079,train
P18887,4080,test
Q8NEG5,4081,train
O94927,4082,train
Q99829,4083,train
Q8IYJ1,4083,train
Q9HCH3,4083,train
Q86YQ8,4083,train
Q9UBL6,4083,train
Q96A23,4083,train
O75131,4083,train
O95741,4083,train
Q96FN4,4083,train
Q8NEC7,4084,train
Q8NCL4,4085,train
Q8IXK2,4085,train
Q14435,4085,train
Q8N4A0,4085,train
O60506,4086,train
O43390,4086,train
O76031,4087,train
A6NMD2,4088,train
A8MQT2,4088,train
A6NN73,4088,train
Q0D2H9,4088,train
A6NCC3,4088,train
H3BV12,4088,train
I6L899,4088,train
A7E2F4,4088,train
D6RF30,4088,train
F8WBI6,4088,train
A6NC78,4088,train
Q9H0H5,4089,train
Q68DY9,4090,val
Q8TAW3,4090,val
Q3KQV3,4090,val
Q8IVC4,4090,val
P52741,4090,val
Q13398,4090,val
Q96HQ0,4090,val
Q13106,4090,val
Q9NXT0,4090,val
Q8TAU3,4090,val
Q68DI1,4090,val
Q96SQ5,4090,val
Q8IUH4,4091,train
Q8IUH5,4091,train
Q8NAN2,4092,train
O14492,4093,train
Q7L311,4094,train
A1L0T0,4095,train
P20794,4096,train
Q9UPZ9,4096,train
Q9UN88,4097,train
Q567U6,4098,train
A6NF34,4099,train
O60216,4100,train
Q9ULX5,4101,train
P04844,4102,train
Q9Y2B5,4103,train
Q8N0X2,4104,val
A0MZ66,4105,train
Q969Z0,4106,train
Q9UH65,4107,train
Q9H4E7,4107,train
P20823,4108,train
P17405,4109,train
Q13421,4110,val
Q14651,4111,train
P13797,4111,train
P13796,4111,train
Q96HB5,4112,train
Q9NQX1,4113,train
P13682,4114,train
P51786,4114,train
Q96RE9,4114,train
P58317,4114,train
P21506,4114,train
Q96SR6,4114,train
Q9Y6Q3,4114,train
P17030,4114,train
Q8N883,4114,train
Q8N9K5,4114,train
Q5HYK9,4114,train
Q8NDW4,4114,train
Q8TAF7,4114,train
Q14258,4115,val
Q8WV44,4116,train
Q96A61,4116,train
Q92529,4117,train
Q6S5L8,4117,train
P29353,4117,train
P98077,4117,train
P08195,4118,train
Q9BQI3,4119,train
Q96B18,4120,train
O60279,4121,train
A8K855,4122,val
Q9HB63,4123,train
O94952,4124,train
Q9P2G3,4125,train
Q96RF0,4126,train
Q8WV41,4126,train
Q9UBL3,4127,train
P15170,4128,train
Q8IYD1,4128,train
P50895,4129,train
Q86XI8,4130,val
Q9UHB9,4131,train
P30926,4132,train
P32297,4132,train
P17787,4132,train
Q15825,4132,train
P30532,4132,train
P02708,4132,train
P43681,4132,train
Q9UK73,4133,train
O60826,4134,train
Q9UBU9,4135,train
Q9GZY0,4135,train
Q9H1B4,4135,train
Q9H4D5,4135,train
P43354,4136,train
Q92570,4136,train
P22736,4136,train
Q9Y2U5,4137,val
Q99759,4137,val
P20916,4138,train
Q9H967,4139,val
Q9UKG4,4140,train
Q9Y3Z3,4141,train
Q96S53,4142,train
Q15569,4142,train
P51854,4143,test
Q9H0I9,4143,test
P29401,4143,test
Q7Z695,4144,train
P84996,4145,train
Q8IZ07,4146,val
Q86YJ7,4146,val
Q6ZTN6,4146,val
Q6ISB3,4147,train
Q8TE85,4147,train
Q8NBJ5,4148,train
Q8IYK4,4148,train
Q5T4B2,4148,train
Q9H9A7,4149,train
Q8IZ69,4150,train
Q14677,4151,val
Q14397,4152,val
O43187,4153,train
A6PVS8,4154,train
O95340,4155,train
O43252,4155,train
Q9H981,4156,train
Q9Y5P4,4157,train
Q9NVW2,4158,train
Q9NRR5,4159,train
Q9UHD9,4159,train
Q9UMX0,4159,train
Q14145,4160,train
Q9BRP7,4161,test
Q9P2V4,4162,train
Q53TS8,4163,train
Q8N715,4164,train
P52739,4165,train
Q8IY47,4166,train
O94819,4167,val
Q3ZCT8,4168,train
Q9UG63,4169,train
P13646,4170,train
P02533,4170,train
Q2M2I5,4170,train
Q7Z3Y8,4170,train
P13645,4170,train
Q99456,4170,train
P08727,4170,train
P08779,4170,train
Q04695,4170,train
Q7Z3Z0,4170,train
P19012,4170,train
Q7Z3Y7,4170,train
P35527,4170,train
Q8WZA9,4171,train
O95460,4172,train
Q9UJV9,4173,train
Q96LX7,4174,val
Q9UPW0,4175,test
P16471,4176,train
Q9H0B6,4177,train
Q9NSK0,4177,train
Q07866,4177,train
Q6P597,4177,train
Q96G03,4178,train
Q6PCE3,4178,train
P00734,4179,train
Q9UN79,4180,train
Q9Y6J9,4181,train
A2RU67,4182,train
O15287,4183,train
Q86UW9,4184,test
Q9Y2E6,4184,test
Q86Y01,4184,test
Q96NE9,4185,train
P55199,4186,val
Q9UKA2,4187,train
O94842,4188,train
O15405,4188,train
Q8N5J2,4189,train
Q8NBR6,4189,train
Q6TFL4,4190,val
Q8WZ60,4190,val
A6NKL6,4191,train
O95671,4192,train
O43292,4193,val
Q9NVH0,4194,train
Q99543,4195,train
Q96EK5,4196,train
Q7L985,4197,train
Q96FE5,4197,train
P0C6S8,4197,train
Q53F19,4198,test
Q13042,4199,train
Q8N1V2,4200,test
Q9P2G9,4201,train
O43663,4202,train
Q4ZIN3,4203,test
Q5T1V6,4204,train
Q9BRD0,4205,val
Q04864,4206,test
Q04206,4206,test
P43403,4207,train
A1YPR0,4208,train
Q96K58,4209,train
Q9HCS4,4210,train
Q9NQB0,4210,train
Q9UJU2,4210,train
Q8NAA4,4211,train
P32519,4212,val
Q02153,4213,val
Q6UUV7,4214,train
Q8IXI2,4215,train
Q8IXI1,4215,train
Q9NYJ7,4216,val
Q13489,4217,test
Q13490,4217,test
Q96MX3,4218,val
Q9NZI5,4219,train
P49286,4220,train
Q13585,4220,train
Q8IZD4,4221,train
Q96RU3,4222,val
Q15642,4222,val
Q5T0N5,4222,val
Q92681,4223,train
Q9H267,4224,test
P38606,4225,train
Q86TM6,4226,train
P13521,4227,val
Q16134,4228,test
O75343,4229,test
P09172,4230,train
Q8TD20,4231,test
O94923,4232,train
Q9Y227,4233,train
Q9NQZ7,4233,train
P27694,4234,val
P48382,4235,val
Q8N4N3,4236,train
Q9UBP0,4237,train
Q9Y6Q6,4238,train
Q9H0L4,4239,train
P33240,4239,train
Q7Z3D6,4240,train
Q9Y5A7,4241,train
Q8NFT6,4242,train
Q96CK0,4243,train
O15240,4244,train
Q14739,4245,train
O76062,4245,train
A7MCY6,4246,train
Q96CM8,4247,val
Q8NAG6,4248,val
P00748,4249,val
O00255,4250,train
Q68DK7,4251,val
P20393,4252,test
Q14995,4252,test
Q13772,4253,test
P59827,4254,train
Q8N554,4255,train
Q7Z7F0,4256,test
P06276,4257,train
P22303,4257,train
Q9Y2D8,4258,test
Q3KP44,4259,train
Q6UVY6,4260,train
Q8IYX3,4261,train
Q02086,4262,train
Q6PEZ8,4263,train
Q7Z5L7,4263,train
Q6NYC8,4264,val
Q9Y6X3,4265,val
Q96C34,4266,train
O95831,4267,val
O15354,4268,train
O60883,4268,train
Q9UJY4,4269,val
Q969P0,4270,test
Q7RTM1,4271,train
Q9UKG9,4272,train
Q93052,4273,train
Q15654,4273,train
Q96Q07,4274,test
Q8IXW5,4275,test
Q8TB96,4276,train
Q9P2C4,4277,train
Q96MW5,4278,val
P09960,4279,train
Q494U1,4280,train
O94955,4281,train
A7MD48,4282,train
P23526,4283,train
O43865,4283,train
Q96HN2,4283,train
Q9H6U8,4284,train
Q96PZ2,4285,train
Q494V2,4286,train
Q9H7Z6,4287,train
O95251,4287,train
P23588,4288,val
Q9NPC7,4289,train
Q17RQ9,4290,val
Q6NUM9,4291,train
O15213,4292,test
Q4VX76,4293,train
Q96P26,4294,test
Q9BXI3,4294,test
P16581,4295,test
P27824,4296,train
O14967,4296,train
Q6L8Q7,4297,train
Q9BSJ5,4298,train
P02771,4299,test
P02768,4299,test
Q9P215,4300,train
P12956,4301,train
Q8IZC4,4302,train
Q6NV75,4303,train
Q8TAT6,4304,val
Q8NEG7,4305,val
Q8IWF6,4305,val
Q86X55,4306,train
O94826,4307,train
Q9NUW8,4308,train
Q8NAB2,4309,val
Q7Z4T8,4310,train
Q8NCW6,4310,train
Q8IYW4,4311,train
P36915,4312,train
Q9H9F9,4313,train
O14772,4314,test
P04843,4315,train
P34925,4316,train
O95935,4317,train
Q96SF7,4317,train
Q6NUS6,4318,train
Q8WXI4,4319,train
Q8WYK0,4319,train
Q676U5,4320,train
Q7L775,4321,val
P52306,4322,val
O43318,4323,train
O15321,4324,train
O75083,4325,test
P17026,4326,train
Q96NJ3,4326,train
Q5VV52,4326,train
Q9UL59,4326,train
Q8N3J9,4326,train
O60662,4327,train
Q6AZY7,4328,test
Q86WA9,4329,train
Q8N9R8,4330,train
O14678,4331,train
Q8TAT5,4332,train
Q16236,4333,train
Q9NZ53,4334,train
Q9Y297,4335,train
Q9UKB1,4335,train
O15297,4336,train
O75604,4337,train
Q96MM7,4338,train
Q8IZP7,4338,train
O60243,4338,train
Q9UIS9,4339,train
Q96EA4,4340,train
P35858,4341,val
Q96NN9,4342,test
Q8IYT1,4343,train
Q8TC56,4343,train
Q8WTR4,4344,train
Q6IBW4,4345,train
Q05D60,4346,train
P35354,4347,train
P23219,4347,train
A8MXQ7,4348,train
P17028,4349,train
P49910,4349,train
Q8NF99,4349,train
P10073,4349,train
Q9H4T2,4349,train
Q96N95,4349,train
Q969J2,4349,train
Q9Y5A6,4349,train
Q86W11,4349,train
Q96LW9,4349,train
O15535,4349,train
Q9BRR0,4349,train
O43309,4349,train
Q3MJ62,4349,train
Q16670,4349,train
Q15776,4349,train
Q6AZW8,4349,train
Q9UNY5,4349,train
Q96M94,4350,train
Q14264,4351,val
P48163,4352,train
P23368,4352,train
Q16798,4352,train
P13056,4353,train
P49116,4353,train
P53350,4354,train
Q6PJ61,4355,train
Q68CZ6,4356,test
Q8N6Q8,4357,test
Q49A17,4358,test
Q86SR1,4358,test
Q9H9A6,4359,train
Q9H1U4,4360,train
Q8N3X6,4361,train
Q15326,4362,train
Q13183,4363,train
Q8WWT9,4363,train
Q9BZW2,4363,train
Q86VL8,4364,train
Q15173,4365,train
Q16537,4365,train
Q15172,4365,train
Q14738,4365,train
Q13362,4365,train
Q07065,4366,train
Q9UH73,4367,train
Q9HAK2,4367,train
Q9H4W6,4367,train
Q9BQW3,4367,train
Q92630,4368,train
Q9NR20,4368,train
O43781,4368,train
Q8NFY9,4369,train
Q9BW04,4370,train
P30154,4371,train
P30153,4371,train
Q96SZ6,4372,train
Q56NI9,4373,train
Q9UGU5,4374,train
O95402,4375,train
P29536,4376,train
Q66K64,4377,train
Q8NHQ9,4378,train
A6NGE4,4379,train
Q5TAQ9,4379,train
Q9NSC7,4380,train
O43272,4381,train
Q5TA45,4382,test
Q9BV36,4383,train
Q5VW38,4384,train
Q96LB3,4385,train
Q9BVL2,4386,train
Q9Y2R4,4387,val
P07199,4388,train
Q9UJX3,4389,test
Q9P0W8,4390,test
P61221,4391,train
P43652,4392,val
Q9NZI8,4393,train
Q9Y6M1,4393,train
O00425,4393,train
Q5FYB1,4394,train
P15848,4394,train
Q5FYB0,4394,train
Q9H999,4395,train
Q9BZ23,4395,train
Q8TE04,4395,train
Q6P1W5,4396,train
Q9Y232,4397,train
Q9Y6F8,4397,train
Q8N8U2,4397,train
Q8N3Y1,4398,val
Q9HA90,4399,train
O43310,4400,train
Q14181,4401,train
Q15051,4402,train
P29350,4403,train
Q06124,4403,train
O60942,4404,train
Q9UHB4,4405,train
Q9NYH9,4406,train
Q9H8M2,4407,train
Q8NHQ1,4408,val
Q9UJX2,4409,val
P04003,4410,train
Q7Z6J6,4411,train
A2A2Y4,4411,train
Q9H2C0,4412,train
Q9UJP4,4413,train
A6NNA2,4414,train
Q15046,4415,val
Q9H1C4,4416,train
Q58FF7,4417,test
Q96HC4,4418,train
Q9Y250,4419,train
Q9NR81,4420,train
Q7Z628,4420,train
Q96AX1,4421,test
Q05513,4422,train
P41743,4422,train
Q7RTS5,4423,val
P57772,4424,train
Q9Y616,4425,train
P26038,4426,train
P35240,4426,train
P35241,4426,train
P15311,4426,train
A5D8V7,4427,train
P20138,4428,train
Q96PQ1,4428,train
Q9Y286,4428,train
O43699,4428,train
Q9NYZ4,4428,train
Q9Y336,4428,train
Q9NQX0,4429,train
Q99572,4430,train
Q7Z7K2,4431,train
Q9Y5X1,4432,train
P28908,4433,train
Q92731,4434,test
P03372,4434,test
Q9BWX5,4435,train
Q92908,4435,train
P43694,4435,train
O00567,4436,train
Q9UNH5,4437,train
O60729,4437,train
A4D256,4437,train
Q05329,4438,train
Q99259,4438,train
Q9Y600,4438,train
Q6UN15,4439,train
Q8NE62,4440,train
Q03989,4441,test
Q96G42,4442,train
O00186,4443,train
P61764,4443,train
Q15833,4443,train
Q86TU7,4444,train
A0AV96,4445,train
Q8TBY0,4445,train
Q9NQ94,4445,train
Q92990,4446,val
Q13322,4447,test
Q14451,4447,test
Q14449,4447,test
P43378,4448,train
Q9Y483,4449,train
O43189,4449,train
Q5T6S3,4449,train
O76083,4450,val
Q8N328,4451,test
Q15723,4452,train
Q8NFJ9,4453,val
Q8IVW6,4454,test
Q99856,4454,test
Q03431,4455,train
P49190,4455,train
Q8WXI9,4456,train
Q7L4E1,4457,val
Q96GW9,4458,train
Q5FYA8,4459,val
P08842,4459,val
P51689,4459,val
P54793,4459,val
P51690,4459,val
Q8TE67,4460,train
Q16526,4461,train
Q49AN0,4461,train
P28799,4462,train
Q9BUH8,4463,train
O00499,4464,train
Q92804,4465,train
P35637,4465,train
Q7Z569,4466,train
Q6ZNA5,4467,train
Q86T96,4468,train
P31939,4469,train
Q8TCT7,4470,train
Q8TCT8,4470,train
Q9UJT2,4471,test
Q9Y251,4472,train
Q8WWQ2,4472,train
P49023,4473,train
O60711,4473,train
O43294,4473,train
Q8N8S7,4474,train
Q8NFR7,4475,train
P41440,4476,train
Q96MW7,4477,train
Q9H900,4478,train
P17812,4479,train
Q9NRF8,4479,train
P07358,4480,train
Q99742,4481,val
O43300,4482,train
Q86VH4,4482,train
Q86UE6,4482,train
Q86VH5,4482,train
Q8IXH7,4483,train
Q6UWP8,4484,train
Q6NUJ5,4485,val
Q9NZV5,4486,train
Q6XYQ8,4487,train
Q86SS6,4487,train
Q9BQG1,4487,train
Q5T7P8,4487,train
P08912,4488,train
P11229,4488,train
P20309,4488,train
Q8N865,4489,train
Q15835,4490,train
P43250,4490,train
P34947,4490,train
P32298,4490,train
Q05215,4491,train
O14682,4492,train
Q9H0H3,4492,train
Q96S65,4493,train
Q8NHP8,4494,train
Q9HD45,4495,train
P0C7X5,4496,train
Q86UZ6,4497,val
Q9NRA2,4498,train
Q8NDX2,4498,train
Q9P2U7,4498,train
Q9P2U8,4498,train
Q8WVV4,4499,train
Q9HC62,4500,test
Q9NSD9,4501,train
O75529,4502,val
Q6P1L5,4503,test
Q86VQ1,4503,test
P14866,4504,train
Q8N1N0,4505,val
O00541,4506,val
O75553,4507,train
Q13939,4508,val
Q8N5S9,4509,train
Q96RR4,4509,train
Q14134,4510,train
Q53T94,4511,test
Q16538,4512,train
Q96BF6,4513,train
Q05932,4514,train
Q96IT1,4515,train
P46060,4516,train
Q9NTJ5,4517,train
Q8N1H7,4518,train
Q2MV58,4519,train
Q96Q27,4520,train
Q8NFF5,4521,train
Q7Z5L9,4522,train
Q8IWD5,4523,val
Q8WWW8,4524,train
Q7KYR7,4525,train
Q13410,4525,train
Q8WVV5,4525,train
Q96KV6,4525,train
O95391,4526,train
Q6ZV50,4527,val
Q9BYE2,4528,train
Q8IXQ5,4529,train
Q9UH03,4530,val
Q9UHD8,4530,val
Q5VWI1,4531,test
Q53FZ2,4532,train
Q68CK6,4532,train
Q6NUN0,4532,train
Q6P461,4532,train
Q08AH1,4532,train
Q08AH3,4532,train
P36269,4533,val
P19440,4533,val
Q08380,4534,train
Q13368,4535,train
Q5T2T1,4535,train
Q8WYN3,4536,train
Q9H175,4536,train
Q96DM1,4537,val
Q9BWN1,4538,train
Q7Z739,4539,train
Q9Y5A9,4539,train
Q9BYJ9,4539,train
Q9NRC1,4540,train
Q8TDW4,4540,train
P40200,4541,train
Q92624,4542,train
Q9H4H8,4543,train
Q8NE31,4544,train
Q8WW52,4545,val
Q9BY44,4546,train
P07476,4547,test
Q13422,4548,train
Q9UKS7,4548,train
Q9H2S9,4548,train
Q8N807,4549,train
Q6J4K2,4550,val
P41214,4551,train
O00481,4552,train
P78410,4552,train
O00478,4552,train
O95365,4553,train
Q96MK3,4554,test
Q8IXL6,4554,test
Q9Y573,4555,train
Q8IU81,4556,train
P07357,4557,train
O75363,4558,test
Q92802,4559,train
O15091,4560,val
Q96RS6,4561,train
Q9UGN5,4562,train
Q8N1G4,4563,train
P05156,4564,train
Q13740,4565,val
Q86X27,4566,train
Q5JS13,4566,train
Q5JTV8,4567,train
Q6PF15,4568,train
O43280,4569,train
Q8N584,4570,train
Q8NCV1,4571,train
Q8WXF7,4572,train
Q8NHH9,4572,train
Q6DD88,4572,train
Q99583,4573,train
Q9NVV4,4574,train
Q9NVN8,4575,test
Q9NPI6,4576,train
O95302,4577,train
Q96AY3,4577,train
Q5BKZ1,4578,test
Q9P2F9,4579,train
O14545,4580,train
Q4G0J3,4581,train
Q9UQ13,4582,test
P04279,4583,val
Q02383,4583,val
Q96BN6,4584,train
Q86UE4,4585,train
A6NN90,4586,train
Q8TF66,4587,train
Q9Y2E8,4588,train
Q9P270,4589,val
Q8N697,4590,train
Q8IY34,4590,train
Q8IZM8,4591,train
Q9BXM7,4592,train
Q8N2H3,4593,train
Q15650,4594,train
Q8NA03,4595,test
P30304,4596,train
P30305,4596,train
Q9GZU1,4597,train
Q8IZK6,4597,train
Q8TDD5,4597,train
Q05C16,4598,val
Q9C0D0,4599,train
Q86U44,4600,train
Q8WX92,4601,val
O75909,4602,train
Q9NXV6,4603,train
O95243,4604,train
Q8NAT1,4605,train
Q9H8W5,4606,train
Q9GZV3,4607,train
Q3MIX3,4608,train
P78333,4609,test
P51654,4609,test
Q8WVR3,4610,val
Q9NWS1,4611,train
Q9HCD5,4612,train
Q9BYV7,4613,val
Q8NFG4,4614,train
O60508,4615,train
Q01201,4616,train
Q5T749,4617,train
O00519,4618,train
Q5VV42,4619,val
Q969N2,4620,train
Q02985,4621,val
Q92496,4621,val
Q14699,4622,train
Q96AP4,4623,train
Q9UJ83,4624,train
Q7Z7A4,4625,test
Q5T160,4626,train
Q9BXQ6,4627,train
Q9BV94,4628,train
Q13651,4629,train
Q6IC98,4630,train
Q96CV9,4631,train
Q9HCI7,4632,train
Q8N6T0,4633,train
Q8TF68,4634,train
Q13416,4635,test
O95793,4636,train
Q9NUL3,4636,train
Q86VW1,4637,train
Q6PI26,4638,test
Q9BZK7,4639,val
O60907,4639,val
Q8WY91,4640,train
Q86T90,4641,train
Q9NZW5,4642,train
Q14168,4642,train
Q96PD5,4643,train
Q9BRG2,4644,val
Q96DX4,4645,train
Q4G176,4646,test
Q9Y6I3,4647,train
Q96M20,4648,train
P38432,4649,test
Q9BYC5,4650,train
Q8NA72,4651,train
Q6UXF1,4652,train
P17098,4653,train
Q8WTU2,4654,train
P07204,4655,train
Q9UQQ2,4656,train
O75030,4657,train
O14948,4657,train
P19484,4657,train
P19532,4657,train
Q3LXA3,4658,train
P28039,4659,test
Q9UGP5,4660,train
Q9HB29,4661,train
P14778,4661,train
O95817,4662,train
O95628,4663,train
A8MQ27,4664,train
O76050,4664,train
Q9NWW7,4665,train
Q9P0K8,4666,train
Q9H5J0,4667,val
P30613,4668,val
P14618,4668,val
P84085,4669,train
P18085,4669,train
P62330,4669,train
P40616,4669,train
P36404,4669,train
P61204,4669,train
P84077,4669,train
P36406,4669,train
Q9Y689,4669,train
Q9H4L4,4670,train
P21589,4671,train
Q14534,4672,train
P48664,4673,train
P43003,4673,train
P43005,4673,train
P43004,4673,train
O00311,4674,train
Q8N6P7,4675,train
O43734,4676,test
Q5TGP6,4677,train
Q86U10,4678,train
Q9Y692,4679,train
Q6ZP65,4680,train
Q96JW4,4681,val
Q96GZ6,4681,val
Q8IVJ1,4681,val
P10809,4682,train
Q6ZUG5,4683,train
Q9H808,4684,train
Q15942,4685,val
Q14956,4686,train
Q14194,4687,val
Q16555,4687,val
Q14195,4687,val
O14531,4687,val
Q9BPU6,4687,val
Q14117,4687,val
Q6NXP0,4688,train
Q96G74,4689,val
Q86UT5,4690,train
Q9NUG4,4691,train
Q10472,4692,val
Q10471,4692,val
Q8IUC8,4692,val
Q96FL9,4692,val
Q8N428,4692,val
Q8IYW5,4693,train
P0CG20,4694,val
Q9NP59,4695,train
Q9GZV8,4696,train
P23141,4697,train
O00748,4697,train
Q6UWW8,4697,train
Q9UKY3,4697,train
Q9NPJ1,4698,train
Q9BUK6,4699,train
Q96AY2,4700,train
Q8NEP4,4701,train
Q96FL8,4702,train
Q9NS93,4703,train
Q96JP5,4704,train
Q8NCP5,4705,train
Q9NRW7,4706,train
Q9Y5S8,4707,train
P04839,4707,train
Q9NPH3,4708,train
A2RTY3,4709,train
Q12980,4710,train
Q9H5N1,4711,train
O75387,4712,train
Q8N370,4712,train
Q9BXB7,4713,train
Q5HYW3,4714,val
P54619,4715,train
Q9UGJ0,4715,train
Q9UGI9,4715,train
Q7L9B9,4716,test
P49281,4717,train
P49279,4717,train
Q8TB73,4718,test
A6NGU5,4719,train
Q14390,4719,train
Q8ND83,4720,train
Q9BRS2,4721,train
Q9NW07,4722,test
Q86XF7,4722,test
Q5T619,4723,train
Q6PML9,4724,train
Q13114,4725,train
O00463,4725,train
O95470,4726,train
Q86YT5,4727,val
Q03111,4728,test
P42568,4728,test
Q96RQ9,4729,val
Q96S06,4730,test
Q6NW34,4731,val
P52429,4732,train
Q9H6Z4,4733,train
Q9BWE0,4734,train
Q96ME7,4735,train
P36871,4736,train
Q15124,4736,train
Q92696,4737,test
Q96I34,4738,train
Q96T49,4738,train
Q6NXT6,4739,train
P37173,4740,train
Q5SSG8,4741,train
Q5VTB9,4742,train
Q6ZS11,4743,train
Q2T9J0,4744,train
O43566,4745,train
Q8N4L1,4746,test
Q8IW70,4746,test
Q969U6,4747,train
O75419,4748,train
Q9NYP3,4749,train
O95196,4750,train
Q9BZB8,4751,train
Q96T92,4752,val
Q00973,4753,train
Q8NHY0,4753,train
Q6UXI9,4754,train
O75398,4755,train
Q9UBW5,4756,train
Q9UK80,4757,train
Q2TBF2,4758,test
Q53GS9,4759,train
Q7RTZ1,4760,train
Q9Y262,4761,train
Q9UF83,4762,train
A8MUU9,4762,train
Q309B1,4763,train
O95361,4763,train
Q9HA77,4764,val
P58335,4765,test
Q9H6X2,4765,test
Q13057,4766,train
Q9HCC0,4767,train
Q8IWE2,4768,train
Q9NRY5,4768,train
Q9H9K5,4769,train
Q969V3,4770,train
Q8WYA6,4771,val
O14773,4772,train
Q9BST9,4773,test
Q4U2R8,4774,train
Q8TCC7,4774,train
P30038,4775,train
P0DPB3,4776,train
B3KU38,4776,train
Q502W7,4777,train
Q86W50,4778,test
Q8NAF0,4779,test
P17023,4780,train
Q14592,4780,train
Q7Z398,4780,train
Q8N6L0,4781,test
O15270,4782,train
Q9NUV7,4782,train
Q8IYJ3,4783,train
P00750,4784,train
P52594,4785,train
Q96QS3,4786,train
Q8WU58,4787,test
P00568,4788,train
Q9Y6K8,4788,train
Q9Y5R5,4789,train
Q96BT3,4790,train
P49902,4791,test
Q96SK2,4792,train
Q53GI3,4793,train
Q5FBB7,4794,test
Q8NBW4,4795,train
Q9Y2W6,4796,train
P78314,4797,train
Q7LFX5,4798,test
P08243,4799,train
O43281,4800,test
Q9UJX0,4801,train
Q9Y236,4801,train
Q0VAK6,4802,train
A6NIV6,4803,train
O00257,4804,train
Q96LW4,4805,test
Q6ZSS3,4806,val
Q8N2I2,4806,val
Q14520,4807,train
Q86UC2,4808,train
Q6UXD7,4809,train
Q86SQ6,4810,train
Q9NY61,4811,train
Q99741,4812,train
P40197,4813,val
Q9UHX1,4814,train
Q969Y0,4815,test
Q96DL1,4816,train
Q6P1R3,4817,train
Q9NXB0,4818,train
Q96KR7,4819,val
Q8N4P6,4820,train
Q5QP82,4821,train
Q13112,4822,train
Q6PGQ7,4823,train
Q9UPY6,4824,train
Q92558,4824,train
Q9Y6W5,4824,train
Q13153,4825,train
Q13177,4825,train
O75914,4825,train
Q9ULP9,4826,train
P54646,4827,train
Q13131,4827,train
Q9NVH1,4828,train
Q14410,4829,train
P32189,4829,train
Q14409,4829,train
Q0D2I5,4830,train
Q5TF58,4830,train
P02748,4831,train
Q8N4S9,4832,train
Q9H0G5,4833,test
P49448,4834,train
P00367,4834,train
P49326,4835,test
Q99518,4835,test
Q01740,4835,test
P31512,4835,test
P31513,4835,test
Q6P1M9,4836,train
Q8NBE8,4837,test
O00592,4838,train
Q9NUQ6,4839,train
O95870,4840,test
P35052,4841,train
O75487,4841,train
Q9Y625,4841,train
Q00597,4842,val
P06744,4843,train
Q9NPH2,4844,test
O75879,4845,train
Q9Y4X5,4846,test
Q13123,4847,train
O76082,4848,train
Q9H015,4848,train
Q9NVR7,4849,test
Q5JTD0,4850,train
P17181,4851,train
P35680,4852,train
Q96LI5,4853,train
Q9ULM6,4853,train
O15530,4854,train
Q6A1A2,4854,train
P15391,4855,train
Q32NB8,4856,train
Q9H4I0,4857,train
Q3SY00,4858,train
O15245,4859,train
O75751,4859,train
O15244,4859,train
P17987,4860,test
Q9Y5J1,4861,train
O75564,4862,train
Q01638,4863,train
P06865,4864,train
P07686,4864,train
Q9BW71,4865,val
P14222,4866,train
Q96S52,4867,train
Q12912,4868,train
Q2M329,4869,train
Q9UPI3,4870,train
Q9Y5Y0,4870,train
Q96K49,4871,train
Q8NBN3,4871,train
Q9NWM0,4872,train
Q7Z6M2,4873,train
P34913,4874,train
Q6GPH6,4875,train
Q92521,4876,train
Q96KC8,4877,train
P09603,4878,train
O95201,4879,train
A0AVF1,4880,train
Q16445,4881,train
P14867,4881,train
P47869,4881,train
P18507,4881,train
Q99928,4881,train
P48169,4881,train
P34903,4881,train
Q49A26,4882,train
Q8IUX8,4883,val
Q15834,4884,train
Q96PX6,4884,train
A6NKD9,4884,train
Q12948,4885,train
Q99958,4885,train
Q6P4A8,4886,test
Q96JT2,4887,train
Q6AW86,4888,train
O75467,4888,train
Q6ZWJ1,4889,test
Q63ZE4,4890,val
Q8IVM8,4890,val
Q9NSA0,4890,val
Q96S37,4890,val
P10599,4891,train
Q86VQ3,4891,train
O00219,4892,test
Q92819,4892,test
P47871,4893,test
O95838,4893,test
Q9UHF4,4894,test
Q5SSJ5,4895,val
Q9BZE9,4896,train
P25705,4897,train
P26599,4898,train
Q9UKA9,4898,train
O95758,4898,train
Q6UY01,4899,train
Q0VFZ6,4900,train
Q9BVS4,4901,train
Q13485,4902,train
Q8WTV0,4903,train
Q9Y6N9,4904,val
Q9H0X4,4905,train
P15586,4906,train
Q9NQ89,4907,train
Q9UQB8,4908,train
Q96NY9,4909,train
P0DN79,4910,train
P35520,4910,train
Q08ET2,4911,train
O15389,4911,train
Q8NDN9,4912,train
O95199,4912,train
Q9NP74,4913,val
Q6XPS3,4914,train
P56180,4914,train
Q9BZR9,4915,val
Q9Y226,4916,train
Q9Y228,4917,train
Q8IYJ2,4918,train
P19525,4919,train
Q16630,4920,train
Q9UL16,4921,train
P14784,4922,train
Q6ZMI3,4923,train
Q96S66,4924,val
Q96A19,4925,train
Q68D86,4925,train
Q8IWA6,4926,train
Q8N108,4927,train
Q7Z3K6,4927,train
P35610,4928,train
Q14247,4929,train
Q7L5Y6,4930,train
P22304,4931,train
Q8IX15,4932,train
P98153,4933,train
O43405,4934,train
Q96QG7,4935,train
Q9NQS3,4936,train
Q9BVP2,4937,val
Q8N878,4938,train
Q9Y6S9,4939,val
P17022,4940,train
Q2M3V2,4941,train
Q6ZMD2,4942,train
Q9H2V7,4942,train
Q8IVW8,4942,train
A6NKU9,4943,train
A6NIY4,4943,train
A0A087WXS9,4944,test
Q6NT04,4945,train
O00400,4946,train
Q86Y34,4947,train
Q14296,4948,train
Q9H857,4949,val
Q86UY8,4949,val
Q9UM21,4950,train
Q9UQ53,4950,train
Q9BYV2,4951,train
Q9BYV6,4951,train
O43776,4952,train
Q8N4V2,4953,train
Q9Y694,4954,val
Q9BUR4,4955,train
P50990,4956,train
P32780,4957,train
Q9HA47,4958,train
Q9BZX2,4958,train
Q9NWZ5,4958,train
O15371,4959,train
Q6ZN32,4960,train
P41162,4960,train
P50548,4960,train
P22307,4961,val
Q6P5Q4,4962,train
Q9NYL9,4962,train
Q9NZR1,4962,train
P28289,4962,train
Q9H9T3,4963,val
Q9NY93,4964,train
Q6PI77,4965,test
O95072,4966,train
P83111,4967,train
Q6ZRI8,4968,train
Q969I6,4969,train
Q96QD8,4969,train
Q8IWB1,4970,train
Q9UIF7,4971,train
Q8NG57,4972,train
Q8TEB1,4973,train
Q8N0U7,4974,train
Q9H211,4975,train
O15355,4976,val
Q5VTL8,4977,train
Q9NRG9,4978,train
Q86V42,4979,train
Q86SU0,4980,train
Q8N0V4,4981,train
Q8N135,4981,train
Q5TEC3,4982,val
Q9UEW8,4983,train
O95747,4983,train
Q8N344,4984,train
P51687,4985,train
Q86XZ4,4986,val
Q8IZ73,4987,train
O75298,4988,test
P49368,4989,train
P57082,4990,train
Q99593,4990,train
O43918,4991,test
P22792,4992,train
Q8TDN2,4993,train
Q7Z4N8,4994,train
O15049,4995,train
Q8TD08,4996,train
Q8NF37,4997,train
Q7L5N7,4997,train
Q643R3,4997,train
Q7Z449,4998,train
Q8N4S0,4999,test
Q9UK59,5000,train
Q64LD2,5001,val
A8MT65,5002,train
Q86TJ5,5002,train
Q96AP0,5003,train
Q5VTE6,5004,train
P07196,5005,train
P17661,5005,train
P41219,5005,train
P08670,5005,train
Q16352,5005,train
P14136,5005,train
Q8NA29,5006,val
Q9H4M9,5007,train
Q9NZN4,5007,train
Q9H223,5007,train
Q9NZN3,5007,train
P18146,5008,train
Q06889,5008,train
P43251,5009,test
Q5D0E6,5010,train
O96017,5011,train
Q8NC44,5012,train
Q8N3Z6,5013,train
P31948,5014,train
Q99832,5015,train
Q8NEB7,5016,test
Q16678,5017,train
Q9NPR9,5018,test
Q9UBI9,5019,train
Q8N543,5020,train
Q5TKA1,5021,train
Q8IYG6,5022,train
Q96SC8,5023,train
Q8TC41,5024,train
O00294,5025,train
O75386,5025,train
P50607,5025,train
Q15554,5026,train
O95394,5027,test
Q8N6G5,5028,test
Q8TDX6,5028,test
Q8WVV9,5029,val
Q9UP65,5030,train
O00482,5031,train
Q13285,5031,train
Q16880,5032,test
Q8N9W5,5033,train
O95954,5034,train
Q96AA3,5035,test
O94941,5036,train
Q5T9L3,5037,test
Q8N8E2,5038,val
Q96L92,5039,train
Q8TAM2,5040,train
P48643,5041,val
P43007,5042,train
Q15758,5042,train
Q8N6S4,5043,train
P17342,5044,val
Q13478,5045,train
O95528,5046,train
Q7Z434,5047,train
Q9NUN5,5048,train
Q9NUL7,5049,train
O43353,5050,train
Q13424,5051,val
Q13425,5051,val
Q13884,5051,val
Q9NZI7,5052,train
Q9NZI6,5052,train
Q12800,5052,train
Q8N0Z9,5053,train
Q92783,5054,train
O75886,5054,train
Q6ZMH5,5055,train
Q16610,5056,train
Q9BYW1,5057,train
Q9NRM0,5057,train
P22732,5057,train
Q9NZN8,5058,train
P05166,5059,train
P36021,5060,train
Q8TF71,5060,train
Q9Y2I2,5061,val
Q96CW9,5061,val
Q8N531,5062,train
Q5XUX0,5063,train
O15156,5064,train
Q12899,5065,train
P50991,5066,train
P49419,5067,train
O60320,5068,val
Q92692,5069,train
P15151,5069,train
Q9H0W5,5070,train
Q69YN2,5071,train
P10155,5072,test
Q6XQN6,5073,train
Q8TC71,5074,train
Q15291,5075,train
Q9UQF0,5076,test
A6NL88,5077,train
Q8WUG5,5078,train
Q5VXD3,5079,train
Q6SPF0,5079,train
Q96IF1,5080,train
Q7L5A3,5081,test
Q49A92,5082,train
Q9UPQ8,5083,train
Q9HBE5,5084,train
Q8IYT4,5085,val
O00629,5086,test
O00505,5086,test
P52292,5086,test
P52294,5086,test
O15131,5086,test
O60684,5086,test
Q9NYG8,5087,train
O95069,5087,train
P57789,5087,train
Q9H972,5088,train
Q96KA5,5089,train
Q9P0J1,5090,val
Q9P2J9,5090,val
Q9ULV1,5091,train
Q86UD5,5092,test
P17643,5093,train
Q96BV0,5094,train
Q8TCT0,5095,train
Q96M34,5096,test
O75191,5097,val
P0C5K6,5098,train
Q96EX3,5098,train
Q8WXH5,5099,train
O75159,5099,train
Q13573,5100,train
Q6UWY0,5101,train
Q9HB96,5102,train
Q9UF12,5103,train
P04062,5104,train
Q03933,5105,train
Q9NSY0,5106,val
Q9UHY1,5106,val
Q6UXG8,5107,train
O94763,5108,train
P13674,5109,train
O15460,5109,train
P51649,5110,train
Q02252,5111,train
P82251,5112,train
Q92536,5112,train
Q9UM01,5112,train
Q9UPY5,5112,train
Q8MH63,5112,train
Q01650,5112,train
Q9UHI5,5112,train
Q9NS82,5112,train
P09923,5113,train
P10696,5113,train
P05186,5113,train
P05187,5113,train
O14544,5114,train
P78371,5115,val
P0C6C1,5116,train
A5PLL1,5116,train
Q3MIP1,5117,train
A6NMK8,5118,train
P15863,5119,test
P55771,5119,test
Q8N159,5120,train
Q13564,5121,train
Q6ZU67,5122,train
Q5ZPR3,5123,train
Q5T5S1,5124,train
Q9BUI4,5125,train
P06133,5126,train
O75795,5126,train
P22310,5126,train
P19224,5126,train
P22309,5126,train
Q9HAW9,5126,train
O60656,5126,train
P36537,5126,train
P54855,5126,train
Q9HAW8,5126,train
Q6UWM9,5126,train
P16662,5126,train
O43242,5127,train
Q8N165,5128,val
Q8TDR2,5128,val
Q9BSA4,5129,train
Q9C0H2,5129,train
Q9H313,5129,train
Q5T8D3,5130,train
Q6ZUT6,5131,train
Q09327,5132,train
Q9Y6F1,5133,train
Q8NC67,5134,train
Q8TDF5,5134,train
Q13094,5135,train
O43175,5136,train
P48443,5137,train
P19793,5137,train
P28702,5137,train
P24557,5138,train
P57057,5139,train
Q8TED4,5139,train
Q8N8W4,5140,train
Q9H816,5141,train
P36894,5142,train
O00238,5142,train
P36897,5142,train
P36896,5142,train
P37023,5142,train
Q04771,5142,train
Q8NER5,5142,train
Q14781,5143,val
Q16572,5144,train
Q15915,5145,val
O60481,5145,val
O95409,5145,val
Q8N9L1,5145,val
Q9BSK1,5146,train
Q6ZN11,5146,train
Q5T5D7,5146,train
Q969W8,5146,train
Q9BS31,5146,train
Q9GZX5,5146,train
Q6GMR7,5147,train
Q9P2B7,5148,train
Q8N7H5,5149,train
Q5VTU8,5149,train
Q5F1R6,5150,train
Q9Y3X0,5151,train
Q02318,5152,test
O60678,5153,train
Q99873,5153,train
Q9NR22,5153,train
Q8N5A5,5154,train
Q96EG3,5155,train
Q9NPQ8,5156,train
Q92925,5157,train
Q6STE5,5157,train
Q96GM5,5157,train
Q92526,5158,train
P40227,5158,train
Q2M3C6,5159,test
A6NJT0,5160,train
Q6P1J9,5161,val
Q02928,5162,train
P13584,5162,train
Q08477,5162,train
Q9HCS2,5162,train
Q9HBI6,5162,train
P78329,5162,train
Q6NT55,5162,train
Q8TC57,5163,train
Q9UKD1,5164,train
Q9BXM9,5165,test
Q9BTV5,5165,test
P22083,5166,val
Q11130,5166,val
P51993,5166,val
P21217,5166,val
Q86U06,5167,train
Q14498,5167,train
Q9UMX9,5168,train
Q6X4W1,5169,train
Q9Y5P3,5170,val
O75475,5171,train
Q7RTT9,5172,train
Q86TW2,5173,train
Q8N9V6,5174,train
Q9NS84,5175,val
Q9Y4C5,5175,val
Q8IXS8,5176,train
Q9BYI3,5176,train
Q96P56,5177,train
Q8N2G8,5178,train
Q86XE3,5179,train
Q9Y2X3,5180,train
Q6UX71,5181,train
Q8IUK5,5181,train
Q8WUY9,5182,train
Q8ND07,5183,train
Q6UXY1,5184,train
Q15517,5185,train
P15907,5186,train
Q96JF0,5186,train
Q3MIT2,5187,train
O43278,5188,train
O75355,5189,train
Q6ZS86,5190,train
Q8N6U8,5191,train
Q00613,5192,train
P06576,5193,val
Q9H3P2,5194,train
P07101,5195,train
Q8IWU9,5195,train
P00439,5195,train
P17752,5195,train
P54577,5196,train
Q8IZF4,5197,train
Q9H3P7,5198,train
P14314,5199,train
Q9NW75,5200,train
Q9H0R6,5201,val
Q9UBE8,5202,train
Q96RE7,5203,test
P04040,5204,train
A2A288,5205,train
P55895,5206,test
Q15813,5207,train
P27338,5208,val
P21397,5208,val
Q5NDL2,5209,train
P56282,5210,val
P19878,5211,train
Q96NM4,5212,val
O94900,5212,val
Q7Z6J9,5213,train
Q8N5T2,5214,test
Q9BVK2,5215,train
Q96S94,5216,train
Q9UK58,5216,train
Q9NQ76,5217,train
Q10713,5218,val
P07237,5219,train
Q13087,5219,train
Q15742,5220,train
Q13506,5220,train
Q9Y2F9,5221,test
Q9H0C5,5221,test
Q96KE9,5221,test
Q9BX70,5221,test
Q96N21,5222,test
Q9H598,5223,train
P54219,5224,train
Q05940,5224,train
P18627,5225,train
Q53LP3,5226,train
Q4W5G0,5227,train
Q9Y4A0,5227,train
Q96EG1,5228,train
Q6ZWL3,5229,train
Q96I76,5230,val
P04196,5231,test
Q9BR76,5232,test
Q92828,5232,test
Q9ULV4,5232,test
Q6QEF8,5232,test
P31146,5232,test
Q9UQ03,5232,test
Q96E52,5233,train
Q8N414,5234,val
Q9BZZ5,5235,val
Q8IZ20,5236,train
P16298,5237,val
P48454,5237,val
Q08209,5237,val
P07602,5238,train
Q8TAA9,5239,val
Q9ULK5,5239,val
P0CG12,5240,train
P14672,5241,val
P11169,5241,val
P11166,5241,val
Q8TDB8,5241,val
P11168,5241,val
Q9BZE0,5242,test
Q8NDH3,5243,train
O15403,5244,train
O43237,5245,train
Q9Y6G9,5245,train
O94921,5246,train
Q96Q40,5246,train
Q07002,5246,train
P24941,5246,train
Q00526,5246,train
Q00537,5246,train
P06493,5246,train
Q00535,5246,train
Q00536,5246,train
Q9UI10,5247,train
Q9HAT2,5248,test
P35398,5249,train
Q92753,5249,train
Q9P2K3,5250,train
Q9UKL0,5250,train
Q8IZ40,5250,train
Q5JPH6,5251,train
Q8WV83,5252,train
Q3SY77,5253,train
P24298,5254,train
Q8TD30,5254,train
Q9H069,5255,train
Q8IVS8,5256,train
Q16625,5257,train
P34059,5258,train
O60240,5259,train
Q9BPZ7,5260,val
O43172,5261,train
Q9P258,5262,train
Q9H1M0,5263,train
P37198,5263,train
Q16222,5264,train
Q3KQV9,5264,train
Q99592,5265,train
P00390,5266,train
Q9Y4K3,5267,train
Q13596,5268,train
O60749,5268,train
Q86SJ2,5269,train
Q495B1,5270,train
Q9Y3I1,5271,train
Q8N884,5272,train
Q9NXP7,5273,train
Q8N5Y2,5274,test
P0C860,5274,test
Q14814,5275,train
Q06413,5275,train
Q02078,5275,train
Q7L1T6,5276,val
Q8N465,5277,train
Q92851,5278,train
Q8N6H7,5279,test
Q9NP61,5279,test
Q14119,5280,train
Q17RP2,5281,train
Q96T60,5282,train
Q6NUJ1,5283,train
A2RU30,5284,train
Q13761,5285,train
Q01196,5285,train
Q13950,5285,train
Q01113,5286,test
Q6ZNC8,5287,train
Q6ZWT7,5287,train
Q5H9S7,5288,train
Q5T124,5289,train
O95498,5290,train
O95497,5290,train
Q9H239,5291,train
Q8TBB5,5292,train
Q9NVN3,5293,train
Q13356,5294,train
Q86TZ1,5295,train
Q9UM82,5296,train
Q9H0W8,5297,train
P55809,5298,test
Q8N6K7,5299,train
Q9Y6I4,5300,val
P35368,5301,train
P35348,5301,train
P16118,5302,train
O60825,5302,train
Q16877,5302,train
Q16875,5302,train
Q96BA8,5303,train
Q70SY1,5303,train
Q8IYS4,5304,train
Q5JU67,5305,train
Q8NCT3,5306,train
Q68EN5,5306,train
Q9UEW3,5307,train
Q8IU57,5308,val
Q01581,5309,train
P54868,5309,train
O43462,5310,train
Q14554,5311,val
A8MUH7,5312,train
Q5T2W1,5312,train
Q96RK4,5313,train
Q6UWH4,5314,train
Q96JA3,5315,train
O95397,5315,train
Q9HB20,5315,train
O14730,5316,train
Q9BU19,5317,train
Q49AM3,5318,train
Q9NUJ3,5319,train
Q8N4U5,5319,train
Q9Y5Q8,5320,train
P28838,5321,train
Q8NCA5,5322,train
Q52LJ0,5322,train
Q86Y33,5323,train
P78412,5324,train
P78413,5324,train
Q8N7W2,5325,train
Q8N9N5,5326,train
Q8NHP6,5327,train
Q5TF39,5328,train
Q8NHS3,5329,train
Q9Y572,5330,val
P51449,5331,test
Q6P9G9,5332,train
Q9NVX7,5333,train
Q9HCM9,5334,train
Q9NP81,5335,train
Q8IV45,5336,train
Q8TED0,5337,train
Q96SY0,5338,train
Q5I0G3,5339,train
I3L273,5340,train
Q9Y5Z0,5341,train
P56817,5341,train
Q9Y575,5342,test
O95260,5343,val
Q9UBZ4,5344,train
Q3MIW9,5345,train
Q9UBG7,5346,train
Q06330,5346,train
Q15223,5347,val
Q96NZ1,5348,train
Q96LT9,5349,train
Q06203,5350,train
A6NFA1,5351,val
Q86V40,5351,val
Q9UL58,5352,val
Q14CX5,5353,train
O00515,5354,train
Q6PJ69,5355,train
Q9NU19,5356,train
Q8WUA7,5356,train
Q70CQ3,5357,train
P35269,5358,train
P11230,5359,train
Q07001,5359,train
Q6ZN18,5360,test
Q9BQA5,5361,train
O75143,5362,train
Q6ZSM3,5363,train
Q9BVI4,5364,test
Q15392,5365,train
Q5T7W7,5366,train
P04798,5367,train
P05177,5367,train
O43824,5368,train
Q9UK23,5369,train
Q14439,5370,train
Q96IK5,5371,test
Q14154,5372,val
Q9H0F5,5373,train
Q7L0R7,5373,train
Q8WVX9,5374,test
Q96K12,5374,test
Q2VPK5,5375,train
P11413,5376,val
P48551,5377,train
Q15646,5378,train
O43660,5379,train
A6NHZ5,5380,val
O60832,5381,test
Q8J025,5382,test
Q9H0C3,5383,test
P24278,5384,train
Q8N680,5384,train
Q9BYT3,5385,val
O60381,5386,train
Q8N468,5387,train
P12268,5388,test
P20839,5388,test
Q9ULR3,5389,train
Q5JR12,5389,train
Q9NQE7,5390,train
P49591,5391,train
Q9BYV1,5392,train
P60509,5393,train
A8MYA2,5394,train
Q96M91,5395,train
Q7Z5Y6,5396,train
P22004,5396,train
P18075,5396,train
P22003,5396,train
P00395,5397,train
Q9H8N7,5398,train
Q6ZNC4,5398,train
Q9H5U6,5399,train
Q92993,5400,train
Q9Y5W3,5401,train
O43474,5401,train
P14373,5402,train
Q96NA8,5403,train
Q2TAY7,5404,train
P21281,5405,val
P15313,5405,val
Q9NYB9,5406,train
Q8IZP0,5406,train
Q9UIX4,5407,train
Q8TAE7,5407,train
Q13705,5408,train
P27037,5408,train
Q9H3R2,5409,train
Q6ZN54,5410,train
Q9NR63,5411,train
O43174,5411,train
Q9Y6R9,5412,test
Q7L804,5413,train
Q8IY51,5414,train
O14901,5415,train
A0A0B4J1U7,5416,train
A0A0C4DH43,5416,train
A0A075B6R2,5416,train
P0DOX3,5416,train
P01880,5416,train
P06331,5416,train
P01817,5416,train
P47870,5417,train
P28472,5417,train
P18505,5417,train
P51451,5418,train
P42685,5418,train
P06239,5418,train
P07948,5418,train
Q9UHR4,5419,train
Q96K62,5420,train
Q9NQV5,5421,train
Q9C029,5422,train
Q9NZK5,5423,train
Q8IW19,5424,test
P19961,5425,test
Q96QD5,5426,val
Q86Z20,5427,train
P48444,5428,train
Q6UX06,5429,train
Q7RTX9,5430,train
P51513,5431,train
Q9UNW9,5431,train
P49257,5432,train
Q96NY8,5433,train
O15446,5434,train
Q96GM8,5435,test
Q8TBC5,5436,val
Q96N20,5437,test
P51815,5437,test
Q5MY95,5438,train
P49961,5438,train
Q9Y5L3,5438,train
P50549,5439,train
P43268,5439,train
P41161,5439,train
Q01101,5440,train
P07954,5441,val
Q9BYM8,5442,train
Q9UKZ1,5443,train
Q7RTY1,5444,train
P49643,5445,test
O00712,5446,test
P08651,5446,test
Q12857,5446,test
Q14938,5446,test
P09622,5447,train
Q5TID7,5448,train
Q5VWM6,5449,train
Q5VXH4,5449,train
P78395,5449,train
O60810,5449,train
Q5VTA0,5449,train
Q9NZ20,5450,train
Q32P41,5451,train
P48436,5452,train
P56693,5452,train
P57073,5452,train
O75602,5453,train
P12081,5454,train
P49590,5454,train
Q15464,5455,train
P04053,5456,train
Q9NP87,5456,train
Q8N1L4,5457,train
Q86W10,5457,train
Q8N118,5457,train
Q9UKT9,5458,train
Q0VDF9,5459,train
Q9Y4I5,5460,train
O95319,5461,train
Q92879,5461,train
P05093,5462,train
Q8WU20,5463,train
O43559,5463,train
A1A5D9,5464,train
Q16602,5465,train
P30988,5465,train
Q92575,5466,train
Q86Y07,5467,train
Q99986,5467,train
P11831,5468,train
Q99542,5469,test
Q8WXA9,5470,train
Q9Y285,5471,train
Q6NXR4,5472,train
Q8N9M5,5473,train
Q16851,5474,train
Q96F86,5475,train
Q02930,5476,train
Q96P66,5477,train
Q9BYG8,5478,val
Q13064,5479,train
Q9UHC7,5479,train
Q13434,5479,train
Q7Z4H8,5480,train
Q6UW63,5480,train
P15289,5481,train
Q8NFQ6,5482,train
Q7Z3B4,5483,train
Q9NQH7,5484,test
Q9Y6M5,5485,train
Q9UGQ3,5486,train
Q9NY64,5486,train
A6NK89,5487,train
Q9BV44,5488,train
O60784,5489,test
Q6ZVM7,5489,test
Q9Y672,5490,train
P41240,5491,train
P42679,5491,train
Q96KP4,5492,train
Q96KN2,5492,train
Q8IVI9,5493,train
Q99457,5494,train
P51956,5495,train
A6NEE1,5496,train
P22680,5497,train
O75881,5497,train
O75052,5498,val
Q96BZ4,5499,test
Q8IV08,5499,test
Q96MC6,5500,train
Q5VZR4,5500,train
Q5SR56,5500,train
O00458,5501,train
Q12894,5501,train
Q96JB5,5502,val
Q8NBM8,5503,train
Q9UHG3,5503,train
P23760,5504,test
P23759,5504,test
O15375,5505,train
P98177,5506,train
A8MYZ6,5506,train
Q9C0B1,5507,train
P09525,5508,val
P50995,5508,val
P04083,5508,val
P27216,5508,val
P20073,5508,val
P07355,5508,val
P13928,5508,val
A6NMY6,5508,val
Q5VT79,5508,val
O00401,5509,train
Q58FF6,5510,train
Q14568,5510,train
Q9P2K6,5511,train
Q03181,5512,train
P37231,5512,train
Q9Y3I0,5513,train
P15336,5514,train
P17544,5514,train
O95948,5515,val
Q9UBC0,5515,val
Q99972,5516,train
O60669,5517,train
O95907,5517,train
P53985,5517,train
O15427,5517,train
Q96AD5,5518,train
Q7Z7B1,5519,train
A6NFX1,5520,val
P34896,5521,train
P34897,5521,train
Q5VZB9,5522,train
Q8N441,5523,train
Q16401,5524,train
Q9UMS4,5525,train
P61011,5526,val
Q96GJ1,5527,train
O00241,5528,train
Q9P1W8,5528,train
Q5TFQ8,5528,train
P78324,5528,train
Q8WUX1,5529,val
Q8IZM9,5529,val
Q99624,5529,val
Q9H2H9,5529,val
Q495M3,5530,train
Q7Z2H8,5530,train
Q6YBV0,5530,train
Q15750,5531,train
Q9BSA9,5532,train
P46937,5533,train
Q86WK7,5534,train
Q13217,5535,train
P11509,5536,train
P20813,5536,train
P11712,5536,train
P20853,5536,train
P10632,5536,train
P05181,5536,train
P24903,5536,train
P33260,5536,train
P33261,5536,train
Q96SQ9,5536,train
Q18PE1,5537,train
Q9HCP6,5538,train
Q16656,5539,train
Q96D46,5540,test
Q8NC56,5541,test
Q86UB2,5542,train
P08684,5543,train
Q9HB55,5543,train
P24462,5543,train
P20815,5543,train
Q5TC79,5544,train
Q8NCN2,5544,train
Q9BTF0,5545,train
O43516,5546,train
Q86X51,5547,train
P11511,5548,train
Q16850,5549,train
Q92985,5550,test
Q6GTS8,5551,train
Q86WB0,5552,train
Q9BWU1,5553,train
P49336,5553,train
Q9NXG6,5554,train
Q9NZ09,5555,val
P42768,5556,train
P51688,5557,train
Q9BUB4,5558,train
P10635,5559,train
Q6VVX0,5559,train
P51589,5559,train
Q9NRM6,5560,train
O00330,5561,train
Q96B70,5562,train
O15488,5563,val
P46976,5563,val
Q8NCB2,5564,train
Q52LD8,5565,train
P63252,5566,train
P48050,5566,train
P48051,5566,train
P48549,5566,train
Q15842,5566,train
Q14654,5566,train
Q14500,5566,train
Q92806,5566,train
Q13610,5567,test
Q9HD40,5568,train
Q12933,5569,train
Q13077,5569,train
Q12874,5570,train
P14868,5571,train
Q96QU6,5572,train
Q6NXE6,5573,train
Q9Y471,5574,train
Q5JU00,5575,train
Q16647,5576,train
Q9UNU6,5576,train
P78414,5577,train
P78415,5577,train
Q86VZ4,5578,train
P47972,5579,test
O95502,5579,test
Q15818,5579,test
P11150,5580,val
P06858,5580,val
Q9Y5X9,5580,val
Q9UM63,5581,train
Q9UPG8,5581,train
Q6DJT9,5581,train
Q71RS6,5582,train
O94919,5583,train
Q6UX41,5584,train
Q9Y6A2,5585,train
Q9H336,5586,train
Q9H0B8,5586,train
A8K8V0,5587,train
P0C7X2,5587,train
Q96CS4,5587,train
Q96H86,5587,train
P20264,5588,test
P49335,5588,test
P20265,5588,test
Q03052,5588,test
Q8WU10,5589,train
Q9C037,5590,train
Q86WT6,5591,val
Q6ZSJ9,5592,train
Q9UL49,5593,train
Q8NEG4,5594,train
Q86XR8,5595,train
P05155,5596,train
O00221,5597,train
P80404,5598,val
Q8NCR0,5599,train
Q8IYK2,5600,val
Q8WWY3,5601,train
Q99640,5602,train
P53041,5603,train
Q8TBG4,5604,train
Q8IUZ5,5604,train
O95279,5605,train
P05546,5606,train
Q12834,5607,train
P30419,5608,train
O60551,5608,train
Q8WUB8,5609,train
Q9UBF9,5610,train
Q9C030,5611,train
Q9C035,5611,train
Q8IYM9,5611,train
Q9BYJ4,5611,train
Q9BT92,5612,train
O15123,5613,val
Q15389,5613,val
Q400G9,5614,train
Q13568,5615,train
O14896,5615,train
Q6Y288,5616,train
Q5T089,5617,train
Q9H6L5,5618,train
O00476,5619,train
Q9Y2C5,5619,train
Q96P09,5620,train
P98170,5620,train
Q9UJA5,5621,train
Q9BZV2,5622,train
O60779,5622,train
Q9BRR6,5623,train
Q9NXN4,5624,train
P48167,5625,train
P42785,5626,train
Q9UHL4,5626,train
Q6P988,5627,train
Q9UM11,5628,train
Q96SL8,5629,train
P0DJD4,5630,test
P38159,5630,test
P0DJD3,5630,test
P0C7P1,5630,test
A6NDE4,5630,test
Q96E39,5630,test
Q15415,5630,test
Q8NE00,5631,train
A6NJL1,5632,train
Q9BUG6,5632,train
O43541,5633,val
O15105,5633,val
Q9HBY8,5634,train
O00141,5634,train
Q96BR1,5634,train
Q8N3R3,5635,train
Q69YU3,5636,train
Q7L591,5637,train
O60443,5638,val
Q9UHK0,5639,train
Q8NEH6,5640,train
P06127,5641,val
Q9UBG3,5642,train
Q8WV16,5643,val
Q8NA75,5643,val
O60548,5644,test
Q9NU39,5644,test
O00358,5644,test
Q13461,5644,test
Q9H9S5,5645,train
Q9NS91,5646,val
P49758,5647,train
P49802,5647,train
Q9UDV6,5648,train
Q8NAP8,5649,train
Q6ZMJ2,5650,train
Q5VZ18,5651,train
Q86SX3,5652,val
P04217,5653,train
O75071,5654,val
Q96HR8,5655,val
A6NCL7,5656,train
P54578,5657,val
P47974,5658,train
Q9Y2I8,5659,val
Q08170,5660,train
Q13247,5660,train
Q07955,5660,train
Q13243,5660,train
Q9H3M0,5661,train
Q14CB8,5662,train
Q8NCC5,5663,train
O60701,5664,train
P49189,5665,train
Q99615,5666,train
O95965,5667,train
Q9NUD9,5668,train
Q15048,5669,test
O95822,5670,train
Q12805,5671,train
Q9UBX5,5671,train
O95967,5671,train
O75952,5672,train
O95376,5673,val
Q8NI99,5674,train
Q9UKU9,5674,train
O95841,5674,train
P55058,5675,train
P12955,5676,train
Q504Y2,5677,train
Q9H9C1,5678,test
Q9UPQ4,5679,train
Q96DC7,5680,train
Q86WK6,5681,train
Q9NX74,5682,train
Q5MAI5,5683,train
Q00532,5683,train
Q92772,5683,train
Q6P531,5684,train
Q5VTY9,5685,train
Q16658,5686,train
P11597,5687,train
Q495W5,5688,val
P58004,5689,test
P58005,5689,test
Q9Y6P5,5689,test
O15393,5690,test
P57727,5690,test
Q9H9L4,5691,train
Q8WUA2,5692,train
Q8N434,5693,train
Q9C0K1,5694,train
Q15043,5694,train
Q9NV64,5695,train
Q9GZU3,5695,train
Q2TAA5,5696,test
Q9HCJ1,5697,val
Q969Y2,5698,train
Q9ULV5,5699,train
Q6ZNE5,5700,train
P43490,5701,val
Q8IYB1,5702,train
Q13098,5703,train
Q9UJT9,5704,train
Q92733,5705,train
Q8NBI5,5706,train
Q8N720,5707,train
Q13188,5708,train
Q13043,5708,train
Q75N03,5709,train
Q8N7E2,5709,train
Q9BRS8,5710,train
O76013,5711,train
Q6A163,5711,train
Q15323,5711,train
Q92764,5711,train
O76015,5711,train
Q86VY9,5712,train
P22570,5713,train
P08697,5714,train
P02675,5715,train
Q9H8X2,5716,train
Q00987,5717,train
Q9BW62,5718,train
O75449,5718,train
Q8WVP7,5719,train
O00409,5720,train
O76021,5721,train
Q8TD55,5722,train
Q8NB12,5723,val
Q8NFT2,5724,train
Q9UHE8,5724,train
Q658P3,5724,train
Q687X5,5724,train
Q6NZ63,5724,train
Q3SY56,5725,train
Q8TDD2,5725,train
Q8IXZ3,5725,train
P0CG40,5725,train
Q8N9U0,5726,train
Q9BXF9,5727,train
Q96M29,5727,train
P10827,5728,train
P10828,5728,train
Q9H0R1,5729,train
Q86T13,5730,train
O15151,5731,train
O14879,5732,train
Q13325,5732,train
P09913,5732,train
P09914,5732,train
O75439,5733,train
P31930,5733,train
P55316,5734,train
O94888,5735,train
Q9H040,5736,val
Q9BQC3,5737,val
P15260,5738,train
P35408,5739,train
Q0VAA2,5740,train
Q9BR77,5741,train
Q5XUX1,5742,test
Q9Y397,5743,train
Q9NUE0,5743,train
Q8IZN3,5743,train
Q96EW2,5744,train
Q13882,5745,train
Q9H3Y6,5745,train
Q9NWH7,5746,train
Q9BV10,5747,train
P00742,5748,train
P00740,5748,train
O75907,5749,train
P16444,5750,train
Q9H4A9,5750,train
Q9H4B8,5750,train
Q13547,5751,train
O15379,5751,train
Q92769,5751,train
Q9BY41,5751,train
Q14774,5752,train
O15374,5753,train
Q9BVG9,5754,train
Q9Y2Y4,5755,train
Q9UNW1,5756,train
Q9NX61,5757,train
Q8NDZ6,5757,train
Q9H2A2,5758,train
Q6P1A2,5759,train
P35367,5760,train
Q96RI1,5761,test
Q9UNF0,5762,train
Q9BY11,5762,train
Q9UKS6,5762,train
Q9BZC1,5763,train
Q96J87,5763,train
Q5SZQ8,5763,train
Q8N6W0,5763,train
Q8N587,5764,train
Q6V9R5,5764,train
O15229,5765,train
Q9NY57,5766,train
Q86UX6,5766,train
P19474,5767,train
O00635,5767,train
Q8NG06,5767,train
Q6AZZ1,5767,train
O95704,5768,train
Q01543,5769,train
P11308,5769,train
Q96RP7,5770,train
P51608,5771,train
P14317,5772,train
Q96CU9,5773,train
Q8WVB3,5774,train
Q8N8D1,5775,train
Q9NVX2,5776,train
O95897,5777,train
Q96PB7,5777,train
Q99784,5777,train
P01019,5778,train
O76064,5779,train
Q9H1Z4,5780,train
Q8WTX9,5781,train
Q6XR72,5782,train
Q9UID6,5783,train
Q9BR11,5784,train
Q99932,5785,train
P51648,5786,train
P30838,5786,train
P43353,5786,train
Q9UHN1,5787,train
Q9BXK5,5788,train
Q8WWR8,5789,train
Q9UQ49,5789,train
P30566,5790,train
P37287,5791,train
O75354,5792,test
O75356,5792,test
Q8TDL5,5793,train
Q9UBX1,5794,val
Q9BXL5,5795,train
Q9UMX1,5796,train
Q05519,5797,train
Q86YJ6,5798,train
Q8IXS2,5799,train
P57764,5800,train
Q6PIY7,5801,train
P26196,5802,train
Q9Y6V7,5803,train
Q9H0S4,5803,train
Q9UHL0,5804,train
Q9NUU7,5804,train
Q9UMR2,5804,train
Q96A33,5805,train
Q9BZI7,5806,train
Q9H1J1,5806,train
Q9UI12,5807,train
Q9P0V9,5808,train
Q14141,5808,train
Q9NVA2,5808,train
Q92599,5808,train
A6NGB9,5809,train
P49753,5810,train
Q86TX2,5810,train
Q8N9L9,5810,train
Q14032,5810,train
P52209,5811,test
Q96DZ1,5812,train
P78411,5813,train
Q9BZI1,5813,train
P49840,5814,train
P49841,5814,train
Q8NDH6,5815,test
Q05084,5815,test
P11182,5816,train
Q13946,5817,train
Q9NP56,5817,train
Q16581,5818,train
P86791,5819,train
O14503,5820,val
Q9C0J9,5820,val
Q9UK12,5821,train
Q9UIE0,5821,train
Q9UK11,5821,train
Q9NWQ4,5822,val
Q9H7C4,5823,train
P19971,5824,train
Q15695,5825,train
Q15696,5825,train
Q9Y6W6,5826,train
Q13283,5827,train
Q9UN86,5827,train
Q9NST1,5828,val
Q5VV17,5829,test
Q9GZU5,5830,train
Q9BZE2,5831,train
Q8N9B8,5832,train
Q9BTU6,5833,train
Q8TCG2,5833,train
Q9NUP7,5834,train
Q9UDY6,5835,train
Q9C019,5835,train
P41595,5836,train
O95081,5837,train
P31751,5838,train
P31749,5838,train
Q9Y243,5838,train
Q8WV93,5839,train
Q96LT7,5840,train
Q6ZMM2,5841,train
Q99704,5842,train
P18428,5843,train
Q6NUT3,5844,train
Q15406,5845,train
P11172,5846,train
Q92743,5847,train
O43464,5847,train
P83110,5847,train
P83105,5847,train
Q9BTD8,5848,test
Q2NL68,5849,train
O14771,5850,train
O60304,5850,train
Q13118,5851,train
P10619,5852,train
Q8TE99,5853,train
Q08431,5854,train
O43854,5854,train
Q96EY1,5855,train
O15519,5856,val
Q12849,5857,train
P15976,5858,train
P23769,5858,train
P23771,5858,train
Q9H074,5859,val
Q14790,5860,train
Q8N461,5861,train
Q6P4F1,5862,val
O75688,5863,train
P35813,5863,train
Q9H310,5864,train
Q9UBD6,5864,train
Q9NQZ2,5865,train
O43493,5866,train
Q9GZZ6,5867,train
Q9UGM1,5867,train
P08173,5868,val
P08172,5868,val
P34969,5869,train
O43916,5870,train
Q7LGC8,5870,train
Q6ZSG2,5871,train
Q96MA6,5872,train
Q9NZM5,5873,train
Q96SL1,5874,train
Q9UJU5,5875,train
P12645,5876,val
P55107,5876,val
Q86VK4,5877,train
O43670,5878,train
Q9NR11,5879,train
P04004,5880,test
Q8NBT0,5881,train
Q8TC44,5881,train
O43236,5882,train
Q8WYJ6,5882,train
Q15019,5882,train
Q16181,5882,train
Q99719,5882,train
Q14108,5883,train
Q9UHJ6,5884,train
Q9UNN4,5885,val
P46098,5886,train
Q969K4,5887,train
Q2M2I3,5888,train
O95995,5889,train
P50579,5890,train
Q02509,5891,train
A6NHN0,5892,train
P0C862,5892,train
Q9UJA9,5893,train
Q9Y6X5,5893,train
Q01518,5894,train
P40123,5894,train
A8MWX3,5895,train
Q6VEQ5,5895,train
Q9NQA3,5895,train
C4AMC7,5895,train
Q969S3,5896,train
P50336,5897,train
Q9BVS5,5898,train
Q6ZMU5,5899,train
Q96F44,5900,train
Q9Y577,5900,train
Q96I59,5901,train
Q9Y2Z4,5902,test
Q9BV35,5903,train
Q6NUK1,5903,train
Q6KCM7,5903,train
P13945,5904,train
P08588,5904,train
P07550,5904,train
B6SEH8,5905,train
P21728,5906,train
P21918,5906,train
O14770,5907,train
Q99687,5907,train
O00470,5907,train
P56270,5908,train
Q86UR1,5909,train
O43148,5910,train
Q9UHG0,5911,train
P11161,5912,test
O60861,5913,test
O14757,5914,train
Q96QF0,5915,train
Q8TBN0,5915,train
Q8IUH3,5916,train
Q9UJW2,5917,train
Q9GZM7,5917,train
Q8N9V3,5918,train
P39900,5919,train
P45452,5919,train
P09238,5919,train
P03956,5919,train
P09237,5919,train
P22894,5919,train
Q9H9S3,5920,train
P61619,5920,train
O75674,5921,train
Q9UHQ1,5922,train
Q9H6Q4,5922,train
Q96DF8,5923,train
Q92917,5924,val
Q9H3G5,5925,train
Q6P2M8,5926,test
Q14012,5926,test
Q8IU85,5926,test
Q96NX5,5926,test
Q9BPX6,5927,train
Q96GA3,5928,train
O43818,5929,train
Q9UBM7,5930,train
A0PJY2,5931,train
Q9BSF8,5932,train
Q7Z5Y7,5932,train
Q96FB5,5933,train
Q2T9K0,5934,train
P26368,5935,train
Q8WUU4,5936,train
Q9BVG3,5937,train
Q7L3T8,5938,train
Q9BY10,5939,train
Q9UJT0,5940,train
Q9BZD2,5941,train
O75844,5942,train
Q96PL5,5943,train
Q9ULA0,5944,train
Q9UBB4,5945,train
Q8NBP5,5946,test
Q6ZUS6,5947,test
Q9UBS8,5948,train
Q8IV63,5949,train
P02774,5950,train
Q06945,5951,train
O15370,5951,train
Q9BSW7,5952,train
Q96ER3,5953,train
Q8IYX7,5954,train
Q86TL0,5955,test
Q9HC44,5956,train
P55084,5957,train
Q16204,5958,train
P48637,5959,train
P41235,5960,train
Q14541,5960,train
P48651,5961,train
P30307,5962,train
Q6ZS72,5963,train
Q96C00,5964,train
Q9NQ55,5965,train
O15269,5966,train
Q8TBK2,5967,train
Q96SA4,5968,train
Q13530,5968,train
Q9NRX5,5968,train
Q96NL0,5969,val
Q59EK9,5969,val
Q86UN3,5970,train
Q86UN2,5970,train
Q9BZR6,5970,train
Q5I7T1,5971,train
Q6P1R4,5972,train
Q86WP2,5973,train
Q16566,5974,train
Q8IW41,5975,train
Q12891,5976,train
Q12794,5976,train
O43820,5976,train
Q68DU8,5977,train
Q96CX2,5977,train
Q6ZWB6,5977,train
Q8NCW0,5978,train
Q96MU8,5978,train
P55347,5979,train
Q96KN3,5979,train
Q6PHR2,5980,train
Q9NQL9,5981,train
P16671,5982,train
Q9Y646,5983,train
P55317,5984,train
Q9Y261,5984,train
P55318,5984,train
Q6ZMY6,5985,train
Q13228,5986,train
Q6UX04,5987,train
Q8N3J2,5988,test
P41091,5989,train
Q2VIR3,5989,train
Q96N66,5990,test
P21554,5991,train
P34972,5991,train
Q8N594,5992,train
Q9UK99,5993,train
P28223,5994,val
Q8IX04,5995,test
Q6B0B8,5996,train
Q9H6B1,5997,train
Q96PM9,5997,train
Q569K4,5997,train
Q8NB16,5998,train
Q495X7,5999,train
P23381,6000,train
Q96K21,6001,train
Q8N684,6002,train
P48723,6003,test
P51843,6004,train
Q969F2,6005,test
Q969G9,6005,test
Q96TC7,6006,train
Q15036,6007,val
Q9BUZ4,6008,train
Q15904,6009,train
Q8NFQ8,6010,test
Q9NWK9,6011,val
Q53EL6,6012,train
Q8TEA1,6013,train
Q9NYL5,6014,test
P27918,6015,val
Q96FA3,6016,train
Q8N2H9,6016,train
Q9HAT8,6016,train
Q7Z572,6017,train
Q5R3I4,6018,train
Q92504,6019,train
Q9BWF2,6020,train
Q9Y512,6021,train
Q9NQ40,6022,train
Q9NUQ7,6023,train
P15036,6024,train
P14921,6024,train
P49005,6025,train
P41586,6026,train
P41587,6026,train
P32241,6026,train
P47872,6026,train
Q9BX59,6027,train
P15882,6028,train
P52757,6028,train
Q9UKX7,6029,train
Q8WXD2,6030,train
Q96GQ5,6031,train
O00220,6032,train
Q6UXT9,6033,train
Q96HE7,6034,train
Q86YB8,6034,train
P08887,6035,train
Q504T8,6036,val
Q9Y2Z9,6037,train
P41279,6038,train
Q9H3H1,6039,train
P16233,6040,test
P54315,6040,test
Q8WXI3,6041,train
Q6PII3,6042,train
O43298,6043,train
P49810,6044,train
P49768,6044,train
P84022,6045,train
O15198,6045,train
Q15797,6045,train
Q15796,6045,train
Q99717,6045,train
Q8IYB5,6046,train
P21917,6047,train
Q9NPF5,6048,test
Q8IV32,6049,train
A8MPY1,6050,train
Q96ID5,6051,test
P04066,6052,train
Q9BTY2,6052,train
Q8IWW8,6053,train
Q9NQ32,6054,train
Q13505,6055,train
Q5HYI7,6055,train
Q8N8Q9,6056,train
Q0D2K0,6056,train
P0CAP1,6057,train
Q86VR2,6058,val
Q86X45,6059,train
P08709,6060,train
Q05D32,6061,train
Q15054,6062,train
Q4KMZ1,6063,train
O75390,6064,train
Q15846,6065,train
Q9BUB5,6066,train
Q9HBH9,6066,train
P21452,6067,train
P29371,6067,train
P25103,6067,train
Q9H3U5,6068,train
P25063,6068,train
Q01094,6069,train
Q14209,6069,train
O00716,6069,train
O75461,6069,train
P56159,6070,train
O00451,6070,train
Q86VV4,6071,val
Q8IUF8,6072,train
O60260,6073,train
Q16719,6074,train
O60687,6075,train
P78539,6075,train
Q9Y5X2,6076,train
Q8NCE0,6077,val
P0DJG4,6078,val
Q86X02,6079,train
Q01850,6079,train
P04198,6080,train
P53778,6081,test
P45984,6081,test
P53779,6081,test
O15264,6081,test
Q16539,6081,test
Q15759,6081,test
P45983,6081,test
Q9BZD4,6082,val
Q8IZ02,6083,train
P49821,6084,test
Q53EZ4,6085,train
Q96I51,6086,train
Q07960,6087,train
P85298,6087,train
Q5SQN1,6088,train
Q15428,6089,test
P01008,6090,train
C9J202,6091,train
Q9BT22,6091,train
P04424,6092,train
B1AKI9,6093,train
Q9BZ68,6094,train
Q9BZ67,6094,train
Q9BX40,6095,train
Q8ND56,6095,train
O75306,6096,train
Q6UXB8,6097,train
P53634,6098,train
Q5T6F0,6099,val
Q5VU92,6099,val
Q00G26,6100,val
Q8TBC4,6101,test
Q9P2R7,6102,train
Q96I99,6102,train
Q9NQG6,6103,train
Q96C03,6103,train
Q9H9P8,6104,train
Q96BY2,6105,train
Q96PV4,6105,train
P0CW24,6105,train
Q8ND90,6105,train
Q9UL42,6105,train
Q9UL41,6105,train
Q7Z4G4,6106,train
Q9Y230,6107,train
Q9Y265,6107,train
Q5VTE0,6108,train
P68104,6108,train
Q05639,6108,train
Q9H9V9,6109,train
P61978,6110,train
Q9BQG2,6111,train
Q16649,6112,train
Q5SRI9,6113,train
Q5VSG8,6113,train
Q9HD26,6114,test
Q5SXH7,6115,train
Q86Y97,6116,val
P10276,6117,train
P10826,6117,train
P13631,6117,train
Q5H9L4,6118,train
Q15545,6118,train
Q9NVC3,6119,train
Q15465,6120,train
O43323,6120,train
Q14623,6120,train
Q92759,6121,train
P18089,6122,train
P18825,6122,train
P08913,6122,train
Q9UJM3,6123,train
Q6UW02,6124,train
Q96CB8,6125,train
Q96EZ8,6126,train
Q7Z601,6127,val
P02790,6128,train
A8MVW5,6129,train
P11926,6130,train
O14977,6130,train
O95674,6131,train
Q92903,6131,train
O75072,6132,train
P04070,6133,train
Q9H173,6134,train
P13489,6135,train
Q7Z3Q1,6136,train
P20333,6137,train
Q6NXT4,6138,train
Q2TAL5,6139,test
P80303,6140,test
Q02818,6140,test
Q9H237,6141,train
Q8TAL5,6142,train
Q68CJ9,6143,train
Q99952,6144,train
O95396,6145,train
Q4VC12,6146,train
P55055,6147,val
Q13133,6147,val
Q9ULW6,6148,train
Q6XZB0,6149,train
Q8WWY8,6149,train
Q9UJW0,6150,train
Q9HAH7,6151,train
Q9P2S5,6152,train
Q6VUC0,6153,test
Q92481,6153,test
Q92754,6153,test
P05549,6153,test
Q7Z6R9,6153,test
Q9Y5C1,6154,train
Q8IYX8,6155,train
Q9NWZ3,6156,val
Q96NT5,6157,val
Q16790,6158,val
Q02790,6159,train
P62942,6159,train
P68106,6159,train
Q13451,6159,train
Q96BH1,6160,train
Q9Y330,6161,train
Q9HAD4,6162,train
O75312,6163,train
Q9NWU1,6164,train
Q8N412,6165,train
Q5VX52,6166,val
Q96AN5,6167,train
A6NNH2,6168,val
D6REC4,6169,train
P16871,6170,train
Q13952,6171,train
Q8N4F0,6172,val
P01730,6173,train
Q9BVA6,6174,train
Q86UB9,6175,train
Q9UGK8,6176,train
O60269,6177,val
Q5VWP3,6178,train
Q8NEY8,6179,train
P62508,6180,train
P11474,6180,train
O95718,6180,train
Q6UWV6,6181,train
Q4AE62,6182,train
Q01415,6183,train
Q1ED39,6184,train
Q96DT6,6185,train
Q9NR12,6186,train
P30520,6187,train
Q8N142,6187,train
Q9Y697,6188,val
Q86WB7,6189,test
P35790,6190,train
Q9Y259,6190,train
Q13887,6191,train
A8MU46,6192,train
P10645,6193,train
O95429,6194,val
Q9HCE5,6195,train
Q9H7H0,6196,train
Q53H76,6197,train
Q8WV28,6198,val
O43159,6199,train
O00232,6200,train
Q6NT16,6201,train
Q6P9B6,6202,test
Q9HAH1,6203,train
P39656,6204,train
Q14542,6205,train
Q99808,6205,train
Q53EU6,6206,train
Q86UL3,6206,train
A4D1U4,6207,train
Q14728,6208,val
Q13867,6209,train
Q5TFE4,6210,train
P19438,6211,train
P43631,6212,train
P43629,6212,train
P43630,6212,train
Q14943,6212,train
Q9H7L2,6212,train
Q99706,6212,train
Q14954,6212,train
P43628,6212,train
Q8NHK3,6212,train
P43632,6212,train
Q8N743,6212,train
P43626,6212,train
O60239,6213,train
P0CG08,6214,train
Q9H5Z6,6215,train
P01767,6216,test
A0A0J9YX35,6216,test
P01772,6216,test
A0A0C4DH38,6216,test
A0A0A0MS14,6216,test
P01780,6216,test
P0DP02,6216,test
P0DOX5,6216,test
P0DOX2,6216,test
P01876,6216,test
P01877,6216,test
A0A0C4DH31,6216,test
P01742,6216,test
P0DP01,6216,test
A0A0B4J1Y9,6216,test
P23083,6216,test
P07099,6217,train
Q92485,6218,train
Q5SWX8,6219,train
Q68D85,6220,train
Q9UKT8,6221,test
Q06546,6222,train
Q9Y4P8,6223,train
Q5MNZ9,6223,train
Q6YP21,6224,train
Q16773,6224,train
Q9P272,6225,train
Q9H788,6226,train
Q96JJ7,6227,val
Q9Y2T3,6228,train
P36551,6229,test
P17735,6230,test
P20749,6231,train
Q9BWT1,6232,train
Q96GN5,6232,train
Q969Q6,6233,train
P36957,6234,train
Q6ZQX7,6235,train
Q8WUX9,6236,train
P02679,6237,train
Q86TP1,6238,test
P22695,6239,train
Q9UJT1,6240,train
Q6ZT21,6241,train
P63151,6242,test
Q00005,6242,test
Q9Y2T4,6242,test
Q66LE6,6242,test
Q9BXJ7,6243,train
O00189,6244,val
Q92484,6245,train
Q8N2F6,6246,val
Q9P291,6246,val
Q9UH62,6246,val
Q9C073,6247,train
O43194,6248,train
Q02742,6249,val
O95395,6249,val
Q9P109,6249,val
P01871,6250,train
Q9BQQ3,6251,train
Q9H8Y8,6251,train
Q9NR50,6252,train
P49411,6253,train
Q9NVF9,6254,train
Q9HBU6,6254,train
P42575,6255,train
Q9HB40,6256,val
O43615,6257,val
P0CI26,6258,train
I1YAP6,6258,train
P0CI25,6258,train
Q96BQ3,6258,train
Q8IWZ4,6258,train
Q6KB66,6259,train
Q96BW9,6260,train
Q5U5X8,6261,val
Q96LP2,6262,train
P41212,6263,train
Q9BTV6,6264,train
Q13418,6265,train
O75874,6266,train
P48735,6266,train
Q5TC84,6267,train
P21757,6268,test
O95363,6269,train
Q9BSI4,6270,train
A6NKC9,6271,train
Q6IQ49,6272,train
Q9NRH3,6273,train
P23258,6273,train
Q9BUF5,6274,train
A6NNZ2,6274,train
Q9BVA1,6274,train
P07437,6274,train
P04350,6274,train
Q9H4B7,6274,train
Q13509,6274,train
P68371,6274,train
Q3ZCM7,6274,train
Q13885,6274,train
P68363,6274,train
Q6PEY2,6275,train
P0DPH7,6275,train
A6NHL2,6275,train
Q9NY65,6275,train
Q9BQE3,6275,train
P0DPH8,6275,train
Q71U36,6275,train
P68366,6275,train
Q9BZJ8,6276,val
Q15306,6277,val
A4D126,6278,train
Q6N075,6279,train
Q02962,6280,val
Q02548,6280,val
Q06710,6280,val
Q96B86,6281,train
Q6NW40,6281,train
Q9NWS9,6282,train
Q9NRM2,6283,train
O95219,6284,train
Q9NS86,6285,train
O43813,6285,train
Q9Y6N5,6286,train
Q15573,6287,train
Q86X95,6288,train
Q15884,6289,train
Q9BU40,6290,train
Q9NZS9,6291,train
Q14457,6292,train
Q15113,6293,train
Q9UKZ9,6293,train
O43934,6294,train
Q9NWS8,6295,train
P19544,6296,train
O43829,6297,train
Q96N11,6298,train
P52597,6299,val
P31943,6299,val
P55795,6299,val
P31942,6299,val
Q96F05,6300,train
Q5EBM0,6301,test
P10909,6302,train
Q13163,6303,train
Q53H54,6304,train
O15533,6305,train
Q99611,6306,test
P49903,6306,test
Q8NA61,6307,test
P34910,6308,train
Q9UNE0,6309,test
Q06547,6310,train
Q8TAK5,6310,train
Q10469,6311,train
P32239,6312,test
P32238,6312,test
Q9UK97,6313,train
Q5W5X9,6314,val
Q9UMR3,6315,train
Q9Y4P3,6316,train
P28347,6317,train
Q99594,6317,train
Q15561,6317,train
Q15562,6317,train
Q9NP70,6318,test
Q9UKT4,6319,train
P50395,6320,train
P31150,6320,train
Q969R8,6321,train
Q8N752,6322,train
P48729,6322,train
P48730,6322,train
P49674,6322,train
Q9HCP0,6322,train
P78368,6322,train
Q9Y6M4,6322,train
Q9UL15,6323,train
O95544,6324,train
Q8NEF3,6325,train
Q13137,6326,val
Q14186,6327,test
Q14188,6327,test
Q9Y651,6328,test
O60248,6328,test
P41225,6328,test
O00570,6328,test
P48431,6328,test
Q9H4F8,6329,train
Q9H3U7,6329,train
Q7Z3H4,6330,train
Q9BQ67,6331,train
Q5T3I0,6332,train
Q8NCF0,6333,train
P12694,6334,test
P26572,6335,val
P51955,6336,train
Q15761,6337,train
Q8WY64,6338,train
P60228,6339,train
Q9NV06,6340,val
Q96M27,6341,val
Q9UGC7,6342,train
O75570,6342,train
Q6PCB0,6343,train
Q9H8M7,6344,train
O95772,6345,val
Q14849,6345,val
Q9HAC7,6346,test
Q96I15,6347,train
Q9HAB3,6348,train
Q6ZNB7,6349,val
Q9H8K7,6350,train
Q9Y5Q0,6351,train
O95864,6351,train
O60427,6351,train
Q96CS3,6352,test
P56545,6353,train
Q13363,6353,train
Q96QA5,6354,train
Q93099,6355,train
Q9Y5N1,6356,train
Q96MD2,6357,train
O14524,6358,train
Q12946,6359,test
Q12947,6359,test
Q96EX2,6360,train
Q9UK55,6361,val
P51811,6362,train
Q7Z699,6363,train
O75351,6364,train
Q9UN37,6364,train
Q9BSQ5,6365,test
Q13324,6366,train
P34998,6366,train
Q8TCB0,6367,train
Q9HD23,6368,train
Q86X53,6369,train
Q7L5Y1,6370,val
O75525,6371,train
Q07666,6371,train
Q5VWX1,6371,train
Q9P289,6372,train
Q9Y6E0,6372,train
O00506,6372,train
O75478,6373,test
Q9Y2B1,6374,train
Q9H095,6375,train
P14416,6376,val
P61201,6377,train
Q9BZG8,6378,test
Q12887,6379,test
A0PJZ3,6380,train
Q4G148,6380,train
P14651,6381,train
P31249,6381,train
O43365,6381,train
Q7L1S5,6382,test
Q9BRK3,6383,train
Q4G0N4,6384,val
Q8N3J6,6385,train
Q9BY67,6385,train
Q9BX97,6386,train
Q6PID8,6387,train
Q8TD10,6388,train
Q8NCJ5,6389,train
Q9HA92,6390,train
Q14142,6391,val
O75056,6392,train
Q5VWP2,6393,train
Q8NEK8,6393,train
Q96IP4,6393,train
Q8N4B4,6394,test
Q8IUI8,6395,train
P25101,6396,test
P24530,6396,test
Q49AR2,6397,train
Q96SW2,6398,train
Q9BXS6,6399,train
Q7L592,6400,train
Q99487,6401,train
Q13093,6401,train
Q9BZV1,6402,train
Q96A84,6403,test
Q7Z6B0,6404,train
Q9H993,6405,train
Q8IV38,6406,train
Q9HCK0,6407,train
Q96BR9,6408,train
Q9BU70,6409,train
P35716,6410,train
Q9BX95,6411,train
Q9NZH0,6412,test
Q9NQ84,6412,test
P58658,6413,train
O75530,6414,train
Q9UHH9,6415,test
Q92551,6415,test
Q96A83,6416,train
Q15084,6417,train
P23515,6418,train
P62191,6419,train
P62333,6419,train
P35998,6419,train
P62195,6419,train
P43686,6419,train
Q8TF74,6420,train
Q9UBN6,6421,test
O14763,6421,test
O75800,6422,test
P04180,6423,train
Q8NCC3,6423,train
Q9Y3T6,6424,train
Q13501,6425,train
Q8N0Z6,6426,train
Q9NVD3,6427,train
Q6PIY5,6428,train
Q6UWR7,6429,train
Q86V85,6430,train
O00591,6431,train
P04181,6432,train
P01106,6433,train
P17980,6434,train
Q08629,6435,train
Q9BQ16,6435,train
Q92563,6435,train
Q86V59,6436,train
Q3SXZ7,6437,test
Q9NP92,6438,train
P54274,6439,train
P29083,6440,train
Q9Y305,6441,train
Q96I13,6442,train
Q06265,6443,train
Q53RD9,6444,train
Q14314,6445,val
Q5T442,6446,train
P55081,6447,train
P0CW27,6448,train
Q5PT55,6449,train
A2IDD5,6450,test
Q86XS8,6451,train
Q9ULK6,6451,train
Q6ZWK6,6452,train
Q96N77,6453,train
O75783,6454,train
Q9NVA4,6455,train
Q92685,6456,val
Q9UHU1,6457,val
Q8N7B9,6457,val
Q92947,6458,train
Q13286,6459,val
Q96EP9,6460,train
O75616,6461,val
Q8N6Q3,6462,val
P49356,6463,train
Q86VR8,6464,train
P15086,6465,test
Q96IY4,6465,test
Q8N4T0,6465,test
P15088,6465,test
Q13895,6466,train
Q99541,6467,train
O60664,6467,train
P29558,6468,train
Q15434,6468,train
Q6XE24,6468,train
Q9H0U9,6469,train
Q9UJ04,6469,train
Q8N831,6469,train
Q9H489,6469,train
O43556,6470,val
Q16586,6470,val
Q9NPE6,6471,train
Q9UNH6,6472,train
Q5VWJ9,6472,train
O75718,6473,train
Q92791,6473,train
P08621,6474,train
Q9NRS4,6475,train
P62495,6476,val
P26641,6477,val
Q8WWN9,6478,train
Q9Y366,6479,val
Q15118,6480,val
Q15120,6480,val
Q15119,6480,val
Q16654,6480,val
Q8IYS1,6481,train
Q8IY84,6482,train
Q9Y664,6483,train
O43929,6484,train
Q96FJ0,6485,train
O95630,6485,train
Q9UKC9,6486,train
Q96IG2,6486,train
P18031,6487,train
P17706,6487,train
Q9H490,6488,train
Q6DKJ4,6489,train
Q15070,6490,train
Q96CW1,6491,test
Q5M7Z0,6492,train
Q86WR7,6493,val
Q8N3G9,6494,train
O43913,6495,train
O75901,6496,train
Q8N2I9,6497,train
Q8WW24,6498,train
O15178,6499,train
P36941,6500,train
Q96C92,6501,train
P17302,6502,train
Q9Y6H8,6502,train
P35212,6502,train
P36382,6502,train
Q7Z7L8,6503,train
Q8NFW8,6504,train
P40424,6505,train
P40426,6505,train
P40425,6505,train
Q96JY0,6506,val
P06733,6507,train
P13929,6507,train
P09104,6507,train
Q6DN72,6508,train
Q96K80,6509,train
Q96Q11,6510,train
Q8IYU8,6511,train
Q7L4I2,6512,train
Q13685,6513,val
Q86UY5,6514,train
Q8NGU9,6515,train
Q99538,6516,train
O95067,6517,train
P14635,6517,train
Q6P4E1,6518,train
Q9BWW9,6519,train
Q9BY78,6520,train
Q7L2K0,6521,train
Q8NAM6,6522,train
Q15831,6523,train
Q96JN0,6524,val
Q9NRG4,6525,train
P20061,6526,train
P55345,6527,test
Q99680,6528,test
Q8N5I2,6529,train
Q15645,6530,test
Q96HM7,6531,train
O95232,6532,test
P20248,6533,train
Q9NWQ8,6534,val
Q8IUD6,6535,train
Q8NBS9,6536,train
Q9BV38,6537,test
Q8TB61,6538,train
O75528,6539,test
P45954,6540,val
Q96HH9,6541,train
Q9UK39,6542,train
Q9H8J5,6543,val
Q5T7M9,6544,train
Q5VUD6,6544,train
Q05048,6545,val
Q9BZS1,6546,train
P32314,6547,train
Q5SQS7,6548,test
Q9C0K7,6549,train
Q7RTN6,6549,train
Q9H2B2,6550,test
Q9BT88,6550,test
P00749,6551,train
P41970,6552,train
P28324,6552,train
Q9BQ95,6553,val
Q5DX21,6554,train
P55010,6555,train
Q6HA08,6556,train
Q8NDZ4,6557,train
Q9NW68,6558,train
Q9UJU6,6559,train
Q9BXG8,6560,train
Q9HB14,6561,test
Q9HB15,6561,test
Q8IV20,6562,train
P42696,6563,train
Q969Z4,6564,train
P82675,6565,train
Q9UIF3,6566,train
P00505,6567,train
P17174,6567,train
P28330,6568,test
P35900,6569,train
P05783,6569,train
Q9Y2G5,6570,train
P43356,6571,train
P43365,6571,train
P43355,6571,train
P43362,6571,train
P43364,6571,train
P43361,6571,train
P43357,6571,train
P43358,6571,train
A2A368,6571,train
P43360,6571,train
Q63ZY6,6572,val
Q96P11,6572,val
Q8N3F9,6573,train
O95393,6574,train
Q9UK05,6574,train
Q8NFZ5,6575,train
Q9NSD4,6576,train
O14863,6577,train
Q9H171,6578,train
Q8NEF9,6579,test
Q8NBX0,6580,train
Q8WU79,6581,train
O96019,6582,train
O94805,6582,train
P17050,6583,train
P06280,6583,train
Q6WN34,6584,train
Q9NWB7,6585,train
O43826,6586,train
Q9Y546,6587,train
Q9C0E8,6588,val
P19419,6589,val
Q14254,6590,train
O75955,6590,train
Q9UKT7,6591,train
Q3SXY8,6592,val
Q8N7C7,6593,train
Q8TEB7,6593,train
Q9NPH0,6594,train
Q9H7B4,6595,train
O00148,6596,train
Q13838,6596,train
P01854,6597,train
Q7Z7G1,6598,train
Q8NEY4,6599,train
P21283,6599,train
Q92466,6600,train
P36578,6601,train
P51606,6602,train
P08138,6603,test
P08185,6604,train
P29622,6604,train
Q86WD7,6604,train
P05543,6604,train
P01011,6604,train
P01009,6604,train
P05154,6604,train
P20062,6605,train
P42765,6606,train
Q9BWD1,6606,train
P24752,6606,train
P11473,6607,train
Q9Y606,6608,train
P24588,6609,train
P78552,6610,train
Q14653,6611,val
Q96RD7,6612,train
Q9HB89,6613,train
Q9GZQ4,6613,train
Q7RTY0,6614,test
Q9GZT9,6615,train
Q96KS0,6615,train
Q9H6Z9,6615,train
Q6BAA4,6616,train
Q6WBX8,6617,train
Q8WU90,6618,train
Q7L8C5,6619,train
A6NEQ2,6620,train
Q02556,6621,train
P26440,6622,test
Q6PI47,6623,train
P08476,6624,val
Q96NU7,6625,train
P22234,6626,train
O43613,6627,train
Q9BQ69,6628,val
A1Z1Q3,6628,val
P25116,6629,train
O60359,6630,val
Q8WXS5,6630,val
Q9Y698,6630,val
Q9UBN1,6630,val
O95810,6631,train
Q9HB21,6632,test
Q9HB19,6632,test
Q8N806,6633,train
Q5FWF6,6634,train
Q7Z5V6,6635,train
Q16576,6636,test
Q09028,6636,test
Q9NX45,6637,val
Q9BZY9,6638,train
Q0VDG4,6639,train
Q12765,6639,train
Q96FV2,6639,train
Q92844,6640,train
P08910,6641,train
Q8N5Z0,6642,test
Q9NXE8,6643,train
Q92989,6644,val
Q96EB1,6645,test
Q13309,6646,train
P09110,6647,train
Q15916,6648,train
Q96LX8,6649,val
P21754,6650,train
Q6PJE2,6650,train
Q66K41,6651,train
P11801,6652,train
Q96QS6,6652,train
Q5QJ74,6653,train
Q15427,6654,train
Q8IUW3,6655,train
B4DS77,6656,train
Q52WX2,6657,train
Q9BS91,6658,train
Q96BI1,6659,train
P30559,6660,train
P37288,6660,train
P30518,6660,train
P47901,6660,train
O15504,6661,train
P34949,6662,train
O60906,6663,train
Q9UNS2,6664,train
Q9BXS5,6665,train
Q9Y6Q5,6665,train
Q9BZE1,6666,train
Q9NXH8,6667,test
Q9GZL7,6668,train
Q9BXW7,6669,train
P15309,6670,train
P11117,6670,train
Q6ZV89,6671,train
O95922,6672,train
Q7M4L6,6673,val
Q86VE9,6674,train
Q9NS68,6675,train
Q8N2R8,6676,train
Q6ZT52,6676,train
Q99999,6677,train
P22830,6678,train
P50440,6679,train
P10588,6680,train
P10589,6680,train
P24468,6680,train
P26367,6681,train
Q99705,6682,train
O75462,6683,train
Q8WUS8,6684,test
A6NKP2,6684,test
O00231,6685,train
Q9GZR2,6686,train
Q99571,6687,train
P51575,6687,train
P56373,6687,train
Q93086,6687,train
B2RXF5,6688,val
Q9C075,6689,train
Q6J9G0,6690,train
P21579,6691,val
O00445,6691,val
Q8N9I0,6691,val
A1L167,6692,train
Q8WVN8,6692,train
Q7Z7E8,6692,train
P08908,6693,train
Q53H12,6694,train
Q14153,6695,train
Q8N9M1,6696,train
Q9BSU1,6697,train
Q9UK53,6698,train
Q9H160,6698,train
Q5VTD9,6699,train
Q99684,6699,train
Q14626,6700,test
Q9BY77,6701,train
O75648,6702,train
Q99983,6703,val
P48426,6704,val
Q8TBX8,6704,val
P78356,6704,val
Q66PJ3,6705,val
Q7L4P6,6706,val
Q9UI42,6707,test
Q8TF44,6708,train
Q92949,6709,train
P18754,6710,train
Q9NVH6,6711,test
Q9Y6I7,6712,train
Q9NYS7,6712,train
Q8IY50,6713,train
Q9BQS2,6714,train
Q8IV01,6715,train
Q9NZU5,6716,train
Q9UGI8,6716,train
P11310,6717,train
P10323,6718,train
Q8NHS2,6719,train
Q9NWX5,6720,train
Q5SQI0,6721,train
Q9BPX7,6722,train
P09543,6723,val
Q9HC36,6724,train
O96009,6725,train
P07339,6725,train
P49642,6726,test
Q96IJ6,6727,train
Q8IU60,6728,train
Q8WXU2,6729,train
Q12951,6730,train
A8MTJ6,6730,train
Q9H2S5,6731,train
Q13641,6732,train
Q5T0B9,6733,train
Q9NW64,6734,train
Q86TJ2,6735,train
Q9H6P5,6736,train
Q9NXR5,6737,train
Q6UXH1,6738,train
Q96HD1,6738,train
Q01344,6739,val
Q99729,6740,val
O14979,6740,val
Q14103,6740,val
Q6NT76,6741,train
O14733,6742,train
P45985,6742,train
Q9UQ07,6743,train
Q9Y6K9,6744,train
Q8NCF5,6745,train
Q7L1Q6,6746,train
Q9Y6E2,6746,train
Q9Y276,6747,train
P14324,6748,train
Q9HAW0,6749,train
Q8NHQ8,6750,train
Q9GZS1,6751,test
P49767,6752,train
O14929,6753,train
Q9Y3Y4,6754,train
Q99536,6755,train
Q9HCJ6,6755,train
Q8TAS1,6756,train
P16930,6757,train
Q16828,6758,train
Q99956,6758,train
Q16829,6758,train
P06732,6759,train
P12277,6759,train
P12532,6759,train
P17540,6759,train
Q8TDV0,6760,train
O75600,6761,train
Q13303,6762,val
O43448,6762,val
Q14722,6762,val
Q9H5V7,6763,train
P30989,6764,train
P36955,6765,train
Q9P1U1,6766,train
Q9C0K3,6766,train
P61158,6766,train
Q9BT04,6767,train
Q9Y2T2,6768,train
P53677,6768,train
Q9UNP4,6769,train
P50454,6770,train
Q9UHA2,6771,train
Q15532,6771,train
O75177,6771,train
P13861,6772,train
P31323,6772,train
Q8IVH4,6773,test
Q8WWW0,6774,train
Q86WH2,6774,train
Q9NS23,6774,train
P43351,6775,train
Q7Z698,6776,test
Q2MJR0,6776,test
Q96AG3,6777,train
Q6GMV2,6778,test
Q969V4,6779,train
Q71F23,6780,train
Q9NXR8,6781,train
Q6YN16,6782,test
Q9NPI9,6783,train
Q58FG1,6784,train
P10523,6785,train
P32121,6785,train
P49407,6785,train
Q8TBH0,6786,test
Q9H3M7,6786,test
Q96B67,6786,test
Q8NCT1,6786,test
Q96E29,6787,train
A6NFY4,6788,train
P00558,6789,val
P07205,6789,val
Q96N19,6790,train
O60478,6790,train
Q9NZ32,6791,train
P05981,6792,train
Q96L12,6793,train
P27797,6793,train
Q8N8V4,6794,train
A5PLN9,6795,train
Q8NC26,6796,train
P11279,6797,train
Q9NY27,6798,train
Q9HCU5,6799,train
Q86VY4,6800,train
Q8IZD0,6801,train
Q9GZT5,6802,train
O00744,6802,train
P37268,6803,train
P27352,6804,train
P28300,6805,train
Q9H000,6806,train
P55211,6807,train
Q9HDC9,6808,train
Q9UQV4,6809,train
Q9UIH9,6810,train
O43586,6811,train
Q9H939,6811,train
Q5M8T2,6812,train
Q9H553,6813,train
Q8WUF8,6814,train
P50552,6815,train
Q9UI08,6815,train
Q8WUD6,6816,train
Q9Y6K0,6816,train
Q6JBY9,6817,train
Q8NFU5,6818,test
Q14CZ8,6819,test
Q9NRD5,6820,train
Q5M9Q1,6821,train
Q8N5F7,6821,train
Q99519,6822,test
Q8N136,6823,train
P05120,6824,train
P50452,6824,train
P50453,6824,train
P35237,6824,train
P30740,6824,train
Q9P1A2,6825,train
Q9H974,6826,train
Q96LT4,6827,train
Q9UKU7,6828,train
Q9Y614,6829,train
Q15018,6830,train
Q15760,6831,train
Q5T2R2,6832,train
Q6ZN01,6833,train
O43505,6834,test
Q96L50,6835,train
P0DPA2,6836,train
Q9NZC7,6837,train
Q9UEE5,6838,train
O94768,6838,train
Q6UWP7,6839,train
Q9H4B0,6840,test
O94864,6841,train
Q96MM3,6842,train
P25490,6842,train
O15391,6842,train
Q9BT81,6843,train
Q9H6I2,6843,train
Q8N228,6844,train
Q92552,6845,train
Q13148,6846,train
P61812,6847,train
P10600,6847,train
Q0P651,6848,train
Q13572,6849,train
Q9UM44,6850,train
Q9NRB3,6851,train
Q8N3Z0,6852,train
Q96IZ5,6853,train
Q9H6R6,6854,train
Q8NHU3,6855,train
Q86VZ5,6855,train
Q9Y519,6856,val
Q6ZMB5,6856,val
Q9UBU6,6857,train
Q16254,6858,train
Q15329,6858,train
Q8NC51,6859,train
Q5JVS0,6859,train
Q96AJ1,6860,train
Q9ULX3,6861,train
Q96ES6,6862,train
O95503,6863,train
Q14318,6864,train
Q8IX90,6865,train
P57081,6866,train
O75541,6867,train
O43463,6868,train
Q9H5I1,6868,train
Q14242,6869,val
Q8TBE7,6870,train
P16219,6871,train
Q6NVV9,6872,train
P30542,6873,test
P29275,6873,test
P29274,6873,test
P0DMS8,6873,test
Q9BTE6,6874,val
P00966,6875,train
P57775,6876,val
O60496,6877,train
Q8WW22,6878,train
P31689,6878,train
O60884,6878,train
Q14642,6879,train
O14874,6880,train
Q86U70,6881,val
O43679,6881,val
Q96ER9,6882,train
Q5VW32,6883,train
Q92966,6884,train
Q5T4F4,6885,test
Q9UBB5,6886,train
O95983,6886,train
O60268,6887,train
Q99469,6888,train
Q6ZMT1,6888,train
Q3YBR2,6889,test
Q969G3,6890,train
Q9H161,6891,train
Q15699,6891,train
O95076,6891,train
Q9UKB5,6892,train
Q9GZS9,6893,train
Q9GZX3,6893,train
Q8NCG5,6893,train
Q8TAX9,6894,train
Q14240,6895,train
P60842,6895,train
P38919,6895,train
O95665,6896,train
Q9Y5X4,6897,train
Q9Y466,6897,train
Q99574,6898,train
P43034,6899,train
P21128,6900,train
Q6IA17,6901,val
Q96LZ7,6902,train
Q96P53,6903,train
Q8IWB7,6903,train
P13473,6904,val
Q13569,6905,train
Q96K37,6906,train
Q7KZN9,6907,train
Q9BT25,6908,train
P31260,6909,train
P28358,6909,train
Q9NYD6,6909,train
Q96LW2,6910,val
Q9BV87,6911,test
Q9Y679,6912,train
O96020,6913,train
P24864,6913,train
Q9Y303,6914,train
Q8N4J0,6915,train
Q12837,6916,train
Q9UG56,6917,train
Q53GL0,6918,train
P54727,6919,train
P54725,6919,train
Q8IYP9,6920,train
O75063,6921,train
O75121,6922,train
P55082,6922,train
A4D1S0,6923,train
Q6UWZ7,6924,test
Q8WU67,6925,train
Q2M3D2,6926,train
Q5TGI0,6927,train
Q8TB45,6928,train
Q6PIU2,6929,train
P22760,6929,train
P12643,6930,train
P12644,6930,train
Q96Q45,6931,train
Q8NBB4,6932,test
Q5VYV7,6933,train
Q8IXU6,6934,train
Q5T1Q4,6934,train
Q96BU1,6935,train
Q03154,6936,val
O14556,6937,train
P04406,6937,train
Q9H3H5,6938,test
P05455,6939,val
Q8N7X4,6940,train
P43366,6940,train
A6NJ78,6941,train
Q96EP5,6942,train
O95390,6943,train
Q499Z3,6944,val
Q15697,6945,train
Q70YC5,6946,train
P39023,6947,train
Q92901,6947,train
O60858,6948,val
Q16186,6949,train
P49640,6950,test
P09529,6951,train
Q9NRN5,6952,test
Q9H4K7,6953,train
Q6P499,6954,train
P50458,6955,train
Q9NQ69,6955,train
Q16816,6956,train
P15735,6956,train
Q9H2C1,6957,train
P48742,6957,train
Q93088,6958,train
Q9H2M3,6958,train
Q8TC90,6959,train
Q6UXH8,6960,train
Q9BSE4,6961,train
Q8N6T3,6962,train
Q06587,6963,train
Q99496,6963,train
B5MCN3,6964,train
Q9UDX3,6964,train
Q9UDX4,6964,train
O76054,6964,train
Q9Y2C2,6965,train
Q96GC9,6966,train
Q9Y2U9,6967,train
Q9BRQ0,6968,train
Q9Y5X3,6969,val
Q9UNH7,6969,val
Q86XE0,6969,val
P48775,6970,train
Q9BY76,6971,train
Q9BS26,6972,train
Q9BT78,6973,train
Q8WWB7,6974,train
P00739,6975,train
P00738,6975,train
P80365,6976,test
P32929,6977,val
Q9BSL1,6978,train
O75830,6979,train
Q1RMZ1,6980,train
Q96P15,6981,val
P29508,6981,val
P48594,6981,val
Q96P63,6981,val
Q9UIV8,6981,val
P0CK97,6982,train
P0CK96,6982,train
P49662,6983,train
P57730,6983,train
P29466,6983,train
Q5EG05,6983,train
Q6ICG6,6984,train
Q15109,6985,train
Q8N205,6986,train
A6NKF1,6987,train
Q9GZZ9,6988,train
O15218,6989,train
Q9H2X3,6990,val
Q9NNX6,6990,val
Q96B23,6991,test
Q9BUU2,6992,train
P51810,6993,train
Q5T953,6994,train
P60484,6995,train
P57723,6996,train
P57721,6996,train
Q15365,6996,train
Q15366,6996,train
Q92968,6997,train
Q8NEZ5,6998,test
Q9C009,6999,train
Q9BUL5,7000,train
Q5EBL4,7001,train
Q9BRR3,7002,train
Q9UHR6,7003,test
Q9NUD5,7004,val
Q9UGK3,7005,train
Q8IWR1,7006,train
O43581,7007,train
Q9BXR0,7008,train
Q96BZ9,7009,train
Q7L0Y3,7010,train
P48728,7011,val
Q6NYC1,7012,train
P14902,7013,train
O14965,7014,val
Q96GD4,7014,val
Q9UQB9,7014,val
Q7Z6K3,7015,test
Q9H1Y3,7016,val
Q6UWY5,7017,train
O60663,7018,train
Q8TE12,7018,train
P34995,7019,train
Q5W0U4,7020,train
H7C350,7021,train
Q6PEW1,7022,train
P04278,7023,val
Q9Y4X4,7024,train
P05121,7025,val
P07093,7025,val
Q9BQE5,7026,train
O95236,7026,train
O14791,7026,train
Q9BPW4,7026,train
Q8N0V5,7027,train
Q6UX73,7028,train
Q86YJ5,7029,train
A6NNE9,7029,train
Q9GZV7,7030,train
Q96S86,7030,train
Q86UW8,7030,train
P10915,7030,train
P50219,7031,train
Q96A59,7032,train
Q8NBJ4,7033,val
Q13561,7034,train
Q8WVQ1,7035,train
Q8WV24,7036,train
Q96NA2,7037,train
O00300,7038,test
Q96I25,7039,train
Q8NBV8,7040,train
Q9H1N7,7041,train
Q9GZN2,7042,train
Q15583,7042,train
Q9C0J1,7043,train
Q9Y2A9,7043,train
Q6ZMB0,7043,train
Q8NFL0,7043,train
P41146,7044,test
P35372,7044,test
P41143,7044,test
P36507,7045,train
Q02750,7045,train
P53602,7046,test
P16150,7047,train
Q9UPV7,7048,train
Q9H2G9,7049,train
Q8N9N2,7050,train
Q15438,7051,train
Q9UIA0,7051,train
Q99418,7051,train
O43739,7051,train
Q5JVX7,7052,train
Q9HB90,7053,train
Q9NQL2,7053,train
P22891,7054,test
Q8NC42,7055,train
Q9NRC8,7056,train
Q9GZV5,7057,train
Q9NVG8,7058,test
Q9BTV4,7059,train
Q92734,7060,train
P15509,7061,val
O60609,7062,train
Q16644,7063,train
P49137,7063,train
Q86VE0,7064,train
Q99551,7065,train
P38571,7066,train
P07098,7066,train
Q5JVF3,7067,train
Q86YH6,7068,test
Q5TDH0,7069,train
O14958,7070,val
P31415,7070,val
O95684,7071,train
Q9Y279,7072,train
Q99442,7073,train
Q9NYB0,7074,train
Q8N4Y2,7075,train
P49441,7076,train
Q9C0C6,7077,train
Q5T2D3,7078,train
Q9Y639,7079,train
P35613,7079,train
Q96G97,7080,train
Q8N126,7081,val
P61647,7082,train
P05423,7083,train
Q8IWV1,7084,train
Q969F8,7085,test
Q9UBI4,7086,train
Q6BEB4,7087,train
Q9H228,7088,train
Q99500,7088,train
P21453,7088,train
O95977,7088,train
O95136,7088,train
P51398,7089,train
O43435,7090,train
Q658L1,7091,train
Q8N2K0,7092,train
Q6NSI3,7093,train
Q9H3Q3,7094,train
Q8NAX2,7095,train
P27930,7096,train
P15291,7097,train
O60512,7097,train
O60513,7097,train
Q9Y4P1,7098,train
Q8WYN0,7098,train
P55085,7099,train
Q9HB65,7100,train
A6NFN3,7101,train
O43251,7101,train
Q9NWB1,7101,train
Q9H497,7102,train
Q8NEZ2,7103,train
P78423,7104,train
B8ZZ34,7105,train
Q9C0D9,7106,train
Q9NY97,7107,train
Q7Z7M8,7108,train
Q9NTK5,7109,test
Q53F39,7110,train
Q9HAS0,7111,train
Q96P71,7112,test
Q7L5Y9,7113,test
P36383,7114,train
P13994,7115,test
Q15007,7116,train
Q03426,7117,train
Q8TAD8,7118,train
Q8WWV3,7119,test
P82933,7120,train
P78381,7121,train
P78382,7121,train
Q9Y2D2,7121,train
Q9H5Q4,7122,train
P06727,7123,train
Q7LC44,7124,val
Q13216,7125,train
O77932,7126,train
Q9NQS5,7127,train
Q9GZN1,7128,val
Q9Y5Y4,7129,train
Q6VVB1,7130,train
Q5JTY5,7131,train
Q8IUF1,7131,train
Q5RIA9,7131,train
Q9BRT8,7131,train
Q96KC9,7132,train
Q6PEW0,7133,train
Q9H6D3,7134,train
P98182,7135,train
Q02127,7136,train
Q9Y371,7137,train
Q9NR46,7137,train
Q6P1K8,7138,train
Q13888,7138,train
Q92665,7139,test
Q7Z6K1,7140,train
Q9Y3Q8,7141,train
Q13510,7142,train
P62879,7143,train
O14775,7143,train
P62873,7143,train
P16520,7143,train
Q9HAV0,7143,train
Q92643,7144,train
Q9BSW2,7145,train
Q8TEY5,7146,train
Q00266,7147,train
P31153,7147,train
Q7Z6J2,7148,train
Q5T9C9,7149,train
Q9UGV2,7150,train
Q9ULP0,7150,train
Q9UN36,7150,train
Q92597,7150,train
Q9UQ80,7151,train
Q5T7V8,7152,train
Q16739,7153,train
O75521,7154,train
Q9H814,7155,test
O14649,7156,train
Q9NPC2,7156,train
Q86UD0,7157,train
Q9BSE2,7158,test
Q6P6C2,7159,test
Q96G23,7160,train
Q8IU89,7160,train
Q6ZMG9,7160,train
Q8N5B7,7160,train
Q9HA82,7160,train
Q05923,7161,train
P28562,7161,train
Q13115,7161,train
Q16690,7161,train
Q86YT9,7162,train
Q6UXV0,7163,test
Q86X24,7164,train
Q6IQ20,7165,train
Q8NFJ6,7166,train
Q8TCW9,7166,train
Q8NBR0,7167,train
Q9BVC3,7168,train
Q9BWS9,7169,train
Q7L8J4,7170,train
Q96G75,7171,train
Q9H871,7171,train
P0CB47,7172,train
Q8NBI6,7173,train
Q9NQR1,7174,train
O60870,7175,val
Q6ZV65,7176,train
Q00978,7177,train
Q5T8I9,7178,train
P32754,7179,train
P50213,7180,train
O43837,7180,train
P51553,7180,train
P21953,7181,train
Q8NBL1,7182,train
Q9NQ29,7183,train
Q9Y383,7183,train
Q9BRP4,7184,train
P54687,7185,train
O15382,7185,train
Q9NWT1,7186,train
P21549,7187,test
Q8N4H0,7188,train
O43791,7189,train
Q6IQ16,7189,train
Q8N0U4,7190,train
Q9NYF3,7191,train
Q99689,7192,train
P15529,7193,val
Q9H0C8,7194,val
Q53T59,7195,train
P51570,7196,train
Q05925,7197,val
P19622,7197,val
Q9H6S1,7198,train
P55209,7199,train
Q99733,7199,train
A6NI72,7200,train
A8MVU1,7200,train
P14598,7200,train
P30411,7201,train
P68400,7202,test
Q8NEV1,7202,test
P19784,7202,test
Q15011,7203,val
Q00587,7204,train
Q92785,7205,train
Q92784,7205,train
O14717,7206,train
P30872,7207,val
P35346,7207,val
P30874,7207,val
Q8IXN7,7208,train
Q9ULI2,7208,train
Q99638,7209,val
Q92546,7210,test
Q8N6V9,7211,test
P09544,7212,train
P56703,7212,train
O00755,7212,train
P56705,7212,train
P41221,7212,train
Q9H1J7,7212,train
Q9Y6F9,7212,train
P56704,7212,train
O96014,7212,train
Q93097,7212,train
P29803,7213,val
P08559,7213,val
P28336,7214,train
P30550,7214,train
Q96FI4,7215,test
P43115,7216,train
Q969G2,7217,train
Q6NZI2,7218,train
O75900,7219,val
Q9P0Z9,7220,train
Q99816,7221,train
Q9NNX1,7222,val
P01137,7223,train
P28221,7224,train
P28222,7224,train
P30939,7224,train
Q6ICH7,7225,test
Q5U4P2,7225,test
Q96AP7,7226,train
Q8IVS2,7227,val
O60667,7228,train
Q9C0F1,7229,val
Q9NXC2,7230,train
Q3B7J2,7230,train
Q12905,7231,train
Q9BTY7,7232,train
O14792,7233,train
Q9Y662,7233,train
Q8IZT8,7233,train
Q99447,7234,train
Q13508,7235,val
Q9Y6C9,7236,train
Q9NZJ7,7236,train
Q15722,7237,train
Q9NPC1,7237,train
Q9HC52,7238,test
Q96DP5,7239,train
Q8N9B4,7240,train
P31350,7241,train
Q7LG56,7241,train
Q7Z6J8,7242,val
Q8IXJ6,7243,train
Q7L273,7244,train
Q5JT82,7245,train
Q8WVF1,7246,train
Q15008,7247,train
Q9NP31,7248,train
Q13686,7249,train
P20142,7250,train
Q9H488,7251,train
Q8N9Z9,7252,train
Q9NUK0,7253,train
Q5VZF2,7253,train
Q9NR56,7253,train
Q9NX36,7254,train
Q96PD7,7255,val
Q8NFZ8,7256,val
P85299,7257,val
Q9UGC6,7258,train
O76081,7258,train
P49795,7258,train
Q9BRI3,7259,train
Q99726,7259,train
Q5JXC2,7260,val
Q8WV60,7261,train
P81877,7262,train
Q9BWW4,7262,train
Q9BWG4,7262,train
Q6PEV8,7263,test
P29016,7264,test
P29017,7264,test
P15812,7264,test
P06126,7264,test
P15813,7264,test
P35453,7265,train
P31271,7265,train
P31276,7265,train
Q92826,7265,train
Q6ZMV7,7266,train
Q9UBX8,7267,train
O43286,7267,train
O75781,7268,val
Q53HC9,7269,train
O75936,7270,train
Q9UKT5,7271,train
O43603,7272,train
Q86XK7,7273,train
Q96FK6,7274,train
P49019,7275,train
Q8TDS4,7275,train
Q8N7C3,7276,test
O95801,7277,train
Q9H0F6,7278,train
Q9NR83,7279,val
P37059,7280,test
A4D1E9,7281,train
Q9NY43,7282,train
Q9BZE3,7282,train
P43119,7283,train
Q7Z6G3,7284,train
Q8N987,7284,train
Q86V24,7285,train
Q96A54,7285,train
P53582,7286,test
Q9Y570,7287,val
Q9Y3P4,7288,train
P31483,7289,train
Q01085,7289,train
Q86VN1,7290,train
Q9HC16,7291,train
Q8IUX4,7291,train
Q96AK3,7291,train
Q9UH17,7291,train
Q9NRW3,7291,train
P00326,7292,train
P07327,7292,train
P08319,7292,train
P00325,7292,train
P11766,7292,train
P28332,7292,train
P40394,7292,train
Q9NWM3,7293,test
Q6NVY1,7294,train
Q96RI0,7295,train
Q6P444,7296,train
D6RGH6,7297,train
Q9NXX6,7298,train
Q8N140,7298,train
Q9BRX2,7299,train
Q01459,7300,test
Q6RFH5,7301,train
Q8N490,7302,train
Q9UI38,7303,train
Q12824,7304,train
Q8N365,7305,train
P28906,7306,train
Q6ZNW5,7307,test
Q8N8R5,7308,val
P25929,7309,train
P50391,7309,train
Q96CB9,7310,test
Q9UBR1,7311,train
P35713,7312,test
Q7Z418,7313,val
O15315,7314,train
Q8TCT6,7315,train
P36402,7316,test
O00590,7317,train
O00170,7318,train
Q9NZN9,7318,train
Q9Y312,7319,val
Q5T8I3,7320,train
Q5T9C2,7320,train
Q2M296,7321,train
P80370,7322,test
Q9NP85,7323,train
P27105,7323,train
O95084,7324,val
Q9H6Y2,7325,train
Q29980,7326,train
Q29983,7326,train
Q9H4B6,7327,train
Q9Y282,7328,train
Q9NTX9,7329,train
Q6UY11,7330,train
Q9NXR7,7331,train
Q15784,7332,train
Q96NK8,7332,train
Q13477,7333,val
Q06828,7334,train
P51888,7334,train
O60938,7334,train
P0DKB5,7335,val
Q6DD87,7336,val
Q6UX15,7337,train
Q9H9P2,7337,train
Q9BQ90,7338,train
Q9NXS2,7339,train
Q16769,7339,train
Q9UHK6,7340,train
Q9UGM5,7341,test
Q8NFW5,7342,train
Q7Z6M4,7343,train
P49146,7344,train
Q96FG2,7345,train
Q03113,7346,test
Q14344,7346,test
P08754,7346,test
P09471,7346,test
P08174,7347,val
O00622,7348,val
Q9UPC5,7349,test
Q9H6Y7,7350,train
O43567,7350,train
F5GYI3,7351,train
P10644,7352,train
P31321,7352,train
Q58FF8,7353,train
Q58FG0,7353,train
Q6ZMR3,7354,train
P07195,7354,train
P00338,7354,train
P07864,7354,train
Q9BYZ2,7354,train
Q13601,7355,train
P26022,7356,train
P07988,7357,train
Q9BUA3,7358,train
P49908,7359,test
Q9NPF8,7360,train
O75689,7360,train
Q8N0Z2,7361,val
Q9P0J7,7362,train
Q9UBC1,7363,train
Q8NFJ8,7364,test
Q8NFH3,7365,train
Q8WTW4,7366,train
P18615,7367,val
P16333,7368,train
O43639,7368,train
Q14576,7369,val
P26378,7369,val
Q12926,7369,val
Q15717,7369,val
Q96LY2,7370,train
Q96AQ1,7370,train
P39748,7371,train
Q96HA4,7372,val
P01100,7373,test
P15408,7373,test
O43173,7374,train
Q96DV4,7375,train
Q96S82,7376,test
Q6YI46,7377,train
Q6DKK2,7378,train
O75635,7379,train
Q9UIK5,7380,val
Q8IYR6,7380,val
B2RXF0,7381,train
C9JTQ0,7382,test
P35414,7383,test
P07585,7384,train
P21810,7384,train
Q9BXN1,7384,train
Q92782,7385,train
Q96EF9,7386,train
Q96K31,7386,train
Q9UNW8,7387,train
O00154,7388,test
Q8NES3,7389,train
Q9Y644,7389,train
O00587,7389,train
Q9H300,7390,test
Q8IXS6,7391,train
A4GXA9,7392,train
Q8TBM8,7393,train
Q9H819,7393,train
Q9NXW2,7393,train
P49354,7394,train
Q86WV6,7395,train
E9PGG2,7396,train
A6NHQ4,7397,val
P78508,7398,train
O60928,7398,train
Q9NX58,7399,train
P07902,7400,train
P51684,7401,train
P32248,7401,train
P51686,7401,train
Q9NPB9,7401,train
Q16543,7402,train
Q5XKL5,7403,train
Q9NRZ7,7404,train
Q9NRZ5,7404,train
Q6P4I2,7405,test
P22626,7406,train
P09651,7406,train
Q32P51,7406,train
Q13151,7406,train
P51991,7406,train
Q96H15,7407,train
Q6ZS10,7408,train
Q96IZ6,7409,train
Q6P1Q9,7409,train
Q9H825,7409,train
P26951,7410,train
Q9BYG0,7411,train
Q8TAX7,7412,test
Q16795,7413,train
P53609,7414,train
Q6ZVX9,7415,val
Q9H7Z7,7416,train
Q9GZT8,7417,train
O75381,7418,train
Q9H0I3,7419,train
Q5NUL3,7420,test
Q8N4Q0,7421,train
Q9Y6U7,7422,train
P41231,7423,train
P51582,7423,train
O60704,7424,test
O60507,7424,test
Q969W1,7425,train
Q15049,7426,test
Q8NG68,7427,test
Q96CM3,7428,train
Q96RQ1,7429,train
O75319,7430,test
Q8TC12,7431,train
Q96NR8,7431,train
Q8NBN7,7431,train
Q9HBH5,7431,train
Q6UX07,7431,train
P01859,7432,val
P01860,7432,val
P01857,7432,val
P01861,7432,val
Q8TCT9,7433,test
Q14094,7434,val
Q8NFA2,7435,train
Q9Y5B8,7436,train
Q9NPB6,7437,train
Q9BYG4,7437,train
Q9BYG5,7437,train
Q96FC7,7438,train
Q92561,7438,train
Q9HB07,7439,train
P58012,7440,train
O43502,7441,val
O15466,7442,train
Q9UNM6,7443,val
A6NED2,7444,train
Q8NEW0,7445,train
O75554,7446,train
Q9H4I3,7447,train
Q1AE95,7448,train
Q8IXX5,7448,train
P52655,7449,train
Q8NCH0,7450,train
Q5T280,7451,train
P56202,7452,train
A8MXV4,7453,train
Q92186,7454,test
Q92187,7454,test
Q11203,7455,train
Q15198,7456,train
P36952,7457,train
P35247,7458,test
Q96LA8,7459,train
Q9HBK9,7460,train
Q99527,7461,train
Q9NW38,7462,train
P35659,7463,train
P08571,7464,train
O00254,7465,val
Q96G91,7466,train
P29992,7467,train
O95837,7467,train
P30679,7467,train
P50148,7467,train
A8MTJ3,7467,train
P04899,7467,train
P11488,7467,train
P19087,7467,train
P63096,7467,train
P19086,7467,train
Q8N998,7468,train
Q8IVL8,7469,train
Q96CD0,7470,train
Q9UJ37,7471,train
Q7L523,7472,test
Q5VZM2,7472,test
Q15035,7473,train
Q15629,7473,train
Q8NBK3,7474,train
Q8NBJ7,7474,train
Q9HCN4,7475,train
Q9NPI8,7476,train
Q7L2H7,7477,train
P12314,7478,train
Q92637,7478,train
Q6P6B1,7479,train
O75444,7480,train
Q15738,7481,train
P56589,7482,train
O75594,7483,train
Q96LB8,7483,train
Q9Y234,7484,train
Q16621,7485,train
P47900,7486,train
Q96HJ3,7487,train
Q02833,7488,train
Q9Y2P8,7489,train
Q969T3,7490,train
Q86W33,7491,train
Q9BRQ8,7492,train
Q9H790,7493,train
Q8WUP2,7494,test
Q9Y5R6,7495,test
Q9BYV8,7496,train
Q9BV79,7497,test
P15104,7498,train
A2RU49,7499,val
P53365,7500,train
P53367,7500,train
Q99788,7501,train
Q9H6B4,7502,train
O43766,7503,train
Q9H1C0,7504,train
Q9HBI1,7505,train
Q9HBI0,7505,train
Q9NVD7,7505,train
O60547,7506,train
Q5T5M9,7507,train
O15143,7508,train
Q92747,7508,train
Q969K3,7509,train
Q8WZ73,7509,train
Q8N3J5,7510,train
Q3LFD5,7511,test
Q9UMW8,7511,test
Q96NB3,7512,train
Q9BTM1,7513,train
P0C0S8,7513,train
Q9P0M6,7513,train
Q71UI9,7513,train
P20671,7513,train
Q6FI13,7513,train
Q99878,7513,train
Q16777,7513,train
Q7L7L0,7513,train
O75367,7513,train
P0C0S5,7513,train
Q96QV6,7513,train
Q93077,7513,train
Q96KK5,7513,train
Q8IUE6,7513,train
P16104,7513,train
Q8IYD9,7514,val
Q7Z6M1,7515,val
Q96RU8,7516,train
Q96RU7,7516,train
Q92519,7516,train
P67809,7517,train
Q9Y2T7,7517,train
P16989,7517,train
P26439,7518,test
Q95365,7519,train
P30480,7519,train
P16190,7519,train
Q31610,7519,train
Q29718,7519,train
P30464,7519,train
Q29865,7519,train
P30685,7519,train
P30479,7519,train
P30450,7519,train
P30491,7519,train
P30459,7519,train
P30484,7519,train
P30486,7519,train
P10314,7519,train
P30495,7519,train
Q9TNN7,7519,train
P13746,7519,train
P04222,7519,train
P30510,7519,train
P30481,7519,train
P30487,7519,train
P30504,7519,train
P30447,7519,train
P10319,7519,train
P10316,7519,train
P30462,7519,train
P05534,7519,train
P16188,7519,train
P30455,7519,train
Q04826,7519,train
P30490,7519,train
P30466,7519,train
Q29960,7519,train
Q09160,7519,train
P04439,7519,train
Q95604,7519,train
P30498,7519,train
P01889,7519,train
Q07000,7519,train
P03989,7519,train
P30460,7519,train
P30505,7519,train
P30485,7519,train
P18463,7519,train
Q29963,7519,train
P18462,7519,train
P30492,7519,train
P30457,7519,train
P01891,7519,train
P01892,7519,train
P30499,7519,train
P10321,7519,train
P30508,7519,train
P30512,7519,train
P18465,7519,train
P13747,7519,train
P30511,7519,train
P17693,7519,train
P01893,7519,train
Q7L5A8,7520,train
Q9Y5Y3,7521,train
P32302,7522,train
O95568,7523,train
P26992,7524,train
Q96CX6,7525,train
P43699,7526,train
Q9H2Z4,7526,train
Q6W5P4,7527,train
Q9BYS8,7528,val
Q96C28,7529,train
Q8N357,7530,test
Q96H72,7531,test
P23610,7532,train
P78545,7533,train
O43889,7534,train
Q9HC73,7535,train
Q68CQ7,7536,train
Q9H1C3,7536,train
Q96IR7,7537,train
Q96H96,7538,train
Q9UNZ2,7539,train
Q14CS0,7539,train
Q9GZP0,7540,train
Q9NRA1,7540,train
Q92604,7541,train
Q9H756,7542,train
Q9NZU7,7543,train
Q9NP86,7543,train
Q9BZW8,7544,train
P45877,7545,train
P23284,7545,train
Q08752,7545,train
O43447,7545,train
Q9NQZ5,7546,train
Q9Y617,7547,test
Q9BZW5,7548,train
Q8TC76,7549,train
Q96KN9,7550,train
Q9NYQ3,7551,train
Q9UJM8,7551,train
P35914,7552,train
Q8TB92,7552,train
Q9Y5K3,7553,train
P49585,7553,train
Q9BV20,7554,train
Q8N8M0,7555,train
Q6ZMN8,7556,train
Q86Y37,7557,train
Q8NCU7,7558,test
A6NLJ0,7558,test
Q14558,7559,train
O60256,7559,train
Q7Z5B4,7560,train
P50749,7561,train
Q6ZTQ3,7561,train
Q9H2F3,7562,train
Q8IZP2,7563,train
P50502,7563,train
Q8NFI4,7563,train
P49366,7564,train
P31785,7565,train
Q9NZJ6,7566,train
Q9Y2S7,7567,test
Q9NVF7,7568,train
Q6MZQ0,7569,train
P78406,7570,train
P49842,7571,train
Q9H668,7572,train
Q99961,7573,val
Q99963,7573,val
Q99962,7573,val
Q16533,7574,val
Q6ZUK4,7575,train
Q6AI12,7576,train
Q53H64,7576,train
Q9Y2C4,7577,train
Q8TBF8,7578,train
Q9BZD3,7579,train
P0CAP2,7579,train
P49682,7580,train
Q99871,7581,train
P78426,7582,train
A6NJ46,7582,train
Q9C056,7582,train
Q86X40,7583,train
Q15078,7584,train
Q13319,7584,train
P06132,7585,val
Q5RL73,7586,train
Q8NA23,7587,train
Q5W0Z9,7588,train
Q9UIJ5,7588,train
O95388,7589,train
O95389,7589,train
Q8WW27,7590,train
Q13304,7591,train
Q8TB36,7592,train
Q96MZ0,7592,train
Q969P5,7593,train
Q8TCJ0,7593,train
P02765,7594,train
Q9Y295,7595,train
P55039,7595,train
O60931,7596,train
O75610,7597,train
P05111,7598,train
P52788,7599,test
Q15633,7600,train
O00442,7601,train
Q8WTS6,7602,test
Q86YD3,7603,train
P62068,7604,train
Q9P2A4,7605,train
Q9H568,7606,train
Q6Q788,7607,train
Q6UXB0,7608,train
Q5VSY0,7609,train
Q15743,7610,val
Q02080,7611,train
O75593,7612,train
P55899,7613,val
P19526,7614,train
Q10981,7614,train
Q8IWS0,7615,train
Q15050,7616,train
O14905,7617,train
O14904,7617,train
P58304,7618,test
Q9NZR4,7618,test
Q06520,7619,train
O00204,7619,train
Q9Y2Z0,7620,train
Q9NQQ7,7621,train
Q2M3R5,7622,train
Q92664,7623,train
Q7L8A9,7624,train
Q86V25,7624,train
P78310,7625,train
Q8NAV2,7626,val
Q53GG5,7627,train
Q92633,7628,train
Q9HBW0,7628,train
Q9UBY5,7628,train
P52952,7629,train
Q8TAU0,7629,train
A6NCS4,7629,train
P12524,7630,train
Q7L3V2,7631,test
Q5BKX8,7632,train
Q96A29,7633,val
Q9NR23,7634,train
Q9NUQ2,7635,train
Q9BWF3,7636,val
Q9BQ04,7636,val
Q15906,7637,train
Q6S9Z5,7638,train
P53990,7639,train
Q9HBU9,7640,train
Q9HBV1,7640,train
Q8NCQ7,7641,train
Q6NTF9,7642,train
Q9P0U1,7642,train
Q96MF2,7643,train
P05062,7644,train
P04075,7644,train
P09972,7644,train
O43427,7645,train
Q96A46,7646,train
Q9UPM6,7647,train
Q68G74,7647,train
Q9NS00,7648,val
P0C7T7,7649,val
Q9H777,7650,train
P35249,7651,train
O75818,7652,train
Q9H6D7,7653,test
Q6PGN9,7654,train
P00813,7655,train
P50052,7656,train
Q9NX46,7657,train
Q9NUD7,7658,train
P52951,7659,train
Q14549,7659,train
Q9UBU8,7660,train
Q15014,7660,train
Q00325,7661,train
Q96DH6,7662,train
O43347,7662,train
Q147X3,7663,train
P46092,7664,train
Q9BRK5,7665,val
Q9H0A6,7666,train
A0AVI4,7667,val
O95551,7668,train
Q9P035,7669,train
Q5VWC8,7669,train
Q13351,7670,train
Q9H1K6,7671,val
P25106,7672,train
P55263,7673,train
Q9H6B9,7674,train
Q8IUS5,7674,train
Q6ZMK1,7675,test
Q9NQS1,7676,train
Q9NV79,7677,test
Q96MG8,7677,test
Q8IVD9,7678,train
P32249,7679,train
Q9NV96,7680,train
Q3MIR4,7680,train
Q9H8G2,7681,train
Q8WXG1,7682,train
Q969M1,7683,train
O96008,7683,train
O75683,7684,train
Q96L03,7685,val
Q6P6B7,7686,train
Q8NBU5,7687,train
O00155,7688,test
Q8WZ79,7689,train
P08397,7690,train
Q9NSB8,7691,train
Q86YM7,7691,train
Q9NSC5,7691,train
P54252,7692,test
Q67FW5,7693,train
P83369,7694,train
Q6P1Q0,7695,train
Q9Y5P6,7696,train
P25025,7697,train
P25024,7697,train
O95273,7698,train
P32246,7699,train
P51685,7699,train
P51681,7699,train
P51679,7699,train
P49238,7699,train
P51677,7699,train
Q15327,7700,train
Q9GZV1,7700,train
Q96HE9,7701,train
Q66K66,7702,train
Q96J42,7703,train
Q9Y484,7704,train
Q5MNZ6,7704,train
Q15435,7705,train
Q01860,7706,train
Q8NE79,7707,test
Q5SGD2,7708,train
O95149,7709,val
Q96EE3,7710,train
Q9UGM6,7711,train
P82650,7712,train
Q96QE5,7713,train
Q86W34,7714,val
Q5H9R4,7715,train
P49685,7716,train
Q9H1X3,7717,train
O00115,7718,val
Q9H6F5,7719,train
Q13258,7720,val
P43116,7720,val
Q96RD0,7721,train
Q96RC9,7721,train
Q15620,7721,train
Q8NH09,7721,train
P0DN80,7721,train
P11177,7722,train
Q02083,7723,train
O00623,7724,train
P21854,7725,test
O60759,7726,test
Q7L513,7727,train
Q9Y231,7728,train
O43488,7729,train
O95154,7729,train
Q8NHP1,7729,train
Q9NR45,7730,train
Q9NTX7,7731,val
O75563,7732,val
Q86WV1,7732,val
Q86VZ1,7733,train
O95600,7734,test
P57682,7734,test
P0C264,7735,train
Q8TBP6,7736,train
Q9BZJ4,7736,train
Q86SK9,7737,train
O00767,7737,train
P30556,7738,train
Q9NX62,7739,val
Q9GZT6,7740,train
Q96AQ8,7740,train
Q96A47,7741,train
P61371,7741,train
O94992,7742,train
Q96MH2,7742,train
Q96D42,7743,train
P25021,7744,val
Q9NZL4,7745,train
Q8ND76,7746,train
Q8N7R7,7746,train
Q9BRP1,7747,test
Q15257,7748,train
O14745,7749,train
Q15599,7749,train
Q7Z5U6,7750,test
B7ZBB8,7751,val
O95210,7752,train
Q96PF2,7753,train
Q99678,7754,train
Q9UBS4,7755,train
P49715,7756,test
Q15391,7757,train
Q9BY21,7757,train
O75503,7758,train
O00303,7759,test
Q00796,7760,train
Q7Z465,7761,train
Q96GS4,7762,train
P48745,7763,train
O76076,7763,train
P29279,7763,train
Q6ZSC3,7764,train
Q96MX6,7765,train
Q8NFJ5,7766,train
Q9NZD1,7766,train
Q8TAQ9,7767,train
Q96DI7,7768,train
Q8NDY3,7769,train
P54922,7769,train
P30533,7770,train
P47898,7771,train
Q9BPY3,7772,train
Q9NWS6,7772,train
Q8TCE6,7773,train
Q9NP08,7774,train
A6NHT5,7774,train
Q9H7T9,7775,train
Q9UN42,7776,train
P14415,7776,train
Q9NUU6,7777,train
Q9H0V9,7778,train
Q12907,7778,train
Q5T440,7779,train
Q9H3Q1,7780,train
Q92185,7781,train
P40938,7782,val
Q504Y3,7783,train
Q9NUC0,7784,train
Q9UJZ1,7785,val
O43529,7786,val
O95872,7787,train
Q9H410,7788,train
Q15653,7789,train
Q9C086,7790,test
P14652,7791,train
Q7LGA3,7792,test
Q7Z2E3,7793,train
O95299,7794,test
Q8N6T7,7795,train
Q6ZSR9,7796,val
A5D8V6,7797,train
Q8N8C0,7798,train
Q15165,7799,train
P27169,7799,train
Q15166,7799,train
Q6PJ21,7800,train
Q13190,7801,train
Q9H1Z9,7802,train
Q9NTN3,7803,val
Q6DHV7,7804,train
P46091,7805,train
Q9NQR9,7806,val
O00182,7807,val
Q86WK9,7808,train
Q8TEZ7,7808,train
P32242,7809,train
P32243,7809,train
Q14982,7810,test
Q9P121,7810,test
Q7Z3B1,7810,test
Q13449,7810,test
A6NGN9,7810,test
Q9H244,7811,train
Q9BPV8,7811,train
Q4G0M1,7812,train
P34810,7813,train
Q9ULX7,7814,train
O43570,7814,train
P78540,7815,val
P05089,7815,val
P35250,7816,train
Q9NS37,7817,test
O43915,7818,train
Q96EK9,7819,train
Q8IYD2,7820,train
Q8IXV7,7820,train
P00480,7821,train
Q96EM0,7822,train
Q9H832,7823,train
Q8N9Y4,7824,train
Q8IUY3,7825,test
Q96FZ2,7826,train
Q8IUQ0,7827,train
Q5SYC1,7827,train
U3KPV4,7828,val
P16442,7828,val
Q92858,7829,train
Q8NHW3,7830,train
Q9Y5Q3,7830,train
Q9NYT0,7831,train
Q6IN84,7832,test
P46663,7833,train
A6NFR6,7834,train
Q8TDN6,7835,train
P25089,7836,train
P21462,7836,train
P25090,7836,train
Q9UHY8,7837,train
B7Z1M9,7838,train
Q9NPC4,7839,train
P40225,7840,train
Q3ZCQ8,7841,val
Q8WUA8,7842,train
Q9NXG2,7843,train
Q12799,7844,train
Q9H9L3,7845,train
Q96BN8,7846,train
Q96JY6,7847,train
Q969V5,7848,train
Q8IYA7,7849,train
Q14994,7850,test
O15372,7851,test
Q6UWB4,7852,train
Q0ZLH3,7853,train
Q96B01,7854,train
Q96A49,7855,train
Q9BSE5,7856,train
P02760,7857,train
P61073,7858,train
P55103,7859,val
P58166,7859,val
Q96JZ2,7860,train
P28356,7861,train
Q8NET6,7862,test
Q9NPF2,7862,test
Q8N335,7863,train
P21695,7863,train
P49770,7864,train
P06729,7865,train
Q5BKX5,7866,val
Q8TCX1,7867,train
Q8N8N7,7868,test
Q12893,7869,test
Q9H1J5,7870,train
Q9BS86,7871,train
Q12972,7872,train
Q6P087,7873,test
Q8N0S2,7874,train
Q8N8B7,7875,train
Q96J01,7876,val
Q5W0B7,7877,train
P61421,7878,val
Q8N8Y2,7878,val
Q96EY9,7879,train
P18848,7880,train
Q96EV8,7881,train
Q9NWR8,7882,train
Q8NE86,7882,train
Q9BYE7,7883,train
Q9BW91,7884,train
P13995,7885,train
Q6N063,7886,test
Q07820,7887,train
P08567,7888,train
Q9UBP4,7889,train
P27544,7890,train
P22674,7891,train
P21730,7892,train
P48556,7893,train
O75787,7894,test
Q9H813,7895,train
O75695,7896,val
Q9GZM5,7897,train
Q7RTV3,7898,train
Q9Y3F4,7899,train
Q12792,7900,train
Q6IBS0,7900,train
Q6ICL7,7901,train
Q16842,7902,train
Q11201,7902,train
Q9H5K3,7903,test
O95455,7904,train
Q8NFB2,7905,train
Q9H7F4,7905,train
Q70UQ0,7906,val
Q14973,7907,train
Q96BW5,7908,test
A2VCK2,7909,val
Q9UIM3,7910,train
Q9H9Y2,7911,train
Q9H1E5,7912,test
Q96MB7,7913,train
Q8NEP7,7914,train
O95825,7915,test
Q8WWH5,7916,train
Q5JRV8,7917,val
Q8TB40,7918,train
Q8WTS1,7918,train
Q17RN3,7919,train
Q8IV48,7920,val
Q8NBI3,7921,test
P10914,7922,train
P14316,7922,train
Q9NWT6,7923,test
Q8IV42,7924,train
P08100,7925,train
P36959,7926,train
Q9P2T1,7926,train
Q14376,7927,val
P09001,7928,train
Q5VVQ6,7929,train
Q9H0U3,7930,train
Q13454,7930,train
Q9BWW7,7931,train
Q15560,7932,train
P23193,7932,train
O75764,7932,train
Q9P0M2,7933,train
O43687,7933,train
Q7Z7A3,7934,train
P25685,7935,train
Q9UDY4,7935,train
O75953,7935,train
Q30201,7936,test
O43681,7937,train
P46734,7938,test
P52564,7938,test
Q8IW45,7939,val
Q6ZNQ3,7940,train
Q5JS37,7941,train
P23511,7942,val
Q6UWU4,7943,test
P14920,7944,train
Q99489,7944,train
Q96DB2,7945,train
Q00577,7946,train
Q9UJV8,7946,train
Q96QR8,7946,train
O15127,7947,train
Q8TAC9,7947,train
Q969E2,7947,train
O14828,7947,train
O15126,7947,train
P02750,7948,train
Q8N9I9,7949,train
P05412,7950,val
P17275,7950,val
P17535,7950,val
A8MVJ9,7951,train
Q9NWY4,7951,train
Q9NP66,7952,train
Q9P0W2,7952,train
Q96GX2,7953,train
Q14CW9,7953,train
O15479,7954,train
A8MXT2,7954,train
O15480,7954,train
O15481,7954,train
P50613,7955,train
O15552,7956,train
O14843,7956,train
O15160,7957,train
O43542,7958,train
P53597,7959,train
Q92765,7960,train
Q6FHJ7,7960,train
Q9UBE0,7961,test
Q15814,7962,train
Q8WVM0,7963,test
Q15853,7964,train
P22415,7964,train
O43827,7965,train
P20933,7966,train
Q9H0I2,7967,train
O94905,7968,train
O75477,7968,train
P98172,7969,train
P52799,7969,train
Q15768,7969,train
Q8IZL9,7970,train
O95274,7971,train
Q86TE4,7972,train
O15527,7973,test
Q8NCY6,7974,train
Q5TEU4,7975,train
Q86YD5,7976,train
Q9GZM8,7977,train
Q9NXR1,7977,train
Q12952,7978,train
P54826,7979,train
Q9BZ19,7980,test
Q9UIB8,7981,train
P50616,7982,train
Q14106,7982,train
Q9Y242,7983,test
Q9NZQ9,7984,train
P02749,7985,train
O76027,7986,train
Q8TC84,7987,train
P16220,7988,train
Q03060,7988,train
P18846,7988,train
P17676,7989,train
Q9H3K2,7990,train
Q99933,7991,test
P35227,7992,train
P35226,7992,train
Q16342,7993,train
Q9BQP7,7994,train
P43657,7995,train
Q8NAA5,7996,train
Q9UJ70,7997,train
Q16589,7998,test
P51959,7998,test
Q9P0K9,7999,test
O95633,8000,train
P19883,8000,train
Q8NBM4,8001,train
Q9NPG8,8002,train
Q96DX7,8003,train
P57768,8004,train
Q96KD3,8005,train
Q8N0S6,8006,val
Q9NS73,8007,train
O00421,8008,train
Q53EV4,8009,train
Q96AM1,8010,train
Q6NTE8,8011,train
Q32ZL2,8012,train
Q8TBJ4,8012,train
Q96GM1,8012,train
A6NMT0,8013,train
Q53RT3,8014,train
Q9BWW8,8015,train
Q9GZN4,8016,train
Q16651,8016,train
Q9Y6M0,8016,train
Q7Z6M3,8017,train
O15541,8018,train
Q8IZP6,8018,train
Q8N0V3,8019,train
Q9BXJ8,8020,train
A0PK00,8020,train
A6NFE2,8021,train
P21731,8022,train
O14862,8023,train
Q1HG43,8024,train
Q1HG44,8024,train
Q96F63,8025,train
Q02338,8026,train
P25105,8027,train
P61962,8028,train
Q96C23,8029,train
Q5JXA9,8030,train
Q99633,8031,train
Q9NX94,8032,val
Q9NRS6,8033,val
Q9GZY8,8034,train
Q9BTX7,8035,train
Q8N1S5,8036,train
Q96HL8,8037,train
O43315,8038,train
Q92482,8038,train
O14520,8038,train
Q3LIE5,8039,val
O00321,8040,val
O00574,8041,train
Q96G28,8042,test
Q9BQA1,8043,train
P48059,8044,train
Q7Z4I7,8044,train
Q5T230,8045,train
P56937,8046,train
Q8N4W6,8047,train
O95400,8048,train
Q9H9S4,8049,train
Q9Y376,8049,train
P62328,8049,train
Q8IZV5,8050,train
Q5T6V5,8051,val
Q96PU8,8052,train
Q86W42,8053,test
Q9BUN1,8054,train
Q95460,8055,test
Q8N3I7,8056,train
Q9H649,8057,train
Q0GE19,8058,val
Q96IZ0,8059,train
O14681,8060,train
Q14565,8061,test
Q06609,8061,test
Q5T9G4,8062,train
Q7Z6L0,8063,train
P40937,8064,train
O75628,8065,train
Q8IYK8,8065,train
P55042,8065,train
P55040,8065,train
Q96MN9,8066,train
Q9GZT4,8067,train
Q9H0A9,8068,test
Q8TD22,8069,val
Q96IW2,8070,train
Q9UNA3,8071,train
Q8IXQ4,8072,train
Q9UNI6,8073,train
Q8N0X4,8074,train
O00398,8075,test
Q9BXC1,8075,test
Q6IFN5,8076,test
Q8NGA0,8076,test
Q15612,8076,test
Q15080,8077,train
Q9Y394,8078,train
Q6ZNG2,8079,test
P07858,8080,train
Q8TBZ6,8081,train
Q9UH36,8082,train
Q96BY9,8083,train
Q6IEG0,8084,train
P20226,8085,train
O76071,8086,train
Q14320,8087,train
Q9Y247,8087,train
Q5HYJ3,8088,train
Q8TAV0,8088,train
O00757,8089,train
P09467,8089,train
Q96H22,8090,val
Q9HCN6,8091,train
P33241,8092,train
P78318,8093,train
Q86YB7,8094,test
Q13825,8094,test
Q9NR21,8095,train
Q9UN81,8096,val
P40926,8097,train
P51884,8098,train
O14832,8099,train
O76075,8100,train
P15407,8101,train
P53539,8101,train
Q3B726,8102,val
Q9NYK5,8103,train
Q07352,8104,train
Q9Y5Z9,8105,train
Q01664,8106,train
O95433,8107,val
Q719I0,8107,val
Q9UJ42,8108,train
Q9Y5R4,8109,train
P31270,8110,train
P31277,8110,train
O43248,8110,train
Q8IYL9,8111,train
Q8IVB5,8112,train
Q9P296,8113,train
Q96C86,8114,train
Q7L211,8115,train
Q6P4A7,8116,val
P37837,8117,test
Q9BV23,8118,train
O43414,8119,train
P38484,8120,train
Q9UG22,8121,train
Q96F15,8121,train
Q9UBP5,8122,train
Q9Y5J3,8122,train
Q9NQ87,8122,train
Q5VT66,8123,train
Q969Z3,8123,train
Q9Y271,8124,train
Q7L3B6,8125,val
Q9NV92,8126,train
Q9BT67,8126,train
Q9Y5Y5,8127,train
Q15762,8128,val
O75794,8129,train
Q9BVH7,8130,train
Q969X2,8130,train
Q96HH6,8131,train
O14657,8132,train
Q5JU69,8132,train
O14656,8132,train
Q13426,8133,train
O75436,8134,test
Q4G0F5,8134,test
O00180,8135,test
Q969T7,8136,val
Q9H0P0,8136,val
Q16570,8137,val
Q8TDX5,8138,train
P31937,8139,train
Q5TC63,8140,val
Q5EB52,8141,train
Q96DD0,8142,train
Q16698,8143,train
Q9Y576,8144,train
P09668,8145,train
Q13291,8146,train
Q9NQ25,8147,val
P25445,8148,test
Q9NPF4,8149,train
Q9P2W9,8150,train
O95238,8151,train
Q96BN2,8152,train
Q03405,8153,train
Q8N4T4,8154,train
P06746,8155,train
O76003,8156,train
Q5UAW9,8157,train
P49639,8158,train
Q9P2W7,8159,train
Q9NPZ5,8159,train
O94766,8159,train
Q86WC4,8160,train
Q8N387,8161,val
P40925,8162,train
Q9BT17,8163,train
Q9H6Y5,8164,train
Q9UIC8,8165,train
Q2I0M4,8166,train
Q9BZM5,8167,train
Q9BZM4,8167,train
Q6H3X3,8167,train
P17707,8168,train
Q9UQ10,8169,val
P25774,8170,train
O60911,8170,train
P43235,8170,train
P07711,8170,train
Q92905,8171,train
Q8N336,8172,val
A6NHQ2,8173,train
P22087,8173,train
Q9H977,8174,train
Q86VZ2,8175,train
P61964,8175,train
Q13487,8176,train
Q96IZ7,8177,val
Q9H2U2,8178,train
Q15181,8178,train
Q9NZL9,8179,train
O75031,8180,train
O75829,8181,train
Q9HB09,8182,train
Q15390,8183,train
Q330K2,8184,test
P78367,8185,train
Q86SQ9,8186,train
Q8N8Q8,8187,test
Q96IV6,8188,train
O95755,8189,train
Q9BZG1,8189,train
Q11206,8190,train
Q9Y4X0,8191,train
Q6DCA0,8191,train
P13804,8192,train
P20042,8193,train
Q8TF65,8194,train
Q8TF64,8194,train
O14908,8194,train
Q969S2,8195,train
A6NL08,8196,val
Q8NG75,8196,val
P0C623,8196,val
Q8NH05,8196,val
Q8NGE5,8196,val
Q8NGI7,8196,val
Q8NH81,8196,val
Q9UKF7,8197,train
Q96DU3,8198,val
Q9H9J2,8199,train
Q06136,8200,train
Q96T54,8201,train
Q53FA7,8202,train
Q86XD5,8203,train
Q86UT8,8204,train
Q99675,8205,train
P29966,8206,train
Q6UXG3,8207,train
Q9UHD1,8208,train
Q9Y266,8209,train
P53611,8210,test
O00273,8211,train
A1A4V9,8212,train
Q53HC0,8213,test
Q9NZC3,8214,train
Q9UIL8,8215,train
A8MZF0,8216,train
O43852,8217,train
Q96D15,8217,train
Q15293,8217,train
Q6UXU4,8218,train
Q96MG2,8219,train
Q9BUD6,8220,train
O95900,8221,val
Q9Y274,8222,test
O60902,8223,train
Q969S0,8224,train
P17542,8225,train
P12980,8225,train
Q9H6J7,8226,train
Q14330,8227,train
Q8TEW6,8228,test
Q9P104,8228,test
Q6PKX4,8228,test
O75752,8229,val
O00151,8230,train
P50479,8230,train
Q8NGJ1,8231,train
Q8NGC7,8231,train
Q8N5I4,8232,train
O43638,8233,train
Q86XW9,8234,train
O95218,8235,train
P31314,8236,train
O43711,8236,train
O43763,8236,train
P13716,8237,train
O00743,8238,train
P62140,8238,train
P36873,8238,train
P62714,8238,train
P60510,8238,train
P62136,8238,train
P67775,8238,train
Q7Z7C7,8239,train
Q9UBQ6,8240,train
Q8N7N1,8241,train
A6NEL3,8241,train
Q96G04,8241,train
Q8TC17,8242,train
O75791,8242,train
P62993,8242,train
Q13588,8242,train
Q9NU53,8243,train
Q3SXM5,8244,train
Q6P5S2,8245,val
Q9NRQ2,8246,train
O15162,8246,train
A6NHX0,8247,train
Q8WTX7,8247,train
P42081,8248,train
Q5JPI3,8249,train
Q9BXJ3,8250,test
M0QZC1,8251,train
Q08257,8252,train
Q14914,8253,train
Q9UET6,8254,train
Q9Y5U2,8255,train
Q9UN30,8256,train
P20132,8257,train
Q96GA7,8257,train
Q9H147,8258,train
Q96PL2,8259,train
Q9Y5K5,8260,train
Q96GS6,8261,train
Q5VST6,8261,train
Q6PCB6,8261,train
Q9Y256,8262,train
Q5TEZ5,8263,train
Q9NUV9,8264,train
Q96L58,8265,test
Q8WZ19,8266,test
Q13829,8266,test
Q9H3F6,8266,test
P37802,8267,train
Q01995,8267,train
Q9UI15,8267,train
Q99439,8267,train
Q15417,8267,train
P51911,8267,train
Q9NWV8,8268,train
Q7RTS3,8269,val
Q96BK5,8270,train
O43684,8271,train
Q13011,8272,train
O75493,8273,train
Q9H920,8274,val
Q8N4F7,8274,val
O75771,8275,val
Q5JUK2,8276,train
Q9H7L9,8277,train
Q9UJ71,8278,train
O60479,8279,train
P56178,8279,train
Q07687,8279,train
Q9UBQ7,8280,train
Q9GZZ0,8281,test
Q5TC12,8282,train
Q69YI7,8283,train
Q86X76,8284,test
Q8NH53,8285,train
Q8NGI0,8285,train
Q8NH55,8285,train
Q6PCB8,8286,train
O75344,8287,val
Q9H425,8288,train
Q8N0Y2,8289,train
Q96IQ7,8290,train
Q9NPJ4,8291,train
Q12796,8291,train
Q9BYB4,8292,val
Q7L5N1,8293,val
Q7L5D6,8294,train
Q13227,8295,val
Q15691,8296,val
Q15555,8296,val
Q9UPY8,8296,val
Q5VY09,8297,train
Q86XE5,8298,train
Q9BZR8,8299,test
Q9UBV7,8300,train
Q9Y375,8301,train
Q5HYK3,8302,test
Q8NFH5,8303,train
Q8NFH4,8304,train
Q9BVC4,8305,train
P11309,8306,test
Q9P1W9,8306,test
Q86V86,8306,test
O75618,8307,train
Q8WXF8,8307,train
P11802,8308,train
Q00534,8308,train
O00602,8309,train
Q15485,8309,train
P55083,8309,train
O75636,8309,train
Q9NXK8,8310,train
O60683,8311,val
Q96P16,8312,train
Q9NQG5,8312,train
A8MV65,8313,train
Q6DKI7,8314,train
P26651,8315,val
Q13790,8316,train
Q04828,8317,train
P14550,8317,train
P15121,8317,train
O60218,8317,train
Q96JD6,8317,train
P52895,8317,train
P17516,8317,train
C9JRZ8,8317,train
P51857,8317,train
P42330,8317,train
Q8WWF6,8318,train
O75190,8318,train
Q9Y5Z6,8319,val
Q5XKR4,8320,train
Q8TD46,8321,train
Q9NQX5,8322,train
Q9H6V9,8323,train
P08574,8324,train
Q6UXA7,8325,val
P43897,8326,train
Q10586,8327,train
Q10587,8327,train
Q16534,8327,train
Q13347,8328,train
Q9BYD6,8329,train
Q96GY0,8330,train
Q5TFG8,8330,train
Q08334,8331,train
P13686,8332,train
O14662,8333,train
Q6PL24,8334,train
Q96KP6,8335,train
Q8WTP8,8336,train
Q96AZ6,8336,train
Q6IAN0,8337,test
Q8N999,8338,train
Q8WWU7,8339,test
P18065,8340,train
Q96F83,8341,val
Q8IUQ4,8342,train
O43255,8342,train
P51665,8343,test
Q9HC07,8344,train
Q8WVE6,8345,val
Q96MH6,8346,train
Q9NY26,8347,train
Q9Y673,8348,train
Q9NUQ9,8349,train
Q9H0Q0,8349,train
P25686,8350,test
Q13516,8351,train
Q6ZVK8,8352,train
O00628,8353,train
P41968,8354,train
Q8NH16,8355,train
Q8NHC8,8355,train
Q8NG97,8355,train
Q8NH03,8355,train
Q8NGX2,8355,train
O15121,8356,train
Q6QHC5,8356,train
Q5PSV4,8357,train
Q9HCU9,8357,train
P51946,8358,train
Q9HA72,8359,train
Q13642,8360,train
Q14192,8360,train
Q13643,8360,train
P08637,8361,train
P31994,8361,train
O75015,8361,train
P31995,8361,train
P12318,8361,train
P55064,8362,train
P55087,8362,train
P29972,8362,train
P41181,8362,train
Q9NUJ7,8363,train
O95847,8364,train
Q9BXS4,8365,train
Q9BW85,8366,train
A8MPS7,8367,train
Q8NCA9,8368,train
P82673,8369,train
P16422,8370,train
P09758,8370,train
Q9Y240,8371,train
Q9H936,8372,test
Q9H1K4,8372,test
P56470,8373,train
Q7Z624,8374,train
Q08722,8375,train
Q9Y5Y7,8376,train
Q96S97,8377,train
Q8N5Y8,8378,train
Q7LFL8,8379,train
Q9H2H0,8379,train
P55735,8380,train
Q9Y388,8381,train
Q9H477,8382,train
Q9BWM7,8383,val
Q9H9B4,8383,val
Q96NB2,8383,val
P78383,8384,train
Q96KB5,8385,val
P24387,8386,train
P58505,8387,train
Q96FV0,8388,train
Q99608,8389,train
P43234,8390,val
P06734,8391,train
Q13630,8392,train
Q9H2L5,8393,train
Q96GD0,8394,val
A6NDG6,8394,val
Q63HM9,8395,train
Q0VAA5,8395,train
Q71RG4,8396,val
Q5T2D2,8397,train
Q1W6H9,8398,train
Q14681,8399,test
Q9NXV2,8399,test
Q8N5Z5,8399,test
P15172,8400,train
Q9BXD5,8401,train
Q96FM1,8402,train
O75821,8403,test
Q8WZ55,8404,train
Q9Y5Y2,8405,train
P53384,8405,train
P32322,8406,train
Q53H96,8406,train
Q96C36,8406,train
Q9Y3S2,8407,val
Q8IW00,8408,test
Q9P2X3,8409,train
Q96QS1,8410,train
Q9HC21,8411,train
Q13155,8412,train
Q6ZQR2,8413,train
P09017,8414,train
P17483,8414,train
Q00056,8414,train
P09016,8414,train
Q6PK18,8415,test
Q8TB37,8416,train
O14626,8417,train
Q9NRG7,8418,train
Q9NRD0,8419,val
Q9P055,8420,train
O43609,8421,train
Q9C004,8421,train
O43597,8421,train
O43610,8421,train
P57060,8422,train
O14734,8423,train
Q96HD9,8424,train
P45381,8424,train
Q99795,8425,train
Q9Y2T6,8426,train
Q8TB03,8427,train
O75452,8428,train
O14756,8428,train
Q9BPW9,8428,train
Q8NEX9,8428,train
Q9Y2S2,8429,train
Q96LL4,8430,train
Q9H7P6,8431,train
Q96QD9,8432,train
Q9Y315,8433,train
P0DN25,8434,train
Q96EU7,8434,train
Q10588,8435,val
P11908,8436,test
P60891,8436,test
P21108,8436,test
Q9Y385,8437,train
Q9H8P0,8438,test
Q16585,8439,train
P59551,8440,train
Q8WVY7,8441,train
P27695,8442,train
Q96J88,8443,test
Q9H1A3,8444,train
Q7L5L3,8445,train
Q8N9F7,8445,train
Q92820,8446,test
O75208,8447,train
Q9H672,8448,train
Q8N1Q1,8449,train
P00915,8449,train
P07451,8449,train
Q9Y2D0,8449,train
P00918,8449,train
P21815,8450,train
P12271,8451,train
P05388,8452,train
Q9H4P4,8453,train
Q14257,8454,val
Q8N8G2,8455,train
P78337,8456,train
O75364,8456,train
Q99697,8456,train
Q86XI6,8457,train
Q9UQK1,8457,train
P63244,8458,train
O75486,8459,val
Q96HF1,8460,train
Q5T4F7,8460,train
Q8N474,8460,train
Q9H2S6,8461,train
P02649,8462,train
Q6J272,8463,train
Q6ZW13,8464,train
O95620,8465,train
P25963,8466,test
O00214,8467,test
Q15012,8468,train
Q86VI4,8468,train
Q9BWQ8,8469,train
Q969X1,8469,train
P53370,8470,train
Q8TE02,8471,train
P59910,8472,val
Q96M95,8473,train
P46736,8474,val
Q9H1D9,8475,val
Q9Y448,8476,train
Q6PF06,8477,train
Q9H6L2,8478,train
Q9Y548,8479,train
Q9BWQ6,8479,train
Q7Z614,8480,val
Q00403,8481,train
Q8IUN9,8482,train
P49918,8483,train
P0C870,8484,train
P09601,8485,test
P30519,8485,test
Q9H2D1,8486,train
Q6IPT4,8487,val
Q8NEJ9,8488,train
Q8WWB5,8489,train
Q5R3K3,8490,train
Q9BRX9,8491,train
Q8TEB9,8492,train
A6NJG2,8493,train
A2RUC4,8494,train
Q8NFV4,8495,train
P12235,8496,train
P05141,8496,train
P12236,8496,train
Q9H0C2,8496,train
Q6PD74,8497,train
Q70Z53,8498,train
Q5SQH8,8499,val
P05198,8500,train
Q9H0W9,8501,train
P10451,8502,train
Q93070,8503,train
Q02978,8504,test
Q9UBX3,8504,test
Q96HY6,8505,val
Q8IY42,8506,train
Q9NXB9,8507,test
A1L3X0,8507,test
Q9BW60,8507,test
Q9NYP7,8507,test
Q9GZR5,8507,test
O14813,8508,val
Q99453,8508,val
Q9Y6E7,8509,train
Q96DB5,8510,train
O95070,8511,val
Q5BJH7,8511,val
Q16836,8512,train
Q14140,8513,train
Q9NSU2,8514,train
Q9H4I8,8515,train
Q96H78,8516,train
Q9BRY0,8517,train
Q96EK4,8518,train
Q9NWD8,8519,train
Q9NT62,8520,train
Q96GK7,8521,train
Q6P2I3,8521,train
Q9BRF8,8522,train
Q14894,8523,train
Q9P287,8524,train
Q8TDX7,8525,train
Q9HC98,8525,train
Q96EZ4,8526,train
Q9UNQ2,8527,train
P47902,8528,train
Q99626,8528,train
O75569,8529,train
Q9Y6I9,8530,train
P04818,8531,train
Q6UXN9,8532,test
Q9Y6J8,8533,train
P08247,8534,train
Q8TBG9,8534,train
Q5VXT5,8534,train
Q16563,8534,train
Q96EQ0,8535,train
O43765,8535,train
P13051,8536,train
O14593,8537,train
Q9H9E1,8537,train
Q96LJ7,8538,train
Q9HC38,8539,train
Q9P127,8540,train
Q8TAX0,8541,test
Q8N2R0,8541,test
O00764,8542,train
P78549,8543,train
Q8NHC7,8544,train
Q53GQ0,8545,train
Q6FI81,8546,train
P22748,8547,train
Q5TBB1,8548,test
Q8NAV1,8549,train
Q96HP4,8550,train
Q96IQ9,8551,train
Q99747,8552,train
Q9UJK0,8553,train
Q9UJJ7,8554,train
Q15628,8555,test
Q12904,8556,train
O14494,8557,train
O14495,8557,train
O43688,8557,train
Q6P2C8,8558,train
Q6TCH7,8559,train
Q9BYD3,8560,train
Q9BV68,8561,train
Q9Y4L5,8561,train
P53007,8562,train
Q9H7M9,8563,val
Q53S58,8564,train
Q86YW5,8565,train
Q641Q3,8566,train
Q9HAB8,8567,train
Q8IXY8,8568,train
P49247,8569,train
Q96CQ1,8570,train
Q6UXL0,8571,test
Q6PJQ5,8572,test
P07306,8573,train
P07307,8573,train
Q9NWW5,8574,train
Q6UWI2,8575,train
Q9UD57,8576,val
Q96AB6,8577,val
O00487,8578,train
Q9NXA8,8579,train
O95159,8580,train
Q9BSV6,8581,train
P18827,8582,train
Q7Z7C8,8583,train
Q16831,8584,train
Q96KN4,8585,train
Q96KN1,8585,train
Q9H9Y4,8586,train
Q9BX67,8587,train
Q9Y2C3,8588,train
Q9H479,8589,test
Q9HA64,8589,test
Q8N5C1,8590,train
Q8NBQ5,8591,train
Q8N3Y7,8591,train
Q7Z5P4,8591,train
O14562,8592,train
Q9H4K1,8593,train
Q96CW6,8594,train
Q8WYR4,8595,train
Q9BT49,8596,train
Q96BW1,8597,train
P55851,8598,train
Q9NRN7,8599,train
Q9HC97,8600,test
A7E2U8,8601,train
P51948,8602,train
Q8NHB7,8603,test
O95158,8604,train
O95861,8605,test
Q12841,8606,train
Q5SW96,8607,train
Q99988,8608,train
Q9NXF8,8609,train
Q9NYG2,8609,train
Q9NZD8,8610,train
Q01534,8611,train
P0CW01,8611,train
Q9UHR5,8612,train
Q9NZ01,8613,train
Q13889,8614,train
Q7L266,8615,train
A6NFT4,8616,train
Q16775,8617,train
O14579,8618,train
Q13287,8619,train
Q9BZQ4,8620,val
Q96AG4,8621,train
Q92890,8622,train
Q9NTX5,8623,train
O43808,8624,train
Q9NP79,8625,train
Q69YZ2,8626,test
Q9NYW0,8627,train
Q9BRL7,8628,train
Q96IW7,8628,train
Q9NUM3,8629,train
Q8N6Q1,8630,train
A8MYB1,8630,train
Q7Z3D4,8631,val
O15165,8632,train
Q969W9,8632,train
Q9UKM9,8633,train
Q86SE5,8633,train
P07910,8633,train
B7ZW38,8633,train
P0DMR1,8633,train
O60812,8633,train
B2RXH8,8633,train
Q9BRJ2,8634,train
Q9H7B2,8635,train
Q86U42,8636,train
P50897,8637,train
Q9BY42,8638,test
Q9NUJ1,8639,train
Q96BJ3,8640,train
Q99848,8641,train
Q6P9H5,8642,val
Q8WWP7,8642,val
Q8IVM0,8643,train
Q96A73,8644,test
P28328,8645,train
Q6BCY4,8646,train
P00387,8646,train
Q9UHQ9,8646,train
Q8N7R0,8647,train
Q9H9S0,8647,train
Q9UJJ9,8648,train
Q14232,8649,val
Q8NDV1,8650,train
Q9H4F1,8650,train
Q15287,8651,val
Q7Z412,8652,train
Q5T653,8653,train
Q96NL1,8654,train
Q9GZS3,8655,train
O75716,8656,train
O95859,8657,train
P24855,8658,train
Q13609,8658,train
Q9Y5I7,8659,train
Q8IWE4,8660,test
Q9NVM6,8661,train
P46108,8662,train
P46109,8662,train
Q9BZM3,8663,train
Q9H079,8664,train
Q569H4,8665,train
Q8NI37,8666,train
P49223,8667,test
P10646,8667,test
Q7Z7J5,8668,train
Q7L190,8668,train
Q8N5C7,8669,test
P50221,8670,train
P50222,8670,train
Q9UBP9,8671,train
Q9NQC8,8672,train
P02686,8673,val
Q8N8R3,8674,train
P35548,8675,train
P28360,8675,train
Q9BRQ3,8676,train
Q9BY49,8677,train
Q99685,8678,train
Q9UNE7,8679,train
P42574,8680,train
P55210,8680,train
Q9UBR2,8681,train
Q9UKJ1,8682,train
Q9UKJ0,8682,train
Q8N0Z8,8683,train
Q8NC24,8684,train
Q63HM1,8685,train
P50876,8686,train
Q7Z419,8686,train
Q9NX52,8687,train
Q92537,8688,train
Q96DC8,8689,train
Q5VYS4,8690,train
P05026,8691,train
Q8N9F0,8692,val
Q969I3,8693,train
A0A0U1RQE8,8693,train
Q8WU03,8693,train
P42126,8694,train
O76061,8695,train
O75840,8696,train
Q99612,8696,train
Q9UMR5,8697,train
P0DMN0,8698,train
O43704,8698,train
P50226,8698,train
O75897,8698,train
O00338,8698,train
P49888,8698,train
P50225,8698,train
P0DMM9,8698,train
P56962,8699,train
P19623,8700,train
P0DME0,8701,test
Q01105,8701,test
Q9NXW9,8702,train
Q63HQ0,8703,train
O75911,8704,train
P49184,8705,train
Q9BU89,8706,train
O75144,8707,train
Q9Y619,8708,train
A6NM36,8709,train
Q9Y314,8710,train
P20941,8711,train
Q13371,8711,train
O43772,8712,train
Q9BVW5,8713,val
Q6GPH4,8714,train
Q8TDQ0,8715,train
O43819,8716,train
O75880,8716,train
Q8N6D5,8717,train
Q9UJA2,8718,train
Q99674,8719,train
Q6P656,8720,train
Q9HAI6,8721,train
Q9BRQ5,8722,train
Q96SN7,8722,train
Q96D31,8722,train
Q9BXY0,8723,train
Q9NZC4,8724,train
Q9H469,8725,train
Q86YI8,8726,train
A8MVS1,8727,train
P0CI00,8727,train
Q6ZN79,8727,train
Q96H79,8728,train
Q15526,8729,test
A8MTL3,8730,train
Q3KQZ1,8731,train
Q68CL5,8732,val
Q6NXT1,8733,train
Q7L4S7,8734,test
O15144,8735,train
P28907,8736,train
Q9BU64,8737,train
Q8NHV1,8738,train
Q8IVV7,8739,train
O95749,8740,train
Q9BQT8,8741,train
Q9NP98,8742,train
P40855,8743,train
Q9NQ48,8744,train
Q9HBL8,8745,train
Q9H9Q4,8746,val
Q9UEE9,8747,val
Q96KX2,8748,train
O95073,8749,train
O75792,8750,test
P35232,8751,train
Q99623,8751,train
Q9H6F2,8752,train
Q9NVV0,8752,train
O95685,8753,train
Q9H7J1,8753,train
Q15493,8754,train
Q92629,8755,train
Q96LD1,8755,train
O75845,8756,train
Q9NVA1,8757,train
Q9Y624,8758,train
Q96M11,8759,train
Q92600,8760,train
Q08708,8761,train
Q9UGN4,8761,train
Q9H4A6,8762,train
Q9H4A5,8762,train
Q9H6K1,8763,train
Q96CA5,8764,train
P25311,8765,val
P20774,8766,train
Q9UH92,8767,test
P50053,8768,val
P54920,8769,train
Q9H115,8769,train
O00560,8770,train
Q9H190,8770,train
Q9NWX6,8771,train
P45378,8772,train
P13805,8772,train
P45379,8772,train
P29372,8773,train
A4D161,8774,train
Q8NBA8,8775,train
Q96CN7,8776,train
Q96AB3,8776,train
P57087,8777,train
P36542,8778,train
Q15274,8779,train
Q14249,8780,train
Q92535,8781,train
A0A1B0GTZ2,8782,train
P0C7I6,8783,train
Q96HH4,8784,train
P46777,8785,train
Q16623,8786,train
Q13277,8786,train
Q12846,8786,train
P61266,8786,train
P32856,8786,train
Q9H1U9,8787,train
Q3SY17,8787,train
P25325,8788,train
Q16762,8788,train
Q9BSH4,8789,train
Q5U3C3,8790,train
Q04323,8791,train
Q9HAV5,8792,train
Q6P1N9,8793,train
Q9NYK6,8794,train
P07992,8795,train
Q15006,8796,train
O14972,8797,train
Q9Y316,8798,train
Q5SQ64,8799,train
Q9NTI7,8800,train
P11836,8801,train
Q99836,8802,train
Q5XG99,8803,train
Q96M98,8804,val
P53004,8805,train
P49069,8806,train
Q9P015,8807,val
Q9Y320,8808,test
Q9H3L0,8809,train
Q9Y399,8810,train
Q9NRD1,8811,train
Q9UK22,8811,train
A6NI79,8812,train
Q6IB77,8813,train
P04233,8814,train
Q8NBV4,8815,train
Q8IY26,8815,train
Q9H400,8816,val
Q9NRY6,8817,train
Q14749,8818,val
Q8NEG2,8819,train
P24385,8820,train
P30279,8820,train
P30281,8820,train
A6NCS6,8821,train
Q92904,8822,train
Q8N4B5,8823,train
Q8N1A0,8824,train
Q9ULZ2,8825,train
Q6UWI4,8826,train
A0PJX4,8826,train
P08865,8827,train
P13726,8828,train
Q5T8R8,8829,train
Q9BQ89,8830,val
Q9NRW4,8831,train
Q9H1R2,8831,train
Q8WXJ9,8832,train
P06748,8833,test
Q5VT99,8834,train
A6NDU8,8835,train
Q6P1S2,8836,val
Q9Y277,8837,train
P45880,8837,train
P21796,8837,train
P49788,8838,train
Q9UL40,8839,train
Q9H898,8839,train
Q86TL2,8840,train
Q8N4C7,8841,train
Q16637,8842,train
O95858,8843,train
H3BS89,8844,train
O95873,8845,train
Q8WXK3,8846,train
Q96DX5,8846,train
Q8N6M0,8847,train
Q9BYG3,8848,train
Q15800,8849,train
Q96E22,8850,test
Q8IZ81,8851,train
P55212,8852,train
Q8NDD1,8853,val
Q96ES7,8854,train
Q9P0G3,8855,test
Q9UBX7,8855,test
Q9Y337,8855,test
P49862,8855,test
Q9UKR3,8855,test
Q9H2R5,8855,test
Q92876,8855,test
P07477,8855,test
O14836,8856,train
P15880,8857,test
Q9P0N9,8858,val
Q6UXB4,8859,test
Q13868,8860,train
Q9NX31,8861,train
A6NIK2,8862,val
Q6ZUT1,8863,train
Q8WY41,8864,train
Q92564,8865,test
Q9BTE7,8865,test
Q7Z5W3,8866,train
A5D6W6,8867,train
P49406,8868,train
Q14165,8869,train
Q99614,8870,train
O43623,8871,test
Q3KNW1,8871,test
O95863,8871,test
Q16635,8872,train
Q9UIY3,8873,val
Q8WVP5,8874,train
O95379,8874,train
Q6P589,8874,train
Q5GJ75,8874,train
Q9H8T0,8875,train
Q8IX29,8876,train
P28845,8877,train
Q9NUI1,8878,test
Q9H019,8879,val
P50135,8880,train
Q9UIV1,8881,train
Q9UFF9,8881,train
Q9H3H3,8882,train
Q96B33,8883,test
Q8WWC4,8884,train
Q9NPE2,8885,train
Q96L15,8886,train
Q86WA6,8887,train
Q5SRE7,8888,train
A6NGB7,8889,train
Q6ZP29,8890,train
Q5SVS4,8891,train
Q9Y365,8892,val
P29084,8893,train
Q9NUL5,8894,test
Q5BJD5,8895,val
Q15024,8896,train
Q5JPI9,8897,train
A6NH11,8898,test
Q8TCQ1,8899,train
Q5T0T0,8899,train
Q96G21,8900,train
P24593,8901,train
P17936,8901,train
P51164,8902,val
Q9NZQ7,8903,val
Q9NWS0,8904,train
P30084,8905,train
P35219,8906,train
O00625,8907,train
Q14135,8908,train
Q6ZTW0,8909,train
Q9UIW0,8910,train
Q99598,8911,train
Q9Y2B4,8912,train
Q9BUV0,8913,train
P18440,8914,train
P11245,8914,train
Q8N7S6,8915,train
Q969X5,8916,train
Q8IUH2,8917,train
P57076,8918,test
P17481,8919,train
P13378,8919,train
P31273,8919,train
Q6PII5,8920,train
Q8TDQ1,8921,train
A8K4G0,8921,train
P46926,8922,val
Q8TDQ7,8922,val
Q7Z6A9,8923,train
P00491,8924,train
Q96HS1,8925,val
O43396,8926,train
Q9HA38,8927,train
Q9BQE6,8928,val
Q96FX7,8929,train
Q9NZ63,8930,train
Q8TC26,8931,train
A1XBS5,8932,train
Q96MP8,8933,train
Q6PHW0,8934,train
Q8N5M1,8935,train
Q6PK04,8936,train
Q15116,8937,train
P30039,8938,train
Q8NCW5,8939,train
Q5SZD4,8940,train
Q5JQC4,8941,train
Q02878,8942,train
B0YJ81,8943,train
Q6Y1H2,8943,train
Q9Y2Y9,8944,train
Q9BXK1,8944,train
Q13886,8944,train
Q53H82,8945,val
P0C7M4,8946,train
Q9BQY4,8946,train
O95456,8947,train
Q13595,8948,train
P62995,8948,train
Q14011,8948,train
Q9H765,8949,train
P05230,8950,train
P09038,8950,train
P33681,8951,train
P29218,8952,train
O14732,8952,train
Q6IPU0,8953,train
Q96F24,8954,train
O75631,8955,train
P24071,8956,val
Q8N5S3,8957,val
Q9GZN7,8958,train
F8VTS6,8959,train
A6NLU0,8959,train
Q6GTX8,8960,test
O75558,8961,train
Q9NX07,8962,train
Q96E09,8963,train
Q7Z309,8963,train
Q9H467,8964,train
A0A0U1RRI6,8965,train
Q7Z7K6,8965,train
Q8N0W5,8966,train
Q93015,8967,test
Q9BPW8,8968,val
O75323,8968,val
P47755,8969,val
P52907,8969,val
O60930,8970,test
P43307,8971,train
P80217,8972,train
P60174,8973,train
Q96Q83,8974,train
P46952,8975,train
P0C7U9,8976,train
P0C2W1,8977,val
Q53TN4,8978,train
Q9UBY8,8979,train
O94760,8980,train
O95865,8980,train
Q56P03,8981,test
Q9BXJ5,8982,train
Q9Y275,8983,train
Q9H9H4,8984,test
Q9NPL8,8985,train
Q9UGB7,8986,train
P49675,8987,train
P07951,8988,train
P67936,8988,train
P09493,8988,train
P06753,8988,train
Q9H2P9,8989,train
Q9ULR0,8990,train
Q8N954,8991,test
Q96EL1,8992,train
O75340,8993,train
Q9UBV8,8993,train
Q8NG50,8994,train
Q8TCB7,8995,val
Q9BR01,8996,train
Q9UHW5,8997,train
Q8TAM6,8998,train
Q8N3Z3,8999,train
O60725,9000,train
P52945,9001,test
Q13126,9002,train
P24863,9003,train
Q99943,9004,train
O15120,9004,train
Q6UWY2,9005,train
P51124,9005,train
P78345,9006,train
P47985,9007,test
P0C7P4,9007,test
Q92956,9008,val
Q86UF1,9009,train
Q4V9L6,9010,train
A6ND91,9011,train
O75712,9012,test
P08034,9012,test
P29033,9012,test
O95452,9012,test
Q719H9,9013,train
Q96SI1,9013,train
Q8WV48,9014,train
Q8IYS5,9015,train
Q8IYJ0,9016,val
Q8N8Q3,9017,train
Q07021,9018,train
Q96QU4,9019,train
A6NGY1,9019,train
Q9NVT9,9020,val
P11086,9021,train
Q9P1C3,9021,train
Q9Y3B9,9022,train
P09012,9023,train
P08579,9023,train
Q96BF3,9024,train
Q7Z7D3,9025,train
Q9Y4U1,9026,train
O60671,9027,train
P84103,9028,train
Q16629,9028,train
Q9BRL6,9028,train
Q01130,9028,train
Q9BR61,9029,val
P10768,9030,val
Q8WX77,9031,train
Q16270,9031,train
P82970,9032,train
P31275,9033,train
Q9Y2D1,9034,val
Q9NPF0,9035,train
Q9BQI9,9036,train
Q96IY1,9037,train
O43709,9038,train
Q9BXJ1,9039,train
Q9BXI9,9039,train
Q9Y272,9040,train
Q96D21,9040,train
P57052,9041,val
P50591,9042,train
P48023,9043,train
P52954,9044,train
Q96S21,9045,train
Q12829,9045,train
P0C0E4,9045,train
P29692,9046,test
P24534,9046,test
P11049,9047,train
Q9Y2V0,9048,val
Q15744,9049,train
Q13268,9050,test
Q9BTZ2,9050,test
Q53HL2,9051,train
Q9UN19,9052,train
Q9Y3A4,9053,train
Q9NSQ0,9053,train
Q9H3N1,9054,train
O43543,9055,train
Q9UJQ1,9056,train
P21912,9057,val
O43247,9058,train
Q96LJ8,9059,train
Q8NC01,9060,val
Q96AQ9,9061,train
Q9HCC6,9062,train
Q14469,9062,train
Q9BWC9,9063,train
O14893,9064,train
O60921,9065,train
Q68D91,9066,val
Q9HAN9,9067,train
Q8IWD4,9068,train
O75474,9069,train
Q92837,9069,train
Q96LR9,9070,val
Q9H2W6,9071,train
Q86U90,9072,train
O00165,9073,train
Q9H8W4,9074,train
Q96S99,9074,train
Q9BQ50,9075,val
Q9UMQ3,9076,train
Q9HBU1,9076,train
Q9BQ75,9077,train
P54709,9078,train
P41217,9079,test
Q6ZTZ1,9080,train
Q9NQ33,9081,train
Q7RTU5,9081,train
Q96CS2,9082,test
P49638,9083,val
Q9H5J8,9084,val
P51674,9085,train
Q13491,9085,train
Q96EF6,9086,train
Q9NX47,9087,train
Q9H2K0,9088,train
Q9BT09,9089,train
Q8N129,9089,train
Q6ZUS5,9090,val
P20645,9091,train
P60201,9092,test
P16152,9093,train
O75828,9093,train
P47756,9094,train
P40306,9095,train
Q99436,9095,train
Q6P2H8,9096,train
P43489,9097,test
O95229,9098,train
Q86T03,9099,test
Q8N4L2,9099,test
P98066,9100,train
Q15404,9101,train
P25942,9102,train
Q9NPC3,9103,train
P27707,9104,train
Q16854,9104,train
Q5T013,9105,train
Q9Y5U4,9106,train
O15503,9106,train
Q16740,9107,test
Q9Y6Z7,9108,val
Q9NQR4,9109,test
Q9GZU7,9110,train
O15194,9110,train
O14595,9110,train
P28074,9111,train
P28062,9111,train
Q13239,9112,train
Q9H6Q3,9112,train
Q6ICL3,9113,train
H3BQB6,9114,train
O43240,9115,train
Q9UKR0,9115,train
Q9UBP6,9116,val
O15400,9117,train
Q86Y82,9117,train
O76038,9118,train
Q9NYZ1,9119,test
Q96ET8,9119,test
Q96B26,9120,train
Q9Y6N1,9121,val
Q96H12,9122,train
Q9NVZ3,9123,train
Q8NC96,9123,train
O94903,9124,train
P62955,9125,train
Q13938,9126,train
Q8WWF8,9126,train
Q8N4C9,9127,train
P19387,9128,train
Q96B21,9129,train
Q9NWC5,9129,train
Q6ZUI0,9130,train
Q5T0D9,9130,train
O14753,9131,train
Q9BRP0,9131,train
A0PK05,9132,train
Q9NQT5,9133,train
A8MTA8,9134,test
Q6ZVX7,9135,train
Q9UBW8,9136,train
Q9H9Q2,9136,train
Q14CZ0,9137,train
P13598,9138,train
Q9H1Y0,9139,train
P15559,9140,val
P16083,9140,val
Q8IWP9,9141,train
Q9BUN5,9141,train
O14618,9142,val
P00441,9142,val
Q8TB68,9143,train
Q9BVX2,9144,train
Q9NUM4,9144,train
Q96A25,9144,train
Q70HW3,9145,test
Q17R31,9146,test
Q8NA92,9147,train
Q9H0E2,9148,train
P48507,9149,train
Q15013,9150,val
Q8N1L9,9151,train
Q9BQ51,9152,train
P78380,9153,train
O95096,9154,train
Q8N4S7,9155,train
Q86UD1,9156,train
Q9UHF1,9157,train
P23025,9158,train
Q96BD6,9159,test
Q96A44,9159,test
P21583,9160,train
Q9NWB6,9161,train
Q8WUB2,9162,train
Q9NTM9,9163,train
Q30167,9164,train
Q30134,9164,train
Q9TQE0,9164,train
P13761,9164,train
P01911,9164,train
Q9GIY3,9164,train
P13760,9164,train
Q95IE3,9164,train
P04229,9164,train
P20039,9164,train
P79483,9164,train
P13762,9164,train
Q30154,9164,train
P01920,9164,train
P05538,9164,train
P13765,9164,train
P04440,9164,train
Q92813,9165,train
A2RU54,9166,train
Q96D96,9167,train
Q96EY5,9168,train
Q5SZI1,9169,train
A1L170,9170,train
O00287,9171,test
O75663,9172,train
Q9BXY4,9173,train
Q2MKA7,9173,train
Q9Y478,9174,train
O43741,9174,train
Q9ULW3,9175,test
Q5RKV6,9176,train
Q96ND0,9177,train
Q6P2I7,9178,test
P01589,9179,train
P31269,9180,val
P31274,9180,val
P17482,9180,val
Q96FW1,9181,val
Q96DC9,9181,val
Q5VZY2,9182,train
Q9H2C2,9183,train
P0C7V0,9184,test
P05937,9185,train
P22676,9185,train
Q8IUW5,9186,train
P32119,9187,train
Q13162,9187,train
P30048,9187,train
Q06830,9187,train
Q8N567,9188,train
Q8N2U9,9189,train
Q92530,9190,train
Q9Y5M8,9191,train
Q6URK8,9192,train
Q8IY95,9193,train
Q9BUJ0,9194,train
Q96IU4,9194,train
Q8TAY7,9195,train
P01583,9196,train
Q14773,9197,train
P21964,9198,train
Q9NPJ6,9199,val
Q9H008,9200,train
Q9H0R4,9200,train
Q8NET5,9201,test
P08861,9202,train
P09093,9202,train
Q9BQI4,9203,train
Q14493,9204,train
P15927,9205,train
Q9NQ88,9206,val
A5PLL7,9207,train
P17947,9208,val
Q53HV7,9209,train
Q9Y5X0,9210,train
Q9Y5W9,9210,train
Q8NG11,9211,train
Q96FV3,9211,train
P62079,9211,train
Q3YBM2,9212,train
O00124,9213,train
Q96SZ5,9214,train
Q99967,9215,train
Q9BPX1,9216,train
Q6IQ19,9217,train
Q9Y2W7,9218,test
Q9NZI2,9218,test
Q9NS61,9218,test
Q6PIL6,9218,test
O95760,9219,test
P20719,9220,val
P09067,9220,val
P09630,9220,val
Q00444,9220,val
Q03014,9221,train
O95297,9222,train
Q96K30,9223,train
Q96G27,9224,train
O15260,9225,test
Q5VUJ9,9226,train
Q8WUU5,9227,train
Q9BS16,9228,train
P49716,9229,train
O95639,9230,train
P01584,9231,train
A8MTZ7,9232,train
Q9BRJ9,9233,train
Q7L2Z9,9234,train
Q99618,9235,train
P53701,9236,train
P39687,9237,train
Q9BTT0,9237,train
Q92688,9237,train
O43423,9237,train
O95626,9237,train
P78346,9238,test
Q8TCF1,9239,train
Q6UXV4,9240,train
P58340,9241,train
Q96D70,9242,train
Q8NC06,9243,train
Q96JC9,9244,val
Q96CJ1,9244,val
Q96G25,9245,train
P0DPI2,9246,test
Q9NXJ0,9247,train
P01210,9248,train
Q96PG2,9249,train
P08246,9250,train
P20160,9250,train
P24158,9250,train
P27701,9251,train
P02647,9252,train
Q9BYD2,9253,train
Q13261,9254,train
Q9Y3V2,9255,train
Q7L8W6,9256,train
O43736,9257,train
Q9Y287,9257,train
Q9NQX7,9257,train
P01189,9258,train
Q8WV22,9259,train
A4D2B0,9260,train
Q0PNE2,9261,train
I3L3R5,9262,train
P15428,9263,train
P62424,9264,train
P0DMS9,9265,test
Q9NYN1,9266,val
Q9Y580,9267,train
O94907,9268,train
Q9UBU2,9268,train
Q6UX65,9269,test
P48060,9270,train
Q6UWM5,9270,train
Q9H5J4,9271,train
Q8NC54,9272,train
O60828,9273,train
Q9NV23,9274,train
Q9BQ65,9275,train
Q8WW43,9276,test
Q96BI3,9276,test
Q5QGZ9,9277,val
Q8WTQ4,9278,train
P10746,9279,train
Q9Y3A0,9280,train
A0A1B0GVN3,9281,train
Q9NPC6,9282,train
Q9H607,9283,test
P40261,9284,train
O95050,9284,train
Q96BZ8,9285,train
O75489,9286,train
Q8WUJ1,9287,train
Q8IVN8,9288,train
P61247,9289,train
Q969U7,9290,test
P28070,9291,train
A6NGC4,9292,test
Q9P0T4,9293,test
Q96C55,9293,test
Q9UK33,9293,test
Q9HBM6,9294,train
Q16594,9294,train
Q96HV5,9295,train
Q96S16,9296,train
O75431,9297,train
P25786,9298,train
Q96FE7,9299,train
E5RIL1,9300,train
P28068,9301,train
P62701,9302,train
P22090,9302,train
A0A1B0GWB2,9303,train
Q9BU76,9304,train
Q8TD07,9305,train
A6NNA5,9306,train
Q8IXM6,9307,train
Q96EH8,9308,train
Q5UCC4,9309,train
Q8N6M3,9310,train
Q8TCZ2,9311,train
Q92871,9312,train
O15305,9312,train
Q96E11,9313,train
Q6UXZ0,9314,val
Q13571,9315,test
P06870,9316,train
P20151,9316,train
P07288,9316,train
Q8NHM4,9316,train
Q8WXF0,9317,train
O75494,9317,train
Q8NCR6,9318,train
Q99865,9319,train
Q9Y657,9319,train
Q9BPZ2,9319,train
Q5JUX0,9319,train
Q56A73,9319,train
Q6PID6,9320,train
Q8IXQ9,9321,train
Q96C57,9322,train
P12544,9323,train
O43561,9324,train
Q86VU5,9325,train
P12004,9326,train
P25789,9327,train
Q9ULC0,9328,train
Q8N456,9329,val
Q9UHY7,9330,train
Q9P0I2,9331,train
Q92506,9332,train
P29965,9333,train
Q969G5,9334,train
Q9H0X6,9335,train
Q7Z7H8,9336,val
P17861,9337,train
Q969T9,9338,val
Q96PM5,9339,train
Q14847,9340,test
Q9NVS9,9341,test
P35270,9342,train
O94778,9343,val
Q6NS38,9344,train
P30040,9345,train
P28067,9346,train
Q99714,9347,test
P56856,9348,train
Q96PG8,9349,train
Q9UHG2,9350,train
Q96BQ5,9351,train
P26842,9352,train
Q9BUB7,9353,test
O95478,9354,train
Q9BSF4,9355,train
O75841,9356,train
Q8N8R7,9357,train
Q6UWP2,9358,train
P01909,9359,train
P01903,9359,train
P06340,9359,train
P20036,9359,train
O60762,9360,train
Q8WXX5,9361,train
Q4G0X4,9362,train
Q5VVH5,9363,val
Q13145,9364,train
Q9BSM1,9365,train
Q9BV99,9366,val
O96011,9367,train
O75192,9367,train
Q53HI1,9368,train
Q9BQY9,9369,train
Q96GG9,9370,train
Q6PH85,9370,train
Q12983,9371,val
O60238,9371,val
P18669,9372,train
P15259,9372,train
Q8N0Y7,9372,train
P07738,9372,train
Q6ICB4,9373,train
Q8N4B1,9373,train
Q96EU6,9374,train
P68543,9375,train
O14798,9376,test
Q8WVF5,9377,train
Q6IPR3,9378,train
P18405,9379,train
Q9NZ43,9380,train
Q8N2K1,9381,train
P08833,9382,train
Q3B7T3,9383,train
Q8TBF5,9384,train
P0C7W6,9385,train
O75822,9386,test
Q96K19,9387,train
P0DMT0,9387,train
Q99990,9388,val
O95231,9389,train
P60953,9390,train
P60763,9390,train
P15153,9390,train
P84095,9390,train
Q7L0Q8,9390,train
Q96L33,9390,train
P63000,9390,train
Q9H7V2,9391,train
O95721,9392,val
Q96H20,9393,train
Q9Y676,9394,test
Q8IY45,9395,train
O95336,9396,val
Q9UKY7,9397,train
P22692,9398,test
O14645,9399,val
Q14331,9400,train
Q9NSE2,9401,train
Q15466,9402,train
Q9UMY1,9403,train
Q9BY71,9404,train
Q04741,9405,train
Q04743,9405,train
P12319,9406,train
P14207,9407,train
P15328,9407,train
P62917,9408,train
Q9H902,9409,train
Q9BRK0,9409,train
Q6NUK4,9409,train
Q9H6H4,9409,train
Q969M3,9410,test
Q8WV99,9411,train
Q8N6M9,9411,train
Q6MZT1,9412,test
P82914,9413,train
Q96IK0,9414,train
Q9P2Z0,9415,train
Q86V81,9416,train
Q8TBR7,9417,val
Q9NW81,9418,train
P56915,9419,train
Q16633,9420,train
Q3KNV8,9421,val
Q86SE9,9421,val
Q9H063,9422,train
Q9NP55,9423,test
P61026,9424,train
P51153,9424,train
Q96AX2,9424,train
Q92930,9424,train
Q9ULW5,9424,train
Q92928,9424,train
P61006,9424,train
A4D1S5,9424,train
Q86YS6,9424,train
P59190,9424,train
O00584,9425,train
Q13084,9426,train
P25787,9427,train
O14818,9427,train
Q8TAA3,9427,train
Q15527,9428,train
Q9NUR3,9429,train
Q96B36,9430,test
P24539,9431,test
Q8TC29,9432,test
O43822,9433,train
P25788,9434,train
P0DPD7,9435,train
P08311,9436,train
P10144,9436,train
P20718,9436,train
P23946,9436,train
Q96BD8,9437,train
Q07011,9438,train
O60499,9439,test
O43752,9439,test
Q96L08,9440,train
P09661,9441,train
P27348,9442,train
P62258,9442,train
P63104,9442,train
P31946,9442,train
Q04917,9442,train
P31947,9442,train
P61981,9442,train
P38117,9443,train
Q92988,9444,train
P56179,9444,train
P56177,9444,train
Q9BQ13,9445,val
Q75WM6,9446,train
P01213,9447,train
A8MYP8,9448,train
Q96PU9,9448,train
Q9UMS0,9449,train
Q9GZU8,9450,train
O14613,9451,train
Q9UKI2,9451,train
Q9NRW1,9452,test
Q9H0N0,9452,test
P20340,9452,test
Q9UHJ9,9453,train
P61289,9454,train
Q06323,9454,train
P41273,9455,train
Q9BTK6,9456,train
Q9BWV2,9457,test
Q9Y6Z5,9458,train
P50402,9459,train
O95571,9460,train
Q9H2A7,9461,train
Q4G0S7,9462,train
P41247,9463,train
Q9NQY0,9464,train
P00746,9465,train
P48509,9466,train
Q8N1D0,9467,test
P02746,9468,train
P02747,9468,train
P02745,9468,train
Q9BWL3,9469,train
Q9NVK5,9470,train
P04156,9471,test
Q96S44,9472,val
P54821,9473,test
Q99811,9473,test
Q9NW97,9474,test
Q8TAP8,9475,train
O60637,9476,test
Q8TBZ9,9477,train
P0C1Z6,9478,val
Q9Y3A2,9479,test
Q86TN4,9480,train
O75937,9481,val
Q9P0N8,9482,train
Q86UD3,9482,train
Q9NY35,9483,val
Q9Y5N6,9484,val
Q9Y2B2,9485,train
Q96FF9,9486,train
P20851,9487,train
Q14201,9488,train
Q8N2A8,9489,train
Q9UKA8,9490,train
Q14206,9490,train
P53805,9490,train
Q8NB15,9491,val
Q9NRX1,9492,train
O43291,9493,test
P53674,9494,train
P53672,9494,train
P53673,9494,train
P26998,9494,train
P33316,9495,train
P15514,9496,train
A8MTQ0,9497,train
Q8TDC0,9498,val
Q9BUN8,9499,train
O95931,9500,train
Q8WY22,9501,train
Q9NX20,9502,train
Q86XT2,9503,train
Q9BSH5,9504,val
Q13432,9505,train
A6NIH7,9505,train
O95150,9506,train
B4E2M5,9507,train
P49447,9508,train
P51858,9509,train
Q5TGJ6,9509,train
Q6UWN5,9510,train
Q7Z2X4,9511,train
Q14990,9512,train
Q6ZN17,9513,train
Q9H9Z2,9513,train
P19256,9514,test
O95249,9515,train
A6NLC5,9516,train
Q5U4N7,9517,train
Q9HD33,9518,val
O75888,9519,test
Q96EY8,9520,train
Q6ZNX1,9521,test
Q9Y3A5,9522,train
P13284,9523,train
P30793,9524,train
P17931,9525,train
Q8WV92,9526,train
P19404,9527,train
E7ERA6,9528,test
O43508,9529,val
Q9BRU9,9530,train
O43657,9531,train
P41732,9531,train
P62753,9532,train
P13984,9533,val
O95292,9534,train
Q9P0L0,9534,train
Q6IED9,9535,train
P54107,9536,train
P54108,9536,train
Q8WYH8,9537,train
Q9UNL4,9537,train
Q9H2W1,9538,test
P25189,9539,train
Q8TBE9,9540,train
Q8N7B6,9541,val
Q8N1B3,9542,train
Q9BSJ6,9543,train
Q6DKI1,9544,train
P18124,9544,train
Q9BPW5,9545,train
Q6T310,9545,train
Q9BVV7,9546,train
Q8N801,9547,train
Q15773,9548,train
Q96SJ8,9549,train
Q8IWL1,9550,train
Q8IWL2,9550,train
Q8WVN6,9551,train
Q9Y3Y2,9552,train
Q8N9E0,9553,train
Q5BKY9,9553,train
Q2TAA2,9554,train
Q15056,9555,train
P09497,9556,train
P09496,9556,train
Q16653,9557,val
O75352,9558,train
Q9UFN0,9559,train
Q96MF7,9560,test
P23560,9561,train
F5H4A9,9562,train
Q92915,9563,train
P61328,9563,train
Q92913,9563,train
Q8N6D2,9564,train
Q5SWH9,9565,train
Q9Y5K8,9566,test
P52823,9567,train
Q9BRN9,9568,train
P57088,9569,train
Q96MF6,9570,train
Q9H8M1,9570,train
Q9H3R5,9571,train
P60900,9572,train
Q8NBZ9,9573,val
O75586,9574,train
Q96GY3,9575,train
Q9UI43,9576,val
Q9BXJ4,9577,train
Q9BVT8,9578,train
Q16560,9579,train
Q96DX8,9580,val
Q9BQQ7,9580,val
Q00059,9581,train
Q9P1T7,9582,train
Q99750,9582,train
Q9UHQ4,9583,train
P51572,9583,train
Q9Y6H3,9584,test
Q9NX40,9585,test
Q8NDC0,9586,train
O95467,9587,val
Q8WVD3,9588,test
P51580,9589,train
Q8NCL8,9590,train
Q9UKR8,9591,train
Q86XK3,9592,train
Q9NPD3,9593,train
Q96DG6,9594,train
Q8N6F8,9595,train
O60573,9596,test
P56537,9597,train
Q5U649,9598,val
Q9BUT1,9599,train
Q92979,9600,train
Q7Z4W1,9601,train
Q01362,9602,train
Q92730,9603,train
P52198,9603,train
P61587,9603,train
Q9HBH0,9603,train
Q06643,9604,train
Q9BSR8,9605,train
O95716,9606,train
Q9NP72,9606,train
Q6IQ22,9606,train
P20337,9606,train
Q9H0U4,9606,train
Q96E17,9606,train
P62820,9606,train
Q99426,9607,train
Q9Y224,9608,train
Q495A1,9609,test
Q8N8L6,9610,train
Q92567,9611,val
A1KXE4,9611,val
P09417,9612,train
Q5SZD1,9613,train
O95476,9614,train
O75871,9615,train
Q9H8H3,9616,train
Q6UX53,9616,train
Q8NBZ0,9617,train
A0JLT2,9618,train
P0CG30,9619,train
P30711,9619,train
P56749,9620,train
Q5TBK1,9621,train
Q9H1E3,9622,val
Q9HBH1,9623,train
P09326,9624,train
Q8IYL3,9625,train
P23396,9626,val
Q9GZY6,9627,val
O95926,9628,train
Q9BVC6,9629,val
Q14714,9630,train
Q86VZ6,9631,val
Q96CS7,9632,train
Q9UF11,9632,train
Q9H446,9633,train
Q9H3S4,9634,train
Q96CG8,9635,train
P78417,9636,train
Q9H4Y5,9636,train
Q96GX9,9637,val
Q9H7X0,9638,train
Q9NPA0,9639,train
Q8N319,9640,train
Q8IW40,9641,train
P31944,9642,val
Q9BUP3,9643,train
Q9BXU8,9644,train
P02792,9644,train
P02794,9644,train
Q8N4E7,9644,train
Q8NHG8,9645,train
Q8ND25,9645,train
P20396,9646,train
Q9Y2R9,9647,train
Q8N2E6,9648,train
Q9NWZ8,9649,train
A6NMX2,9650,train
P06730,9650,train
P28066,9651,train
Q8N4E4,9652,train
Q9H2J4,9652,train
P04085,9653,train
P01127,9653,train
Q9NP64,9654,val
P01138,9655,train
Q9BXL8,9656,train
Q96HA9,9657,train
P20618,9658,train
Q9Y5U5,9659,val
Q8N2G6,9660,test
Q8N7Y1,9661,train
Q9NQ35,9662,train
O60635,9663,train
Q9P031,9664,train
Q6UXN8,9665,train
O95866,9666,train
Q9NNZ3,9667,train
O95976,9668,train
Q9BUP0,9669,train
Q96C19,9669,train
P09564,9670,train
Q9P0P8,9671,train
Q8TDB4,9672,train
Q8WU68,9673,train
Q01081,9673,train
P0DN76,9673,train
Q6PI78,9674,train
Q86XT9,9675,train
P08294,9676,test
Q53RY4,9677,val
P14678,9678,train
P63162,9678,train
Q96A56,9679,train
Q8WW62,9680,train
Q5T1C6,9681,val
Q96NT3,9682,train
P24592,9683,train
Q8N9N7,9684,train
Q96LR2,9685,val
Q9UKD2,9686,train
Q9GZP9,9687,train
Q9NR28,9688,train
Q8WVL7,9689,val
Q9UL46,9690,val
P28065,9691,test
P28072,9691,test
Q9H0Z9,9692,train
Q9BX46,9692,train
P54819,9693,test
Q9UIJ7,9693,test
Q8N6N2,9694,train
Q92623,9694,train
Q8N5M4,9694,train
P19397,9695,train
O14817,9695,train
O75954,9695,train
O75368,9696,train
P55822,9696,train
Q9UJC5,9696,train
Q6ICC9,9697,train
Q8WTV1,9698,train
O95500,9699,test
O95832,9699,test
P57739,9699,test
O14493,9699,test
O95471,9699,test
Q5JTZ5,9700,val
Q92843,9701,train
Q07817,9701,train
P10415,9701,train
P0C024,9702,train
Q8ND94,9703,train
P17677,9704,train
Q712K3,9705,test
P60604,9705,test
P62253,9705,test
P49427,9705,test
O43921,9706,train
P52797,9706,train
P52803,9706,train
P52798,9706,train
P08962,9707,train
Q9BSD3,9708,train
O75940,9709,train
O75204,9710,train
Q3KRA9,9711,test
Q9UNN8,9712,train
P14138,9713,test
Q9Y3B8,9714,train
Q70IA6,9715,train
Q92886,9716,train
Q86UY6,9717,train
P55061,9718,train
Q8N4T8,9719,train
Q14088,9720,train
Q15286,9720,train
Q15771,9720,train
Q9H082,9720,train
Q96A37,9721,train
Q9Y508,9721,train
Q8NC69,9722,val
Q9ULC3,9723,train
P19075,9724,train
Q9UMR7,9725,train
P54105,9726,train
Q6UX82,9727,train
Q5VWZ2,9728,train
Q8WV74,9729,train
Q86UP9,9730,train
Q8N6I1,9731,val
P50553,9732,val
Q99929,9732,val
P21926,9733,val
P60033,9733,val
O60636,9733,val
Q6BDI9,9734,train
Q96EC8,9735,test
Q8TAG5,9736,val
Q5HYI8,9737,train
Q9UHV2,9738,train
Q9UNK0,9739,train
Q9HD15,9740,train
Q9Y4P9,9741,test
Q8IZU3,9742,train
P22794,9743,train
Q86WR6,9744,val
Q14353,9745,val
Q8N699,9746,test
Q6UWV2,9747,test
P41227,9748,train
Q9BSU3,9748,train
Q9UJG1,9749,train
O75425,9749,train
Q9UJ68,9750,train
P01732,9751,train
P49771,9752,train
Q5TA31,9753,test
A4D1T9,9754,train
Q68D42,9755,train
Q9NVX0,9756,train
Q9BRQ6,9757,train
Q9NS28,9758,test
Q1ZZU3,9759,train
Q96HP8,9760,val
Q7Z7H5,9761,test
Q9BVK6,9761,test
P0DPA3,9762,train
Q86XR7,9763,train
P48307,9764,train
Q9BQD7,9765,train
Q9NQT4,9766,train
P58499,9767,val
Q8IWL3,9768,train
Q8N9Z2,9769,train
Q99801,9770,test
Q8IZR5,9771,train
Q9H6D8,9772,train
Q8NAU1,9772,train
Q14512,9773,train
P32971,9774,train
Q9BTP6,9775,train
Q96IU2,9775,train
Q9BQ24,9776,train
P04183,9777,train
Q9NX57,9778,test
O95473,9779,train
Q9NP99,9780,train
Q2I0M5,9781,test
Q8WUN7,9782,train
Q9HAC8,9782,train
Q14696,9783,train
P24001,9784,val
Q96EH3,9785,train
Q8WW14,9786,train
Q9NYP9,9787,train
O43513,9788,test
Q9HAP6,9789,train
Q9NUP9,9789,train
O14910,9789,train
P26717,9790,train
P26715,9790,train
Q9BVG4,9791,train
Q9BY43,9792,train
Q96CF2,9792,train
Q9H444,9792,train
P55075,9793,train
Q3C1V8,9794,train
Q8WWA1,9795,train
O43760,9796,train
O43759,9796,train
O43761,9796,train
Q6ZVK1,9797,train
Q6P4H8,9798,train
Q9H8W3,9799,train
P31268,9800,train
P09629,9800,train
P31267,9800,train
P17509,9800,train
O95999,9801,train
Q13253,9802,train
P15692,9803,test
Q9NX09,9804,train
Q8IX05,9805,train
Q96EQ8,9806,val
Q9UEU0,9807,train
Q9NZS2,9808,train
Q86W74,9809,train
Q1ZYL8,9810,test
Q9BVC5,9811,train
P68402,9812,train
Q15102,9812,train
Q8IV03,9813,train
A6NK58,9814,test
Q8WVC6,9815,train
Q5TGL8,9816,train
O95372,9817,train
O75608,9817,train
Q96BR5,9818,train
Q9NPI5,9819,train
Q9NWW6,9819,train
O95237,9820,train
Q15125,9821,test
Q8WVD5,9822,train
Q8IUX1,9823,test
Q9BWG6,9824,train
Q9BU02,9825,test
P09936,9826,train
P15374,9826,train
P98173,9827,train
Q96BQ1,9827,train
Q92520,9827,train
Q9NSI2,9828,val
A8MVS5,9829,train
O43482,9830,train
Q9H867,9831,train
Q8N8Q1,9832,train
O14569,9832,train
P40259,9833,train
Q9H6E4,9834,train
Q8TAB5,9835,test
Q8N7C4,9836,train
Q9BRX8,9837,train
Q13445,9838,train
Q9Y3A6,9838,train
Q53R12,9839,train
Q9P126,9840,val
Q9P013,9841,train
Q96HU8,9842,val
O95661,9842,val
O95057,9842,val
Q9H7E9,9843,test
Q9GZU0,9844,train
Q14213,9845,train
Q6UW56,9846,train
P50539,9847,test
Q14582,9847,test
Q05195,9847,test
Q9BW11,9847,test
P54368,9848,train
Q8TCD5,9849,train
Q9NPB1,9849,train
Q6ZUX7,9850,train
Q6P9G0,9851,val
Q96LW7,9852,train
Q12981,9853,train
Q96AT9,9854,train
Q5W5W9,9855,test
Q9UNT1,9856,train
Q08623,9857,train
Q15631,9858,train
Q8IWT1,9859,train
Q8IY57,9860,train
Q8N488,9860,train
Q9H0W7,9861,train
Q9HB71,9862,train
Q9NWU2,9863,train
A6NMD0,9864,train
P56746,9865,train
P78369,9865,train
Q96S90,9866,train
Q96S96,9867,train
Q9UHF3,9868,train
Q9UHE5,9868,train
P00403,9869,train
P22061,9870,train
O95619,9871,train
Q96E35,9872,train
Q9H8U3,9873,train
Q6NT89,9874,train
Q8WZ82,9875,train
Q9BR10,9876,train
Q9H3H9,9877,train
Q969E4,9877,train
Q6IPX3,9877,train
Q96EI5,9877,train
Q5H9L2,9877,train
O75391,9878,train
Q5JUR7,9879,train
O43809,9880,train
Q13907,9881,train
Q9BXS1,9881,train
Q9NX63,9882,train
P80723,9883,train
P11912,9884,train
P05814,9885,val
F2Z333,9886,val
O75832,9887,test
Q9BZD6,9888,train
O14530,9889,train
Q9BSN7,9890,train
Q9Y2Y6,9891,val
P22352,9892,train
P07203,9892,train
P18283,9892,train
O75715,9892,train
Q7RTV5,9893,train
Q15005,9894,val
P36543,9895,test
Q96A05,9895,test
Q9NRH1,9896,train
Q7Z6K5,9897,val
Q96LL9,9898,train
P22492,9899,train
P16402,9899,train
P16401,9899,train
Q02539,9899,train
P16403,9899,train
P10412,9899,train
Q9Y2Q3,9900,train
Q8N6S5,9901,train
Q8NCR9,9902,val
Q9Y3A3,9903,train
Q9UL25,9904,train
P51148,9904,train
P57729,9905,train
Q13637,9905,train
O14966,9905,train
Q9NRG1,9906,train
P00492,9906,train
P13727,9907,train
Q9Y2Y8,9907,train
O75934,9908,train
O15172,9909,train
P78330,9909,train
O14543,9910,train
A2RU48,9911,train
Q9P016,9912,train
Q5QGT7,9913,train
P52566,9914,train
P52565,9914,train
Q99819,9914,train
Q8TAA5,9915,train
Q9HAV7,9915,train
P09488,9916,train
P46439,9916,train
P21266,9916,train
Q03013,9916,train
P28161,9916,train
O15551,9917,test
P56747,9917,test
P56748,9917,test
O00501,9917,test
O95484,9917,test
P15173,9918,train
Q5VXU3,9919,train
Q9UKJ5,9919,train
Q96MW1,9920,train
Q00688,9921,train
Q8TBE3,9922,val
P30041,9923,train
Q9BVK8,9924,train
Q16890,9925,train
P55327,9925,train
Q96J77,9925,train
Q9NQZ6,9926,train
Q9HBM1,9927,train
Q9Y3Q3,9928,train
Q9Y3B3,9928,train
Q9Y235,9929,train
Q6P587,9930,train
Q9UBT3,9931,train
P02743,9932,train
P02741,9932,train
Q6UWD8,9933,train
Q8N5X7,9934,train
Q9GZQ3,9935,train
Q9BV86,9936,train
Q96CT7,9937,train
O15318,9938,train
Q9BT43,9938,train
O00264,9939,train
O15173,9939,train
Q99720,9940,train
Q9BRT9,9941,train
Q5PR19,9942,train
B3SHH9,9943,train
O00233,9944,val
Q8WUJ0,9945,train
Q9GZX9,9946,train
Q9UBS3,9947,train
Q9BTL4,9948,train
P27144,9949,train
O95848,9950,train
Q9BS40,9951,train
O43633,9952,train
Q9Y3E7,9953,train
Q9Y680,9954,train
P26885,9954,train
Q9NWM8,9954,train
Q8WUX2,9955,test
Q9BUX1,9955,test
Q16763,9956,train
O15217,9957,train
Q7RTV2,9957,train
P09210,9957,train
Q16772,9957,train
P08263,9957,train
A9UHW6,9958,train
P04179,9959,train
Q96E40,9960,train
Q8TBB0,9961,train
Q969K7,9962,train
Q8TAE8,9963,val
Q9H5V9,9964,train
Q9HBJ8,9965,train
P49763,9966,train
Q6UYE1,9967,train
P51157,9968,train
P51159,9969,train
P20336,9969,train
O00194,9969,train
Q8TA86,9970,train
Q13242,9971,train
Q9HCN8,9972,test
Q99470,9972,test
Q9NP50,9973,train
Q9UK41,9974,train
Q5JR98,9975,train
A8MQB3,9976,train
Q8WWG9,9977,train
Q86VG3,9978,train
Q14129,9979,train
Q9BY27,9979,train
P10747,9980,val
Q8NB37,9981,train
A6NCQ9,9982,train
O95707,9983,val
P51809,9984,train
P16035,9985,train
P01033,9985,train
P35625,9985,train
O75446,9986,train
Q9HAJ7,9986,train
Q8IXH6,9987,train
Q9H0Y0,9988,train
O75629,9989,test
Q32NC0,9990,train
Q96FF7,9991,train
Q9H213,9992,train
Q9UKK9,9993,train
Q9BXU9,9994,train
Q86V35,9994,train
P11233,9995,train
P62834,9995,train
O14807,9995,train
Q92963,9995,train
Q99578,9995,train
P62070,9995,train
P10301,9995,train
Q96A58,9995,train
P61224,9995,train
P61225,9995,train
P01116,9995,train
P01112,9995,train
P11234,9995,train
P10114,9995,train
Q9Y3L5,9995,train
P01111,9995,train
Q86UA6,9996,train
Q9Y255,9997,train
P49755,9998,train
Q9Y296,9999,test
Q7Z7N9,10000,train
Q96AQ2,10001,train
Q9BW30,10002,train
O94811,10002,train
Q9ULY5,10003,test
Q9NZZ3,10004,train
Q9UHD4,10005,train
Q8WXB1,10006,val
Q9UBQ5,10007,train
O14668,10008,train
Q96DA2,10009,val
Q8N4Z0,10009,val
Q8WUD1,10010,train
P61106,10010,train
P61019,10010,train
P57735,10010,train
P20338,10010,train
P62491,10010,train
Q15907,10010,train
P61018,10010,train
Q12962,10011,test
Q6PIF2,10012,train
P82930,10013,train
Q07699,10014,train
Q9NY72,10014,train
Q9BSB4,10015,train
Q9NZH6,10016,train
Q96BX8,10017,val
Q7L9L4,10017,val
Q86TA1,10017,val
Q70IA8,10017,val
Q9H8S9,10017,val
Q9BQE9,10018,train
Q8WUZ0,10018,train
Q9NUP1,10019,test
Q9NYX4,10020,train
P62906,10021,train
P0C7T8,10022,train
Q96AJ9,10023,train
Q8TBF4,10024,train
O96004,10025,train
P61296,10025,train
Q587J8,10026,test
Q8WTR2,10027,val
P50238,10028,train
P52943,10028,train
Q6Q6R5,10028,train
P30626,10029,val
P28676,10029,val
Q9P2W1,10030,val
Q9NY12,10031,train
Q99807,10032,train
O43708,10033,train
P26718,10034,train
Q9NXF7,10035,train
Q9BRX5,10036,train
Q6ZTI6,10037,train
Q8N5W9,10037,train
Q96A35,10038,train
Q8IV31,10039,val
Q9P0N5,10040,test
Q96HE8,10040,test
P62826,10041,train
Q96F25,10042,train
Q6P1X6,10043,test
P0CF74,10044,train
P15814,10044,train
P0DOX7,10044,train
P0DOX8,10044,train
P0DOY2,10044,train
P0CG04,10044,train
A0M8Q6,10044,train
P01701,10044,train
B9A064,10044,train
P0DOY3,10044,train
Q8IV50,10045,train
O60487,10046,train
P61020,10047,train
Q9UL26,10047,train
Q969Q5,10047,train
Q13636,10047,train
P20339,10047,train
Q9H0T7,10047,train
P50914,10048,train
Q8N983,10049,train
Q8NDZ9,10050,train
Q587I9,10051,train
O60939,10052,train
O75396,10053,train
Q9BTP7,10054,train
P67870,10055,train
Q99766,10056,train
Q92882,10057,val
Q9Y5N5,10058,val
Q8N565,10059,train
Q96HJ5,10060,train
Q86SE8,10061,train
Q8WVE0,10062,train
P27635,10063,train
Q96L21,10063,train
Q86Y79,10064,train
P30044,10065,train
Q9UKL6,10066,val
Q7RTU1,10067,val
P0C7M8,10068,train
Q96BS2,10069,train
Q96KS9,10070,train
O43731,10071,train
Q5TA50,10072,test
Q9BSH3,10073,train
Q9UGY1,10074,train
O75251,10075,train
Q9UQN3,10076,train
O00559,10077,train
P40337,10078,train
Q6FIF0,10079,train
O76080,10079,train
Q92522,10080,train
Q9NSY2,10081,val
Q6X4U4,10082,train
Q9BQB4,10082,train
Q969F1,10083,train
Q9NVV9,10084,train
Q8NDB6,10085,train
Q8N128,10086,val
O14735,10087,train
Q9Y581,10088,train
P48047,10089,train
Q9BUL8,10090,train
Q9HBJ0,10091,val
P56597,10092,train
O14653,10093,train
Q9NTK1,10094,val
Q16667,10095,train
Q9UMX3,10096,train
Q96GC5,10097,train
Q9BZX4,10098,train
Q9HAT0,10098,train
P23919,10099,test
Q9Y6I8,10100,val
Q2TAM9,10101,train
P05408,10102,train
P05305,10103,train
Q9H944,10104,train
P05231,10105,train
A0A1B0GUA9,10106,train
Q9BW66,10107,test
Q8TAL6,10108,train
Q9GZP4,10109,val
Q969X0,10110,train
Q00765,10111,train
Q96HR9,10111,train
P26373,10112,train
Q96DE0,10113,train
Q9BRJ7,10113,train
P60880,10114,train
O00161,10114,train
Q96AH0,10115,train
Q9BQ15,10115,train
Q13103,10116,test
Q15544,10117,train
A6NLC8,10117,train
Q9UI95,10118,train
O95816,10119,test
O00217,10120,val
Q4VC05,10121,train
Q494R4,10122,test
O75638,10123,train
P78358,10123,train
Q16595,10124,train
P19388,10125,train
P08134,10126,train
P61586,10126,train
P62745,10126,train
O00212,10126,train
Q8NFX7,10127,train
O95857,10128,train
Q12999,10128,train
P82979,10129,train
Q8N0U2,10130,train
Q9NQ31,10131,train
O43402,10132,train
P10966,10133,val
P09211,10134,train
Q86W47,10135,train
Q9BYQ7,10136,train
Q9BYT5,10136,train
Q9BYR9,10136,train
Q9BYQ6,10136,train
Q9BYR5,10136,train
Q9BYQ5,10136,train
Q9BYQ8,10136,train
P61923,10137,train
Q9P299,10137,train
Q6ZRY4,10138,train
Q93062,10138,train
Q9NXJ5,10139,train
Q96DZ7,10140,train
O14925,10141,train
Q9NSA1,10142,train
Q99627,10143,train
Q8TEA8,10144,train
Q9NRN9,10145,train
Q9NZD2,10146,train
O75496,10147,train
Q8TED1,10148,train
P12829,10149,train
P05976,10149,train
P08590,10149,train
P14649,10149,train
P60660,10149,train
O60936,10150,train
Q9H305,10151,train
Q9H0R3,10152,train
Q8N511,10153,train
Q99075,10154,train
Q8N131,10155,train
P62241,10156,test
Q8WUY1,10157,train
Q96MN5,10158,train
Q13158,10159,train
Q86WR0,10160,train
Q9BUE0,10161,test
Q8NHZ7,10162,test
A0A1B0GVZ6,10162,test
Q96FT9,10163,train
P25208,10164,train
P16455,10165,test
Q9BTE0,10166,train
P51965,10167,train
Q969T4,10167,train
Q9Y2X8,10167,train
P61077,10167,train
P51668,10167,train
Q96LR5,10167,train
P62837,10167,train
Q9BRV8,10168,train
Q9BX74,10169,train
Q8TAG6,10170,train
Q96AH8,10171,train
P51149,10171,train
P51151,10171,train
Q9NP90,10171,train
Q8WW59,10172,train
P07766,10173,train
Q96NL8,10174,train
O75508,10175,train
Q567V2,10176,train
Q8WUY8,10177,train
O60682,10178,train
O43680,10178,train
P30043,10179,test
Q96GV9,10180,val
Q96K17,10181,train
P20290,10181,train
Q9NQ50,10182,train
Q9NWU5,10183,train
O43399,10184,train
Q14761,10185,train
P13224,10186,train
Q14197,10187,train
Q13007,10188,train
Q9H081,10189,train
Q96G30,10190,train
Q96HA8,10191,test
Q14919,10192,train
P20827,10193,train
Q01151,10194,train
Q7Z2W9,10195,train
P49720,10196,train
Q6P1K2,10197,train
Q8IYI0,10198,train
Q9BWT6,10199,train
Q96DR4,10200,test
Q86W54,10201,val
Q9BYN8,10202,train
P55789,10203,train
Q9H741,10204,train
Q19T08,10205,train
P41236,10206,train
Q6NXS1,10206,train
Q13257,10207,train
Q9Y5Z4,10208,train
P02511,10209,train
P04792,10209,train
Q9BUH6,10210,val
Q9NV56,10211,train
Q96S19,10212,train
Q9GZP1,10213,train
P84157,10214,train
Q96MC5,10215,train
H3BNL1,10216,test
Q9NXU5,10217,train
P46782,10218,train
A0A1B0GUJ8,10219,train
Q9Y535,10220,train
P61313,10221,train
Q05066,10222,train
Q7Z4H3,10223,train
Q9BRP8,10224,val
Q9UD71,10225,train
Q6I9Y2,10226,train
Q96CD2,10227,train
Q9Y294,10228,train
Q9NVP2,10228,train
Q9UPM9,10229,train
P49914,10230,train
Q15041,10231,train
Q9NX04,10232,train
P40429,10233,train
Q6NVV1,10233,train
Q96EY4,10234,train
Q92737,10235,train
Q53H80,10236,train
Q9H9L7,10236,train
Q9BVM2,10237,train
O95997,10238,train
Q9NZH4,10238,train
Q9NZH5,10238,train
P15018,10239,val
Q6QNY0,10240,train
A0PJW6,10241,train
Q15040,10242,train
Q8TAC2,10242,train
Q8N755,10243,train
Q8WVJ9,10244,train
Q15672,10244,train
Q9BYL1,10245,train
O14894,10246,train
P30408,10246,train
P48230,10246,train
P05452,10247,train
O75596,10247,train
P07360,10248,val
Q9Y6G5,10249,train
O14931,10250,train
Q8NDX9,10251,train
Q96FZ7,10252,train
Q9NTU7,10253,val
P23435,10253,val
Q9NYL4,10254,train
P49721,10255,train
P02753,10256,train
Q8WUK0,10257,train
Q15363,10258,train
Q7RTU7,10259,test
Q12870,10259,test
P34741,10260,train
Q8N8I0,10261,train
P82664,10262,train
P36405,10263,train
Q13795,10263,train
P02763,10264,train
P19652,10264,train
Q96KC2,10265,train
P40617,10265,train
P49703,10265,train
P56559,10265,train
Q16619,10266,train
Q07507,10267,train
Q9NX70,10268,train
Q9Y693,10269,test
Q9NUS5,10270,train
Q16878,10271,train
P61086,10272,train
Q5JXB2,10272,train
P61088,10272,train
O14713,10273,train
Q6NTF7,10274,train
Q9NTU4,10275,test
Q15528,10276,train
F8WCM5,10277,train
Q86VX2,10278,val
Q9H9H5,10279,train
P78560,10280,train
Q8N1A6,10281,test
Q9BV19,10282,val
Q8N5L8,10283,train
Q9BUL9,10283,train
Q1RN00,10284,train
Q96NC0,10285,train
O60232,10286,train
Q3SXP7,10287,train
Q9NWT8,10288,train
P31941,10289,train
Q07108,10290,train
Q9UF47,10291,train
Q9H3Z4,10291,train
Q9NS71,10292,train
Q86X83,10293,train
Q9H0A8,10294,val
Q9HD42,10295,train
Q7LBR1,10295,train
P80188,10296,train
Q9H2I8,10297,test
P0DI83,10298,val
Q9UKB3,10299,train
O43583,10300,train
P46527,10301,test
Q9Y324,10302,train
P52815,10303,val
Q9NQ34,10304,val
Q9P0T7,10304,val
Q86X19,10305,train
O15498,10306,train
Q9BUR5,10307,train
Q8TBF2,10308,val
O14508,10309,train
Q9Y6B6,10310,val
Q9NR31,10310,val
P31431,10311,train
Q6UXH0,10312,train
Q9H6L4,10313,train
Q5XKK7,10314,train
Q8IW50,10314,train
O95147,10315,train
Q9H596,10315,train
O43521,10316,val
Q9P000,10317,train
Q04900,10318,test
Q99748,10319,train
P61758,10320,test
Q0P5N6,10321,val
P11686,10322,train
Q9NPD8,10323,train
P36969,10324,train
Q16774,10325,train
Q8NBT2,10326,train
P36639,10327,val
Q53FT3,10328,train
Q6NUJ2,10329,train
Q99653,10330,train
O43745,10330,train
Q969J3,10331,train
Q96GE6,10332,val
Q9UJY1,10333,train
P84098,10334,train
Q9Y3P8,10335,train
O15258,10336,train
Q6UWH6,10337,train
P30085,10338,train
Q14691,10339,train
Q5W111,10340,train
Q9UJW9,10341,train
Q9NVS2,10342,train
P49006,10343,val
Q8IZ57,10344,train
Q9BX93,10345,train
Q3MHD2,10346,train
P13498,10347,val
P55957,10348,train
Q8WTZ4,10349,train
Q7Z3Z2,10350,train
Q8N7I0,10351,train
Q96E93,10352,train
Q9NR77,10353,train
Q96KW9,10354,train
P62341,10355,train
Q9H6X4,10356,train
Q9H061,10357,train
Q8WXC3,10358,train
Q9ULZ3,10358,train
Q6P4D5,10359,train
Q9Y3B2,10360,val
Q9UBI1,10361,train
Q9BSY9,10362,train
A8MZ97,10363,train
P21781,10364,train
Q9Y3B1,10365,val
Q9Y584,10366,train
Q9Y3C0,10367,train
Q9NP77,10368,train
P62081,10369,train
P46781,10370,val
P82912,10371,test
Q8IXQ3,10372,train
Q16527,10373,train
P50461,10373,train
P21291,10373,train
Q9BRJ6,10374,train
O95998,10375,train
P07305,10376,train
Q9BY32,10377,train
Q9HD36,10378,train
P61601,10379,train
P62166,10379,train
P62760,10379,train
P37235,10379,train
Q9UM19,10379,train
P84074,10379,train
P59780,10380,val
Q92572,10380,val
Q0P641,10381,train
P32970,10382,train
Q96FX8,10383,val
Q8NDX6,10384,train
Q96L94,10385,train
Q9Y343,10385,train
P17900,10386,train
Q9Y6A4,10387,train
Q14116,10388,train
Q99877,10389,val
P33778,10389,val
Q99880,10389,val
P62807,10389,val
Q16778,10389,val
Q5QNW6,10389,val
P06899,10389,val
O60814,10389,val
P23527,10389,val
P57053,10389,val
Q96A08,10389,val
Q6DN03,10389,val
Q6DRA6,10389,val
P58876,10389,val
Q93079,10389,val
Q8N257,10389,val
Q99879,10389,val
Q3C1V1,10390,train
Q99966,10391,val
Q9BXH1,10392,train
Q8IXL7,10393,train
Q9Y3D2,10393,train
Q07812,10394,train
P32969,10395,train
Q96GF1,10396,train
Q99942,10396,train
Q9Y3B7,10397,train
P17152,10398,train
Q8TBK6,10399,train
Q9NYS0,10400,train
Q9NYR9,10400,train
Q15126,10401,train
P67812,10402,train
P0C7V7,10402,train
Q9BY50,10402,train
Q8N8A8,10403,train
Q5HYR2,10404,train
Q6PI98,10405,train
P83916,10406,train
P45973,10406,train
Q13185,10406,train
Q15669,10407,train
Q969E8,10408,train
Q7Z6V5,10409,train
Q99828,10410,train
A6NFQ7,10411,val
Q7Z4R8,10412,test
Q9HAF1,10413,train
Q16558,10414,train
Q92478,10415,test
Q9UHP7,10415,test
Q9BSD7,10416,train
Q8WZA0,10417,train
O00399,10418,train
Q96H35,10419,train
P78317,10420,test
P41222,10421,train
Q9Y3D9,10422,train
Q8TBP5,10423,train
Q4LDG9,10424,train
P57055,10425,train
Q8WWM9,10426,train
Q86XA0,10427,train
Q9H910,10428,val
Q8N668,10429,test
O15431,10430,test
O14683,10431,train
Q99497,10432,train
O43674,10433,train
Q8N5H3,10434,train
Q96GI7,10434,train
Q8WU39,10435,train
P05090,10436,train
Q7RTS1,10437,train
Q8IVP5,10438,train
Q9BWH2,10438,train
P0C7W0,10439,train
Q6UW68,10440,train
P16949,10441,train
Q93045,10441,train
Q9NZ72,10441,train
Q9H169,10441,train
P03986,10442,test
Q9BQE4,10443,train
Q5DJT8,10444,test
Q8NHU0,10444,test
P0DMU9,10444,test
Q9NRV9,10445,val
P01562,10446,train
Q14442,10447,train
O96007,10448,train
Q9BSG0,10449,train
O95445,10450,train
Q7Z6I8,10451,train
Q9NZE8,10452,test
Q07020,10453,test
O75915,10454,train
O60831,10454,train
P79522,10455,val
Q9BYC8,10456,train
Q8IUR0,10457,test
Q9NX00,10458,train
Q96B54,10459,train
Q16385,10460,train
O60224,10460,train
Q7RTT5,10460,train
Q16384,10460,train
O60225,10460,train
Q9UM00,10461,train
Q6NW29,10462,train
O75223,10463,train
Q8IX19,10464,train
O00746,10465,test
O60361,10465,test
P15531,10465,test
P22392,10465,test
Q13232,10465,test
P30086,10466,train
Q8TDH9,10467,val
P00374,10468,train
Q86XF0,10468,train
Q6T311,10469,train
P19237,10470,val
P48788,10470,val
Q9Y2Q9,10471,train
Q9Y6B2,10472,train
Q5T6J7,10473,train
Q9BQA9,10474,train
P55145,10475,train
Q49AH0,10475,train
Q9HD47,10476,train
O95169,10477,train
O75935,10478,val
Q6P4F2,10479,train
Q9H0F7,10480,test
O75884,10481,test
Q6PIZ9,10482,train
P62380,10483,train
Q9NVJ2,10484,val
Q96BM9,10484,val
Q969W3,10485,train
Q5XKR9,10485,train
Q96LM5,10486,train
Q9BW83,10487,train
Q9UM13,10488,test
Q9BV29,10489,val
P14209,10490,val
P04090,10491,val
Q9Y248,10492,train
Q9Y328,10493,train
P42857,10493,train
Q9NV12,10494,train
Q9UI14,10495,train
Q9UNL2,10496,train
Q86YL5,10497,train
Q8IUE0,10498,train
Q969M7,10499,train
P35318,10500,test
Q8N5I9,10501,train
Q16626,10502,train
Q9H7X7,10503,val
P47710,10504,test
Q9BU61,10505,train
Q9H875,10506,train
Q04760,10507,train
Q8TCA0,10508,test
Q96EK6,10509,train
Q96LC9,10510,train
P18621,10511,train
Q8TAI7,10512,train
Q15382,10512,train
Q8NHV9,10513,train
Q96RJ3,10514,train
Q96CG3,10515,train
Q02223,10516,train
P10109,10517,train
Q96RK1,10518,train
Q9NQ30,10519,val
Q9NV31,10520,train
Q9H772,10521,train
O60565,10521,train
Q9NQ92,10522,test
Q9NPA3,10523,train
Q8NI32,10524,test
Q13875,10525,train
Q9H1M3,10526,train
O95561,10527,test
P61081,10528,test
P23510,10529,train
Q4KMG9,10530,train
P43308,10531,train
P55001,10532,train
Q9NPB0,10533,train
O00193,10534,train
Q6P9G4,10535,train
P62256,10536,val
Q5J8M3,10537,train
A6NEN9,10538,train
Q9NX76,10539,train
Q8N5M9,10540,train
Q9NX08,10541,train
Q53RE8,10542,train
Q96NT1,10543,val
Q9Y342,10544,val
Q8IZV2,10544,val
Q13951,10545,train
P09693,10546,train
P04234,10546,train
Q8WXF5,10547,val
Q9BTE1,10548,train
Q8N6N3,10549,train
Q9UBQ0,10550,val
Q8N6U2,10551,train
Q96MX0,10552,train
Q9NQE9,10553,train
Q16082,10554,train
Q9Y2B0,10555,train
A0A024RBG1,10556,train
Q96G61,10556,train
Q9NZJ9,10556,train
Q8NFP7,10556,train
O95989,10556,train
Q68G75,10557,train
P41271,10558,val
Q9BQJ4,10559,train
Q5T215,10560,train
O43617,10560,train
Q13442,10561,train
A0A1B0GTK4,10562,train
Q9NX38,10563,train
Q9ULC4,10564,train
P0CG01,10565,val
Q8WYK2,10566,train
P18847,10566,train
P53801,10567,test
Q9Y221,10568,train
Q10589,10569,train
Q96NT0,10570,train
Q5VVC0,10571,val
Q9H0U6,10572,val
Q5MJ10,10573,train
Q5MJ08,10573,train
Q5MJ07,10573,train
P09466,10574,train
P61009,10575,train
Q96LM6,10576,val
P07741,10577,test
Q6NZ36,10578,test
Q9NSP4,10579,train
P01275,10580,train
P01344,10581,test
Q9UHF5,10582,val
Q8WXS3,10583,train
Q9H6K4,10584,train
Q9BV57,10585,train
Q8N4P3,10586,test
Q9Y6M9,10587,train
Q8TAP9,10588,train
Q9Y3E5,10589,train
O00762,10590,train
P57086,10591,val
Q8N7M0,10592,train
Q96MD7,10593,val
Q9NVQ4,10594,train
O60888,10595,train
Q9GZX6,10596,test
Q8WW12,10597,test
O75607,10598,train
Q96HR3,10599,train
Q9H204,10600,train
A1A4G5,10601,train
Q9Y3C1,10602,train
P61599,10603,train
P35070,10604,train
P32321,10605,train
Q03135,10606,train
Q96DB9,10607,train
Q9BYD1,10608,train
P62913,10609,test
P01850,10610,train
A0A5B9,10610,train
O15145,10611,train
P20800,10612,train
Q8N6F7,10613,train
Q5SXM8,10614,train
Q32M92,10615,train
Q96IM9,10616,train
Q8WWB3,10617,train
Q5VTH2,10618,train
Q8IVW1,10619,train
P12272,10620,train
Q8IXB3,10621,test
Q9UHD0,10622,train
Q9UBH0,10623,train
P18510,10623,train
P62633,10624,train
Q13352,10625,train
P39210,10626,train
Q86V88,10627,train
Q96PE7,10628,train
Q969L2,10629,train
Q01658,10630,train
A0A1B0GUX0,10631,train
Q02543,10632,train
Q9UKY0,10633,train
Q9BQB6,10634,train
Q8N0U8,10634,train
Q9BQD3,10635,train
Q9BQ61,10636,train
Q5BJF2,10637,train
Q9BRG1,10638,train
C9JI98,10639,train
Q9H2J1,10640,train
Q4G0W2,10641,test
Q9NYY1,10642,train
Q9P032,10643,train
O43181,10644,train
Q6ZUU3,10645,train
Q06141,10646,val
Q9NRX2,10647,train
O15304,10648,train
Q9Y3C4,10649,train
P19105,10650,train
O14950,10650,train
Q02045,10650,train
P24844,10650,train
Q01449,10650,train
Q96A32,10650,train
P10916,10650,train
Q8IUC1,10651,train
Q52LG2,10651,train
Q8IUC0,10651,train
Q8TD06,10652,train
O95994,10652,train
Q96FZ5,10653,test
Q96T52,10654,train
Q16548,10655,train
A8K5M9,10656,train
O43324,10657,train
Q9GZN8,10658,train
P07320,10659,train
P07315,10659,train
Q96NB1,10660,train
Q9Y5S9,10661,train
O00258,10662,train
O43598,10663,train
Q969H8,10664,train
P60323,10665,train
P02489,10666,train
O14558,10666,train
Q9BTX3,10667,train
Q12974,10668,train
O75365,10668,train
Q93096,10668,train
Q5SV17,10669,test
P51571,10670,train
Q13361,10671,train
P82663,10672,train
Q5TGI4,10673,train
P23434,10674,train
P51970,10675,train
O96000,10676,train
Q9UMX5,10677,train
Q9UL45,10678,train
Q9UGQ2,10679,train
P62487,10680,train
O95881,10681,train
Q8N1X5,10682,train
Q96AW1,10683,test
Q6ZWK4,10684,train
O60493,10685,test
Q9UMY4,10685,test
Q99595,10686,test
O60830,10686,test
Q56UQ5,10687,val
P13693,10687,val
O15182,10688,train
P0DP25,10688,train
P27482,10688,train
Q9NZT1,10688,train
Q12798,10688,train
P41208,10688,train
Q86SG4,10689,val
Q3ZCW2,10690,train
Q9Y3D8,10691,test
Q8IXM2,10692,train
Q96KJ9,10693,train
P13073,10693,train
P78543,10694,train
P62324,10694,train
Q13522,10695,train
Q8WVI7,10695,train
Q8WW01,10696,train
P21673,10697,train
Q96F10,10697,train
Q5JX69,10698,test
Q9NY56,10699,train
P30990,10700,train
Q9H773,10701,train
P63098,10702,train
Q9UDW3,10703,train
Q9H609,10704,test
Q9UBY9,10705,train
P49913,10706,train
Q9GZZ1,10707,train
Q8N183,10708,train
Q8N9X3,10709,test
O14944,10710,val
P35638,10711,train
Q5T5A4,10712,train
Q99643,10713,val
Q2NL98,10714,train
Q8NEQ6,10715,train
P35321,10716,train
P22528,10716,train
Q9UBC9,10716,train
P30536,10717,train
P0DMU3,10718,train
Q8IZ96,10719,val
Q9UHA7,10720,train
Q9NZH8,10720,train
Q6PI97,10721,train
A8MZ59,10722,train
Q6ICB0,10723,train
Q15038,10724,test
P42773,10725,train
P55273,10725,train
P86397,10726,train
Q5JXX7,10727,train
P21741,10728,train
P21246,10728,train
P59998,10729,train
Q96FN9,10730,train
P30049,10731,test
Q92934,10732,val
Q8IWT0,10733,train
Q9Y3C8,10734,train
Q53FP2,10735,train
Q96EL2,10736,test
O15273,10737,train
P58557,10738,train
Q96GL9,10739,train
P0C2L3,10739,train
Q2TAP0,10740,test
Q7Z5G4,10740,test
P54849,10741,train
P54851,10741,train
P54852,10741,train
Q9UFW8,10742,train
Q9H1K1,10743,train
Q8WXD5,10744,train
Q8WW33,10745,train
Q8IZS7,10746,train
Q9UDX5,10747,val
Q8WUD4,10748,train
Q2NKX9,10749,val
Q13405,10750,val
E9PB15,10751,val
Q9NX18,10752,train
Q99757,10753,train
P01579,10754,train
P60981,10755,train
P23528,10755,train
Q9Y281,10755,train
Q9H3J6,10756,train
O15496,10757,train
P61968,10758,test
O15205,10759,train
P24522,10760,train
O75293,10760,train
Q8N9N8,10761,train
P30050,10762,train
Q5BJH2,10763,train
Q96C90,10764,train
Q8TAE6,10764,train
O60613,10765,train
Q9H8M9,10766,train
Q9NVM1,10766,train
P05161,10767,train
Q17RY6,10768,test
Q9ULX9,10769,train
O15525,10769,train
O60675,10769,train
Q9NV35,10770,train
Q8IYN6,10771,val
P38936,10772,train
P20963,10773,train
Q8TDP1,10774,train
Q8WY98,10775,train
Q8N8H1,10776,train
Q6EBC2,10777,train
Q9NS18,10778,train
Q8N112,10779,train
P53816,10780,train
Q9NWW9,10780,train
Q9UL19,10780,train
Q96F85,10781,test
Q9Y2Y0,10782,train
Q9UHA3,10783,train
O15428,10784,train
Q13526,10784,train
P63208,10785,train
Q8N6I4,10786,train
Q96MT0,10787,train
Q99969,10788,train
Q969H6,10789,train
A6NKF7,10790,train
Q9BTA0,10791,train
Q9BUY7,10792,train
Q6NT52,10793,train
Q96PD4,10794,train
Q9BX68,10795,train
P49773,10795,train
Q5TBC7,10796,train
Q9H5X1,10797,train
Q9Y3D0,10797,train
P51636,10798,train
Q9NPI0,10799,train
P40933,10800,test
O95711,10801,train
Q99732,10802,val
Q6IAA8,10803,train
Q96D98,10804,train
Q8TCC3,10805,train
Q9H1E1,10806,train
Q93091,10806,train
P10153,10806,train
P12724,10806,train
Q969E3,10807,train
Q96B96,10808,train
P04216,10809,train
Q16514,10810,train
P02585,10811,val
P63316,10811,val
P20292,10812,train
Q8NAS9,10813,train
P47928,10814,train
Q02535,10814,train
P41134,10814,train
O75947,10815,train
Q99547,10816,train
P61244,10817,train
Q13323,10818,test
Q9NWV4,10819,val
P46778,10820,test
M5A8F1,10821,val
A6NKW6,10822,train
Q8WV19,10823,val
O95562,10823,val
Q15185,10824,test
P01135,10825,test
Q8WVH0,10826,train
Q7Z7G2,10826,train
Q9BUT9,10827,train
C9JLW8,10827,train
Q9Y4H4,10828,train
A6NK44,10829,train
Q9Y6Y9,10830,train
Q6PI25,10831,train
P47914,10832,train
O75865,10833,train
Q86SZ2,10833,train
Q9UIL1,10834,train
P09234,10835,train
Q6UXU6,10836,train
Q6PEY1,10837,train
Q3ZCQ3,10838,test
Q6W0C5,10839,train
P01591,10840,train
Q6RW13,10841,train
Q6P582,10842,train
Q6NZ67,10842,train
P57054,10843,train
Q717R9,10844,train
Q9H9R9,10845,train
P62280,10846,train
P25791,10847,train
Q8N5N7,10848,train
P63279,10849,train
P49459,10849,train
P63146,10849,train
P24666,10850,train
P10124,10851,test
P53680,10852,train
Q96PC3,10852,train
P61966,10852,train
P56377,10852,train
A6PVY3,10853,train
Q8WVJ2,10854,train
P83731,10855,train
O95807,10856,train
P11441,10857,train
P98179,10858,test
Q15170,10859,val
Q9UBK9,10860,train
Q9BWK5,10861,train
Q86SX6,10862,train
Q8N292,10863,train
P52298,10864,test
A1L162,10865,train
P34096,10866,train
P07998,10866,train
P62750,10867,train
Q8N2H4,10868,train
O14561,10869,train
P42771,10870,train
P46695,10871,train
Q8NEQ5,10872,train
Q5FWF7,10873,train
Q8WVK2,10874,val
Q9Y225,10875,train
Q9H9V4,10875,train
Q15649,10876,train
P10620,10877,train
Q969G6,10878,train
O96001,10879,train
Q8N9Q2,10880,train
Q4LEZ3,10881,train
Q5VZT2,10882,train
P02144,10883,train
Q56VL3,10884,train
Q9UHV9,10885,val
Q99471,10886,train
Q6UW88,10887,train
Q6PH81,10888,test
A2VDF0,10889,train
Q9H4G4,10890,train
Q9Y3C5,10891,test
Q9H633,10892,train
O14933,10893,train
P68036,10893,train
A0A1B0GUS4,10893,train
O43257,10894,train
Q8NCS4,10895,train
Q96AT1,10896,train
Q96A26,10897,train
Q86U28,10898,train
Q9UK76,10899,train
Q9GZV4,10900,train
P63241,10900,train
Q53FV1,10901,train
Q8N138,10901,train
Q9P0S3,10901,train
Q9NX24,10902,train
Q9NX14,10903,train
P78537,10904,train
Q16540,10905,train
Q9P0P0,10906,train
B7Z8K6,10907,train
O00422,10908,train
O15511,10909,train
Q9BPX5,10909,train
Q9Y2V2,10910,train
Q9Y534,10910,train
P0DMQ5,10911,train
Q9BVM4,10912,train
Q8WUR7,10913,train
Q9Y530,10914,train
Q04941,10915,train
Q9NZG7,10916,test
Q92982,10916,test
Q9UBR5,10917,train
Q9Y3D6,10918,train
Q53GA4,10919,train
Q9Y5J5,10919,train
O14880,10920,train
O14684,10921,train
P62269,10922,test
Q7Z422,10923,train
Q8WWZ1,10924,test
P61916,10925,train
Q6ZTY9,10926,train
Q9Y6H1,10927,train
Q8WYQ3,10927,train
Q96NZ9,10928,test
P62277,10929,train
Q5BIV9,10930,train
Q15506,10931,train
Q5I0X7,10932,train
P62263,10933,train
Q8N6K0,10934,train
Q96B02,10935,train
Q8N9R6,10936,val
O43924,10937,train
Q16873,10938,train
Q99735,10938,train
P53567,10939,train
P52434,10940,train
P55008,10941,train
Q9BQI0,10941,train
Q9BVJ7,10942,val
Q96DA6,10943,train
Q9Y5T4,10943,train
P02724,10944,train
Q12988,10945,train
P20674,10946,train
Q9NRP0,10947,train
A6NGQ2,10948,train
Q15828,10949,train
Q9NW61,10950,train
Q9BYC9,10951,train
Q9NX01,10952,train
Q86X60,10953,train
Q6L9T8,10953,train
Q6P3W2,10954,train
Q8N111,10955,train
Q96A72,10956,train
P61326,10956,train
Q7Z4W2,10957,train
P61626,10957,train
Q6NZY7,10958,train
O75575,10959,train
Q9NZ81,10960,train
P46776,10961,train
Q9P0M9,10962,train
O60896,10963,val
Q04837,10964,train
O60869,10965,train
Q8WYQ4,10966,train
P07492,10967,train
Q6EEV4,10968,train
Q9HBL7,10969,train
P49789,10970,train
Q96E14,10971,train
Q9BRP9,10972,train
P02042,10973,train
P68871,10973,train
P02100,10973,train
P69891,10973,train
P69892,10973,train
Q6NXT2,10974,train
P68431,10974,train
P0DPK5,10974,train
P0DPK2,10974,train
P49450,10974,train
Q71DI3,10974,train
Q16695,10974,train
P84243,10974,train
A6NCE7,10975,train
Q9H492,10975,train
Q9GZQ8,10975,train
Q9BXW4,10975,train
P60520,10975,train
Q5BKU9,10976,train
Q96A00,10977,train
P02766,10978,train
Q15819,10979,test
Q13404,10979,test
P50583,10980,train
P03950,10981,train
P56851,10982,train
Q9NRF9,10983,val
A4QMS7,10984,train
Q96NS8,10985,test
Q5T686,10986,train
O95751,10987,train
Q9BWD3,10987,train
Q17RB0,10987,train
A6ZKI3,10987,train
Q8NI22,10988,train
P12273,10989,train
O75459,10990,test
Q4V321,10990,test
Q13070,10990,test
Q6NT46,10990,test
Q13068,10990,test
Q9UEU5,10990,test
O43169,10991,train
P00167,10991,train
P01034,10992,val
O76095,10993,val
P62249,10994,train
P32320,10995,val
Q9NWA0,10996,train
Q9GZY4,10997,train
Q03393,10998,test
Q9UI09,10999,train
P14555,11000,train
Q9UNK4,11000,train
O76096,11001,test
Q5VUE5,11002,train
P62841,11003,test
P61254,11004,train
Q9UNX3,11004,train
Q6P1L8,11005,test
Q15388,11006,test
Q9Y5R8,11007,train
Q9NXH3,11008,train
P57105,11009,test
Q6UWF3,11010,val
P39019,11011,val
Q9P0J0,11012,val
Q4VC31,11013,train
P41223,11014,test
P09132,11015,train
Q8WVE7,11016,train
O95990,11017,train
Q9H098,11017,train
A8MQ03,11018,train
Q13503,11019,train
Q9Y547,11020,train
O14602,11021,train
P47813,11021,train
Q9Y587,11022,train
Q14657,11023,val
P62266,11024,train
O15432,11025,train
Q9NPD7,11026,train
Q9UKK6,11027,train
Q9NPJ8,11027,train
P60983,11028,train
O60234,11028,train
Q14019,11029,train
O15392,11030,train
Q6QNY1,11031,train
Q9H7X2,11032,train
O15514,11033,train
Q9Y6G3,11034,train
Q6ZNB5,11035,train
P83876,11036,train
Q9NS69,11037,train
P02008,11038,train
Q6B0K9,11038,train
P09105,11038,train
P69905,11038,train
Q9UJ90,11039,test
Q8N4Q1,11040,train
Q9Y3D5,11041,train
Q8WW35,11042,test
Q6P5X5,11043,train
C9JVW0,11044,train
Q05315,11045,train
Q06055,11046,train
P05496,11046,train
P48201,11046,train
Q96PE5,11047,train
Q86Y39,11048,train
Q13901,11049,train
P06881,11050,train
P01258,11050,train
P10092,11050,train
O75379,11051,train
Q9NWH2,11052,train
Q9Y244,11053,train
Q69YW2,11054,val
Q5EBL8,11055,train
P07737,11056,train
P35080,11056,train
Q6GMV3,11057,train
P0DI81,11058,val
P0DI82,11058,val
Q96B42,11059,train
Q9UL33,11060,train
Q19AV6,11061,train
O75817,11062,train
P62829,11063,train
P01848,11064,val
P37840,11065,train
Q16143,11065,train
O76070,11065,train
Q9NPJ3,11066,train
Q9UKR5,11067,train
P02689,11068,train
Q0Z7S8,11068,train
P15090,11068,train
Q01469,11068,train
P05413,11068,train
A6NFH5,11068,train
O15540,11068,train
Q6XXX2,11069,train
O94772,11070,train
Q9NWQ9,11071,train
O94817,11072,train
Q86WQ0,11073,train
Q9Y4Z0,11074,train
H0YL14,11075,train
Q9H322,11076,train
O14598,11076,train
Q96N06,11077,train
P0DPE8,11078,train
Q8WUH1,11079,val
Q14641,11080,train
Q9P003,11081,train
Q8N2Z9,11082,train
Q8NA97,11083,test
Q6P161,11084,train
A6NC05,11085,train
Q15726,11086,train
P09455,11087,train
P29373,11087,train
P29762,11087,train
O15235,11088,train
Q96C01,11089,train
Q9Y3E0,11090,train
P17568,11091,train
Q8WV07,11092,train
Q9Y3E2,11093,test
Q9H3K6,11093,test
P46779,11094,train
P0C851,11095,train
Q6P5S7,11096,val
Q9H4X1,11097,val
Q8IXM3,11098,train
Q9BYN0,11099,train
Q9BUV8,11100,train
P52758,11101,train
Q9Y3D3,11102,train
C9J7I0,11103,train
Q9H1P6,11104,test
Q8IVA1,11105,train
Q9Y5U8,11106,train
P0DKB6,11106,train
Q86WX3,11107,train
Q5T4H9,11108,train
P61353,11109,train
O95295,11110,train
P37108,11111,train
Q5BN46,11112,train
P47929,11113,test
O43716,11114,train
Q8N6L1,11115,train
Q96R05,11116,train
P82980,11116,train
K7EJ46,11117,val
P62910,11118,train
P08708,11119,train
Q8N5K1,11120,train
Q9NZ45,11120,train
Q9BTT4,11121,train
Q9Y5Q6,11122,val
Q5JQS6,11123,train
Q02577,11124,train
P05162,11125,val
P09382,11125,val
Q9NQP4,11126,train
A6NHG4,11127,train
P30046,11127,train
O00585,11128,test
Q16378,11129,train
O00488,11130,train
Q9NV29,11131,train
A6NL82,11132,train
O14810,11133,train
Q6PUV4,11133,train
Q02363,11134,train
Q9NUG6,11135,train
O15116,11136,train
P0DPB6,11137,train
P62847,11138,train
Q8TEF2,11139,train
C9JQL5,11140,train
P13164,11140,train
Q01629,11140,train
Q01628,11140,train
Q8N726,11141,train
Q075Z2,11142,train
P25398,11143,train
A0A1B0GW64,11144,train
Q9BV90,11145,train
P03973,11146,train
Q9UFV3,11147,train
O60880,11148,train
O14796,11148,train
Q8N8J7,11149,val
Q9BVV8,11150,train
Q4G0I0,11151,train
Q8IY31,11152,train
O15243,11153,train
Q8N3F0,11154,train
Q9Y3C7,11155,train
Q9Y237,11156,train
Q9BZA5,11157,train
Q8N4V1,11158,train
Q9H840,11159,train
Q8N8F7,11160,test
Q16674,11161,train
Q8N7H1,11162,val
Q9NRG0,11163,train
Q15121,11164,train
A6NGS2,11165,train
P62244,11166,train
Q9H0N5,11167,train
P61457,11167,train
O75264,11168,train
Q7Z2X7,11169,train
O60829,11169,train
Q96GU1,11169,train
Q5JRK9,11169,train
P35542,11170,train
P0DJI8,11170,train
P0DJI9,11170,train
Q9Y2R5,11171,train
P09912,11172,train
Q9BRT6,11173,test
O95168,11174,train
P10606,11175,train
O15212,11176,train
Q8IV56,11177,train
P20366,11178,train
Q9NP84,11179,val
Q9BUE6,11180,train
Q9NX55,11181,train
Q86UW2,11182,train
P56556,11183,train
O95139,11184,train
P55769,11185,train
P13987,11186,train
Q9HBI5,11187,val
Q7Z7F7,11188,train
Q6P5R6,11189,val
P35268,11189,val
O60783,11190,val
P51161,11191,train
P02776,11192,train
P02775,11192,train
P04921,11193,test
Q9Y605,11194,train
Q96HT8,11194,train
P61970,11195,test
O95563,11196,val
Q9NRJ3,11197,train
P61218,11198,train
P61236,11199,train
Q96NS1,11199,train
Q9ULR5,11200,train
Q9BPZ3,11200,train
P53999,11201,train
P55056,11202,train
P07148,11203,train
Q9NR55,11204,train
Q16520,11204,train
P0C7P0,11205,test
Q9BRT2,11206,train
Q99622,11207,train
Q9Y3M2,11208,train
Q9P1U0,11209,train
O60927,11210,train
P62318,11211,train
O75956,11212,train
O14519,11212,train
Q3KRA6,11213,train
O14737,11214,train
Q8N9A8,11215,train
Q9Y2Q5,11216,train
O95415,11217,train
Q9NRX4,11218,train
P62899,11219,train
Q9UI30,11220,train
Q9Y3B4,11221,train
P36954,11222,train
P82932,11223,train
Q9NRP4,11224,train
P62851,11225,train
Q9Y3D7,11226,val
O95867,11227,test
Q9BRA0,11228,train
Q5JTJ3,11229,train
Q9HBH7,11230,test
Q5H9J7,11230,test
Q8WU43,11231,val
O75380,11232,train
Q9UHA4,11233,test
O95059,11234,train
O14907,11235,train
Q14508,11236,train
Q15543,11237,train
P47224,11238,train
A0A075B6I4,11239,train
P80748,11239,train
A0A0G2JS06,11239,train
A0A075B6J6,11239,train
A0A075B6K6,11239,train
Q969L4,11240,train
P22466,11241,test
Q86TS9,11242,train
Q5JS54,11243,train
Q8TAI1,11244,train
Q9Y6J6,11245,train
P42766,11246,val
Q9BRA2,11247,train
Q6IPW1,11248,val
Q5TZK3,11249,train
Q6NVV7,11250,train
Q96A22,11251,train
O60925,11252,train
A1L168,11253,val
P0DPB5,11254,train
Q9BT73,11255,train
Q8IZQ5,11256,train
Q9H7C9,11257,train
O43325,11258,train
P40305,11259,train
E9PRG8,11260,train
O43768,11261,val
P56211,11261,val
P60006,11262,train
Q9H246,11263,train
Q8WVK7,11264,train
P35244,11265,train
P62699,11266,train
A0A0C4DH24,11267,train
P01602,11267,train
A0A0C4DH72,11267,train
P01594,11267,train
A0A075B6P5,11267,train
P06310,11267,train
P04433,11267,train
P06312,11267,train
A0A0C4DH67,11267,train
A0A075B6S5,11267,train
A0A0C4DH68,11267,train
P01619,11267,train
P06315,11267,train
P01611,11267,train
A0A0A0MT36,11267,train
P04432,11267,train
Q96D05,11268,val
P0CG13,11269,train
P0C842,11270,val
H3BRN8,11271,val
Q96A57,11272,train
Q13542,11273,train
Q13541,11273,train
O60516,11273,train
Q9BUF7,11274,train
P55773,11275,train
O60519,11276,train
O43555,11277,train
Q9NWD9,11278,train
B2RBV5,11279,train
O95298,11280,train
Q96FH0,11281,train
O00175,11282,val
A0A0B4J266,11283,test
P04437,11283,test
A0A0B4J279,11283,test
Q16864,11284,val
P62314,11285,train
O43805,11286,train
P60866,11287,train
Q6UXB2,11288,test
P61769,11289,train
P58546,11290,train
P23763,11291,train
Q15836,11291,train
P63027,11291,train
O75348,11292,test
Q96LB4,11292,test
O95670,11292,test
Q15370,11293,train
O15155,11294,train
Q9UFG5,11295,val
Q96BP2,11296,train
Q5XKP0,11297,train
Q9BTL3,11298,train
P03979,11299,train
A0A0C4DH27,11299,train
P62316,11300,train
A8MU93,11301,val
Q5RI15,11302,val
Q16655,11303,val
P19957,11304,train
Q6RUI8,11305,val
Q9H1A7,11306,train
P52435,11306,train
O95164,11307,val
P49207,11308,train
P63272,11309,train
Q9UHQ7,11310,train
Q9BRU2,11310,train
Q8IYN2,11310,train
Q9NR33,11311,train
P0DMB2,11312,train
Q9P086,11313,train
Q9H0R8,11314,test
O95166,11314,test
Q9UBU3,11315,train
Q9NZV6,11316,train
Q16718,11317,train
Q52LA3,11318,train
P51808,11319,train
P63172,11319,train
Q96GE9,11320,train
Q96HQ2,11321,train
Q16568,11322,train
Q5T870,11323,test
Q8WUH6,11324,val
P61278,11325,train
O95183,11326,train
P49901,11327,train
P0DP58,11328,train
P01215,11329,train
P12872,11330,train
P06307,11331,train
A6NFY7,11332,train
P05386,11333,train
P05387,11333,train
A0A1B0GX68,11334,train
P04435,11334,train
P01733,11334,train
Q9BRT3,11335,train
P14174,11336,val
P62888,11337,train
Q8NFU3,11338,test
Q5JNZ5,11339,train
P62854,11339,train
A6NJI1,11340,train
Q7Z6K4,11341,test
O14548,11342,test
P14406,11342,test
Q13113,11343,val
O43653,11344,train
A0A589,11345,train
A0A539,11345,train
A0A576,11345,train
A0A577,11345,train
A0A075B6N1,11346,train
A0A5B6,11346,train
Q9H3Y8,11347,train
Q96I23,11348,train
P06702,11349,test
P80511,11349,test
P04271,11349,test
O95182,11350,train
Q8N6N6,11351,train
P41567,11352,test
O60739,11352,test
P61803,11353,train
Q96HJ9,11354,val
Q8IVY1,11355,train
Q9UBF6,11356,train
P62877,11356,train
Q8N2U0,11357,train
O43914,11358,train
Q5H943,11359,train
Q86UU9,11360,train
P01737,11361,val
Q504U0,11362,train
P09565,11363,train
Q96EL3,11364,train
Q9Y421,11365,val
Q15369,11366,train
Q15004,11367,train
P20962,11368,train
P06454,11368,train
Q4V326,11369,train
Q96GT9,11369,train
Q8WWM1,11369,train
P14927,11370,train
Q9NYM9,11371,val
P81605,11372,train
Q6ZSJ8,11373,val
Q9BSY4,11374,train
Q7RTV0,11375,train
P20472,11376,train
Q5TA76,11377,train
Q9BYE3,11377,train
Q5TA81,11377,train
Q5TA82,11377,train
Q5T5A8,11377,train
Q5T5B0,11377,train
P35326,11377,train
P35325,11377,train
Q96RM1,11377,train
P22532,11377,train
P22531,11377,train
P18077,11378,train
O75896,11379,train
O75920,11380,train
P84101,11380,train
Q9BV81,11381,train
Q6UW32,11382,train
Q96DE5,11383,train
P52926,11384,train
P17096,11384,train
B4DJY2,11385,train
Q9GZT3,11386,test
P52657,11387,train
P12074,11388,test
Q02221,11388,test
P56181,11389,train
A0A1B0GUC4,11390,train
A0A0U1RRK4,11391,train
Q5VUM1,11392,train
Q9Y2Y1,11393,train
O75347,11394,train
A0A087WTH1,11395,train
A6NM66,11396,train
P18859,11397,test
A0PJW8,11398,test
Q53S33,11399,train
H3BR10,11400,test
Q96E16,11401,train
A0A1B0GWG4,11402,train
A2A2V5,11402,train
Q9HCU8,11403,train
P01834,11404,train
O43920,11405,train
P83881,11406,val
Q969Q0,11406,val
Q9NR00,11407,train
Q9Y291,11408,train
Q9P0S2,11409,train
Q9GZP8,11410,train
P35754,11411,val
Q9BW72,11412,train
Q9Y2R0,11413,val
Q9Y284,11414,train
Q9UII2,11415,train
Q7Z7K0,11416,train
P99999,11417,train
Q96B45,11418,train
Q9Y3U8,11419,train
P61578,11420,train
P61576,11420,train
Q53QV2,11421,val
P31949,11422,train
A6NFZ4,11423,train
Q8N5W8,11423,train
O96015,11424,test
Q86TU6,11425,train
Q9HCY8,11426,train
Q9NRY2,11427,train
P84090,11428,test
Q5U5X0,11429,val
P08493,11430,train
Q99417,11431,train
P27469,11432,train
P63165,11433,train
P55854,11433,train
P61956,11433,train
Q6EEV6,11433,train
G2XKQ0,11433,train
Q99525,11434,train
P62805,11434,train
Q9BU68,11435,train
Q9NS26,11436,val
Q9NS25,11436,val
Q9NY87,11436,val
P82909,11437,train
Q9Y5J6,11438,test
P55000,11439,train
Q08648,11440,train
L0R6Q1,11441,test
Q96FQ6,11442,train
Q9Y6H6,11443,train
Q9UK45,11444,train
O75964,11445,train
P62310,11446,test
Q9BW61,11447,train
P51397,11448,test
Q86T20,11449,train
Q5BKY6,11450,val
Q9Y6A9,11451,train
Q9BQC6,11452,train
Q9NZD4,11453,train
P61604,11454,train
Q9BTM9,11455,val
Q9NPA8,11456,train
Q9P021,11457,val
Q5VU69,11458,train
P02655,11459,train
Q9NZ42,11460,train
Q86SG5,11461,train
P31151,11461,train
P33764,11462,train
P06703,11462,train
P26447,11462,train
P29034,11462,train
Q5I0X4,11463,train
P0DN24,11464,val
Q9BXV9,11465,train
Q3Y452,11466,train
Q9BV40,11467,train
Q8N0T1,11468,train
P05204,11469,train
Q15651,11469,train
P05114,11469,train
O00479,11469,train
P02652,11470,train
O43678,11471,train
Q0VGL1,11472,test
Q96QK8,11473,train
Q9UNZ5,11474,train
P14621,11475,val
P07311,11475,val
Q9C005,11476,test
Q9UGL9,11477,train
Q15053,11478,train
P02656,11479,train
O43676,11480,val
P04080,11481,train
P01040,11481,train
Q5T3Y7,11482,train
Q9BYR8,11483,train
Q9BYR7,11483,train
O75971,11484,val
Q99584,11485,train
Q5T871,11486,train
O00453,11487,train
P01303,11488,train
Q5JTB6,11489,test
Q9H1C7,11490,train
Q9P0B6,11491,train
P61927,11492,train
Q0VAQ4,11493,train
Q96KF7,11494,train
P23297,11495,val
P60903,11495,val
P25815,11495,val
Q9Y5J9,11496,train
O60220,11496,train
A8MV81,11497,test
Q9Y241,11497,test
Q02325,11498,train
Q15195,11498,train
Q8TF09,11499,val
Q9NP97,11499,val
P78556,11500,train
P22362,11501,train
P60468,11502,train
O95777,11503,test
L0R819,11504,train
Q9Y333,11505,train
Q7Z7B7,11506,train
Q9H0Q3,11507,train
O00168,11507,train
A0A096LP01,11508,train
P0DKX4,11509,train
O75556,11510,train
Q13296,11510,train
Q9BSF0,11511,val
Q9Y5L4,11512,train
Q96FQ7,11513,train
P59666,11514,train
Q01523,11514,train
P59665,11514,train
Q9Y6D0,11515,train
P56134,11516,train
Q9Y258,11517,train
Q6UW78,11518,train
A0A2R8YCJ5,11519,train
Q8IUB5,11520,test
Q9H299,11521,train
P48061,11522,train
P05109,11523,train
Q9UBK5,11524,train
A8MTZ0,11525,train
Q96KT6,11526,train
P61513,11527,train
Q96EX1,11528,train
Q9BQ48,11529,train
P62304,11530,val
Q3B7I2,11531,train
Q9Y4Y9,11532,train
O43504,11533,train
P0DJ93,11534,train
P07919,11535,test
P11684,11536,val
L0R8F8,11537,train
Q9HD34,11537,train
Q49B96,11538,val
D3DTV9,11539,train
A0A1B0GVQ0,11540,train
O95969,11541,train
P62072,11542,train
Q13015,11543,train
Q6IPR1,11544,train
P63167,11545,train
Q96FJ2,11545,train
B3EWG6,11546,train
Q14802,11547,train
P59646,11547,train
Q9Y5J7,11548,train
Q8NEX6,11549,train
Q8NEX5,11549,train
O75531,11550,val
O96033,11551,train
Q9UHP9,11552,train
O75324,11553,train
Q8N6N7,11554,val
P07108,11554,val
Q5EE01,11555,val
O00483,11556,val
Q9NRX3,11556,val
P63302,11557,train
P82921,11558,train
Q9NYJ1,11559,train
P49458,11560,train
Q629K1,11561,train
Q9BWJ5,11562,train
P62306,11563,train
P62312,11563,train
P30273,11564,train
P14854,11565,val
Q9NQG1,11566,train
P61960,11567,val
Q8NFU4,11568,train
P58062,11569,test
Q7Z4G1,11570,train
Q8NHZ8,11571,train
O95167,11572,train
Q9NRR3,11573,train
Q9NRR8,11573,train
Q9NYG5,11574,train
Q71UM5,11575,train
P42677,11575,train
P04155,11576,train
P20155,11577,val
P30047,11578,test
P60002,11579,train
P02654,11580,train
P63220,11581,test
Q9BUW7,11582,train
Q08AG7,11583,train
Q8IVN3,11584,train
O60356,11585,val
Q8NEE0,11586,train
O14949,11587,val
P60606,11588,train
Q96FX2,11589,train
Q9Y5U9,11590,train
Q6UWS5,11591,train
Q16517,11592,train
Q9HD64,11593,train
O15342,11594,test
Q8NHE4,11594,test
Q9P1F3,11595,train
A8MT69,11596,train
Q6UWK7,11597,train
Q9NSA3,11598,train
A8MTT3,11599,train
Q6UWN8,11600,train
P58549,11601,val
P24311,11602,train
P29377,11603,train
Q96S95,11604,val
Q7Z7J9,11604,val
P33552,11605,val
P61024,11605,val
Q17RA5,11606,train
P24310,11607,train
Q9NRP2,11608,test
Q92686,11609,val
Q6UW10,11610,train
B2RUZ4,11611,train
Q6PB30,11612,test
Q9C010,11613,train
Q5TGZ0,11614,train
Q969E1,11615,train
Q8NHG7,11616,train
O43677,11617,train
Q6UWT2,11618,test
Q5J5C9,11619,train
Q9Y5V0,11620,test
O43715,11621,val
P62308,11622,train
Q15847,11623,train
Q8TCD1,11624,train
Q96GX8,11625,test
Q9Y2B9,11626,train
P61925,11627,train
O75506,11628,train
Q8WUW1,11629,train
Q9BQ49,11630,train
Q9UBI6,11631,train
Q9UK08,11631,train
P63215,11631,train
P50150,11631,train
P50151,11631,train
P63218,11631,train
O60262,11631,train
P59768,11631,train
P09669,11632,train
A1L188,11633,train
Q7Z3B0,11634,train
Q96B49,11635,train
Q8TBQ9,11636,test
Q9NRX6,11636,test
Q86WW8,11637,train
P0DJ07,11638,train
Q9BZL1,11639,train
Q9BPY8,11640,train
O14610,11641,train
P61952,11641,train
Q8WTQ1,11642,train
Q9Y675,11643,train
Q6ZYL4,11644,val
Q69YU5,11645,train
O15239,11646,train
P63173,11647,train
P60896,11648,train
Q9UI72,11649,train
P62857,11650,train
P56385,11651,train
P04733,11652,train
P02795,11652,train
P13640,11652,train
P25713,11652,train
P0DM35,11652,train
P07438,11652,train
P04732,11652,train
P04731,11652,train
P80294,11652,train
Q8N339,11652,train
P80297,11652,train
P48539,11653,train
A6NKN8,11653,train
P0DMW3,11654,train
P60059,11655,test
O00244,11656,train
P56277,11657,train
P03928,11658,train
P62875,11659,val
Q9P2W3,11660,train
Q8WVX3,11661,train
Q9Y6X1,11662,train
Q8N6R1,11662,train
Q8N300,11663,val
P54710,11664,val
O75394,11665,train
H3BMG3,11666,train
Q9NPE3,11667,test
Q8TAD7,11668,train
Q9UDW1,11669,train
Q14061,11670,val
Q9Y5L2,11671,test
P15954,11672,val
P02808,11673,train
Q9BXW3,11674,train
A6NGU7,11675,train
P62861,11676,train
Q3ZM63,11677,train
O75438,11678,train
Q96IX5,11679,test
P53803,11680,val
P58511,11681,train
P56378,11682,train
Q96I36,11683,test
Q8NCU8,11684,train
P62273,11685,train
A0A0B4J2F0,11686,train
Q13794,11687,test
P26678,11688,train
Q96EH5,11689,train
P62891,11689,train
Q8N4H5,11690,train
P15516,11691,train
